id	debug	name	stackable	members	noted	dummy	weight	value	lendable	tradeable	examine
0	mcannonremains	Dwarf remains	no	yes	-1	0	16000	0	no	no	
1	mcannontoolkit	Tool kit	no	yes	-1	0	453	0	no	no	
2	mcannonball	Cannonball	yes	yes	-1	0	3628	0	no	yes	
3	nulodions_notes	Nulodion's notes.	no	yes	-1	0	28	0	no	no	
4	ammo_mould	Ammo mould	no	yes	-1	0	4535	0	no	no	
5	mcannonbook	Instruction manual	no	yes	-1	0	510	0	no	no	
6	twpart1	Cannon base	no	yes	-1	0	10000	0	no	yes	
7	cert_twpart1	Cannon base	yes	yes	799	0	0	0	no	yes	
8	twpart2	Cannon stand	no	yes	-1	0	907	0	no	yes	
9	cert_twpart2	Cannon stand	yes	yes	799	0	0	0	no	yes	
10	twpart3	Cannon barrels	no	yes	-1	0	15000	0	no	yes	
11	cert_twpart3	Cannon barrels	yes	yes	799	0	0	0	no	yes	
12	twpart4	Cannon furnace	no	yes	-1	0	5000	0	no	yes	
13	cert_twpart4	Cannon furnace	yes	yes	799	0	0	0	no	yes	
14	mcannonrailing1_obj	Railing	no	yes	-1	0	2000	0	no	no	
15	holy_table_napkin	Holy table napkin	no	yes	-1	0	28	0	no	no	
16	magic_whistle	Magic whistle	no	yes	-1	0	5	0	no	no	
17	grail_bell	Grail bell	no	yes	-1	0	28	0	no	no	
18	magic_golden_feather	Magic gold feather	no	yes	-1	0	5	0	no	no	
19	holy_grail	Holy grail	no	yes	-1	0	85	0	no	no	
20	whitecog	Cog	no	yes	-1	0	1000	0	no	no	
21	blackcog	Cog	no	yes	-1	0	1000	0	no	no	
22	bluecog	Cog	no	yes	-1	0	1000	0	no	no	
23	redcog	Cog	no	yes	-1	0	1000	0	no	no	
24	rat_poison	Rat poison	no	yes	-1	0	141	0	no	no	
25	red_vine_worm	Red vine worm	yes	yes	-1	0	10	0	no	no	
26	hemenster_fishing_trophy	Fishing trophy	no	yes	-1	0	85	0	no	no	
27	fishing_competition_pass	Fishing pass	no	yes	-1	0	6	0	no	no	
28	insect_repellent	Insect repellent	no	yes	-1	0	28	0	no	yes	
29	cert_insect_repellent	Insect repellent	yes	yes	799	0	0	0	no	yes	
30	bucket_wax	Bucket of wax	no	yes	-1	0	2500	0	no	yes	
31	cert_bucket_wax	Bucket of wax	yes	yes	799	0	0	0	no	yes	
32	lit_black_candle	Lit black candle	no	yes	-1	0	28	0	no	no	
33	lit_candle	Lit candle	no	yes	-1	0	28	0	no	yes	
34	cert_lit_candle	Lit candle	yes	yes	799	0	0	0	no	yes	
35	excalibur	Excalibur	no	yes	-1	0	2267	0	no	no	
36	unlit_candle	Candle	no	yes	-1	0	28	0	no	yes	
37	cert_unlit_candle	Candle	yes	yes	799	0	0	0	no	yes	
38	unlit_black_candle	Black candle	no	yes	-1	0	28	0	no	no	
39	bronze_arrowheads	Bronze arrowtips	yes	yes	-1	0	4	0	no	yes	
40	iron_arrowheads	Iron arrowtips	yes	yes	-1	0	4	0	no	yes	
41	steel_arrowheads	Steel arrowtips	yes	yes	-1	0	4	0	no	yes	
42	mithril_arrowheads	Mithril arrowtips	yes	yes	-1	0	3	0	no	yes	
43	adamant_arrowheads	Adamant arrowtips	yes	yes	-1	0	5	0	no	yes	
44	rune_arrowheads	Rune arrowtips	yes	yes	-1	0	4	0	no	yes	
45	opal_bolttips	Opal bolttips	yes	yes	-1	0	4	0	no	yes	
46	pearl_bolttips	Pearl bolttips	yes	yes	-1	0	4	0	no	yes	
47	barbed_bolttips	Barb bolttips	yes	yes	-1	0	4	0	no	yes	
48	unstrung_longbow	Longbow	no	yes	-1	0	1332	0	no	yes	
49	cert_unstrung_longbow	Longbow	yes	yes	799	0	0	0	no	yes	
50	unstrung_shortbow	Shortbow	no	yes	-1	0	992	0	no	yes	
51	cert_unstrung_shortbow	Shortbow	yes	yes	799	0	0	0	no	yes	
52	arrow_shaft	Arrow shaft	yes	yes	-1	0	10	0	no	yes	
53	headless_arrow	Headless arrow	yes	yes	-1	0	12	0	no	yes	
54	unstrung_oak_shortbow	Oak shortbow	no	yes	-1	0	992	0	no	yes	
55	cert_unstrung_oak_shortbow	Oak shortbow	yes	yes	799	0	0	0	no	yes	
56	unstrung_oak_longbow	Oak longbow	no	yes	-1	0	1332	0	no	yes	
57	cert_unstrung_oak_longbow	Oak longbow	yes	yes	799	0	0	0	no	yes	
58	unstrung_willow_longbow	Willow longbow	no	yes	-1	0	1332	0	no	yes	
59	cert_unstrung_willow_longbow	Willow longbow	yes	yes	799	0	0	0	no	yes	
60	unstrung_willow_shortbow	Willow shortbow	no	yes	-1	0	992	0	no	yes	
61	cert_unstrung_willow_shortbow	Willow shortbow	yes	yes	799	0	0	0	no	yes	
62	unstrung_maple_longbow	Maple longbow	no	yes	-1	0	1332	0	no	yes	
63	cert_unstrung_maple_longbow	Maple longbow	yes	yes	799	0	0	0	no	yes	
64	unstrung_maple_shortbow	Maple shortbow	no	yes	-1	0	992	0	no	yes	
65	cert_unstrung_maple_shortbow	Maple shortbow	yes	yes	799	0	0	0	no	yes	
66	unstrung_yew_longbow	Yew longbow	no	yes	-1	0	1332	0	no	yes	
67	cert_unstrung_yew_longbow	Yew longbow	yes	yes	799	0	0	0	no	yes	
68	unstrung_yew_shortbow	Yew shortbow	no	yes	-1	0	992	0	no	yes	
69	cert_unstrung_yew_shortbow	Yew shortbow	yes	yes	799	0	0	0	no	yes	
70	unstrung_magic_longbow	Magic longbow	no	yes	-1	0	1332	0	no	yes	
71	cert_unstrung_magic_longbow	Magic longbow	yes	yes	799	0	0	0	no	yes	
72	unstrung_magic_shortbow	Magic shortbow	no	yes	-1	0	992	0	no	yes	
73	cert_unstrung_magic_shortbow	Magic shortbow	yes	yes	799	0	0	0	no	yes	
74	khazard_helmet	Khazard helmet	no	yes	-1	0	2721	0	no	no	
75	khazard_platemail	Khazard armour	no	yes	-1	0	566	0	no	no	
76	khazard_cellkeys	Khazard cell keys	no	yes	-1	0	10	0	no	no	
77	khali_brew	Khali brew	no	yes	-1	0	113	0	no	no	
78	ice_arrow	Ice arrows	yes	yes	-1	0	16	0	no	no	
79	ice_arrow_4	Ice arrow 4	yes	no	-1	2	0	0	no	no	
80	ice_arrow_3	Ice arrow 3	yes	no	-1	2	0	0	no	no	
81	ice_arrow_2	Ice arrow 2	yes	no	-1	2	0	0	no	no	
82	ice_arrow_5	Ice arrow 5	yes	no	-1	2	0	0	no	no	
83	ikov_lever	Lever	no	yes	-1	0	56	0	no	no	
84	ikov_staffofarmardyl	Staff of armadyl	no	yes	-1	0	1814	0	no	no	
85	ikov_shinykey	Shiny key	no	yes	-1	0	10	0	no	no	
86	ikov_pendantoflucien	Pendant of lucien	no	yes	-1	0	10	0	no	no	
87	ikov_pendantofarmardyl	Armadyl pendant	no	yes	-1	0	10	0	no	no	
88	ikov_bootsoflightness	Boots of lightness	no	yes	-1	0	340	0	no	no	
89	ikov_bootsoflightnessworn	Boots of lightness	no	yes	-1	0	-4535	0	no	no	
90	childs_blanket	Child's blanket	no	yes	-1	0	907	0	no	no	
91	guamvial	Unfinished potion	no	yes	-1	0	56	0	no	yes	
92	cert_guamvial	Unfinished potion	yes	yes	799	0	0	0	no	yes	
93	marrentillvial	Unfinished potion	no	yes	-1	0	56	0	no	yes	
94	cert_marrentillvial	Unfinished potion	yes	yes	799	0	0	0	no	yes	
95	tarrominvial	Unfinished potion	no	yes	-1	0	56	0	no	yes	
96	cert_tarrominvial	Unfinished potion	yes	yes	799	0	0	0	no	yes	
97	harralandervial	Unfinished potion	no	yes	-1	0	56	0	no	yes	
98	cert_harralandervial	Unfinished potion	yes	yes	799	0	0	0	no	yes	
99	ranarrvial	Unfinished potion	no	yes	-1	0	56	0	no	yes	
100	cert_ranarrvial	Unfinished potion	yes	yes	799	0	0	0	no	yes	
101	iritvial	Unfinished potion	no	yes	-1	0	56	0	no	yes	
102	cert_iritvial	Unfinished potion	yes	yes	799	0	0	0	no	yes	
103	avantoevial	Unfinished potion	no	yes	-1	0	56	0	no	yes	
104	cert_avantoevial	Unfinished potion	yes	yes	799	0	0	0	no	yes	
105	kwuarmvial	Unfinished potion	no	yes	-1	0	56	0	no	yes	
106	cert_kwuarmvial	Unfinished potion	yes	yes	799	0	0	0	no	yes	
107	cadantinevial	Unfinished potion	no	yes	-1	0	56	0	no	yes	
108	cert_cadantinevial	Unfinished potion	yes	yes	799	0	0	0	no	yes	
109	dwarfweedvial	Unfinished potion	no	yes	-1	0	56	0	no	yes	
110	cert_dwarfweedvial	Unfinished potion	yes	yes	799	0	0	0	no	yes	
111	torstolvial	Unfinished potion	no	yes	-1	0	56	0	no	yes	
112	cert_torstolvial	Unfinished potion	yes	yes	799	0	0	0	no	yes	
113	strength4	Strength potion(4)	no	no	-1	0	35	0	no	yes	
114	cert_strength4	Strength potion(4)	yes	no	799	0	0	0	no	yes	
115	3dose1strength	Strength potion(3)	no	no	-1	0	30	0	no	yes	
116	cert_3dose1strength	Strength potion(3)	yes	no	799	0	0	0	no	yes	
117	2dose1strength	Strength potion(2)	no	no	-1	0	25	0	no	yes	
118	cert_2dose1strength	Strength potion(2)	yes	no	799	0	0	0	no	yes	
119	1dose1strength	Strength potion(1)	no	no	-1	0	20	0	no	yes	
120	cert_1dose1strength	Strength potion(1)	yes	no	799	0	0	0	no	yes	
121	3dose1attack	Attack potion(3)	no	yes	-1	0	30	0	no	yes	
122	cert_3dose1attack	Attack potion(3)	yes	yes	799	0	0	0	no	yes	
123	2dose1attack	Attack potion(2)	no	yes	-1	0	25	0	no	yes	
124	cert_2dose1attack	Attack potion(2)	yes	yes	799	0	0	0	no	yes	
125	1dose1attack	Attack potion(1)	no	yes	-1	0	20	0	no	yes	
126	cert_1dose1attack	Attack potion(1)	yes	yes	799	0	0	0	no	yes	
127	3dosestatrestore	Restore potion(3)	no	yes	-1	0	30	0	no	yes	
128	cert_3dosestatrestore	Restore potion(3)	yes	yes	799	0	0	0	no	yes	
129	2dosestatrestore	Restore potion(2)	no	yes	-1	0	25	0	no	yes	
130	cert_2dosestatrestore	Restore potion(2)	yes	yes	799	0	0	0	no	yes	
131	1dosestatrestore	Restore potion(1)	no	yes	-1	0	20	0	no	yes	
132	cert_1dosestatrestore	Restore potion(1)	yes	yes	799	0	0	0	no	yes	
133	3dose1defense	Defence potion(3)	no	yes	-1	0	30	0	no	yes	
134	cert_3dose1defense	Defence potion(3)	yes	yes	799	0	0	0	no	yes	
135	2dose1defense	Defence potion(2)	no	yes	-1	0	25	0	no	yes	
136	cert_2dose1defense	Defence potion(2)	yes	yes	799	0	0	0	no	yes	
137	1dose1defense	Defence potion(1)	no	yes	-1	0	20	0	no	yes	
138	cert_1dose1defense	Defence potion(1)	yes	yes	799	0	0	0	no	yes	
139	3doseprayerrestore	Prayer potion(3)	no	yes	-1	0	30	0	no	yes	
140	cert_3doseprayerrestore	Prayer potion(3)	yes	yes	799	0	0	0	no	yes	
141	2doseprayerrestore	Prayer potion(2)	no	yes	-1	0	25	0	no	yes	
142	cert_2doseprayerrestore	Prayer potion(2)	yes	yes	799	0	0	0	no	yes	
143	1doseprayerrestore	Prayer potion(1)	no	yes	-1	0	20	0	no	yes	
144	cert_1doseprayerrestore	Prayer potion(1)	yes	yes	799	0	0	0	no	yes	
145	3dose2attack	Super attack(3)	no	yes	-1	0	30	0	no	yes	
146	cert_3dose2attack	Super attack(3)	yes	yes	799	0	0	0	no	yes	
147	2dose2attack	Super attack(2)	no	yes	-1	0	25	0	no	yes	
148	cert_2dose2attack	Super attack(2)	yes	yes	799	0	0	0	no	yes	
149	1dose2attack	Super attack(1)	no	yes	-1	0	20	0	no	yes	
150	cert_1dose2attack	Super attack(1)	yes	yes	799	0	0	0	no	yes	
151	3dosefisherspotion	Fishing potion(3)	no	yes	-1	0	30	0	no	yes	
152	cert_3dosefisherspotion	Fishing potion(3)	yes	yes	799	0	0	0	no	yes	
153	2dosefisherspotion	Fishing potion(2)	no	yes	-1	0	25	0	no	yes	
154	cert_2dosefisherspotion	Fishing potion(2)	yes	yes	799	0	0	0	no	yes	
155	1dosefisherspotion	Fishing potion(1)	no	yes	-1	0	20	0	no	yes	
156	cert_1dosefisherspotion	Fishing potion(1)	yes	yes	799	0	0	0	no	yes	
157	3dose2strength	Super strength(3)	no	yes	-1	0	30	0	no	yes	
158	cert_3dose2strength	Super strength(3)	yes	yes	799	0	0	0	no	yes	
159	2dose2strength	Super strength(2)	no	yes	-1	0	25	0	no	yes	
160	cert_2dose2strength	Super strength(2)	yes	yes	799	0	0	0	no	yes	
161	1dose2strength	Super strength(1)	no	yes	-1	0	20	0	no	yes	
162	cert_1dose2strength	Super strength(1)	yes	yes	799	0	0	0	no	yes	
163	3dose2defense	Super defence(3)	no	yes	-1	0	30	0	no	yes	
164	cert_3dose2defense	Super defence(3)	yes	yes	799	0	0	0	no	yes	
165	2dose2defense	Super defence(2)	no	yes	-1	0	25	0	no	yes	
166	cert_2dose2defense	Super defence(2)	yes	yes	799	0	0	0	no	yes	
167	1dose2defense	Super defence(1)	no	yes	-1	0	20	0	no	yes	
168	cert_1dose2defense	Super defence(1)	yes	yes	799	0	0	0	no	yes	
169	3doserangerspotion	Ranging potion(3)	no	yes	-1	0	30	0	no	yes	
170	cert_3doserangerspotion	Ranging potion(3)	yes	yes	799	0	0	0	no	yes	
171	2doserangerspotion	Ranging potion(2)	no	yes	-1	0	25	0	no	yes	
172	cert_2doserangerspotion	Ranging potion(2)	yes	yes	799	0	0	0	no	yes	
173	1doserangerspotion	Ranging potion(1)	no	yes	-1	0	20	0	no	yes	
174	cert_1doserangerspotion	Ranging potion(1)	yes	yes	799	0	0	0	no	yes	
175	3doseantipoison	Antipoison(3)	no	yes	-1	0	30	0	no	yes	
176	cert_3doseantipoison	Antipoison(3)	yes	yes	799	0	0	0	no	yes	
177	2doseantipoison	Antipoison(2)	no	yes	-1	0	25	0	no	yes	
178	cert_2doseantipoison	Antipoison(2)	yes	yes	799	0	0	0	no	yes	
179	1doseantipoison	Antipoison(1)	no	yes	-1	0	20	0	no	yes	
180	cert_1doseantipoison	Antipoison(1)	yes	yes	799	0	0	0	no	yes	
181	3dose2antipoison	Superantipoison(3)	no	yes	-1	0	30	0	no	yes	
182	cert_3dose2antipoison	Superantipoison(3)	yes	yes	799	0	0	0	no	yes	
183	2dose2antipoison	Superantipoison(2)	no	yes	-1	0	25	0	no	yes	
184	cert_2dose2antipoison	Superantipoison(2)	yes	yes	799	0	0	0	no	yes	
185	1dose2antipoison	Superantipoison(1)	no	yes	-1	0	20	0	no	yes	
186	cert_1dose2antipoison	Superantipoison(1)	yes	yes	799	0	0	0	no	yes	
187	weapon_poison	Weapon poison	no	yes	-1	0	25	0	no	yes	
188	cert_weapon_poison	Weapon poison	yes	yes	799	0	0	0	no	yes	
189	3dosepotionofzamorak	Zamorak potion(3)	no	yes	-1	0	30	0	no	yes	
190	cert_3dosepotionofzamorak	Zamorak potion(3)	yes	yes	799	0	0	0	no	yes	
191	2dosepotionofzamorak	Zamorak potion(2)	no	yes	-1	0	25	0	no	yes	
192	cert_2dosepotionofzamorak	Zamorak potion(2)	yes	yes	799	0	0	0	no	yes	
193	1dosepotionofzamorak	Zamorak potion(1)	no	yes	-1	0	20	0	no	yes	
194	cert_1dosepotionofzamorak	Zamorak potion(1)	yes	yes	799	0	0	0	no	yes	
195	acne_potion	Potion	no	no	-1	0	25	0	no	yes	
196	cert_acne_potion	Potion	yes	no	799	0	0	0	no	yes	
197	poison_chalice	Poison chalice	no	yes	-1	0	56	0	no	yes	
198	cert_poison_chalice	Poison chalice	yes	yes	799	0	0	0	no	yes	
199	unidentified_guam	Herb	no	yes	-1	0	7	0	no	yes	
200	cert_unidentified_guam	Herb	yes	yes	799	0	0	0	no	yes	
201	unidentified_marentill	Herb	no	yes	-1	0	7	0	no	yes	
202	cert_unidentified_marentill	Herb	yes	yes	799	0	0	0	no	yes	
203	unidentified_tarromin	Herb	no	yes	-1	0	7	0	no	yes	
204	cert_unidentified_tarromin	Herb	yes	yes	799	0	0	0	no	yes	
205	unidentified_harralander	Herb	no	yes	-1	0	7	0	no	yes	
206	cert_unidentified_harralander	Herb	yes	yes	799	0	0	0	no	yes	
207	unidentified_ranarr	Herb	no	yes	-1	0	7	0	no	yes	
208	cert_unidentified_ranarr	Herb	yes	yes	799	0	0	0	no	yes	
209	unidentified_irit	Herb	no	yes	-1	0	7	0	no	yes	
210	cert_unidentified_irit	Herb	yes	yes	799	0	0	0	no	yes	
211	unidentified_avantoe	Herb	no	yes	-1	0	7	0	no	yes	
212	cert_unidentified_avantoe	Herb	yes	yes	799	0	0	0	no	yes	
213	unidentified_kwuarm	Herb	no	yes	-1	0	7	0	no	yes	
214	cert_unidentified_kwuarm	Herb	yes	yes	799	0	0	0	no	yes	
215	unidentified_cadantine	Herb	no	yes	-1	0	7	0	no	yes	
216	cert_unidentified_cadantine	Herb	yes	yes	799	0	0	0	no	yes	
217	unidentified_dwarf_weed	Herb	no	yes	-1	0	7	0	no	yes	
218	cert_unidentified_dwarf_weed	Herb	yes	yes	799	0	0	0	no	yes	
219	unidentified_torstol	Herb	no	yes	-1	0	7	0	no	yes	
220	cert_unidentified_torstol	Herb	yes	yes	799	0	0	0	no	yes	
221	eye_of_newt	Eye of newt	no	no	-1	0	7	0	no	yes	
222	cert_eye_of_newt	Eye of newt	yes	no	799	0	0	0	no	yes	
223	red_spiders_eggs	Red spiders' eggs	no	no	-1	0	7	0	no	yes	
224	cert_red_spiders_eggs	Red spiders' eggs	yes	no	799	0	0	0	no	yes	
225	limpwurt_root	Limpwurt root	no	no	-1	0	7	0	no	yes	
226	cert_limpwurt_root	Limpwurt root	yes	no	799	0	0	0	no	yes	
227	vial_water	Vial of water	no	no	-1	0	20	0	no	yes	
228	cert_vial_water	Vial of water	yes	no	799	0	0	0	no	yes	
229	vial_empty	Vial	no	no	-1	0	15	0	no	yes	
230	cert_vial_empty	Vial	yes	no	799	0	0	0	no	yes	
231	snape_grass	Snape grass	no	yes	-1	0	7	0	no	yes	
232	cert_snape_grass	Snape grass	yes	yes	799	0	0	0	no	yes	
233	pestle_and_mortar	Pestle and mortar	no	yes	-1	0	56	0	no	yes	
234	cert_pestle_and_mortar	Pestle and mortar	yes	yes	799	0	0	0	no	yes	
235	unicorn_horn_dust	Unicorn horn dust	no	yes	-1	0	7	0	no	yes	
236	cert_unicorn_horn_dust	Unicorn horn dust	yes	yes	799	0	0	0	no	yes	
237	unicorn_horn	Unicorn horn	no	yes	-1	0	7	0	no	yes	
238	cert_unicorn_horn	Unicorn horn	yes	yes	799	0	0	0	no	yes	
239	white_berries	White berries	no	yes	-1	0	7	0	no	yes	
240	cert_white_berries	White berries	yes	yes	799	0	0	0	no	yes	
241	dragon_scale_dust	Dragon scale dust	no	yes	-1	0	7	0	no	yes	
242	cert_dragon_scale_dust	Dragon scale dust	yes	yes	799	0	0	0	no	yes	
243	blue_dragon_scale	Blue dragon scale	no	yes	-1	0	10	0	no	yes	
244	cert_blue_dragon_scale	Blue dragon scale	yes	yes	799	0	0	0	no	yes	
245	wine_of_zamorak	Wine of zamorak	no	no	-1	0	85	0	no	yes	
246	cert_wine_of_zamorak	Wine of zamorak	yes	no	799	0	0	0	no	yes	
247	jangerberries	Jangerberries	no	yes	-1	0	7	0	no	yes	
248	cert_jangerberries	Jangerberries	yes	yes	799	0	0	0	no	yes	
249	guam_leaf	Guam leaf	no	yes	-1	0	7	0	no	yes	
250	cert_guam_leaf	Guam leaf	yes	yes	799	0	0	0	no	yes	
251	marentill	Marrentill	no	yes	-1	0	7	0	no	yes	
252	cert_marentill	Marrentill	yes	yes	799	0	0	0	no	yes	
253	tarromin	Tarromin	no	yes	-1	0	7	0	no	yes	
254	cert_tarromin	Tarromin	yes	yes	799	0	0	0	no	yes	
255	harralander	Harralander	no	yes	-1	0	7	0	no	yes	
256	cert_harralander	Harralander	yes	yes	799	0	0	0	no	yes	
257	ranarr_weed	Ranarr weed	no	yes	-1	0	7	0	no	yes	
258	cert_ranarr_weed	Ranarr weed	yes	yes	799	0	0	0	no	yes	
259	irit_leaf	Irit leaf	no	yes	-1	0	7	0	no	yes	
260	cert_irit_leaf	Irit leaf	yes	yes	799	0	0	0	no	yes	
261	avantoe	Avantoe	no	yes	-1	0	7	0	no	yes	
262	cert_avantoe	Avantoe	yes	yes	799	0	0	0	no	yes	
263	kwuarm	Kwuarm	no	yes	-1	0	7	0	no	yes	
264	cert_kwuarm	Kwuarm	yes	yes	799	0	0	0	no	yes	
265	cadantine	Cadantine	no	yes	-1	0	7	0	no	yes	
266	cert_cadantine	Cadantine	yes	yes	799	0	0	0	no	yes	
267	dwarf_weed	Dwarf weed	no	yes	-1	0	7	0	no	yes	
268	cert_dwarf_weed	Dwarf weed	yes	yes	799	0	0	0	no	yes	
269	torstol	Torstol	no	yes	-1	0	7	0	no	yes	
270	cert_torstol	Torstol	yes	yes	799	0	0	0	no	yes	
271	pressure_gauge	Pressure gauge	no	no	-1	0	56	0	no	no	
272	fish_food	Fish food	no	no	-1	0	28	0	no	yes	
273	poison	Poison	no	no	-1	0	20	0	no	yes	
274	poisoned_fish_food	Poisoned fish food	no	no	-1	0	30	0	no	no	
275	closet_key	Key	no	no	-1	0	10	0	no	no	
276	rubber_tube	Rubber tube	no	no	-1	0	28	0	no	no	
277	oil_can	Oil can	no	no	-1	0	28	0	no	no	
278	cattleprod	Prod	no	yes	-1	0	453	0	no	no	
279	poisoned_feed	Feed	no	yes	-1	0	2267	0	no	no	
280	sheepbonesa	Bones	no	yes	-1	0	1360	0	no	no	
281	sheepbonesb	Bones	no	yes	-1	0	1360	0	no	no	
282	sheepbonesc	Bones	no	yes	-1	0	1360	0	no	no	
283	sheepbonesd	Bones	no	yes	-1	0	1360	0	no	no	
284	plague_jacket	Plague jacket	no	yes	-1	0	2721	0	no	no	
285	plague_trousers	Plague trousers	no	yes	-1	0	2267	0	no	no	
286	goblin_armour_orange	Orange goblin mail	no	no	-1	0	3628	0	no	no	
287	goblin_armour_darkblue	Blue goblin mail	no	no	-1	0	3628	0	no	no	
288	goblin_armour	Goblin mail	no	no	-1	0	3628	0	no	yes	
289	cert_goblin_armour	Goblin mail	yes	no	799	0	0	0	no	yes	
290	research_package	Research package	no	no	-1	0	907	0	no	no	
291	research_notes	Notes	no	no	-1	0	28	0	no	no	
292	baxtorian_book_waterfall_quest	Book on baxtorian	no	yes	-1	0	510	0	no	no	
293	golrie_key_waterfall_quest	A key	no	yes	-1	0	10	0	no	no	
294	glarials_pebble_waterfall_quest	Glarial's pebble	no	yes	-1	0	10	0	no	no	
295	glarials_amulet_waterfall_quest	Glarial's amulet	no	yes	-1	0	10	0	no	no	
296	glarials_urn_full_waterfall_quest	Glarial's urn	no	yes	-1	0	141	0	no	no	
297	glarials_urn_empty_waterfall_quest	Glarial's urn	no	yes	-1	0	85	0	no	no	
298	baxtorian_key_waterfall_quest	A key	no	yes	-1	0	10	0	no	no	
299	mithril_seed	Mithril seeds	yes	yes	-1	0	28	0	no	yes	
300	rats_tail	Rats tail	no	no	-1	0	3	0	no	no	
301	lobster_pot	Lobster pot	no	no	-1	0	255	0	no	yes	
302	cert_lobster_pot	Lobster pot	yes	no	799	0	0	0	no	yes	
303	net	Small fishing net	no	no	-1	0	4535	0	no	yes	
304	cert_net	Small fishing net	yes	no	799	0	0	0	no	yes	
305	big_net	Big fishing net	no	yes	-1	0	8164	0	no	yes	
306	cert_big_net	Big fishing net	yes	yes	799	0	0	0	no	yes	
307	fishing_rod	Fishing rod	no	no	-1	0	1360	0	no	yes	
308	cert_fishing_rod	Fishing rod	yes	no	799	0	0	0	no	yes	
309	fly_fishing_rod	Fly fishing rod	no	no	-1	0	1360	0	no	yes	
310	cert_fly_fishing_rod	Fly fishing rod	yes	no	799	0	0	0	no	yes	
311	harpoon	Harpoon	no	no	-1	0	1360	0	no	yes	
312	cert_harpoon	Harpoon	yes	no	799	0	0	0	no	yes	
313	fishing_bait	Fishing bait	yes	no	-1	0	2	0	no	yes	
314	feather	Feather	yes	no	-1	0	2	0	no	yes	
315	shrimp	Shrimps	no	no	-1	0	100	0	no	yes	
316	cert_shrimp	Shrimps	yes	no	799	0	0	0	no	yes	
317	raw_shrimp	Raw shrimps	no	no	-1	0	120	0	no	yes	
318	cert_raw_shrimp	Raw shrimps	yes	no	799	0	0	0	no	yes	
319	anchovies	Anchovies	no	no	-1	0	100	0	no	yes	
320	cert_anchovies	Anchovies	yes	no	799	0	0	0	no	yes	
321	raw_anchovies	Raw anchovies	no	no	-1	0	120	0	no	yes	
322	cert_raw_anchovies	Raw anchovies	yes	no	799	0	0	0	no	yes	
323	burntfish1	Burnt fish	no	no	-1	0	80	0	no	yes	
324	cert_burntfish1	Burnt fish	yes	no	799	0	0	0	no	yes	
325	sardine	Sardine	no	no	-1	0	120	0	no	yes	
326	cert_sardine	Sardine	yes	no	799	0	0	0	no	yes	
327	raw_sardine	Raw sardine	no	no	-1	0	140	0	no	yes	
328	cert_raw_sardine	Raw sardine	yes	no	799	0	0	0	no	yes	
329	salmon	Salmon	no	no	-1	0	500	0	no	yes	
330	cert_salmon	Salmon	yes	no	799	0	0	0	no	yes	
331	raw_salmon	Raw salmon	no	no	-1	0	550	0	no	yes	
332	cert_raw_salmon	Raw salmon	yes	no	799	0	0	0	no	yes	
333	trout	Trout	no	no	-1	0	400	0	no	yes	
334	cert_trout	Trout	yes	no	799	0	0	0	no	yes	
335	raw_trout	Raw trout	no	no	-1	0	450	0	no	yes	
336	cert_raw_trout	Raw trout	yes	no	799	0	0	0	no	yes	
337	giant_carp	Giant carp	no	yes	-1	0	500	0	no	no	
338	raw_giant_carp	Raw giant carp	no	yes	-1	0	550	0	no	no	
339	cod	Cod	no	yes	-1	0	400	0	no	yes	
340	cert_cod	Cod	yes	yes	799	0	0	0	no	yes	
341	raw_cod	Raw cod	no	yes	-1	0	450	0	no	yes	
342	cert_raw_cod	Raw cod	yes	yes	799	0	0	0	no	yes	
343	burntfish2	Burnt fish	no	no	-1	0	350	0	no	yes	
344	cert_burntfish2	Burnt fish	yes	no	799	0	0	0	no	yes	
345	raw_herring	Raw herring	no	no	-1	0	550	0	no	yes	
346	cert_raw_herring	Raw herring	yes	no	799	0	0	0	no	yes	
347	herring	Herring	no	no	-1	0	500	0	no	yes	
348	cert_herring	Herring	yes	no	799	0	0	0	no	yes	
349	raw_pike	Raw pike	no	no	-1	0	550	0	no	yes	
350	cert_raw_pike	Raw pike	yes	no	799	0	0	0	no	yes	
351	pike	Pike	no	no	-1	0	500	0	no	yes	
352	cert_pike	Pike	yes	no	799	0	0	0	no	yes	
353	raw_mackerel	Raw mackerel	no	yes	-1	0	350	0	no	yes	
354	cert_raw_mackerel	Raw mackerel	yes	yes	799	0	0	0	no	yes	
355	mackerel	Mackerel	no	yes	-1	0	300	0	no	yes	
356	cert_mackerel	Mackerel	yes	yes	799	0	0	0	no	yes	
357	burntfish3	Burnt fish	no	no	-1	0	300	0	no	yes	
358	cert_burntfish3	Burnt fish	yes	no	799	0	0	0	no	yes	
359	raw_tuna	Raw tuna	no	no	-1	0	450	0	no	yes	
360	cert_raw_tuna	Raw tuna	yes	no	799	0	0	0	no	yes	
361	tuna	Tuna	no	no	-1	0	400	0	no	yes	
362	cert_tuna	Tuna	yes	no	799	0	0	0	no	yes	
363	raw_bass	Raw bass	no	yes	-1	0	400	0	no	yes	
364	cert_raw_bass	Raw bass	yes	yes	799	0	0	0	no	yes	
365	bass	Bass	no	yes	-1	0	350	0	no	yes	
366	cert_bass	Bass	yes	yes	799	0	0	0	no	yes	
367	burntfish4	Burnt fish	no	no	-1	0	300	0	no	yes	
368	cert_burntfish4	Burnt fish	yes	no	799	0	0	0	no	yes	
369	burntfish5	Burnt fish	no	no	-1	0	300	0	no	yes	
370	cert_burntfish5	Burnt fish	yes	no	799	0	0	0	no	yes	
371	raw_swordfish	Raw swordfish	no	no	-1	0	500	0	no	yes	
372	cert_raw_swordfish	Raw swordfish	yes	no	799	0	0	0	no	yes	
373	swordfish	Swordfish	no	no	-1	0	450	0	no	yes	
374	cert_swordfish	Swordfish	yes	no	799	0	0	0	no	yes	
375	burnt_swordfish	Burnt swordfish	no	no	-1	0	400	0	no	yes	
376	cert_burnt_swordfish	Burnt swordfish	yes	no	799	0	0	0	no	yes	
377	raw_lobster	Raw lobster	no	no	-1	0	400	0	no	yes	
378	cert_raw_lobster	Raw lobster	yes	no	799	0	0	0	no	yes	
379	lobster	Lobster	no	no	-1	0	350	0	no	yes	
380	cert_lobster	Lobster	yes	no	799	0	0	0	no	yes	
381	burnt_lobster	Burnt lobster	no	no	-1	0	300	0	no	yes	
382	cert_burnt_lobster	Burnt lobster	yes	no	799	0	0	0	no	yes	
383	raw_shark	Raw shark	no	yes	-1	0	700	0	no	yes	
384	cert_raw_shark	Raw shark	yes	yes	799	0	0	0	no	yes	
385	shark	Shark	no	yes	-1	0	650	0	no	yes	
386	cert_shark	Shark	yes	yes	799	0	0	0	no	yes	
387	burnt_shark	Burnt shark	no	yes	-1	0	600	0	no	yes	
388	cert_burnt_shark	Burnt shark	yes	yes	799	0	0	0	no	yes	
389	raw_mantaray	Raw manta ray	no	yes	-1	0	450	0	no	yes	
390	cert_raw_mantaray	Raw manta ray	yes	yes	799	0	0	0	no	yes	
391	mantaray	Manta ray	no	yes	-1	0	400	0	no	yes	
392	cert_mantaray	Manta ray	yes	yes	799	0	0	0	no	yes	
393	burnt_mantaray	Burnt manta ray	no	yes	-1	0	350	0	no	yes	
394	cert_burnt_mantaray	Burnt manta ray	yes	yes	799	0	0	0	no	yes	
395	raw_seaturtle	Raw sea turtle	no	yes	-1	0	400	0	no	yes	
396	cert_raw_seaturtle	Raw sea turtle	yes	yes	799	0	0	0	no	yes	
397	seaturtle	Sea turtle	no	yes	-1	0	350	0	no	yes	
398	cert_seaturtle	Sea turtle	yes	yes	799	0	0	0	no	yes	
399	burnt_seaturtle	Burnt sea turtle	no	yes	-1	0	320	0	no	yes	
400	cert_burnt_seaturtle	Burnt sea turtle	yes	yes	799	0	0	0	no	yes	
401	seaweed	Seaweed	no	yes	-1	0	200	0	no	yes	
402	cert_seaweed	Seaweed	yes	yes	799	0	0	0	no	yes	
403	edible_seaweed	Edible seaweed	no	yes	-1	0	250	0	no	yes	
404	cert_edible_seaweed	Edible seaweed	yes	yes	799	0	0	0	no	yes	
405	casket	Casket	no	yes	-1	0	5000	0	no	yes	
406	cert_casket	Casket	yes	yes	799	0	0	0	no	yes	
407	oystershell	Oyster	no	yes	-1	0	100	0	no	yes	
408	cert_oystershell	Oyster	yes	yes	799	0	0	0	no	yes	
409	oysterempty	Empty oyster	no	yes	-1	0	80	0	no	yes	
410	cert_oysterempty	Empty oyster	yes	yes	799	0	0	0	no	yes	
411	smalloysterpearls	Oyster pearl	no	yes	-1	0	2	0	no	yes	
412	cert_smalloysterpearls	Oyster pearl	yes	yes	799	0	0	0	no	yes	
413	bigoysterpearls	Oyster pearls	no	yes	-1	0	4	0	no	yes	
414	cert_bigoysterpearls	Oyster pearls	yes	yes	799	0	0	0	no	yes	
415	ethenea	Ethanea	no	yes	-1	0	30	0	no	no	
416	liquid_honey	Liquid honey	no	yes	-1	0	30	0	no	no	
417	sulphuric_broline	Sulphuric broline	no	yes	-1	0	30	0	no	no	
418	plaguesample	Plague sample	no	yes	-1	0	50	0	no	no	
419	touch_paper	Touch paper	no	yes	-1	0	10	0	no	no	
420	distillator	Distillator	no	yes	-1	0	20	0	no	no	
421	king_lathas_amulet	Lathas' amulet	no	yes	-1	0	10	0	no	no	
422	birdfeed	Bird feed	no	yes	-1	0	50	0	no	no	
423	mournerkeytw	Key	no	yes	-1	0	10	0	no	no	
424	pigeons	Pigeon cage	no	yes	-1	0	2000	0	no	no	
425	pigeoncage	Pigeon cage	no	yes	-1	0	500	0	no	no	
426	priest_gown	Priest gown	no	no	-1	0	1814	0	no	yes	
427	cert_priest_gown	Priest gown	yes	no	799	0	0	0	no	yes	
428	priest_robe	Priest gown	no	no	-1	0	1814	0	no	yes	
429	cert_priest_robe	Priest gown	yes	no	799	0	0	0	no	yes	
430	doctor_gown	Doctors' gown	no	yes	-1	0	1814	0	no	no	
431	karamja_rum	Karamjan rum	no	no	-1	0	907	0	no	no	
432	chest_key	Chest key	no	no	-1	0	10	0	no	no	
433	piratemessage	Pirate message	no	no	-1	0	20	0	no	no	
434	clay	Clay	no	no	-1	0	1000	0	no	yes	
435	cert_clay	Clay	yes	no	799	0	0	0	no	yes	
436	copper_ore	Copper ore	no	no	-1	0	2267	0	no	yes	
437	cert_copper_ore	Copper ore	yes	no	799	0	0	0	no	yes	
438	tin_ore	Tin ore	no	no	-1	0	2267	0	no	yes	
439	cert_tin_ore	Tin ore	yes	no	799	0	0	0	no	yes	
440	iron_ore	Iron ore	no	no	-1	0	2267	0	no	yes	
441	cert_iron_ore	Iron ore	yes	no	799	0	0	0	no	yes	
442	silver_ore	Silver ore	no	no	-1	0	2267	0	no	yes	
443	cert_silver_ore	Silver ore	yes	no	799	0	0	0	no	yes	
444	gold_ore	Gold ore	no	no	-1	0	2267	0	no	yes	
445	cert_gold_ore	Gold ore	yes	no	799	0	0	0	no	yes	
446	perfect_gold_ore	'perfect' gold ore	no	yes	-1	0	2267	0	no	no	
447	mithril_ore	Mithril ore	no	no	-1	0	1814	0	no	yes	
448	cert_mithril_ore	Mithril ore	yes	no	799	0	0	0	no	yes	
449	adamantite_ore	Adamantite ore	no	no	-1	0	2721	0	no	yes	
450	cert_adamantite_ore	Adamantite ore	yes	no	799	0	0	0	no	yes	
451	runite_ore	Runite ore	no	no	-1	0	2267	0	no	yes	
452	cert_runite_ore	Runite ore	yes	no	799	0	0	0	no	yes	
453	coal	Coal	no	no	-1	0	2267	0	no	yes	
454	cert_coal	Coal	yes	no	799	0	0	0	no	yes	
455	barcrawl_card	Barcrawl card	no	yes	-1	0	150	0	no	no	
456	scorpioncageempty	Scorpion cage	no	yes	-1	0	150	0	no	no	
457	scorpioncagea	Scorpion cage	no	yes	-1	0	175	0	no	no	
458	scorpioncageab	Scorpion cage	no	yes	-1	0	200	0	no	no	
459	scorpioncageac	Scorpion cage	no	yes	-1	0	200	0	no	no	
460	scorpioncageb	Scorpion cage	no	yes	-1	0	175	0	no	no	
461	scorpioncagebc	Scorpion cage	no	yes	-1	0	200	0	no	no	
462	scorpioncagec	Scorpion cage	no	yes	-1	0	175	0	no	no	
463	scorpioncagefull	Scorpion cage	no	yes	-1	0	225	0	no	no	
464	macro_triffidfruit	Strange fruit	no	yes	-1	0	85	0	no	yes	
465	cert_macro_triffidfruit	Strange fruit	yes	yes	799	0	0	0	no	yes	
466	macro_pickaxehandle	Pickaxe handle	no	no	-1	0	453	0	no	yes	
467	cert_macro_pickaxehandle	Pickaxe handle	yes	no	799	0	0	0	no	yes	
468	macro_broken_bronze_pickaxe	Broken pickaxe	no	no	-1	0	1814	0	no	yes	
469	cert_macro_broken_bronze_pickaxe	Broken pickaxe	yes	no	799	0	0	0	no	yes	
470	macro_broken_iron_pickaxe	Broken pickaxe	no	no	-1	0	1814	0	no	yes	
471	cert_macro_broken_iron_pickaxe	Broken pickaxe	yes	no	799	0	0	0	no	yes	
472	macro_broken_steel_pickaxe	Broken pickaxe	no	no	-1	0	1814	0	no	yes	
473	cert_macro_broken_steel_pickaxe	Broken pickaxe	yes	no	799	0	0	0	no	yes	
474	macro_broken_mithril_pickaxe	Broken pickaxe	no	no	-1	0	1814	0	no	yes	
475	cert_macro_broken_mithril_pickaxe	Broken pickaxe	yes	no	799	0	0	0	no	yes	
476	macro_broken_adamant_pickaxe	Broken pickaxe	no	no	-1	0	1814	0	no	yes	
477	cert_macro_broken_adamant_pickaxe	Broken pickaxe	yes	no	799	0	0	0	no	yes	
478	macro_broken_rune_pickaxe	Broken pickaxe	no	no	-1	0	1814	0	no	yes	
479	cert_macro_broken_rune_pickaxe	Broken pickaxe	yes	no	799	0	0	0	no	yes	
480	macro_bronze_pickaxehead	Pickaxe head	no	no	-1	0	1814	0	no	yes	
481	cert_macro_bronze_pickaxehead	Pickaxe head	yes	no	799	0	0	0	no	yes	
482	macro_iron_pickaxehead	Pickaxe head	no	no	-1	0	1814	0	no	yes	
483	cert_macro_iron_pickaxehead	Pickaxe head	yes	no	799	0	0	0	no	yes	
484	macro_steel_pickaxehead	Pickaxe head	no	no	-1	0	1814	0	no	yes	
485	cert_macro_steel_pickaxehead	Pickaxe head	yes	no	799	0	0	0	no	yes	
486	macro_mithril_pickaxehead	Pickaxe head	no	no	-1	0	1814	0	no	yes	
487	cert_macro_mithril_pickaxehead	Pickaxe head	yes	no	799	0	0	0	no	yes	
488	macro_adamant_pickaxehead	Pickaxe head	no	no	-1	0	1814	0	no	yes	
489	cert_macro_adamant_pickaxehead	Pickaxe head	yes	no	799	0	0	0	no	yes	
490	macro_rune_pickaxehead	Pickaxe head	no	no	-1	0	1814	0	no	yes	
491	cert_macro_rune_pickaxehead	Pickaxe head	yes	no	799	0	0	0	no	yes	
492	macro_hatchethandle	Axe handle	no	no	-1	0	453	0	no	yes	
493	cert_macro_hatchethandle	Axe handle	yes	no	799	0	0	0	no	yes	
494	macro_broken_bronze_hatchet	Broken axe	no	no	-1	0	907	0	no	yes	
495	cert_macro_broken_bronze_hatchet	Broken axe	yes	no	799	0	0	0	no	yes	
496	macro_broken_iron_hatchet	Broken axe	no	no	-1	0	907	0	no	yes	
497	cert_macro_broken_iron_hatchet	Broken axe	yes	no	799	0	0	0	no	yes	
498	macro_broken_steel_hatchet	Broken axe	no	no	-1	0	907	0	no	yes	
499	cert_macro_broken_steel_hatchet	Broken axe	yes	no	799	0	0	0	no	yes	
500	macro_broken_black_hatchet	Broken axe	no	no	-1	0	907	0	no	yes	
501	cert_macro_broken_black_hatchet	Broken axe	yes	no	799	0	0	0	no	yes	
502	macro_broken_mithril_hatchet	Broken axe	no	no	-1	0	907	0	no	yes	
503	cert_macro_broken_mithril_hatchet	Broken axe	yes	no	799	0	0	0	no	yes	
504	macro_broken_adamant_hatchet	Broken axe	no	no	-1	0	907	0	no	yes	
505	cert_macro_broken_adamant_hatchet	Broken axe	yes	no	799	0	0	0	no	yes	
506	macro_broken_rune_hatchet	Broken axe	no	no	-1	0	907	0	no	yes	
507	cert_macro_broken_rune_hatchet	Broken axe	yes	no	799	0	0	0	no	yes	
508	macro_bronze_hatchethead	Axe head	no	no	-1	0	907	0	no	yes	
509	cert_macro_bronze_hatchethead	Axe head	yes	no	799	0	0	0	no	yes	
510	macro_iron_hatchethead	Axe head	no	no	-1	0	907	0	no	yes	
511	cert_macro_iron_hatchethead	Axe head	yes	no	799	0	0	0	no	yes	
512	macro_steel_hatchethead	Axe head	no	no	-1	0	907	0	no	yes	
513	cert_macro_steel_hatchethead	Axe head	yes	no	799	0	0	0	no	yes	
514	macro_black_hatchethead	Axe head	no	no	-1	0	907	0	no	yes	
515	cert_macro_black_hatchethead	Axe head	yes	no	799	0	0	0	no	yes	
516	macro_mithril_hatchethead	Axe head	no	no	-1	0	680	0	no	yes	
517	cert_macro_mithril_hatchethead	Axe head	yes	no	799	0	0	0	no	yes	
518	macro_adamant_hatchethead	Axe head	no	no	-1	0	1133	0	no	yes	
519	cert_macro_adamant_hatchethead	Axe head	yes	no	799	0	0	0	no	yes	
520	macro_rune_hatchethead	Axe head	no	no	-1	0	907	0	no	yes	
521	cert_macro_rune_hatchethead	Axe head	yes	no	799	0	0	0	no	yes	
522	enchanted_beef	Enchanted beef	no	yes	-1	0	500	0	no	no	
523	enchanted_rat_meat	Enchanted rat	no	yes	-1	0	200	0	no	no	
524	enchanted_bear_meat	Enchanted bear	no	yes	-1	0	500	0	no	no	
525	enchanted_chicken	Enchanted chicken	no	yes	-1	0	300	0	no	no	
526	bones	Bones	no	no	-1	0	500	0	no	yes	
527	cert_bones	Bones	yes	no	799	0	0	0	no	yes	
528	bones_burnt	Burnt bones	no	no	-1	0	500	0	no	yes	
529	cert_bones_burnt	Burnt bones	yes	no	799	0	0	0	no	yes	
530	bat_bones	Bat bones	no	yes	-1	0	300	0	no	yes	
531	cert_bat_bones	Bat bones	yes	yes	799	0	0	0	no	yes	
532	big_bones	Big bones	no	no	-1	0	800	0	no	yes	
533	cert_big_bones	Big bones	yes	no	799	0	0	0	no	yes	
534	babydragon_bones	Babydragon bones	no	yes	-1	0	800	0	no	yes	
535	cert_babydragon_bones	Babydragon bones	yes	yes	799	0	0	0	no	yes	
536	dragon_bones	Dragon bones	no	yes	-1	0	1500	0	no	yes	
537	cert_dragon_bones	Dragon bones	yes	yes	799	0	0	0	no	yes	
538	druidrobebottom	Druid's robe	no	yes	-1	0	907	0	no	yes	
539	cert_druidrobebottom	Druid's robe	yes	yes	799	0	0	0	no	yes	
540	druidrobetop	Druid's robe	no	yes	-1	0	907	0	no	yes	
541	cert_druidrobetop	Druid's robe	yes	yes	799	0	0	0	no	yes	
542	monkrobebottom	Monk's robe	no	no	-1	0	907	0	no	yes	
543	cert_monkrobebottom	Monk's robe	yes	no	799	0	0	0	no	yes	
544	monkrobetop	Monk's robe	no	no	-1	0	907	0	no	yes	
545	cert_monkrobetop	Monk's robe	yes	no	799	0	0	0	no	yes	
546	blackrobetop	Shade robe	no	no	-1	0	907	0	no	yes	
547	cert_blackrobetop	Shade robe	yes	no	799	0	0	0	no	yes	
548	blackrobebottom	Shade robe	no	no	-1	0	907	0	no	yes	
549	cert_blackrobebottom	Shade robe	yes	no	799	0	0	0	no	yes	
550	newcomer_map	Newcomer map	no	no	-1	0	510	0	no	yes	
551	cert_newcomer_map	Newcomer map	yes	no	799	0	0	0	no	yes	
552	amulet_of_ghostspeak	Ghostspeak amulet	no	no	-1	0	10	0	no	no	
553	ghostskull	Skull	no	no	-1	0	80	0	no	no	
554	firerune	Fire rune	yes	no	-1	0	2	0	no	yes	
555	waterrune	Water rune	yes	no	-1	0	2	0	no	yes	
556	airrune	Air rune	yes	no	-1	0	2	0	no	yes	
557	earthrune	Earth rune	yes	no	-1	0	2	0	no	yes	
558	mindrune	Mind rune	yes	no	-1	0	2	0	no	yes	
559	bodyrune	Body rune	yes	no	-1	0	2	0	no	yes	
560	deathrune	Death rune	yes	no	-1	0	2	0	no	yes	
561	naturerune	Nature rune	yes	no	-1	0	2	0	no	yes	
562	chaosrune	Chaos rune	yes	no	-1	0	2	0	no	yes	
563	lawrune	Law rune	yes	no	-1	0	2	0	no	yes	
564	cosmicrune	Cosmic rune	yes	no	-1	0	2	0	no	yes	
565	bloodrune	Blood rune	yes	yes	-1	0	2	0	no	yes	
566	soulrune	Soul rune	yes	yes	-1	0	2	0	no	yes	
567	stafforb	Unpowered orb	no	yes	-1	0	453	0	no	yes	
568	cert_stafforb	Unpowered orb	yes	yes	799	0	0	0	no	yes	
569	fire_orb	Fire orb	no	yes	-1	0	453	0	no	yes	
570	cert_fire_orb	Fire orb	yes	yes	799	0	0	0	no	yes	
571	water_orb	Water orb	no	yes	-1	0	453	0	no	yes	
572	cert_water_orb	Water orb	yes	yes	799	0	0	0	no	yes	
573	air_orb	Air orb	no	yes	-1	0	453	0	no	yes	
574	cert_air_orb	Air orb	yes	yes	799	0	0	0	no	yes	
575	earth_orb	Earth orb	no	yes	-1	0	453	0	no	yes	
576	cert_earth_orb	Earth orb	yes	yes	799	0	0	0	no	yes	
577	wizards_robe	Wizards robe	no	no	-1	0	907	0	no	yes	
578	cert_wizards_robe	Wizards robe	yes	no	799	0	0	0	no	yes	
579	bluewizhat	Wizards hat	no	no	-1	0	453	0	no	yes	
580	cert_bluewizhat	Wizards hat	yes	no	799	0	0	0	no	yes	
581	black_robe	Black robe	no	no	-1	0	907	0	no	yes	
582	cert_black_robe	Black robe	yes	no	799	0	0	0	no	yes	
583	bucket_bailing	Bailing bucket	no	yes	-1	0	1000	0	no	yes	
584	cert_bucket_bailing	Bailing bucket	yes	yes	799	0	0	0	no	yes	
585	bucket_bailingfull	Bailing bucket	no	yes	-1	0	5000	0	no	yes	
586	cert_bucket_bailingfull	Bailing bucket	yes	yes	799	0	0	0	no	yes	
587	orb_of_protection	Orb of protection	no	yes	-1	0	1000	0	no	no	
588	orbs_of_protection	Orb of protection	no	yes	-1	0	2000	0	no	no	
589	gnome_amulet	Gnome amulet	no	yes	-1	0	10	0	no	no	
590	tinderbox	Tinderbox	no	no	-1	0	35	0	no	yes	
591	cert_tinderbox	Tinderbox	yes	no	799	0	0	0	no	yes	
592	ashes	Ashes	no	no	-1	0	56	0	no	yes	
593	cert_ashes	Ashes	yes	no	799	0	0	0	no	yes	
594	torch_lit	Torch	no	yes	-1	0	500	0	no	yes	
595	cert_torch_lit	Torch	yes	yes	799	0	0	0	no	yes	
596	torch_unlit	Torch	no	yes	-1	0	500	0	no	yes	
597	cert_torch_unlit	Torch	yes	yes	799	0	0	0	no	yes	
598	unlitarrow	Unlit arrows	yes	yes	-1	0	16	0	no	no	
599	obj_599		no	no	-1	0	0	0	no	no	
600	book_of_astrology	Astrology book	no	yes	-1	0	3	0	no	no	
601	keep_key	Keep key	no	yes	-1	0	10	0	no	no	
602	lens_mould	Lens mould	no	yes	-1	0	1000	0	no	no	
603	lens	Lens	no	yes	-1	0	3	0	no	no	
604	zqboneshard	Bone shard	no	yes	-1	0	10	0	no	no	
605	zqbonekey	Bone key	no	yes	-1	0	10	0	no	no	
606	zqplaque	Stone-plaque	no	yes	-1	0	800	0	no	no	
607	zqberviriusscroll	Tattered scroll	no	yes	-1	0	20	0	no	no	
608	zqrashiliyiascroll	Crumpled scroll	no	yes	-1	0	20	0	no	no	
609	zqcorpse	Rashiliya corpse	no	yes	-1	0	300	0	no	no	
610	zqzadimusbones	Zadimus corpse	no	yes	-1	0	500	0	no	no	
611	zqcrystal	Locating crystal	no	yes	-1	0	907	0	no	no	
612	zqcrystal_blue	Locating crystal	no	yes	-1	0	907	0	no	no	
613	zqcrystal_red	Locating crystal	no	yes	-1	0	907	0	no	no	
614	zqcrystal_yellow	Locating crystal	no	yes	-1	0	907	0	no	no	
615	zqcrystal_white	Locating crystal	no	yes	-1	0	907	0	no	no	
616	zqdeadbeads	Beads of the dead	no	yes	-1	0	10	0	no	no	
617	fake_coins	Coins	no	yes	-1	0	2	0	no	no	
618	zqbonebeads	Bone beads	no	yes	-1	0	1	0	no	no	
619	paramayaticket	Paramaya ticket	no	yes	-1	0	4	0	no	yes	
620	cert_paramayaticket	Paramaya ticket	yes	yes	799	0	0	0	no	yes	
621	shiloshipticket	Ship ticket	no	yes	-1	0	4	0	no	yes	
622	cert_shiloshipticket	Ship ticket	yes	yes	799	0	0	0	no	yes	
623	zqbevsword	Sword pommel	no	yes	-1	0	85	0	no	no	
624	zqberviriusscroll2	Bervirius notes	no	yes	-1	0	20	0	no	no	
625	mosol_wampum_belt	Wampum belt	no	yes	-1	0	453	0	no	no	
626	gnome_boots_pink	Boots	no	yes	-1	0	340	0	no	yes	
627	cert_gnome_boots_pink	Boots	yes	yes	799	0	0	0	no	yes	
628	gnome_boots_green	Boots	no	yes	-1	0	340	0	no	yes	
629	cert_gnome_boots_green	Boots	yes	yes	799	0	0	0	no	yes	
630	gnome_boots_blue	Boots	no	yes	-1	0	340	0	no	yes	
631	cert_gnome_boots_blue	Boots	yes	yes	799	0	0	0	no	yes	
632	gnome_boots_cream	Boots	no	yes	-1	0	340	0	no	yes	
633	cert_gnome_boots_cream	Boots	yes	yes	799	0	0	0	no	yes	
634	gnome_boots_turquoise	Boots	no	yes	-1	0	340	0	no	yes	
635	cert_gnome_boots_turquoise	Boots	yes	yes	799	0	0	0	no	yes	
636	gnome_robetop_pink	Robe top	no	yes	-1	0	907	0	no	yes	
637	cert_gnome_robetop_pink	Robe top	yes	yes	799	0	0	0	no	yes	
638	gnome_robetop_green	Robe top	no	yes	-1	0	907	0	no	yes	
639	cert_gnome_robetop_green	Robe top	yes	yes	799	0	0	0	no	yes	
640	gnome_robetop_blue	Robe top	no	yes	-1	0	907	0	no	yes	
641	cert_gnome_robetop_blue	Robe top	yes	yes	799	0	0	0	no	yes	
642	gnome_robetop_cream	Robe top	no	yes	-1	0	907	0	no	yes	
643	cert_gnome_robetop_cream	Robe top	yes	yes	799	0	0	0	no	yes	
644	gnome_robetop_turquoise	Robe top	no	yes	-1	0	907	0	no	yes	
645	cert_gnome_robetop_turquoise	Robe top	yes	yes	799	0	0	0	no	yes	
646	gnome_robebottoms_pink	Robe bottoms	no	yes	-1	0	907	0	no	yes	
647	cert_gnome_robebottoms_pink	Robe bottoms	yes	yes	799	0	0	0	no	yes	
648	gnome_robebottoms_green	Robe bottoms	no	yes	-1	0	907	0	no	yes	
649	cert_gnome_robebottoms_green	Robe bottoms	yes	yes	799	0	0	0	no	yes	
650	gnome_robebottoms_blue	Robe bottoms	no	yes	-1	0	907	0	no	yes	
651	cert_gnome_robebottoms_blue	Robe bottoms	yes	yes	799	0	0	0	no	yes	
652	gnome_robebottoms_cream	Robe bottoms	no	yes	-1	0	907	0	no	yes	
653	cert_gnome_robebottoms_cream	Robe bottoms	yes	yes	799	0	0	0	no	yes	
654	gnome_robebottoms_turquoise	Robe bottoms	no	yes	-1	0	907	0	no	yes	
655	cert_gnome_robebottoms_turquoise	Robe bottoms	yes	yes	799	0	0	0	no	yes	
656	gnome_hat_pink	Hat	no	yes	-1	0	453	0	no	yes	
657	cert_gnome_hat_pink	Hat	yes	yes	799	0	0	0	no	yes	
658	gnome_hat_green	Hat	no	yes	-1	0	453	0	no	yes	
659	cert_gnome_hat_green	Hat	yes	yes	799	0	0	0	no	yes	
660	gnome_hat_blue	Hat	no	yes	-1	0	453	0	no	yes	
661	cert_gnome_hat_blue	Hat	yes	yes	799	0	0	0	no	yes	
662	gnome_hat_cream	Hat	no	yes	-1	0	453	0	no	yes	
663	cert_gnome_hat_cream	Hat	yes	yes	799	0	0	0	no	yes	
664	gnome_hat_turquoise	Hat	no	yes	-1	0	453	0	no	yes	
665	cert_gnome_hat_turquoise	Hat	yes	yes	799	0	0	0	no	yes	
666	knights_portrait	Portrait	no	no	-1	0	1360	0	no	no	
667	faladian_sword	Blurite sword	no	no	-1	0	1814	0	no	no	
668	blurite_ore	Blurite ore	no	no	-1	0	2267	0	no	no	
669	specimen_jar	Specimen jar	no	yes	-1	0	56	0	no	no	
670	specimen_brush	Specimen brush	no	yes	-1	0	56	0	no	no	
671	rock_sample1	Rock sample 1	no	yes	-1	0	85	0	no	no	
672	rock_sample2	Rock sample 2	no	yes	-1	0	85	0	no	no	
673	rock_sample3	Rock sample 3	no	yes	-1	0	85	0	no	no	
674	cracked_sample	Rock sample	no	yes	-1	0	85	0	no	no	
675	rockpick	Rock pick	no	yes	-1	0	56	0	no	no	
676	trowel	Trowel	no	yes	-1	0	56	0	no	no	
677	tray_empty	Panning tray	no	yes	-1	0	85	0	no	no	
678	tray_gold	Panning tray	no	yes	-1	0	141	0	no	no	
679	tray_mud	Panning tray	no	yes	-1	0	170	0	no	no	
680	nuggets	Nuggets	yes	yes	-1	0	113	0	no	no	
681	digtalisman	Talisman of zaros	no	yes	-1	0	85	0	no	no	
682	digplainletter	Unstamped letter	no	yes	-1	0	20	0	no	no	
683	recommendedletter	Stamped letter	no	yes	-1	0	20	0	no	no	
684	digsitebuckle	Belt buckle	no	yes	-1	0	1000	0	no	no	
685	old_boot	Old boot	no	yes	-1	0	56	0	no	no	
686	digsitesword	Rusty sword	no	yes	-1	0	2267	0	no	no	
687	digsitearrow	Broken arrow	no	yes	-1	0	15	0	no	no	
688	digsitebuttons	Buttons	no	yes	-1	0	1	0	no	no	
689	digsitestaff	Broken staff	no	yes	-1	0	1814	0	no	no	
690	digsiteglass	Broken glass	no	yes	-1	0	20	0	no	no	
691	level1certificate	Level 1 certificate	no	yes	-1	0	20	0	no	no	
692	level2certificate	Level 2 certificate	no	yes	-1	0	20	0	no	no	
693	level3certificate	Level 3 certificate	no	yes	-1	0	20	0	no	no	
694	digsitepottery	Ceramic remains	no	yes	-1	0	56	0	no	no	
695	old_tooth	Old tooth	no	yes	-1	0	1	0	no	no	
696	digexpertscroll	Invitation letter	no	yes	-1	0	20	0	no	no	
697	digsitearmour1	Damaged armour	no	yes	-1	0	7711	0	no	no	
698	digsitearmour2	Broken armour	no	yes	-1	0	7711	0	no	no	
699	zarosstonetablet	Stone tablet	no	yes	-1	0	800	0	no	no	
700	unidentified_powder	Chemical powder	no	yes	-1	0	28	0	no	no	
701	ammonium_nitrate	Ammonium nitrate	no	yes	-1	0	15	0	no	no	
702	unidentified_liquid	Unidentified liquid	no	yes	-1	0	25	0	no	no	
703	nitroglycerin	Nitroglycerin	no	yes	-1	0	25	0	no	no	
704	ground_charcoal	Ground charcoal	no	yes	-1	0	8	0	no	no	
705	precharcoalmixture	Mixed chemicals	no	yes	-1	0	30	0	no	no	
706	postcharcoalmixture	Mixed chemicals	no	yes	-1	0	35	0	no	no	
707	digcompound	Chemical compound	no	yes	-1	0	35	0	no	no	
708	arcenia_root	Arcenia root	no	yes	-1	0	10	0	no	no	
709	digchestkey	Chest key	no	yes	-1	0	10	0	no	no	
710	digsitevase	Vase	no	yes	-1	0	500	0	no	no	
711	digsitebook	Book on chemicals	no	yes	-1	0	510	0	no	no	
712	display_tea	Cup of tea	no	yes	-1	0	150	0	no	no	
713	obj_713		no	no	-1	0	0	0	no	no	
714	thkaramjamap	Radimus notes	no	yes	-1	0	20	0	no	no	
715	thkaramjamapcomp	Radimus notes	no	yes	-1	0	20	0	no	no	
716	bullroarer	Bull roarer	no	yes	-1	0	20	0	no	no	
717	scrawled_note1	Scrawled note	no	yes	-1	0	20	0	no	no	
718	scrawled_note2	A scribbled note	no	yes	-1	0	20	0	no	no	
719	scrawled_note3	Scrumpled note	no	yes	-1	0	20	0	no	no	
720	goldbowlpic	Sketch	no	yes	-1	0	20	0	no	no	
721	goldbowl_empty	Gold bowl	no	yes	-1	0	800	0	no	no	
722	goldbowlbless_empty	Blessed gold bowl	no	yes	-1	0	800	0	no	no	
723	goldbowl_water	Golden bowl	no	yes	-1	0	1000	0	no	no	
724	goldbowl_pure	Golden bowl	no	yes	-1	0	1000	0	no	no	
725	goldbowlbless_water	Golden bowl	no	yes	-1	0	1000	0	no	no	
726	goldbowlbless_pure	Golden bowl	no	yes	-1	0	1000	0	no	no	
727	reed_hollow	Hollow reed	no	yes	-1	0	12	0	no	yes	
728	cert_reed_hollow	Hollow reed	yes	yes	799	0	0	0	no	yes	
729	shamans_tome	Shamans tome	no	yes	-1	0	510	0	no	no	
730	book_of_binding	Book of binding	no	yes	-1	0	510	0	no	no	
731	vial_enchanted	Enchanted vial	no	yes	-1	0	10	0	no	no	
732	holy_water	Holy water	yes	yes	-1	0	907	0	no	no	
733	smashed_glass	Smashed glass	no	yes	-1	0	2	0	no	yes	
734	cert_smashed_glass	Smashed glass	yes	yes	799	0	0	0	no	yes	
735	yommiseeds	Yommi tree seeds	yes	yes	-1	0	1	0	no	no	
736	yommiseeds_germ	Yommi tree seeds	yes	yes	-1	0	1	0	no	no	
737	snakeweed_sol	Snakeweed mixture	no	yes	-1	0	25	0	no	no	
738	ardrigal_sol	Ardrigal mixture	no	yes	-1	0	25	0	no	no	
739	bravery_pot	Bravery potion	no	yes	-1	0	25	0	no	no	
740	viyeldihat	Blue hat	no	yes	-1	0	453	0	no	no	
741	heartcrystal_sectiona	Chunk of crystal	no	yes	-1	0	50	0	no	no	
742	heartcrystal_sectionb	Hunk of crystal	no	yes	-1	0	50	0	no	no	
743	heartcrystal_sectionc	Lump of crystal	no	yes	-1	0	50	0	no	no	
744	heartcrystal	Heart crystal	no	yes	-1	0	150	0	no	no	
745	heartcrystal_glow	Heart crystal	no	yes	-1	0	150	0	no	no	
746	deathdagger	Black dagger	no	yes	-1	0	453	0	no	no	
747	deathdaggerdone	Glowing dagger	no	yes	-1	0	453	0	no	no	
748	holyforce	Holy force	no	yes	-1	0	20	0	no	no	
749	thtotempole	Yommi totem	no	yes	-1	0	3000	0	no	no	
750	thtotempolegift	Gilded totem	no	yes	-1	0	3000	0	no	no	
751	ball_gnomeball_game	Gnomeball	no	yes	-1	0	500	0	no	yes	
752	cert_ball_gnomeball_game	Gnomeball	yes	yes	799	0	0	0	no	yes	
753	cadavaberries	Cadava berries	no	no	-1	0	7	0	no	yes	
754	cert_cadavaberries	Cadava berries	yes	no	799	0	0	0	no	yes	
755	julietmessage	Message	no	no	-1	0	20	0	no	no	
756	cadava	Cadava potion	no	no	-1	0	25	0	no	no	
757	the_shield_of_arrav	Book	no	no	-1	0	200	0	no	no	
758	phoenixkey1	Key	no	no	-1	0	10	0	no	no	
759	phoenixkey2	Key	no	no	-1	0	10	0	no	yes	
760	cert_phoenixkey2	Key	yes	no	799	0	0	0	no	yes	
761	intelligence_report	Scroll	no	no	-1	0	20	0	no	yes	
762	cert_intelligence_report	Scroll	yes	no	799	0	0	0	no	yes	
763	arravshield1	Broken shield	no	no	-1	0	2721	0	no	yes	
764	cert_arravshield1	Broken shield	yes	no	799	0	0	0	no	yes	
765	arravshield2	Broken shield	no	no	-1	0	2721	0	no	yes	
766	cert_arravshield2	Broken shield	yes	no	799	0	0	0	no	yes	
767	phoenix_crossbow	Phoenix crossbow	no	no	-1	0	3628	0	no	yes	
768	cert_phoenix_crossbow	Phoenix crossbow	yes	no	799	0	0	0	no	yes	
769	arravcertificate	Certificate	no	no	-1	0	20	0	no	yes	
770	cert_arravcertificate	Certificate	yes	no	799	0	0	0	no	yes	
771	dramen_branch	Dramen branch	no	yes	-1	0	2267	0	no	no	
772	dramen_staff	Dramen staff	no	yes	-1	0	1814	0	no	no	
773	perfect_ruby_ring	'perfect' ring	no	yes	-1	0	7	0	no	no	
774	perfect_ruby_necklace	'perfect' necklace	no	yes	-1	0	10	0	no	no	
775	gauntlets_of_cooking	Cooking gauntlets	no	yes	-1	0	226	0	no	no	
776	gauntlets_of_goldsmithing	Goldsmith gauntlet	no	yes	-1	0	226	0	no	no	
777	gauntlets_of_chaos	Chaos gauntlets	no	yes	-1	0	226	0	no	no	
778	steel_gauntlets	Steel gauntlets	no	yes	-1	0	226	0	no	no	
779	avan_crest	Crest part	no	yes	-1	0	1814	0	no	no	
780	caleb_crest	Crest part	no	yes	-1	0	1360	0	no	no	
781	johnathon_crest	Crest part	no	yes	-1	0	1360	0	no	no	
782	family_crest	Family crest	no	yes	-1	0	4535	0	no	no	
783	grandtree_barksample	Bark sample	no	yes	-1	0	15	0	no	no	
784	grandtree_translationbook	Translation book	no	yes	-1	0	510	0	no	no	
785	grandtree_journal	Glough's journal	no	yes	-1	0	510	0	no	no	
786	grandtree_scroll	Hazelmere's scroll	no	yes	-1	0	20	0	no	no	
787	grandtree_order	Lumber order	no	yes	-1	0	20	0	no	no	
788	grandtree_gloughskey	Glough's key	no	yes	-1	0	10	0	no	no	
789	grandtree_twigt	Twigs	no	yes	-1	0	20	0	no	no	
790	grandtree_twigu	Twigs	no	yes	-1	0	20	0	no	no	
791	grandtree_twigz	Twigs	no	yes	-1	0	20	0	no	no	
792	grandtree_twigo	Twigs	no	yes	-1	0	20	0	no	no	
793	grandtree_daconiarock	Daconia rock	no	yes	-1	0	907	0	no	no	
794	grandtree_invasionplans	Invasion plans	no	yes	-1	0	20	0	no	no	
795	grandtree_warship	War ship	no	yes	-1	0	400	0	no	no	
796	explodingvial	Explodingvial	no	no	-1	1	25	0	no	no	
797	herbbowl	Herbbowl	no	no	-1	1	453	0	no	no	
798	grinder	Grinder	no	no	-1	1	453	0	no	no	
799	template_for_cert	Template for cert	yes	no	-1	2	0	0	no	no	
800	bronze_thrownaxe	Bronze thrownaxe	yes	yes	-1	0	1360	0	no	yes	
801	iron_thrownaxe	Iron thrownaxe	yes	yes	-1	0	1360	0	no	yes	
802	steel_thrownaxe	Steel thrownaxe	yes	yes	-1	0	1360	0	no	yes	
803	mithril_thrownaxe	Mithril thrownaxe	yes	yes	-1	0	1133	0	no	yes	
804	adamnt_thrownaxe	Adamnt thrownaxe	yes	yes	-1	0	1304	0	no	yes	
805	rune_thrownaxe	Rune thrownaxe	yes	yes	-1	0	1360	0	no	yes	
806	bronze_dart	Bronze dart	yes	yes	-1	0	10	0	no	yes	
807	iron_dart	Iron dart	yes	yes	-1	0	10	0	no	yes	
808	steel_dart	Steel dart	yes	yes	-1	0	10	0	no	yes	
809	mithril_dart	Mithril dart	yes	yes	-1	0	8	0	no	yes	
810	adamant_dart	Adamant dart	yes	yes	-1	0	12	0	no	yes	
811	rune_dart	Rune dart	yes	yes	-1	0	10	0	no	yes	
812	bronze_dart_p	Bronze dart(p)	yes	yes	-1	0	10	0	no	yes	
813	iron_dart_p	Iron dart(p)	yes	yes	-1	0	10	0	no	yes	
814	steel_dart_p	Steel dart(p)	yes	yes	-1	0	10	0	no	yes	
815	mithril_dart_p	Mithril dart(p)	yes	yes	-1	0	8	0	no	yes	
816	adamant_dart_p	Adamant dart(p)	yes	yes	-1	0	12	0	no	yes	
817	rune_dart_p	Rune dart(p)	yes	yes	-1	0	10	0	no	yes	
818	dart_poisoned_p	Poisoned dart(p)	yes	yes	-1	0	10	0	no	no	
819	bronze_dart_tip	Bronze dart tip	yes	yes	-1	0	8	0	no	yes	
820	iron_dart_tip	Iron dart tip	yes	yes	-1	0	8	0	no	yes	
821	steel_dart_tip	Steel dart tip	yes	yes	-1	0	8	0	no	yes	
822	mithril_dart_tip	Mithril dart tip	yes	yes	-1	0	6	0	no	yes	
823	adamant_dart_tip	Adamant dart tip	yes	yes	-1	0	10	0	no	yes	
824	rune_dart_tip	Rune dart tip	yes	yes	-1	0	8	0	no	yes	
825	bronze_javelin	Bronze javelin	yes	yes	-1	0	0	0	no	yes	
826	iron_javelin	Iron javelin	yes	yes	-1	0	0	0	no	yes	
827	steel_javelin	Steel javelin	yes	yes	-1	0	0	0	no	yes	
828	mithril_javelin	Mithril javelin	yes	yes	-1	0	0	0	no	yes	
829	adamant_javelin	Adamant javelin	yes	yes	-1	0	0	0	no	yes	
830	rune_javelin	Rune javelin	yes	yes	-1	0	0	0	no	yes	
831	bronze_javelin_p	Bronze javelin(p)	yes	yes	-1	0	0	0	no	yes	
832	iron_javelin_p	Iron javelin(p)	yes	yes	-1	0	0	0	no	yes	
833	steel_javelin_p	Steel javelin(p)	yes	yes	-1	0	0	0	no	yes	
834	mithril_javelin_p	Mithril javelin(p)	yes	yes	-1	0	0	0	no	yes	
835	adamant_javelin_p	Adamant javelin(p)	yes	yes	-1	0	0	0	no	yes	
836	rune_javelin_p	Rune javelin(p)	yes	yes	-1	0	0	0	no	yes	
837	crossbow	Crossbow	no	no	-1	0	8000	0	no	yes	
838	cert_crossbow	Crossbow	yes	no	799	0	0	0	no	yes	
839	longbow	Longbow	no	no	-1	0	1814	0	no	yes	
840	cert_longbow	Longbow	yes	no	799	0	0	0	no	yes	
841	shortbow	Shortbow	no	no	-1	0	1360	0	no	yes	
842	cert_shortbow	Shortbow	yes	no	799	0	0	0	no	yes	
843	oak_shortbow	Oak shortbow	no	no	-1	0	1814	0	no	yes	
844	cert_oak_shortbow	Oak shortbow	yes	no	799	0	0	0	no	yes	
845	oak_longbow	Oak longbow	no	no	-1	0	2267	0	no	yes	
846	cert_oak_longbow	Oak longbow	yes	no	799	0	0	0	no	yes	
847	willow_longbow	Willow longbow	no	yes	-1	0	1814	0	no	yes	
848	cert_willow_longbow	Willow longbow	yes	yes	799	0	0	0	no	yes	
849	willow_shortbow	Willow shortbow	no	yes	-1	0	1360	0	no	yes	
850	cert_willow_shortbow	Willow shortbow	yes	yes	799	0	0	0	no	yes	
851	maple_longbow	Maple longbow	no	yes	-1	0	1814	0	no	yes	
852	cert_maple_longbow	Maple longbow	yes	yes	799	0	0	0	no	yes	
853	maple_shortbow	Maple shortbow	no	yes	-1	0	1360	0	no	yes	
854	cert_maple_shortbow	Maple shortbow	yes	yes	799	0	0	0	no	yes	
855	yew_longbow	Yew longbow	no	yes	-1	0	1814	0	no	yes	
856	cert_yew_longbow	Yew longbow	yes	yes	799	0	0	0	no	yes	
857	yew_shortbow	Yew shortbow	no	yes	-1	0	1360	0	no	yes	
858	cert_yew_shortbow	Yew shortbow	yes	yes	799	0	0	0	no	yes	
859	magic_longbow	Magic longbow	no	yes	-1	0	1814	0	no	yes	
860	cert_magic_longbow	Magic longbow	yes	yes	799	0	0	0	no	yes	
861	magic_shortbow	Magic shortbow	no	yes	-1	0	1360	0	no	yes	
862	cert_magic_shortbow	Magic shortbow	yes	yes	799	0	0	0	no	yes	
863	iron_knife	Iron knife	yes	yes	-1	0	340	0	no	yes	
864	bronze_knife	Bronze knife	yes	yes	-1	0	340	0	no	yes	
865	steel_knife	Steel knife	yes	yes	-1	0	340	0	no	yes	
866	mithril_knife	Mithril knife	yes	yes	-1	0	283	0	no	yes	
867	adamant_knife	Adamant knife	yes	yes	-1	0	396	0	no	yes	
868	rune_knife	Rune knife	yes	yes	-1	0	340	0	no	yes	
869	black_knife	Black knife	yes	yes	-1	0	340	0	no	yes	
870	bronze_knife_p	Bronze knife(p)	yes	yes	-1	0	340	0	no	yes	
871	iron_knife_p	Iron knife(p)	yes	yes	-1	0	340	0	no	yes	
872	steel_knife_p	Steel knife(p)	yes	yes	-1	0	340	0	no	yes	
873	mithril_knife_p	Mithril knife(p)	yes	yes	-1	0	283	0	no	yes	
874	black_knife_p	Black knife(p)	yes	yes	-1	0	340	0	no	yes	
875	adamant_knife_p	Adamant knife(p)	yes	yes	-1	0	396	0	no	yes	
876	rune_knife_p	Rune knife(p)	yes	yes	-1	0	340	0	no	yes	
877	bolt	Bolts	yes	no	-1	0	18	0	no	yes	
878	poison_bolt	Bolts(p)	yes	yes	-1	0	18	0	no	yes	
879	opal_bolt	Opal bolts	yes	yes	-1	0	18	0	no	yes	
880	pearl_bolt	Pearl bolts	yes	yes	-1	0	18	0	no	yes	
881	barbed_bolt	Barbed bolts	yes	yes	-1	0	18	0	no	yes	
882	bronze_arrow	Bronze arrow	yes	no	-1	0	16	0	no	yes	
883	bronze_arrow_p	Bronze arrow(p)	yes	yes	-1	0	16	0	no	yes	
884	iron_arrow	Iron arrow	yes	no	-1	0	16	0	no	yes	
885	iron_arrow_p	Iron arrow(p)	yes	yes	-1	0	16	0	no	yes	
886	steel_arrow	Steel arrow	yes	no	-1	0	16	0	no	yes	
887	steel_arrow_p	Steel arrow(p)	yes	yes	-1	0	16	0	no	yes	
888	mithril_arrow	Mithril arrow	yes	yes	-1	0	14	0	no	yes	
889	mithril_arrow_p	Mithril arrow(p)	yes	yes	-1	0	14	0	no	yes	
890	adamant_arrow	Adamant arrow	yes	yes	-1	0	18	0	no	yes	
891	adamant_arrow_p	Adamant arrow(p)	yes	yes	-1	0	18	0	no	yes	
892	rune_arrow	Rune arrow	yes	yes	-1	0	16	0	no	yes	
893	rune_arrow_p	Rune arrow(p)	yes	yes	-1	0	16	0	no	yes	
894	bronze_arrow_4	Bronze arrow 4	yes	no	-1	2	0	0	no	no	
895	bronze_arrow_3	Bronze arrow 3	yes	no	-1	2	0	0	no	no	
896	bronze_arrow_2	Bronze arrow 2	yes	no	-1	2	0	0	no	no	
897	bronze_arrow_5	Bronze arrow 5	yes	no	-1	2	0	0	no	no	
898	bronze_arrow_p_4	Bronze arrow p 4	yes	no	-1	2	0	0	no	no	
899	bronze_arrow_p_3	Bronze arrow p 3	yes	no	-1	2	0	0	no	no	
900	bronze_arrow_p_2	Bronze arrow p 2	yes	no	-1	2	0	0	no	no	
901	bronze_arrow_p_5	Bronze arrow p 5	yes	no	-1	2	0	0	no	no	
902	iron_arrow_4	Iron arrow 4	yes	no	-1	2	0	0	no	no	
903	iron_arrow_3	Iron arrow 3	yes	no	-1	2	0	0	no	no	
904	iron_arrow_2	Iron arrow 2	yes	no	-1	2	0	0	no	no	
905	iron_arrow_5	Iron arrow 5	yes	no	-1	2	0	0	no	no	
906	iron_arrow_p_4	Iron arrow p 4	yes	no	-1	2	0	0	no	no	
907	iron_arrow_p_3	Iron arrow p 3	yes	no	-1	2	0	0	no	no	
908	iron_arrow_p_2	Iron arrow p 2	yes	no	-1	2	0	0	no	no	
909	iron_arrow_p_5	Iron arrow p 5	yes	no	-1	2	0	0	no	no	
910	steel_arrow_4	Steel arrow 4	yes	no	-1	2	0	0	no	no	
911	steel_arrow_3	Steel arrow 3	yes	no	-1	2	0	0	no	no	
912	steel_arrow_2	Steel arrow 2	yes	no	-1	2	0	0	no	no	
913	steel_arrow_5	Steel arrow 5	yes	no	-1	2	0	0	no	no	
914	steel_arrow_p_4	Steel arrow p 4	yes	no	-1	2	0	0	no	no	
915	steel_arrow_p_3	Steel arrow p 3	yes	no	-1	2	0	0	no	no	
916	steel_arrow_p_2	Steel arrow p 2	yes	no	-1	2	0	0	no	no	
917	steel_arrow_p_5	Steel arrow p 5	yes	no	-1	2	0	0	no	no	
918	mithril_arrow_4	Mithril arrow 4	yes	no	-1	2	0	0	no	no	
919	mithril_arrow_3	Mithril arrow 3	yes	no	-1	2	0	0	no	no	
920	mithril_arrow_2	Mithril arrow 2	yes	no	-1	2	0	0	no	no	
921	mithril_arrow_5	Mithril arrow 5	yes	no	-1	2	0	0	no	no	
922	mithril_arrow_p_4	Mithril arrow p 4	yes	no	-1	2	0	0	no	no	
923	mithril_arrow_p_3	Mithril arrow p 3	yes	no	-1	2	0	0	no	no	
924	mithril_arrow_p_2	Mithril arrow p 2	yes	no	-1	2	0	0	no	no	
925	mithril_arrow_p_5	Mithril arrow p 5	yes	no	-1	2	0	0	no	no	
926	adamant_arrow_4	Adamant arrow 4	yes	no	-1	2	0	0	no	no	
927	adamant_arrow_3	Adamant arrow 3	yes	no	-1	2	0	0	no	no	
928	adamant_arrow_2	Adamant arrow 2	yes	no	-1	2	0	0	no	no	
929	adamant_arrow_5	Adamant arrow 5	yes	no	-1	2	0	0	no	no	
930	adamant_arrow_p_4	Adamant arrow p 4	yes	no	-1	2	0	0	no	no	
931	adamant_arrow_p_3	Adamant arrow p 3	yes	no	-1	2	0	0	no	no	
932	adamant_arrow_p_2	Adamant arrow p 2	yes	no	-1	2	0	0	no	no	
933	adamant_arrow_p_5	Adamant arrow p 5	yes	no	-1	2	0	0	no	no	
934	rune_arrow_4	Rune arrow 4	yes	no	-1	2	0	0	no	no	
935	rune_arrow_3	Rune arrow 3	yes	no	-1	2	0	0	no	no	
936	rune_arrow_2	Rune arrow 2	yes	no	-1	2	0	0	no	no	
937	rune_arrow_5	Rune arrow 5	yes	no	-1	2	0	0	no	no	
938	rune_arrow_p_4	Rune arrow p 4	yes	no	-1	2	0	0	no	no	
939	rune_arrow_p_3	Rune arrow p 3	yes	no	-1	2	0	0	no	no	
940	rune_arrow_p_2	Rune arrow p 2	yes	no	-1	2	0	0	no	no	
941	rune_arrow_p_5	Rune arrow p 5	yes	no	-1	2	0	0	no	no	
942	litarrow	Lit arrows	yes	yes	-1	0	16	0	no	yes	
943	worm	Worm	no	yes	-1	0	3	0	no	yes	
944	cert_worm	Worm	yes	yes	799	0	0	0	no	yes	
945	throwingrope	Throwingrope	no	no	-1	1	907	0	no	no	
946	knife	Knife	no	no	-1	0	453	0	no	yes	
947	cert_knife	Knife	yes	no	799	0	0	0	no	yes	
948	fur	Fur	no	no	-1	0	3000	0	no	yes	
949	cert_fur	Fur	yes	no	799	0	0	0	no	yes	
950	silk	Silk	no	no	-1	0	1000	0	no	yes	
951	cert_silk	Silk	yes	no	799	0	0	0	no	yes	
952	spade	Spade	no	no	-1	0	1814	0	no	yes	
953	cert_spade	Spade	yes	no	799	0	0	0	no	yes	
954	rope	Rope	no	no	-1	0	1360	0	no	yes	
955	cert_rope	Rope	yes	no	799	0	0	0	no	yes	
956	flier	Flier	no	no	-1	0	15	0	no	yes	
957	cert_flier	Flier	yes	no	799	0	0	0	no	yes	
958	grey_wolf_fur	Grey wolf fur	no	yes	-1	0	3000	0	no	yes	
959	cert_grey_wolf_fur	Grey wolf fur	yes	yes	799	0	0	0	no	yes	
960	woodplank	Plank	no	no	-1	0	800	0	no	yes	
961	cert_woodplank	Plank	yes	no	799	0	0	0	no	yes	
962	christmas_cracker	Christmas cracker	no	no	-1	0	200	0	no	yes	
963	cert_christmas_cracker	Christmas cracker	yes	no	799	0	0	0	no	yes	
964	skull	Skull	no	no	-1	0	80	0	no	yes	
965	cert_skull	Skull	yes	no	799	0	0	0	no	yes	
966	rooftile	Tile	no	no	-1	0	70	0	no	yes	
967	cert_rooftile	Tile	yes	no	799	0	0	0	no	yes	
968	rock	Rock	no	no	-1	0	1000	0	no	yes	
969	cert_rock	Rock	yes	no	799	0	0	0	no	yes	
970	papyrus	Papyrus	no	yes	-1	0	20	0	no	yes	
971	cert_papyrus	Papyrus	yes	yes	799	0	0	0	no	yes	
972	papyrus_used	Papyrus	no	yes	-1	0	20	0	no	no	
973	charcoal	Charcoal	no	no	-1	0	5	0	no	yes	
974	cert_charcoal	Charcoal	yes	no	799	0	0	0	no	yes	
975	machette	Machete	no	yes	-1	0	1360	0	no	yes	
976	cert_machette	Machete	yes	yes	799	0	0	0	no	yes	
977	cooking_pot	Cooking pot	no	no	-1	0	1	0	no	yes	
978	cert_cooking_pot	Cooking pot	yes	no	799	0	0	0	no	yes	
979	highwayman_mask	Highwayman mask	no	no	-1	0	0	0	no	yes	
980	cert_highwayman_mask	Highwayman mask	yes	no	799	0	0	0	no	yes	
981	discofreturning	Disk of returning	no	no	-1	0	453	0	no	yes	
982	cert_discofreturning	Disk of returning	yes	no	799	0	0	0	no	yes	
983	edgevilledungeonkey	Brass key	no	no	-1	0	10	0	no	yes	
984	cert_edgevilledungeonkey	Brass key	yes	no	799	0	0	0	no	yes	
985	keyhalf1	Half of a key	no	yes	-1	0	5	0	no	yes	
986	cert_keyhalf1	Half of a key	yes	yes	799	0	0	0	no	yes	
987	keyhalf2	Half of a key	no	yes	-1	0	5	0	no	yes	
988	cert_keyhalf2	Half of a key	yes	yes	799	0	0	0	no	yes	
989	crystal_key	Crystal key	no	yes	-1	0	10	0	no	yes	
990	cert_crystal_key	Crystal key	yes	yes	799	0	0	0	no	yes	
991	muddy_key	Muddy key	no	no	-1	0	10	0	no	yes	
992	cert_muddy_key	Muddy key	yes	no	799	0	0	0	no	yes	
993	sinister_key	Sinister key	no	yes	-1	0	10	0	no	yes	
994	cert_sinister_key	Sinister key	yes	yes	799	0	0	0	no	yes	
995	coins	Coins	yes	no	-1	0	2	0	no	yes	
996	coins_2	Coins 2	yes	no	-1	2	0	0	no	no	
997	coins_3	Coins 3	yes	no	-1	2	0	0	no	no	
998	coins_4	Coins 4	yes	no	-1	2	0	0	no	no	
999	coins_5	Coins 5	yes	no	-1	2	0	0	no	no	
1000	coins_25	Coins 25	yes	no	-1	2	0	0	no	no	
1001	coins_100	Coins 100	yes	no	-1	2	0	0	no	no	
1002	coins_250	Coins 250	yes	no	-1	2	0	0	no	no	
1003	coins_1000	Coins 1000	yes	no	-1	2	0	0	no	no	
1004	coins_10000	Coins 10000	yes	no	-1	2	0	0	no	no	
1005	white_apron	White apron	no	no	-1	0	453	0	no	yes	
1006	cert_white_apron	White apron	yes	no	799	0	0	0	no	yes	
1007	red_cape	Cape	no	no	-1	0	453	0	no	yes	
1008	cert_red_cape	Cape	yes	no	799	0	0	0	no	yes	
1009	brass_necklace	Brass necklace	no	no	-1	0	10	0	no	yes	
1010	cert_brass_necklace	Brass necklace	yes	no	799	0	0	0	no	yes	
1011	blue_skirt	Blue skirt	no	no	-1	0	907	0	no	yes	
1012	cert_blue_skirt	Blue skirt	yes	no	799	0	0	0	no	yes	
1013	pink_skirt	Pink skirt	no	no	-1	0	907	0	no	yes	
1014	cert_pink_skirt	Pink skirt	yes	no	799	0	0	0	no	yes	
1015	black_skirt	Black skirt	no	no	-1	0	907	0	no	yes	
1016	cert_black_skirt	Black skirt	yes	no	799	0	0	0	no	yes	
1017	blackwizhat	Wizards hat	no	no	-1	0	453	0	no	yes	
1018	cert_blackwizhat	Wizards hat	yes	no	799	0	0	0	no	yes	
1019	black_cape	Cape	no	no	-1	0	453	0	no	yes	
1020	cert_black_cape	Cape	yes	no	799	0	0	0	no	yes	
1021	blue_cape	Cape	no	no	-1	0	453	0	no	yes	
1022	cert_blue_cape	Cape	yes	no	799	0	0	0	no	yes	
1023	yellow_cape	Cape	no	no	-1	0	453	0	no	yes	
1024	cert_yellow_cape	Cape	yes	no	799	0	0	0	no	yes	
1025	eye_patch	Eye patch	no	yes	-1	0	6	0	no	yes	
1026	cert_eye_patch	Eye patch	yes	yes	799	0	0	0	no	yes	
1027	green_cape	Cape	no	no	-1	0	453	0	no	yes	
1028	cert_green_cape	Cape	yes	no	799	0	0	0	no	yes	
1029	purple_cape	Cape	no	no	-1	0	453	0	no	yes	
1030	cert_purple_cape	Cape	yes	no	799	0	0	0	no	yes	
1031	orange_cape	Cape	no	no	-1	0	453	0	no	yes	
1032	cert_orange_cape	Cape	yes	no	799	0	0	0	no	yes	
1033	zamrobebottom	Robe of zamorak	no	yes	-1	0	907	0	no	yes	
1034	cert_zamrobebottom	Robe of zamorak	yes	yes	799	0	0	0	no	yes	
1035	zamrobetop	Robe of zamorak	no	yes	-1	0	907	0	no	yes	
1036	cert_zamrobetop	Robe of zamorak	yes	yes	799	0	0	0	no	yes	
1037	bunnyears	Bunny ears	no	no	-1	0	226	0	no	no	
1038	red_partyhat	Red partyhat	no	no	-1	0	56	0	no	yes	
1039	cert_red_partyhat	Red partyhat	yes	no	799	0	0	0	no	yes	
1040	yellow_partyhat	Yellow partyhat	no	no	-1	0	56	0	no	yes	
1041	cert_yellow_partyhat	Yellow partyhat	yes	no	799	0	0	0	no	yes	
1042	blue_partyhat	Blue partyhat	no	no	-1	0	56	0	no	yes	
1043	cert_blue_partyhat	Blue partyhat	yes	no	799	0	0	0	no	yes	
1044	green_partyhat	Green partyhat	no	no	-1	0	56	0	no	yes	
1045	cert_green_partyhat	Green partyhat	yes	no	799	0	0	0	no	yes	
1046	purple_partyhat	Purple partyhat	no	no	-1	0	56	0	no	yes	
1047	cert_purple_partyhat	Purple partyhat	yes	no	799	0	0	0	no	yes	
1048	white_partyhat	White partyhat	no	no	-1	0	56	0	no	yes	
1049	cert_white_partyhat	White partyhat	yes	no	799	0	0	0	no	yes	
1050	santa_hat	Santa hat	no	no	-1	0	113	0	no	yes	
1051	cert_santa_hat	Santa hat	yes	no	799	0	0	0	no	yes	
1052	cape_of_legends	Cape of legends	no	yes	-1	0	1814	0	no	no	
1053	halloweenmask_green	Halloween mask	no	no	-1	0	340	0	no	yes	
1054	cert_halloweenmask_green	Halloween mask	yes	no	799	0	0	0	no	yes	
1055	halloweenmask_blue	Halloween mask	no	no	-1	0	340	0	no	yes	
1056	cert_halloweenmask_blue	Halloween mask	yes	no	799	0	0	0	no	yes	
1057	halloweenmask_red	Halloween mask	no	no	-1	0	340	0	no	yes	
1058	cert_halloweenmask_red	Halloween mask	yes	no	799	0	0	0	no	yes	
1059	leather_gloves	Leather gloves	no	no	-1	0	226	0	no	yes	
1060	cert_leather_gloves	Leather gloves	yes	no	799	0	0	0	no	yes	
1061	leather_boots	Leather boots	no	no	-1	0	340	0	no	yes	
1062	cert_leather_boots	Leather boots	yes	no	799	0	0	0	no	yes	
1063	leather_vambraces	Leather vambraces	no	no	-1	0	226	0	no	yes	
1064	cert_leather_vambraces	Leather vambraces	yes	no	799	0	0	0	no	yes	
1065	dragon_vambraces	Dragon vambraces	no	no	-1	0	283	0	no	yes	
1066	cert_dragon_vambraces	Dragon vambraces	yes	no	799	0	0	0	no	yes	
1067	iron_platelegs	Iron platelegs	no	no	-1	0	9071	0	no	yes	
1068	cert_iron_platelegs	Iron platelegs	yes	no	799	0	0	0	no	yes	
1069	steel_platelegs	Steel platelegs	no	no	-1	0	9071	0	no	yes	
1070	cert_steel_platelegs	Steel platelegs	yes	no	799	0	0	0	no	yes	
1071	mithril_platelegs	Mithril platelegs	no	no	-1	0	7711	0	no	yes	
1072	cert_mithril_platelegs	Mithril platelegs	yes	no	799	0	0	0	no	yes	
1073	adamant_platelegs	Adamant platelegs	no	no	-1	0	10432	0	no	yes	
1074	cert_adamant_platelegs	Adamant platelegs	yes	no	799	0	0	0	no	yes	
1075	bronze_platelegs	Bronze platelegs	no	no	-1	0	9071	0	no	yes	
1076	cert_bronze_platelegs	Bronze platelegs	yes	no	799	0	0	0	no	yes	
1077	black_platelegs	Black platelegs	no	no	-1	0	9071	0	no	yes	
1078	cert_black_platelegs	Black platelegs	yes	no	799	0	0	0	no	yes	
1079	rune_platelegs	Rune platelegs	no	no	-1	0	9071	0	no	yes	
1080	cert_rune_platelegs	Rune platelegs	yes	no	799	0	0	0	no	yes	
1081	iron_plateskirt	Iron plateskirt	no	no	-1	0	8164	0	no	yes	
1082	cert_iron_plateskirt	Iron plateskirt	yes	no	799	0	0	0	no	yes	
1083	steel_plateskirt	Steel plateskirt	no	no	-1	0	8164	0	no	yes	
1084	cert_steel_plateskirt	Steel plateskirt	yes	no	799	0	0	0	no	yes	
1085	mithril_plateskirt	Mithril plateskirt	no	no	-1	0	7257	0	no	yes	
1086	cert_mithril_plateskirt	Mithril plateskirt	yes	no	799	0	0	0	no	yes	
1087	bronze_plateskirt	Bronze plateskirt	no	no	-1	0	8164	0	no	yes	
1088	cert_bronze_plateskirt	Bronze plateskirt	yes	no	799	0	0	0	no	yes	
1089	black_plateskirt	Black plateskirt	no	no	-1	0	8164	0	no	yes	
1090	cert_black_plateskirt	Black plateskirt	yes	no	799	0	0	0	no	yes	
1091	adamant_plateskirt	Adamant plateskirt	no	no	-1	0	9071	0	no	yes	
1092	cert_adamant_plateskirt	Adamant plateskirt	yes	no	799	0	0	0	no	yes	
1093	rune_plateskirt	Rune plateskirt	no	no	-1	0	8164	0	no	yes	
1094	cert_rune_plateskirt	Rune plateskirt	yes	no	799	0	0	0	no	yes	
1095	leather_chaps	Leather chaps	no	no	-1	0	2721	0	no	yes	
1096	cert_leather_chaps	Leather chaps	yes	no	799	0	0	0	no	yes	
1097	studded_chaps	Studded chaps	no	no	-1	0	4535	0	no	yes	
1098	cert_studded_chaps	Studded chaps	yes	no	799	0	0	0	no	yes	
1099	dragonhide_chaps	Dragonhide chaps	no	no	-1	0	5443	0	no	yes	
1100	cert_dragonhide_chaps	Dragonhide chaps	yes	no	799	0	0	0	no	yes	
1101	iron_chainbody	Iron chainbody	no	no	-1	0	6803	0	no	yes	
1102	cert_iron_chainbody	Iron chainbody	yes	no	799	0	0	0	no	yes	
1103	bronze_chainbody	Bronze chainbody	no	no	-1	0	6803	0	no	yes	
1104	cert_bronze_chainbody	Bronze chainbody	yes	no	799	0	0	0	no	yes	
1105	steel_chainbody	Steel chainbody	no	no	-1	0	6803	0	no	yes	
1106	cert_steel_chainbody	Steel chainbody	yes	no	799	0	0	0	no	yes	
1107	black_chainbody	Black chainbody	no	no	-1	0	6803	0	no	yes	
1108	cert_black_chainbody	Black chainbody	yes	no	799	0	0	0	no	yes	
1109	mithril_chainbody	Mithril chainbody	no	no	-1	0	5896	0	no	yes	
1110	cert_mithril_chainbody	Mithril chainbody	yes	no	799	0	0	0	no	yes	
1111	adamant_chainbody	Adamant chainbody	no	no	-1	0	7711	0	no	yes	
1112	cert_adamant_chainbody	Adamant chainbody	yes	no	799	0	0	0	no	yes	
1113	rune_chainbody	Rune chainbody	no	no	-1	0	6803	0	no	yes	
1114	cert_rune_chainbody	Rune chainbody	yes	no	799	0	0	0	no	yes	
1115	iron_platebody	Iron platebody	no	no	-1	0	9979	0	no	yes	
1116	cert_iron_platebody	Iron platebody	yes	no	799	0	0	0	no	yes	
1117	bronze_platebody	Bronze platebody	no	no	-1	0	9979	0	no	yes	
1118	cert_bronze_platebody	Bronze platebody	yes	no	799	0	0	0	no	yes	
1119	steel_platebody	Steel platebody	no	no	-1	0	9979	0	no	yes	
1120	cert_steel_platebody	Steel platebody	yes	no	799	0	0	0	no	yes	
1121	mithril_platebody	Mithril platebody	no	no	-1	0	8618	0	no	yes	
1122	cert_mithril_platebody	Mithril platebody	yes	no	799	0	0	0	no	yes	
1123	adamant_platebody	Adamant platebody	no	no	-1	0	11339	0	no	yes	
1124	cert_adamant_platebody	Adamant platebody	yes	no	799	0	0	0	no	yes	
1125	black_platebody	Black platebody	no	no	-1	0	9979	0	no	yes	
1126	cert_black_platebody	Black platebody	yes	no	799	0	0	0	no	yes	
1127	rune_platebody	Rune platebody	no	no	-1	0	9979	0	no	yes	
1128	cert_rune_platebody	Rune platebody	yes	no	799	0	0	0	no	yes	
1129	leather_armour	Leather body	no	no	-1	0	2721	0	no	yes	
1130	cert_leather_armour	Leather body	yes	no	799	0	0	0	no	yes	
1131	hardleather_body	Hardleather body	no	no	-1	0	3628	0	no	yes	
1132	cert_hardleather_body	Hardleather body	yes	no	799	0	0	0	no	yes	
1133	studded_body	Studded body	no	no	-1	0	5443	0	no	yes	
1134	cert_studded_body	Studded body	yes	no	799	0	0	0	no	yes	
1135	dragonhide_body	Dragonhide body	no	no	-1	0	6803	0	no	yes	
1136	cert_dragonhide_body	Dragonhide body	yes	no	799	0	0	0	no	yes	
1137	iron_med_helm	Iron med helm	no	no	-1	0	1814	0	no	yes	
1138	cert_iron_med_helm	Iron med helm	yes	no	799	0	0	0	no	yes	
1139	bronze_med_helm	Bronze med helm	no	no	-1	0	1814	0	no	yes	
1140	cert_bronze_med_helm	Bronze med helm	yes	no	799	0	0	0	no	yes	
1141	steel_med_helm	Steel med helm	no	no	-1	0	1814	0	no	yes	
1142	cert_steel_med_helm	Steel med helm	yes	no	799	0	0	0	no	yes	
1143	mithril_med_helm	Mithril med helm	no	no	-1	0	1360	0	no	yes	
1144	cert_mithril_med_helm	Mithril med helm	yes	no	799	0	0	0	no	yes	
1145	adamant_med_helm	Adamant med helm	no	no	-1	0	2267	0	no	yes	
1146	cert_adamant_med_helm	Adamant med helm	yes	no	799	0	0	0	no	yes	
1147	rune_med_helm	Rune med helm	no	no	-1	0	1814	0	no	yes	
1148	cert_rune_med_helm	Rune med helm	yes	no	799	0	0	0	no	yes	
1149	dragon_med_helm	Dragon med helm	no	yes	-1	0	1360	0	no	yes	
1150	cert_dragon_med_helm	Dragon med helm	yes	yes	799	0	0	0	no	yes	
1151	black_med_helm	Black med helm	no	no	-1	0	1814	0	no	yes	
1152	cert_black_med_helm	Black med helm	yes	no	799	0	0	0	no	yes	
1153	iron_full_helm	Iron full helm	no	no	-1	0	2721	0	no	yes	
1154	cert_iron_full_helm	Iron full helm	yes	no	799	0	0	0	no	yes	
1155	bronze_full_helm	Bronze full helm	no	no	-1	0	2721	0	no	yes	
1156	cert_bronze_full_helm	Bronze full helm	yes	no	799	0	0	0	no	yes	
1157	steel_full_helm	Steel full helm	no	no	-1	0	2721	0	no	yes	
1158	cert_steel_full_helm	Steel full helm	yes	no	799	0	0	0	no	yes	
1159	mithril_full_helm	Mithril full helm	no	no	-1	0	2267	0	no	yes	
1160	cert_mithril_full_helm	Mithril full helm	yes	no	799	0	0	0	no	yes	
1161	adamant_full_helm	Adamant full helm	no	no	-1	0	3175	0	no	yes	
1162	cert_adamant_full_helm	Adamant full helm	yes	no	799	0	0	0	no	yes	
1163	rune_full_helm	Rune full helm	no	no	-1	0	2721	0	no	yes	
1164	cert_rune_full_helm	Rune full helm	yes	no	799	0	0	0	no	yes	
1165	black_full_helm	Black full helm	no	no	-1	0	2721	0	no	yes	
1166	cert_black_full_helm	Black full helm	yes	no	799	0	0	0	no	yes	
1167	leather_cowl	Leather cowl	no	no	-1	0	907	0	no	yes	
1168	cert_leather_cowl	Leather cowl	yes	no	799	0	0	0	no	yes	
1169	coif	Coif	no	no	-1	0	907	0	no	yes	
1170	cert_coif	Coif	yes	no	799	0	0	0	no	yes	
1171	wooden_shield	Wooden shield	no	no	-1	0	2267	0	no	yes	
1172	cert_wooden_shield	Wooden shield	yes	no	799	0	0	0	no	yes	
1173	bronze_sq_shield	Bronze sq shield	no	no	-1	0	3628	0	no	yes	
1174	cert_bronze_sq_shield	Bronze sq shield	yes	no	799	0	0	0	no	yes	
1175	iron_sq_shield	Iron sq shield	no	no	-1	0	3628	0	no	yes	
1176	cert_iron_sq_shield	Iron sq shield	yes	no	799	0	0	0	no	yes	
1177	steel_sq_shield	Steel sq shield	no	no	-1	0	3628	0	no	yes	
1178	cert_steel_sq_shield	Steel sq shield	yes	no	799	0	0	0	no	yes	
1179	black_sq_shield	Black sq shield	no	no	-1	0	3628	0	no	yes	
1180	cert_black_sq_shield	Black sq shield	yes	no	799	0	0	0	no	yes	
1181	mithril_sq_shield	Mithril sq shield	no	no	-1	0	3175	0	no	yes	
1182	cert_mithril_sq_shield	Mithril sq shield	yes	no	799	0	0	0	no	yes	
1183	adamant_sq_shield	Adamant sq shield	no	no	-1	0	4082	0	no	yes	
1184	cert_adamant_sq_shield	Adamant sq shield	yes	no	799	0	0	0	no	yes	
1185	rune_sq_shield	Rune sq shield	no	no	-1	0	3628	0	no	yes	
1186	cert_rune_sq_shield	Rune sq shield	yes	no	799	0	0	0	no	yes	
1187	dragon_sq_shield	Dragon sq shield	no	yes	-1	0	3175	0	no	yes	
1188	cert_dragon_sq_shield	Dragon sq shield	yes	yes	799	0	0	0	no	yes	
1189	bronze_kiteshield	Bronze kiteshield	no	no	-1	0	5443	0	no	yes	
1190	cert_bronze_kiteshield	Bronze kiteshield	yes	no	799	0	0	0	no	yes	
1191	iron_kiteshield	Iron kiteshield	no	no	-1	0	5443	0	no	yes	
1192	cert_iron_kiteshield	Iron kiteshield	yes	no	799	0	0	0	no	yes	
1193	steel_kiteshield	Steel kiteshield	no	no	-1	0	5443	0	no	yes	
1194	cert_steel_kiteshield	Steel kiteshield	yes	no	799	0	0	0	no	yes	
1195	black_kiteshield	Black kiteshield	no	no	-1	0	5443	0	no	yes	
1196	cert_black_kiteshield	Black kiteshield	yes	no	799	0	0	0	no	yes	
1197	mithril_kiteshield	Mithril kiteshield	no	no	-1	0	4535	0	no	yes	
1198	cert_mithril_kiteshield	Mithril kiteshield	yes	no	799	0	0	0	no	yes	
1199	adamant_kiteshield	Adamant kiteshield	no	no	-1	0	5896	0	no	yes	
1200	cert_adamant_kiteshield	Adamant kiteshield	yes	no	799	0	0	0	no	yes	
1201	rune_kiteshield	Rune kiteshield	no	no	-1	0	5443	0	no	yes	
1202	cert_rune_kiteshield	Rune kiteshield	yes	no	799	0	0	0	no	yes	
1203	iron_dagger	Iron dagger	no	no	-1	0	453	0	no	yes	
1204	cert_iron_dagger	Iron dagger	yes	no	799	0	0	0	no	yes	
1205	bronze_dagger	Bronze dagger	no	no	-1	0	453	0	no	yes	
1206	cert_bronze_dagger	Bronze dagger	yes	no	799	0	0	0	no	yes	
1207	steel_dagger	Steel dagger	no	no	-1	0	453	0	no	yes	
1208	cert_steel_dagger	Steel dagger	yes	no	799	0	0	0	no	yes	
1209	mithril_dagger	Mithril dagger	no	no	-1	0	396	0	no	yes	
1210	cert_mithril_dagger	Mithril dagger	yes	no	799	0	0	0	no	yes	
1211	adamant_dagger	Adamant dagger	no	no	-1	0	510	0	no	yes	
1212	cert_adamant_dagger	Adamant dagger	yes	no	799	0	0	0	no	yes	
1213	rune_dagger	Rune dagger	no	no	-1	0	453	0	no	yes	
1214	cert_rune_dagger	Rune dagger	yes	no	799	0	0	0	no	yes	
1215	dragon_dagger	Dragon dagger	no	yes	-1	0	453	0	no	yes	
1216	cert_dragon_dagger	Dragon dagger	yes	yes	799	0	0	0	no	yes	
1217	black_dagger	Black dagger	no	no	-1	0	453	0	no	yes	
1218	cert_black_dagger	Black dagger	yes	no	799	0	0	0	no	yes	
1219	iron_dagger_p	Iron dagger(p)	no	yes	-1	0	453	0	no	yes	
1220	cert_iron_dagger_p	Iron dagger(p)	yes	yes	799	0	0	0	no	yes	
1221	bronze_dagger_p	Bronze dagger(p)	no	yes	-1	0	453	0	no	yes	
1222	cert_bronze_dagger_p	Bronze dagger(p)	yes	yes	799	0	0	0	no	yes	
1223	steel_dagger_p	Steel dagger(p)	no	yes	-1	0	453	0	no	yes	
1224	cert_steel_dagger_p	Steel dagger(p)	yes	yes	799	0	0	0	no	yes	
1225	mithril_dagger_p	Mithril dagger(p)	no	yes	-1	0	396	0	no	yes	
1226	cert_mithril_dagger_p	Mithril dagger(p)	yes	yes	799	0	0	0	no	yes	
1227	adamant_dagger_p	Adamant dagger(p)	no	yes	-1	0	510	0	no	yes	
1228	cert_adamant_dagger_p	Adamant dagger(p)	yes	yes	799	0	0	0	no	yes	
1229	rune_dagger_p	Rune dagger(p)	no	yes	-1	0	453	0	no	yes	
1230	cert_rune_dagger_p	Rune dagger(p)	yes	yes	799	0	0	0	no	yes	
1231	dragon_dagger_p	Dragon dagger(p)	no	yes	-1	0	453	0	no	yes	
1232	cert_dragon_dagger_p	Dragon dagger(p)	yes	yes	799	0	0	0	no	yes	
1233	black_dagger_p	Black dagger(p)	no	yes	-1	0	453	0	no	yes	
1234	cert_black_dagger_p	Black dagger(p)	yes	yes	799	0	0	0	no	yes	
1235	poisoned_dagger_p	Poisoned dagger(p)	no	yes	-1	0	453	0	no	yes	
1236	cert_poisoned_dagger_p	Poisoned dagger(p)	yes	yes	799	0	0	0	no	yes	
1237	bronze_spear	Bronze spear	no	yes	-1	0	2267	0	no	yes	
1238	cert_bronze_spear	Bronze spear	yes	yes	799	0	0	0	no	yes	
1239	iron_spear	Iron spear	no	yes	-1	0	2267	0	no	yes	
1240	cert_iron_spear	Iron spear	yes	yes	799	0	0	0	no	yes	
1241	steel_spear	Steel spear	no	yes	-1	0	2267	0	no	yes	
1242	cert_steel_spear	Steel spear	yes	yes	799	0	0	0	no	yes	
1243	mithril_spear	Mithril spear	no	yes	-1	0	1814	0	no	yes	
1244	cert_mithril_spear	Mithril spear	yes	yes	799	0	0	0	no	yes	
1245	adamant_spear	Adamant spear	no	yes	-1	0	2721	0	no	yes	
1246	cert_adamant_spear	Adamant spear	yes	yes	799	0	0	0	no	yes	
1247	rune_spear	Rune spear	no	yes	-1	0	2267	0	no	yes	
1248	cert_rune_spear	Rune spear	yes	yes	799	0	0	0	no	yes	
1249	dragon_spear	Dragon spear	no	yes	-1	0	2267	0	no	yes	
1250	cert_dragon_spear	Dragon spear	yes	yes	799	0	0	0	no	yes	
1251	bronze_spear_p	Bronze spear(p)	no	yes	-1	0	2267	0	no	yes	
1252	cert_bronze_spear_p	Bronze spear(p)	yes	yes	799	0	0	0	no	yes	
1253	iron_spear_p	Iron spear(p)	no	yes	-1	0	2267	0	no	yes	
1254	cert_iron_spear_p	Iron spear(p)	yes	yes	799	0	0	0	no	yes	
1255	steel_spear_p	Steel spear(p)	no	yes	-1	0	2267	0	no	yes	
1256	cert_steel_spear_p	Steel spear(p)	yes	yes	799	0	0	0	no	yes	
1257	mithril_spear_p	Mithril spear(p)	no	yes	-1	0	1814	0	no	yes	
1258	cert_mithril_spear_p	Mithril spear(p)	yes	yes	799	0	0	0	no	yes	
1259	adamant_spear_p	Adamant spear(p)	no	yes	-1	0	2721	0	no	yes	
1260	cert_adamant_spear_p	Adamant spear(p)	yes	yes	799	0	0	0	no	yes	
1261	rune_spear_p	Rune spear(p)	no	yes	-1	0	2267	0	no	yes	
1262	cert_rune_spear_p	Rune spear(p)	yes	yes	799	0	0	0	no	yes	
1263	dragon_spear_p	Dragon spear(p)	no	yes	-1	0	2267	0	no	yes	
1264	cert_dragon_spear_p	Dragon spear(p)	yes	yes	799	0	0	0	no	yes	
1265	bronze_pickaxe	Bronze pickaxe	no	no	-1	0	2267	0	no	yes	
1266	cert_bronze_pickaxe	Bronze pickaxe	yes	no	799	0	0	0	no	yes	
1267	iron_pickaxe	Iron pickaxe	no	no	-1	0	2267	0	no	yes	
1268	cert_iron_pickaxe	Iron pickaxe	yes	no	799	0	0	0	no	yes	
1269	steel_pickaxe	Steel pickaxe	no	no	-1	0	2267	0	no	yes	
1270	cert_steel_pickaxe	Steel pickaxe	yes	no	799	0	0	0	no	yes	
1271	adamant_pickaxe	Adamant pickaxe	no	no	-1	0	2721	0	no	yes	
1272	cert_adamant_pickaxe	Adamant pickaxe	yes	no	799	0	0	0	no	yes	
1273	mithril_pickaxe	Mithril pickaxe	no	no	-1	0	1814	0	no	yes	
1274	cert_mithril_pickaxe	Mithril pickaxe	yes	no	799	0	0	0	no	yes	
1275	rune_pickaxe	Rune pickaxe	no	no	-1	0	2267	0	no	yes	
1276	cert_rune_pickaxe	Rune pickaxe	yes	no	799	0	0	0	no	yes	
1277	bronze_sword	Bronze sword	no	no	-1	0	1814	0	no	yes	
1278	cert_bronze_sword	Bronze sword	yes	no	799	0	0	0	no	yes	
1279	iron_sword	Iron sword	no	no	-1	0	1814	0	no	yes	
1280	cert_iron_sword	Iron sword	yes	no	799	0	0	0	no	yes	
1281	steel_sword	Steel sword	no	no	-1	0	1814	0	no	yes	
1282	cert_steel_sword	Steel sword	yes	no	799	0	0	0	no	yes	
1283	black_sword	Black sword	no	no	-1	0	1814	0	no	yes	
1284	cert_black_sword	Black sword	yes	no	799	0	0	0	no	yes	
1285	mithril_sword	Mithril sword	no	no	-1	0	1587	0	no	yes	
1286	cert_mithril_sword	Mithril sword	yes	no	799	0	0	0	no	yes	
1287	adamant_sword	Adamant sword	no	no	-1	0	2041	0	no	yes	
1288	cert_adamant_sword	Adamant sword	yes	no	799	0	0	0	no	yes	
1289	rune_sword	Rune sword	no	no	-1	0	1814	0	no	yes	
1290	cert_rune_sword	Rune sword	yes	no	799	0	0	0	no	yes	
1291	bronze_longsword	Bronze longsword	no	no	-1	0	1814	0	no	yes	
1292	cert_bronze_longsword	Bronze longsword	yes	no	799	0	0	0	no	yes	
1293	iron_longsword	Iron longsword	no	no	-1	0	1814	0	no	yes	
1294	cert_iron_longsword	Iron longsword	yes	no	799	0	0	0	no	yes	
1295	steel_longsword	Steel longsword	no	no	-1	0	1814	0	no	yes	
1296	cert_steel_longsword	Steel longsword	yes	no	799	0	0	0	no	yes	
1297	black_longsword	Black longsword	no	no	-1	0	1814	0	no	yes	
1298	cert_black_longsword	Black longsword	yes	no	799	0	0	0	no	yes	
1299	mithril_longsword	Mithril longsword	no	no	-1	0	1587	0	no	yes	
1300	cert_mithril_longsword	Mithril longsword	yes	no	799	0	0	0	no	yes	
1301	adamant_longsword	Adamant longsword	no	no	-1	0	2041	0	no	yes	
1302	cert_adamant_longsword	Adamant longsword	yes	no	799	0	0	0	no	yes	
1303	rune_longsword	Rune longsword	no	no	-1	0	1814	0	no	yes	
1304	cert_rune_longsword	Rune longsword	yes	no	799	0	0	0	no	yes	
1305	dragon_longsword	Dragon longsword	no	yes	-1	0	1814	0	no	yes	
1306	cert_dragon_longsword	Dragon longsword	yes	yes	799	0	0	0	no	yes	
1307	bronze_2h_sword	Bronze 2h sword	no	no	-1	0	3628	0	no	yes	
1308	cert_bronze_2h_sword	Bronze 2h sword	yes	no	799	0	0	0	no	yes	
1309	iron_2h_sword	Iron 2h sword	no	no	-1	0	3628	0	no	yes	
1310	cert_iron_2h_sword	Iron 2h sword	yes	no	799	0	0	0	no	yes	
1311	steel_2h_sword	Steel 2h sword	no	no	-1	0	3628	0	no	yes	
1312	cert_steel_2h_sword	Steel 2h sword	yes	no	799	0	0	0	no	yes	
1313	black_2h_sword	Black 2h sword	no	no	-1	0	3628	0	no	yes	
1314	cert_black_2h_sword	Black 2h sword	yes	no	799	0	0	0	no	yes	
1315	mithril_2h_sword	Mithril 2h sword	no	no	-1	0	3175	0	no	yes	
1316	cert_mithril_2h_sword	Mithril 2h sword	yes	no	799	0	0	0	no	yes	
1317	adamant_2h_sword	Adamant 2h sword	no	no	-1	0	4082	0	no	yes	
1318	cert_adamant_2h_sword	Adamant 2h sword	yes	no	799	0	0	0	no	yes	
1319	rune_2h_sword	Rune 2h sword	no	no	-1	0	3628	0	no	yes	
1320	cert_rune_2h_sword	Rune 2h sword	yes	no	799	0	0	0	no	yes	
1321	bronze_scimitar	Bronze scimitar	no	no	-1	0	1814	0	no	yes	
1322	cert_bronze_scimitar	Bronze scimitar	yes	no	799	0	0	0	no	yes	
1323	iron_scimitar	Iron scimitar	no	no	-1	0	1814	0	no	yes	
1324	cert_iron_scimitar	Iron scimitar	yes	no	799	0	0	0	no	yes	
1325	steel_scimitar	Steel scimitar	no	no	-1	0	1814	0	no	yes	
1326	cert_steel_scimitar	Steel scimitar	yes	no	799	0	0	0	no	yes	
1327	black_scimitar	Black scimitar	no	no	-1	0	1814	0	no	yes	
1328	cert_black_scimitar	Black scimitar	yes	no	799	0	0	0	no	yes	
1329	mithril_scimitar	Mithril scimitar	no	no	-1	0	1587	0	no	yes	
1330	cert_mithril_scimitar	Mithril scimitar	yes	no	799	0	0	0	no	yes	
1331	adamant_scimitar	Adamant scimitar	no	no	-1	0	2041	0	no	yes	
1332	cert_adamant_scimitar	Adamant scimitar	yes	no	799	0	0	0	no	yes	
1333	rune_scimitar	Rune scimitar	no	no	-1	0	1814	0	no	yes	
1334	cert_rune_scimitar	Rune scimitar	yes	no	799	0	0	0	no	yes	
1335	iron_warhammer	Iron warhammer	no	no	-1	0	1814	0	no	yes	
1336	cert_iron_warhammer	Iron warhammer	yes	no	799	0	0	0	no	yes	
1337	bronze_warhammer	Bronze warhammer	no	no	-1	0	1814	0	no	yes	
1338	cert_bronze_warhammer	Bronze warhammer	yes	no	799	0	0	0	no	yes	
1339	steel_warhammer	Steel warhammer	no	no	-1	0	1814	0	no	yes	
1340	cert_steel_warhammer	Steel warhammer	yes	no	799	0	0	0	no	yes	
1341	black_warhammer	Black warhammer	no	no	-1	0	1814	0	no	yes	
1342	cert_black_warhammer	Black warhammer	yes	no	799	0	0	0	no	yes	
1343	mithril_warhammer	Mithril warhammer	no	no	-1	0	1587	0	no	yes	
1344	cert_mithril_warhammer	Mithril warhammer	yes	no	799	0	0	0	no	yes	
1345	adamnt_warhammer	Adamnt warhammer	no	no	-1	0	2041	0	no	yes	
1346	cert_adamnt_warhammer	Adamnt warhammer	yes	no	799	0	0	0	no	yes	
1347	rune_warhammer	Rune warhammer	no	no	-1	0	1814	0	no	yes	
1348	cert_rune_warhammer	Rune warhammer	yes	no	799	0	0	0	no	yes	
1349	iron_axe	Iron axe	no	no	-1	0	1360	0	no	yes	
1350	cert_iron_axe	Iron axe	yes	no	799	0	0	0	no	yes	
1351	bronze_axe	Bronze axe	no	no	-1	0	1360	0	no	yes	
1352	cert_bronze_axe	Bronze axe	yes	no	799	0	0	0	no	yes	
1353	steel_axe	Steel axe	no	no	-1	0	1360	0	no	yes	
1354	cert_steel_axe	Steel axe	yes	no	799	0	0	0	no	yes	
1355	mithril_axe	Mithril axe	no	no	-1	0	1133	0	no	yes	
1356	cert_mithril_axe	Mithril axe	yes	no	799	0	0	0	no	yes	
1357	adamant_axe	Adamant axe	no	no	-1	0	1587	0	no	yes	
1358	cert_adamant_axe	Adamant axe	yes	no	799	0	0	0	no	yes	
1359	rune_axe	Rune axe	no	no	-1	0	1360	0	no	yes	
1360	cert_rune_axe	Rune axe	yes	no	799	0	0	0	no	yes	
1361	black_axe	Black axe	no	no	-1	0	1360	0	no	yes	
1362	cert_black_axe	Black axe	yes	no	799	0	0	0	no	yes	
1363	iron_battleaxe	Iron battleaxe	no	no	-1	0	2721	0	no	yes	
1364	cert_iron_battleaxe	Iron battleaxe	yes	no	799	0	0	0	no	yes	
1365	steel_battleaxe	Steel battleaxe	no	no	-1	0	2721	0	no	yes	
1366	cert_steel_battleaxe	Steel battleaxe	yes	no	799	0	0	0	no	yes	
1367	black_battleaxe	Black battleaxe	no	no	-1	0	2721	0	no	yes	
1368	cert_black_battleaxe	Black battleaxe	yes	no	799	0	0	0	no	yes	
1369	mithril_battleaxe	Mithril battleaxe	no	no	-1	0	2267	0	no	yes	
1370	cert_mithril_battleaxe	Mithril battleaxe	yes	no	799	0	0	0	no	yes	
1371	adamant_battleaxe	Adamant battleaxe	no	no	-1	0	3175	0	no	yes	
1372	cert_adamant_battleaxe	Adamant battleaxe	yes	no	799	0	0	0	no	yes	
1373	rune_battleaxe	Rune battleaxe	no	no	-1	0	2721	0	no	yes	
1374	cert_rune_battleaxe	Rune battleaxe	yes	no	799	0	0	0	no	yes	
1375	bronze_battleaxe	Bronze battleaxe	no	no	-1	0	2721	0	no	yes	
1376	cert_bronze_battleaxe	Bronze battleaxe	yes	no	799	0	0	0	no	yes	
1377	dragon_battleaxe	Dragon battleaxe	no	yes	-1	0	2721	0	no	yes	
1378	cert_dragon_battleaxe	Dragon battleaxe	yes	yes	799	0	0	0	no	yes	
1379	plainstaff	Staff	no	no	-1	0	1814	0	no	yes	
1380	cert_plainstaff	Staff	yes	no	799	0	0	0	no	yes	
1381	staff_of_air	Staff of air	no	no	-1	0	2267	0	no	yes	
1382	cert_staff_of_air	Staff of air	yes	no	799	0	0	0	no	yes	
1383	staff_of_water	Staff of water	no	no	-1	0	2267	0	no	yes	
1384	cert_staff_of_water	Staff of water	yes	no	799	0	0	0	no	yes	
1385	staff_of_earth	Staff of earth	no	no	-1	0	2267	0	no	yes	
1386	cert_staff_of_earth	Staff of earth	yes	no	799	0	0	0	no	yes	
1387	staff_of_fire	Staff of fire	no	no	-1	0	2267	0	no	yes	
1388	cert_staff_of_fire	Staff of fire	yes	no	799	0	0	0	no	yes	
1389	magic_staff	Magic staff	no	no	-1	0	2267	0	no	yes	
1390	cert_magic_staff	Magic staff	yes	no	799	0	0	0	no	yes	
1391	battlestaff	Battlestaff	no	yes	-1	0	2267	0	no	yes	
1392	cert_battlestaff	Battlestaff	yes	yes	799	0	0	0	no	yes	
1393	fire_battlestaff	Fire battlestaff	no	yes	-1	0	2267	0	no	yes	
1394	cert_fire_battlestaff	Fire battlestaff	yes	yes	799	0	0	0	no	yes	
1395	water_battlestaff	Water battlestaff	no	yes	-1	0	2267	0	no	yes	
1396	cert_water_battlestaff	Water battlestaff	yes	yes	799	0	0	0	no	yes	
1397	air_battlestaff	Air battlestaff	no	yes	-1	0	2267	0	no	yes	
1398	cert_air_battlestaff	Air battlestaff	yes	yes	799	0	0	0	no	yes	
1399	earth_battlestaff	Earth battlestaff	no	yes	-1	0	2267	0	no	yes	
1400	cert_earth_battlestaff	Earth battlestaff	yes	yes	799	0	0	0	no	yes	
1401	mystic_fire_staff	Mystic fire staff	no	yes	-1	0	2267	0	no	yes	
1402	cert_mystic_fire_staff	Mystic fire staff	yes	yes	799	0	0	0	no	yes	
1403	mystic_water_staff	Mystic water staff	no	yes	-1	0	2267	0	no	yes	
1404	cert_mystic_water_staff	Mystic water staff	yes	yes	799	0	0	0	no	yes	
1405	mystic_air_staff	Mystic air staff	no	yes	-1	0	2267	0	no	yes	
1406	cert_mystic_air_staff	Mystic air staff	yes	yes	799	0	0	0	no	yes	
1407	mystic_earth_staff	Mystic earth staff	no	yes	-1	0	2267	0	no	yes	
1408	cert_mystic_earth_staff	Mystic earth staff	yes	yes	799	0	0	0	no	yes	
1409	ibanstaff	Staff of iban	no	yes	-1	0	2267	0	no	no	
1410	brokenibanstaff	Broken iban staff	no	yes	-1	0	1814	0	no	no	
1411	farmers_fork	Farmers fork	no	no	-1	0	2267	0	no	yes	
1412	cert_farmers_fork	Farmers fork	yes	no	799	0	0	0	no	yes	
1413	halberd	Halberd	no	no	-1	0	4535	0	no	yes	
1414	cert_halberd	Halberd	yes	no	799	0	0	0	no	yes	
1415	warhammer	Warhammer	no	no	-1	0	1814	0	no	yes	
1416	cert_warhammer	Warhammer	yes	no	799	0	0	0	no	yes	
1417	javelin	Javelin	no	no	-1	0	1360	0	no	yes	
1418	cert_javelin	Javelin	yes	no	799	0	0	0	no	yes	
1419	scythe	Scythe	no	no	-1	0	3175	0	no	no	
1420	iron_mace	Iron mace	no	no	-1	0	1814	0	no	yes	
1421	cert_iron_mace	Iron mace	yes	no	799	0	0	0	no	yes	
1422	bronze_mace	Bronze mace	no	no	-1	0	1814	0	no	yes	
1423	cert_bronze_mace	Bronze mace	yes	no	799	0	0	0	no	yes	
1424	steel_mace	Steel mace	no	no	-1	0	1814	0	no	yes	
1425	cert_steel_mace	Steel mace	yes	no	799	0	0	0	no	yes	
1426	black_mace	Black mace	no	no	-1	0	1814	0	no	yes	
1427	cert_black_mace	Black mace	yes	no	799	0	0	0	no	yes	
1428	mithril_mace	Mithril mace	no	no	-1	0	1587	0	no	yes	
1429	cert_mithril_mace	Mithril mace	yes	no	799	0	0	0	no	yes	
1430	adamant_mace	Adamant mace	no	no	-1	0	2041	0	no	yes	
1431	cert_adamant_mace	Adamant mace	yes	no	799	0	0	0	no	yes	
1432	rune_mace	Rune mace	no	no	-1	0	1814	0	no	yes	
1433	cert_rune_mace	Rune mace	yes	no	799	0	0	0	no	yes	
1434	dragon_mace	Dragon mace	no	yes	-1	0	1814	0	no	yes	
1435	cert_dragon_mace	Dragon mace	yes	yes	799	0	0	0	no	yes	
1436	blankrune	Rune essence	no	no	-1	0	2	0	no	yes	
1437	cert_blankrune	Rune essence	yes	no	799	0	0	0	no	yes	
1438	air_talisman	Air talisman	no	no	-1	0	15	0	no	yes	
1439	cert_air_talisman	Air talisman	yes	no	799	0	0	0	no	yes	
1440	earth_talisman	Earth talisman	no	no	-1	0	15	0	no	yes	
1441	cert_earth_talisman	Earth talisman	yes	no	799	0	0	0	no	yes	
1442	fire_talisman	Fire talisman	no	no	-1	0	15	0	no	yes	
1443	cert_fire_talisman	Fire talisman	yes	no	799	0	0	0	no	yes	
1444	water_talisman	Water talisman	no	no	-1	0	15	0	no	yes	
1445	cert_water_talisman	Water talisman	yes	no	799	0	0	0	no	yes	
1446	body_talisman	Body talisman	no	no	-1	0	15	0	no	yes	
1447	cert_body_talisman	Body talisman	yes	no	799	0	0	0	no	yes	
1448	mind_talisman	Mind talisman	no	no	-1	0	15	0	no	yes	
1449	cert_mind_talisman	Mind talisman	yes	no	799	0	0	0	no	yes	
1450	blood_talisman	Blood talisman	no	yes	-1	0	15	0	no	yes	
1451	cert_blood_talisman	Blood talisman	yes	yes	799	0	0	0	no	yes	
1452	chaos_talisman	Chaos talisman	no	yes	-1	0	15	0	no	yes	
1453	cert_chaos_talisman	Chaos talisman	yes	yes	799	0	0	0	no	yes	
1454	cosmic_talisman	Cosmic talisman	no	yes	-1	0	15	0	no	yes	
1455	cert_cosmic_talisman	Cosmic talisman	yes	yes	799	0	0	0	no	yes	
1456	death_talisman	Death talisman	no	yes	-1	0	15	0	no	yes	
1457	cert_death_talisman	Death talisman	yes	yes	799	0	0	0	no	yes	
1458	law_talisman	Law talisman	no	yes	-1	0	15	0	no	no	
1459	obj_1459		no	no	-1	0	0	0	no	yes	
1460	soul_talisman	Soul talisman	no	yes	-1	0	15	0	no	yes	
1461	cert_soul_talisman	Soul talisman	yes	yes	799	0	0	0	no	yes	
1462	nature_talisman	Nature talisman	no	yes	-1	0	15	0	no	yes	
1463	cert_nature_talisman	Nature talisman	yes	yes	799	0	0	0	no	yes	
1464	archery_ticket	Archery ticket	yes	yes	-1	0	5	0	no	yes	
1465	display_weapon_poison	Weapon poison	no	yes	-1	0	20	0	no	no	
1466	seasluginv	Sea slug	no	yes	-1	0	226	0	no	no	
1467	damp_sticks	Damp sticks	no	yes	-1	0	85	0	no	no	
1468	dry_sticks	Dry sticks	no	yes	-1	0	56	0	no	no	
1469	broken_glass	Broken glass	no	yes	-1	0	56	0	no	no	
1470	red_bead	Red bead	no	no	-1	0	3	0	no	yes	
1471	cert_red_bead	Red bead	yes	no	799	0	0	0	no	yes	
1472	yellow_bead	Yellow bead	no	no	-1	0	3	0	no	yes	
1473	cert_yellow_bead	Yellow bead	yes	no	799	0	0	0	no	yes	
1474	black_bead	Black bead	no	no	-1	0	3	0	no	yes	
1475	cert_black_bead	Black bead	yes	no	799	0	0	0	no	yes	
1476	white_bead	White bead	no	no	-1	0	3	0	no	yes	
1477	cert_white_bead	White bead	yes	no	799	0	0	0	no	yes	
1478	amulet_of_accuracy	Amulet of accuracy	no	no	-1	0	10	0	no	yes	
1479	cert_amulet_of_accuracy	Amulet of accuracy	yes	no	799	0	0	0	no	yes	
1480	swamprocks1	Rock	no	yes	-1	0	1	0	no	no	
1481	caveorb1	Orb of light	no	yes	-1	0	453	0	no	no	
1482	caveorb2	Orb of light	no	yes	-1	0	453	0	no	no	
1483	caveorb3	Orb of light	no	yes	-1	0	453	0	no	no	
1484	caveorb4	Orb of light	no	yes	-1	0	453	0	no	no	
1485	damp_cloth	Damp cloth	no	yes	-1	0	12	0	no	no	
1486	caverailing	Piece of railing	no	yes	-1	0	2000	0	no	no	
1487	cave_unicorn_horn	Unicorn horn	no	yes	-1	0	7	0	no	no	
1488	paladinbadge1	Paladin's badge	no	yes	-1	0	12	0	no	no	
1489	paladinbadge2	Paladin's badge	no	yes	-1	0	12	0	no	no	
1490	paladinbadge3	Paladin's badge	no	yes	-1	0	12	0	no	no	
1491	cavewitchcat	Witches cat	no	yes	-1	0	1200	0	no	no	
1492	ibandoll	Doll of iban	no	yes	-1	0	300	0	no	no	
1493	upass_journal	Old journal	no	yes	-1	0	226	0	no	no	
1494	old_journal	History of iban	no	yes	-1	0	226	0	no	no	
1495	klanks_gauntlets	Klank's gauntlets	no	yes	-1	0	226	0	no	no	
1496	ibansdove	Iban's dove	no	yes	-1	0	100	0	no	no	
1497	othainian_amulet	Amulet of othanian	no	yes	-1	0	10	0	no	no	
1498	doomion_amulet	Amulet of doomion	no	yes	-1	0	10	0	no	no	
1499	holthion_amulet	Amulet of holthion	no	yes	-1	0	10	0	no	no	
1500	ibansshadow	Iban's shadow	no	yes	-1	0	25	0	no	no	
1501	upassdwarfbrew	Dwarf brew	no	yes	-1	0	150	0	no	no	
1502	ibans_ashes	Iban's ashes	no	yes	-1	0	56	0	no	no	
1503	warrant	Warrant	no	yes	-1	0	10	0	no	no	
1504	hangover_cure	Hangover cure	no	yes	-1	0	2200	0	no	no	
1505	ardougnescroll	A magic scroll	no	yes	-1	0	20	0	no	no	
1506	gasmask	Gas mask	no	yes	-1	0	255	0	no	no	
1507	elenakey	A small key	no	yes	-1	0	10	0	no	no	
1508	scruffy_note	A scruffy note	no	yes	-1	0	10	0	no	no	
1509	turnip_book	Book	no	yes	-1	0	510	0	no	no	
1510	elena_picture	Picture	no	yes	-1	0	453	0	no	no	
1511	logs	Logs	no	no	-1	0	2000	0	no	yes	
1512	cert_logs	Logs	yes	no	799	0	0	0	no	yes	
1513	magic_logs	Magic logs	no	yes	-1	0	2000	0	no	yes	
1514	cert_magic_logs	Magic logs	yes	yes	799	0	0	0	no	yes	
1515	yew_logs	Yew logs	no	no	-1	0	2000	0	no	yes	
1516	cert_yew_logs	Yew logs	yes	no	799	0	0	0	no	yes	
1517	maple_logs	Maple logs	no	no	-1	0	2000	0	no	yes	
1518	cert_maple_logs	Maple logs	yes	no	799	0	0	0	no	yes	
1519	willow_logs	Willow logs	no	no	-1	0	2000	0	no	yes	
1520	cert_willow_logs	Willow logs	yes	no	799	0	0	0	no	yes	
1521	oak_logs	Oak logs	no	no	-1	0	2000	0	no	yes	
1522	cert_oak_logs	Oak logs	yes	no	799	0	0	0	no	yes	
1523	lockpick	Lockpick	no	yes	-1	0	10	0	no	yes	
1524	cert_lockpick	Lockpick	yes	yes	799	0	0	0	no	yes	
1525	unidentified_snake_weed	Unidentified herb	no	yes	-1	0	7	0	no	no	
1526	snake_weed	Snake weed	no	yes	-1	0	7	0	no	no	
1527	unidentified_ardrigal	Unidentified herb	no	yes	-1	0	7	0	no	no	
1528	ardrigal	Ardrigal	no	yes	-1	0	7	0	no	no	
1529	unidentified_sito_foil	Unidentified herb	no	yes	-1	0	7	0	no	no	
1530	sito_foil	Sito foil	no	yes	-1	0	7	0	no	no	
1531	unidentified_volencia_moss	Unidentified herb	no	yes	-1	0	7	0	no	no	
1532	volencia_moss	Volencia moss	no	yes	-1	0	7	0	no	no	
1533	unidentified_rogues_purse	Unidentified herb	no	yes	-1	0	7	0	no	no	
1534	rogues_purse	Rogues purse	no	yes	-1	0	7	0	no	no	
1535	mappart1	Map part	no	no	-1	0	5	0	no	no	
1536	mappart2	Map part	no	no	-1	0	5	0	no	no	
1537	mappart3	Map part	no	no	-1	0	5	0	no	no	
1538	dragonmap	Crandor map	no	no	-1	0	15	0	no	no	
1539	nails	Nails	yes	no	-1	0	5	0	no	yes	
1540	antidragonbreathshield	Dragonfire shield	no	no	-1	0	5443	0	no	yes	
1541	cert_antidragonbreathshield	Dragonfire shield	yes	no	799	0	0	0	no	yes	
1542	melzarkey	Maze key	no	no	-1	0	10	0	no	no	
1543	redkey	Key	no	no	-1	0	10	0	no	no	
1544	orangekey	Key	no	no	-1	0	10	0	no	no	
1545	yellowkey	Key	no	no	-1	0	10	0	no	no	
1546	bluekey	Key	no	no	-1	0	10	0	no	no	
1547	magentakey	Key	no	no	-1	0	10	0	no	no	
1548	greenkey	Key	no	no	-1	0	10	0	no	no	
1549	stake	Stake	no	no	-1	0	85	0	no	no	
1550	garlic	Garlic	no	no	-1	0	28	0	no	yes	
1551	cert_garlic	Garlic	yes	no	799	0	0	0	no	yes	
1552	seasoned_sardine	Seasoned sardine	no	yes	-1	0	120	0	no	yes	
1553	cert_seasoned_sardine	Seasoned sardine	yes	yes	799	0	0	0	no	yes	
1554	gertrudekittens	Fluffs' kitten	no	yes	-1	0	750	0	no	no	
1555	kittenobject	Pet kitten	no	yes	-1	0	750	0	no	no	
1556	kittenobject_light	Pet kitten	no	yes	-1	0	750	0	no	no	
1557	kittenobject_brown	Pet kitten	no	yes	-1	0	750	0	no	no	
1558	kittenobject_black	Pet kitten	no	yes	-1	0	750	0	no	no	
1559	kittenobject_browngrey	Pet kitten	no	yes	-1	0	750	0	no	no	
1560	kittenobject_bluegrey	Pet kitten	no	yes	-1	0	750	0	no	no	
1561	growncatobject	Pet cat	no	yes	-1	0	1500	0	no	no	
1562	growncatobject_light	Pet cat	no	yes	-1	0	1500	0	no	no	
1563	growncatobject_brown	Pet cat	no	yes	-1	0	1500	0	no	no	
1564	growncatobject_black	Pet cat	no	yes	-1	0	1500	0	no	no	
1565	growncatobject_browngrey	Pet cat	no	yes	-1	0	1500	0	no	no	
1566	growncatobject_bluegrey	Pet cat	no	yes	-1	0	1500	0	no	no	
1567	overgrowncatobject	Pet cat	no	yes	-1	0	2500	0	no	no	
1568	overgrowncatobject_light	Pet cat	no	yes	-1	0	2500	0	no	no	
1569	overgrowncatobject_brown	Pet cat	no	yes	-1	0	2500	0	no	no	
1570	overgrowncatobject_black	Pet cat	no	yes	-1	0	2500	0	no	no	
1571	overgrowncatobject_browngrey	Pet cat	no	yes	-1	0	2500	0	no	no	
1572	overgrowncatobject_bluegrey	Pet cat	no	yes	-1	0	2500	0	no	no	
1573	doogleleaves	Doogle leaves	no	yes	-1	0	7	0	no	yes	
1574	cert_doogleleaves	Doogle leaves	yes	yes	799	0	0	0	no	yes	
1575	felinemedal	Cat training medal	no	yes	-1	0	10	0	no	yes	
1576	cert_felinemedal	Cat training medal	yes	yes	799	0	0	0	no	yes	
1577	petecandlestick	Pete's candlestick	no	yes	-1	0	500	0	no	yes	
1578	cert_petecandlestick	Pete's candlestick	yes	yes	799	0	0	0	no	yes	
1579	master_thief_armband	Thieves' armband	no	yes	-1	0	25	0	no	no	
1580	ice_gloves	Ice gloves	no	yes	-1	0	226	0	no	no	
1581	blamish_snail_slime	Blamish snail slime	no	yes	-1	0	25	0	no	no	
1582	blamish_oil	Blamish oil	no	yes	-1	0	25	0	no	no	
1583	hot_feather	Fire feather	no	yes	-1	0	2	0	no	no	
1584	id_papers	Id papers	no	yes	-1	0	10	0	no	no	
1585	oily_fishing_rod	Oily fishing rod	no	yes	-1	0	1360	0	no	no	
1586	misc_key	Miscellaneous key	no	yes	-1	0	10	0	no	yes	
1587	cert_misc_key	Miscellaneous key	yes	yes	799	0	0	0	no	yes	
1588	grip_keys	Grips' keyring	no	yes	-1	0	25	0	no	no	
1589	obj_1589		no	no	-1	0	0	0	no	no	
1590	dusty_key	Dusty key	no	yes	-1	0	10	0	no	no	
1591	jail_key	Jail key	no	yes	-1	0	10	0	no	no	
1592	ring_mould	Ring mould	no	no	-1	0	453	0	no	yes	
1593	cert_ring_mould	Ring mould	yes	no	799	0	0	0	no	yes	
1594	unholy_symbol_mould	Unholy mould	no	yes	-1	0	453	0	no	no	
1595	amulet_mould	Amulet mould	no	no	-1	0	453	0	no	yes	
1596	cert_amulet_mould	Amulet mould	yes	no	799	0	0	0	no	yes	
1597	necklace_mould	Necklace mould	no	no	-1	0	453	0	no	yes	
1598	cert_necklace_mould	Necklace mould	yes	no	799	0	0	0	no	yes	
1599	holy_symbol_mould	Holy mould	no	no	-1	0	453	0	no	yes	
1600	cert_holy_symbol_mould	Holy mould	yes	no	799	0	0	0	no	yes	
1601	diamond	Diamond	no	no	-1	0	2	0	no	yes	
1602	cert_diamond	Diamond	yes	no	799	0	0	0	no	yes	
1603	ruby	Ruby	no	no	-1	0	2	0	no	yes	
1604	cert_ruby	Ruby	yes	no	799	0	0	0	no	yes	
1605	emerald	Emerald	no	no	-1	0	2	0	no	yes	
1606	cert_emerald	Emerald	yes	no	799	0	0	0	no	yes	
1607	sapphire	Sapphire	no	no	-1	0	2	0	no	yes	
1608	cert_sapphire	Sapphire	yes	no	799	0	0	0	no	yes	
1609	opal	Opal	no	yes	-1	0	2	0	no	yes	
1610	cert_opal	Opal	yes	yes	799	0	0	0	no	yes	
1611	jade	Jade	no	yes	-1	0	2	0	no	yes	
1612	cert_jade	Jade	yes	yes	799	0	0	0	no	yes	
1613	red_topaz	Red topaz	no	yes	-1	0	2	0	no	yes	
1614	cert_red_topaz	Red topaz	yes	yes	799	0	0	0	no	yes	
1615	dragonstone	Dragonstone	no	yes	-1	0	2	0	no	yes	
1616	cert_dragonstone	Dragonstone	yes	yes	799	0	0	0	no	yes	
1617	uncut_diamond	Uncut diamond	no	no	-1	0	3	0	no	yes	
1618	cert_uncut_diamond	Uncut diamond	yes	no	799	0	0	0	no	yes	
1619	uncut_ruby	Uncut ruby	no	no	-1	0	3	0	no	yes	
1620	cert_uncut_ruby	Uncut ruby	yes	no	799	0	0	0	no	yes	
1621	uncut_emerald	Uncut emerald	no	no	-1	0	3	0	no	yes	
1622	cert_uncut_emerald	Uncut emerald	yes	no	799	0	0	0	no	yes	
1623	uncut_sapphire	Uncut sapphire	no	no	-1	0	3	0	no	yes	
1624	cert_uncut_sapphire	Uncut sapphire	yes	no	799	0	0	0	no	yes	
1625	uncut_opal	Uncut opal	no	yes	-1	0	3	0	no	yes	
1626	cert_uncut_opal	Uncut opal	yes	yes	799	0	0	0	no	yes	
1627	uncut_jade	Uncut jade	no	yes	-1	0	3	0	no	yes	
1628	cert_uncut_jade	Uncut jade	yes	yes	799	0	0	0	no	yes	
1629	uncut_red_topaz	Uncut red topaz	no	yes	-1	0	3	0	no	yes	
1630	cert_uncut_red_topaz	Uncut red topaz	yes	yes	799	0	0	0	no	yes	
1631	uncut_dragonstone	Uncut dragonstone	no	yes	-1	0	3	0	no	yes	
1632	cert_uncut_dragonstone	Uncut dragonstone	yes	yes	799	0	0	0	no	yes	
1633	crushed_gemstone	Crushed gemstone	no	yes	-1	0	3	0	no	yes	
1634	cert_crushed_gemstone	Crushed gemstone	yes	yes	799	0	0	0	no	yes	
1635	gold_ring	Gold ring	no	no	-1	0	4	0	no	yes	
1636	cert_gold_ring	Gold ring	yes	no	799	0	0	0	no	yes	
1637	sapphire_ring	Sapphire ring	no	no	-1	0	6	0	no	yes	
1638	cert_sapphire_ring	Sapphire ring	yes	no	799	0	0	0	no	yes	
1639	emerald_ring	Emerald ring	no	no	-1	0	6	0	no	yes	
1640	cert_emerald_ring	Emerald ring	yes	no	799	0	0	0	no	yes	
1641	ruby_ring	Ruby ring	no	no	-1	0	6	0	no	yes	
1642	cert_ruby_ring	Ruby ring	yes	no	799	0	0	0	no	yes	
1643	diamond_ring	Diamond ring	no	no	-1	0	6	0	no	yes	
1644	cert_diamond_ring	Diamond ring	yes	no	799	0	0	0	no	yes	
1645	dragonstone_ring	Dragonstone ring	no	yes	-1	0	6	0	no	yes	
1646	cert_dragonstone_ring	Dragonstone ring	yes	yes	799	0	0	0	no	yes	
1647	black_ring	Black ring	no	no	-1	2	0	0	no	no	
1648	cert_black_ring	Black ring	yes	no	799	0	0	0	no	no	
1649	invis_ring1	Sapphire ring	no	no	-1	2	0	0	no	no	
1650	invis_ring2	Emerald ring	no	no	-1	2	0	0	no	no	
1651	invis_ring3	Ruby ring	no	no	-1	2	0	0	no	no	
1652	invis_ring4	Diamond ring	no	no	-1	2	0	0	no	no	
1653	invis_ring5	Dragonstone ring	no	no	-1	2	0	0	no	no	
1654	gold_necklace	Gold necklace	no	no	-1	0	7	0	no	yes	
1655	cert_gold_necklace	Gold necklace	yes	no	799	0	0	0	no	yes	
1656	sapphire_necklace	Sapphire necklace	no	no	-1	0	10	0	no	yes	
1657	cert_sapphire_necklace	Sapphire necklace	yes	no	799	0	0	0	no	yes	
1658	emerald_necklace	Emerald necklace	no	no	-1	0	10	0	no	yes	
1659	cert_emerald_necklace	Emerald necklace	yes	no	799	0	0	0	no	yes	
1660	ruby_necklace	Ruby necklace	no	no	-1	0	10	0	no	yes	
1661	cert_ruby_necklace	Ruby necklace	yes	no	799	0	0	0	no	yes	
1662	diamond_necklace	Diamond necklace	no	no	-1	0	10	0	no	yes	
1663	cert_diamond_necklace	Diamond necklace	yes	no	799	0	0	0	no	yes	
1664	dragonstone_necklace	Dragon necklace	no	yes	-1	0	10	0	no	yes	
1665	cert_dragonstone_necklace	Dragon necklace	yes	yes	799	0	0	0	no	yes	
1666	black_necklace	Black necklace	no	no	-1	2	0	0	no	no	
1667	cert_black_necklace	Black necklace	yes	no	799	0	0	0	no	no	
1668	invis_necklace1	Sapphire necklace	no	no	-1	2	0	0	no	no	
1669	invis_necklace2	Emerald necklace	no	no	-1	2	0	0	no	no	
1670	invis_necklace3	Ruby necklace	no	no	-1	2	0	0	no	no	
1671	invis_necklace4	Diamond necklace	no	no	-1	2	0	0	no	no	
1672	invis_necklace5	Dragon necklace	no	no	-1	2	0	0	no	no	
1673	unstrung_gold_amulet	Gold amulet	no	no	-1	0	4	0	no	yes	
1674	cert_unstrung_gold_amulet	Gold amulet	yes	no	799	0	0	0	no	yes	
1675	unstrung_sapphire_amulet	Sapphire amulet	no	no	-1	0	4	0	no	yes	
1676	cert_unstrung_sapphire_amulet	Sapphire amulet	yes	no	799	0	0	0	no	yes	
1677	unstrung_emerald_amulet	Emerald amulet	no	no	-1	0	4	0	no	yes	
1678	cert_unstrung_emerald_amulet	Emerald amulet	yes	no	799	0	0	0	no	yes	
1679	unstrung_ruby_amulet	Ruby amulet	no	no	-1	0	4	0	no	yes	
1680	cert_unstrung_ruby_amulet	Ruby amulet	yes	no	799	0	0	0	no	yes	
1681	unstrung_diamond_amulet	Diamond amulet	no	no	-1	0	4	0	no	yes	
1682	cert_unstrung_diamond_amulet	Diamond amulet	yes	no	799	0	0	0	no	yes	
1683	unstrung_dragonstone_amulet	Dragonstoneamulet	no	yes	-1	0	4	0	no	yes	
1684	cert_unstrung_dragonstone_amulet	Dragonstoneamulet	yes	yes	799	0	0	0	no	yes	
1685	black_amulet	Black amulet	no	no	-1	2	0	0	no	no	
1686	cert_black_amulet	Black amulet	yes	no	799	0	0	0	no	no	
1687	invis_amulet1	Sapphire amulet	no	no	-1	2	0	0	no	no	
1688	invis_amulet2	Emerald amulet	no	no	-1	2	0	0	no	no	
1689	invis_amulet3	Ruby amulet	no	no	-1	2	0	0	no	no	
1690	invis_amulet4	Diamond amulet	no	no	-1	2	0	0	no	no	
1691	invis_amulet5	Dragonstoneamulet	no	no	-1	2	0	0	no	no	
1692	strung_gold_amulet	Gold amulet	no	no	-1	0	7	0	no	yes	
1693	cert_strung_gold_amulet	Gold amulet	yes	no	799	0	0	0	no	yes	
1694	strung_sapphire_amulet	Sapphire amulet	no	no	-1	0	7	0	no	yes	
1695	cert_strung_sapphire_amulet	Sapphire amulet	yes	no	799	0	0	0	no	yes	
1696	strung_emerald_amulet	Emerald amulet	no	no	-1	0	7	0	no	yes	
1697	cert_strung_emerald_amulet	Emerald amulet	yes	no	799	0	0	0	no	yes	
1698	strung_ruby_amulet	Ruby amulet	no	no	-1	0	7	0	no	yes	
1699	cert_strung_ruby_amulet	Ruby amulet	yes	no	799	0	0	0	no	yes	
1700	strung_diamond_amulet	Diamond amulet	no	no	-1	0	7	0	no	yes	
1701	cert_strung_diamond_amulet	Diamond amulet	yes	no	799	0	0	0	no	yes	
1702	strung_dragonstone_amulet	Dragonstoneamulet	no	yes	-1	0	7	0	no	yes	
1703	cert_strung_dragonstone_amulet	Dragonstoneamulet	yes	yes	799	0	0	0	no	yes	
1704	amulet_of_glory	Amulet of glory	no	yes	-1	0	10	0	no	yes	
1705	cert_amulet_of_glory	Amulet of glory	yes	yes	799	0	0	0	no	yes	
1706	amulet_of_glory_1	Amulet of glory(1)	no	yes	-1	0	10	0	no	yes	
1707	cert_amulet_of_glory_1	Amulet of glory(1)	yes	yes	799	0	0	0	no	yes	
1708	amulet_of_glory_2	Amulet of glory(2)	no	yes	-1	0	10	0	no	yes	
1709	cert_amulet_of_glory_2	Amulet of glory(2)	yes	yes	799	0	0	0	no	yes	
1710	amulet_of_glory_3	Amulet of glory(3)	no	yes	-1	0	10	0	no	yes	
1711	cert_amulet_of_glory_3	Amulet of glory(3)	yes	yes	799	0	0	0	no	yes	
1712	amulet_of_glory_4	Amulet of glory(4)	no	yes	-1	0	10	0	no	yes	
1713	cert_amulet_of_glory_4	Amulet of glory(4)	yes	yes	799	0	0	0	no	yes	
1714	nostringstar	Unstrung symbol	no	no	-1	0	4	0	no	yes	
1715	cert_nostringstar	Unstrung symbol	yes	no	799	0	0	0	no	yes	
1716	stringstar	Unblessed symbol	no	no	-1	0	7	0	no	yes	
1717	cert_stringstar	Unblessed symbol	yes	no	799	0	0	0	no	yes	
1718	blessedstar	Holy symbol	no	no	-1	0	7	0	no	yes	
1719	cert_blessedstar	Holy symbol	yes	no	799	0	0	0	no	yes	
1720	nostringsnake	Unstrung emblem	no	yes	-1	0	4	0	no	yes	
1721	cert_nostringsnake	Unstrung emblem	yes	yes	799	0	0	0	no	yes	
1722	stringsnake	Unpowered symbol	no	yes	-1	0	7	0	no	yes	
1723	cert_stringsnake	Unpowered symbol	yes	yes	799	0	0	0	no	yes	
1724	blessedsnake	Unholy symbol	no	yes	-1	0	7	0	no	no	
1725	amulet_of_strength	Amulet of strength	no	no	-1	0	10	0	no	yes	
1726	cert_amulet_of_strength	Amulet of strength	yes	no	799	0	0	0	no	yes	
1727	amulet_of_magic	Amulet of magic	no	no	-1	0	10	0	no	yes	
1728	cert_amulet_of_magic	Amulet of magic	yes	no	799	0	0	0	no	yes	
1729	amulet_of_defence	Amulet of defence	no	no	-1	0	10	0	no	yes	
1730	cert_amulet_of_defence	Amulet of defence	yes	no	799	0	0	0	no	yes	
1731	amulet_of_power	Amulet of power	no	no	-1	0	10	0	no	yes	
1732	cert_amulet_of_power	Amulet of power	yes	no	799	0	0	0	no	yes	
1733	needle	Needle	yes	no	-1	0	1	0	no	yes	
1734	thread	Thread	yes	no	-1	0	3	0	no	yes	
1735	shears	Shears	no	no	-1	0	113	0	no	yes	
1736	cert_shears	Shears	yes	no	799	0	0	0	no	yes	
1737	wool	Wool	no	no	-1	0	3	0	no	yes	
1738	cert_wool	Wool	yes	no	799	0	0	0	no	yes	
1739	cow_hide	Cow hide	no	no	-1	0	2721	0	no	yes	
1740	cert_cow_hide	Cow hide	yes	no	799	0	0	0	no	yes	
1741	leather	Leather	no	no	-1	0	2267	0	no	yes	
1742	cert_leather	Leather	yes	no	799	0	0	0	no	yes	
1743	hard_leather	Hard leather	no	no	-1	0	3175	0	no	yes	
1744	cert_hard_leather	Hard leather	yes	no	799	0	0	0	no	yes	
1745	dragon_leather	Dragon leather	no	yes	-1	0	3175	0	no	yes	
1746	cert_dragon_leather	Dragon leather	yes	yes	799	0	0	0	no	yes	
1747	dragonhide_black	Dragonhide	no	yes	-1	0	3175	0	no	yes	
1748	cert_dragonhide_black	Dragonhide	yes	yes	799	0	0	0	no	yes	
1749	dragonhide_red	Dragonhide	no	yes	-1	0	3175	0	no	yes	
1750	cert_dragonhide_red	Dragonhide	yes	yes	799	0	0	0	no	yes	
1751	dragonhide_blue	Dragonhide	no	yes	-1	0	3175	0	no	yes	
1752	cert_dragonhide_blue	Dragonhide	yes	yes	799	0	0	0	no	yes	
1753	dragonhide_green	Dragonhide	no	yes	-1	0	3175	0	no	yes	
1754	cert_dragonhide_green	Dragonhide	yes	yes	799	0	0	0	no	yes	
1755	chisel	Chisel	no	no	-1	0	453	0	no	yes	
1756	cert_chisel	Chisel	yes	no	799	0	0	0	no	yes	
1757	brown_apron	Brown apron	no	no	-1	0	453	0	no	yes	
1758	cert_brown_apron	Brown apron	yes	no	799	0	0	0	no	yes	
1759	ball_of_wool	Ball of wool	no	no	-1	0	12	0	no	yes	
1760	cert_ball_of_wool	Ball of wool	yes	no	799	0	0	0	no	yes	
1761	softclay	Soft clay	no	no	-1	0	907	0	no	yes	
1762	cert_softclay	Soft clay	yes	no	799	0	0	0	no	yes	
1763	reddye	Red dye	no	no	-1	0	20	0	no	yes	
1764	cert_reddye	Red dye	yes	no	799	0	0	0	no	yes	
1765	yellowdye	Yellow dye	no	no	-1	0	20	0	no	yes	
1766	cert_yellowdye	Yellow dye	yes	no	799	0	0	0	no	yes	
1767	bluedye	Blue dye	no	no	-1	0	20	0	no	yes	
1768	cert_bluedye	Blue dye	yes	no	799	0	0	0	no	yes	
1769	orangedye	Orange dye	no	no	-1	0	20	0	no	yes	
1770	cert_orangedye	Orange dye	yes	no	799	0	0	0	no	yes	
1771	greendye	Green dye	no	no	-1	0	20	0	no	yes	
1772	cert_greendye	Green dye	yes	no	799	0	0	0	no	yes	
1773	purpledye	Purple dye	no	no	-1	0	20	0	no	yes	
1774	cert_purpledye	Purple dye	yes	no	799	0	0	0	no	yes	
1775	molten_glass	Molten glass	no	yes	-1	0	907	0	no	yes	
1776	cert_molten_glass	Molten glass	yes	yes	799	0	0	0	no	yes	
1777	bow_string	Bow string	no	yes	-1	0	14	0	no	yes	
1778	cert_bow_string	Bow string	yes	yes	799	0	0	0	no	yes	
1779	flax	Flax	no	yes	-1	0	453	0	no	yes	
1780	cert_flax	Flax	yes	yes	799	0	0	0	no	yes	
1781	soda_ash	Soda ash	no	yes	-1	0	56	0	no	yes	
1782	cert_soda_ash	Soda ash	yes	yes	799	0	0	0	no	yes	
1783	bucket_sand	Bucket of sand	no	yes	-1	0	2500	0	no	yes	
1784	cert_bucket_sand	Bucket of sand	yes	yes	799	0	0	0	no	yes	
1785	glassblowingpipe	Glassblowing pipe	no	yes	-1	0	56	0	no	yes	
1786	cert_glassblowingpipe	Glassblowing pipe	yes	yes	799	0	0	0	no	yes	
1787	pot_unfired	Unfired pot	no	no	-1	0	680	0	no	yes	
1788	cert_pot_unfired	Unfired pot	yes	no	799	0	0	0	no	yes	
1789	piedish_unfired	Unfired pie dish	no	no	-1	0	680	0	no	yes	
1790	cert_piedish_unfired	Unfired pie dish	yes	no	799	0	0	0	no	yes	
1791	bowl_unfired	Unfired bowl	no	no	-1	0	680	0	no	yes	
1792	cert_bowl_unfired	Unfired bowl	yes	no	799	0	0	0	no	yes	
1793	woadleaf	Woad leaf	yes	no	-1	0	10	0	no	yes	
1794	bronzecraftwire	Bronze wire	no	yes	-1	0	5	0	no	yes	
1795	cert_bronzecraftwire	Bronze wire	yes	yes	799	0	0	0	no	yes	
1796	murdernecklace	Silver necklace	no	yes	-1	0	10	0	no	no	
1797	murdernecklacedust	Silver necklace	no	yes	-1	0	10	0	no	no	
1798	murdercup	Silver cup	no	yes	-1	0	70	0	no	no	
1799	murdercupdust	Silver cup	no	yes	-1	0	70	0	no	no	
1800	murderbottle	Silver bottle	no	yes	-1	0	90	0	no	no	
1801	murderbottledust	Silver bottle	no	yes	-1	0	90	0	no	no	
1802	murderbook	Silver book	no	yes	-1	0	226	0	no	no	
1803	murderbookdust	Silver book	no	yes	-1	0	226	0	no	no	
1804	murderneedle	Silver needle	no	yes	-1	0	1	0	no	no	
1805	murderneedledust	Silver needle	no	yes	-1	0	1	0	no	no	
1806	murderpot	Silver pot	no	yes	-1	0	907	0	no	no	
1807	murderpotdust	Silver pot	no	yes	-1	0	907	0	no	no	
1808	murderthreadr	Criminals' thread	no	yes	-1	0	2	0	no	no	
1809	murderthreadg	Criminals' thread	no	yes	-1	0	2	0	no	no	
1810	murderthreadb	Criminals' thread	no	yes	-1	0	2	0	no	no	
1811	murderpaper	Flypaper	no	yes	-1	0	10	0	no	no	
1812	murderpot2	Pungent pot	no	yes	-1	0	907	0	no	no	
1813	murderweapon	Criminals' dagger	no	yes	-1	0	453	0	no	no	
1814	murderweapondust	Criminals' dagger	no	yes	-1	0	453	0	no	no	
1815	murderfingerprint	Killers' print	no	yes	-1	0	10	0	no	no	
1816	murderfingerprinta	Annas' print	no	yes	-1	0	10	0	no	no	
1817	murderfingerprintb	Bobs' print	no	yes	-1	0	10	0	no	no	
1818	murderfingerprintc	Carols' print	no	yes	-1	0	10	0	no	no	
1819	murderfingerprintd	Davids' print	no	yes	-1	0	10	0	no	no	
1820	murderfingerprinte	Elizabeths' print	no	yes	-1	0	10	0	no	no	
1821	murderfingerprintf	Franks' print	no	yes	-1	0	10	0	no	no	
1822	murderfingerprint1	Unknown print	no	yes	-1	0	10	0	no	no	
1823	water_skin4	Waterskin(4)	no	yes	-1	0	1100	0	no	yes	
1824	cert_water_skin4	Waterskin(4)	yes	yes	799	0	0	0	no	yes	
1825	water_skin3	Waterskin(3)	no	yes	-1	0	850	0	no	yes	
1826	cert_water_skin3	Waterskin(3)	yes	yes	799	0	0	0	no	yes	
1827	water_skin2	Waterskin(2)	no	yes	-1	0	600	0	no	yes	
1828	cert_water_skin2	Waterskin(2)	yes	yes	799	0	0	0	no	yes	
1829	water_skin1	Waterskin(1)	no	yes	-1	0	350	0	no	yes	
1830	cert_water_skin1	Waterskin(1)	yes	yes	799	0	0	0	no	yes	
1831	water_skin0	Waterskin(0)	no	yes	-1	0	100	0	no	yes	
1832	cert_water_skin0	Waterskin(0)	yes	yes	799	0	0	0	no	yes	
1833	desert_shirt	Desert shirt	no	yes	-1	0	907	0	no	yes	
1834	cert_desert_shirt	Desert shirt	yes	yes	799	0	0	0	no	yes	
1835	desert_robe	Desert robe	no	yes	-1	0	907	0	no	yes	
1836	cert_desert_robe	Desert robe	yes	yes	799	0	0	0	no	yes	
1837	desert_boots	Desert boots	no	yes	-1	0	226	0	no	yes	
1838	cert_desert_boots	Desert boots	yes	yes	799	0	0	0	no	yes	
1839	metal_key	Metal key	no	yes	-1	0	10	0	no	no	
1840	thcelldoorkey	Cell door key	no	yes	-1	0	10	0	no	no	
1841	thminebarrel_empty	Barrel	no	yes	-1	0	9979	0	no	no	
1842	thanainabarrel	Ana in a barrel	no	yes	-1	0	32000	0	no	no	
1843	thgoodminekey	Wrought iron key	no	yes	-1	0	10	0	no	no	
1844	slave_shirt	Slaves' shirt	no	yes	-1	0	907	0	no	no	
1845	slave_robe	Slave robe	no	yes	-1	0	907	0	no	no	
1846	slave_boots	Slave boots	no	yes	-1	0	680	0	no	no	
1847	thkebabinstructs	Scrumpled paper	no	yes	-1	0	10	0	no	no	
1848	thshantaydisc	Shantay disclaimer	no	yes	-1	0	10	0	no	no	
1849	thprotodart	Prototype dart	yes	yes	-1	0	10	0	no	no	
1850	thcaptplans	Technical plans	no	yes	-1	0	15	0	no	no	
1851	tentipineapple	Tenti pineapple	no	yes	-1	0	907	0	no	no	
1852	thbedobinkey	Bedobin key	no	yes	-1	0	10	0	no	no	
1853	thprotodarttip	Prototype dart tip	yes	yes	-1	0	8	0	no	no	
1854	shantay_pass	Shantay pass	yes	yes	-1	0	10	0	no	yes	
1855	thpunishrock	Rock	no	yes	-1	0	500	0	no	no	
1856	ardougne_book	Guide book	no	yes	-1	0	7257	0	no	no	
1857	tribal_totem	Totem	no	yes	-1	0	3000	0	no	no	
1858	tribal_totem_label	Address label	no	yes	-1	0	10	0	no	no	
1859	raw_ugthanki_meat	Raw ugthanki meat	no	yes	-1	0	800	0	no	yes	
1860	cert_raw_ugthanki_meat	Raw ugthanki meat	yes	yes	799	0	0	0	no	yes	
1861	cooked_ugthanki_meat	Ugthanki meat	no	yes	-1	0	600	0	no	yes	
1862	cert_cooked_ugthanki_meat	Ugthanki meat	yes	yes	799	0	0	0	no	yes	
1863	uncooked_pitta_bread	Pitta dough	no	yes	-1	0	120	0	no	yes	
1864	cert_uncooked_pitta_bread	Pitta dough	yes	yes	799	0	0	0	no	yes	
1865	pitta_bread	Pitta bread	no	yes	-1	0	100	0	no	yes	
1866	cert_pitta_bread	Pitta bread	yes	yes	799	0	0	0	no	yes	
1867	burnt_pitta_bread	Burnt pitta bread	no	yes	-1	0	80	0	no	yes	
1868	cert_burnt_pitta_bread	Burnt pitta bread	yes	yes	799	0	0	0	no	yes	
1869	bowl_tomato	Chopped tomato	no	yes	-1	0	200	0	no	yes	
1870	cert_bowl_tomato	Chopped tomato	yes	yes	799	0	0	0	no	yes	
1871	bowl_onion	Chopped onion	no	yes	-1	0	200	0	no	yes	
1872	cert_bowl_onion	Chopped onion	yes	yes	799	0	0	0	no	yes	
1873	bowl_ugthanki	Chopped ugthanki	no	yes	-1	0	200	0	no	yes	
1874	cert_bowl_ugthanki	Chopped ugthanki	yes	yes	799	0	0	0	no	yes	
1875	bowl_oniontomato	Onion & tomato	no	yes	-1	0	300	0	no	yes	
1876	cert_bowl_oniontomato	Onion & tomato	yes	yes	799	0	0	0	no	yes	
1877	bowl_ugthankionion	Ugthanki & onion	no	yes	-1	0	300	0	no	yes	
1878	cert_bowl_ugthankionion	Ugthanki & onion	yes	yes	799	0	0	0	no	yes	
1879	bowl_ugthankitomato	Ugthanki & tomato	no	yes	-1	0	300	0	no	yes	
1880	cert_bowl_ugthankitomato	Ugthanki & tomato	yes	yes	799	0	0	0	no	yes	
1881	bowl_oniontomugthanki	Kebab mix	no	yes	-1	0	400	0	no	yes	
1882	cert_bowl_oniontomugthanki	Kebab mix	yes	yes	799	0	0	0	no	yes	
1883	ugthanki_kebab_bad	Ugthanki kebab	no	yes	-1	0	500	0	no	yes	
1884	cert_ugthanki_kebab_bad	Ugthanki kebab	yes	yes	799	0	0	0	no	yes	
1885	ugthanki_kebab	Ugthanki kebab	no	yes	-1	0	500	0	no	yes	
1886	cert_ugthanki_kebab	Ugthanki kebab	yes	yes	799	0	0	0	no	yes	
1887	cake_tin	Cake tin	no	no	-1	0	100	0	no	yes	
1888	cert_cake_tin	Cake tin	yes	no	799	0	0	0	no	yes	
1889	uncooked_cake	Uncooked cake	no	no	-1	0	500	0	no	yes	
1890	cert_uncooked_cake	Uncooked cake	yes	no	799	0	0	0	no	yes	
1891	cake	Cake	no	no	-1	0	300	0	no	yes	
1892	cert_cake	Cake	yes	no	799	0	0	0	no	yes	
1893	partial_cake	2/3 cake	no	no	-1	0	200	0	no	yes	
1894	cert_partial_cake	2/3 cake	yes	no	799	0	0	0	no	yes	
1895	cake_slice	Slice of cake	no	no	-1	0	100	0	no	yes	
1896	cert_cake_slice	Slice of cake	yes	no	799	0	0	0	no	yes	
1897	chocolate_cake	Chocolate cake	no	no	-1	0	300	0	no	yes	
1898	cert_chocolate_cake	Chocolate cake	yes	no	799	0	0	0	no	yes	
1899	partial_chocolate_cake	2/3 chocolate cake	no	no	-1	0	200	0	no	yes	
1900	cert_partial_chocolate_cake	2/3 chocolate cake	yes	no	799	0	0	0	no	yes	
1901	chocolate_slice	Chocolate slice	no	no	-1	0	100	0	no	yes	
1902	cert_chocolate_slice	Chocolate slice	yes	no	799	0	0	0	no	yes	
1903	burnt_cake	Burnt cake	no	no	-1	0	150	0	no	yes	
1904	cert_burnt_cake	Burnt cake	yes	no	799	0	0	0	no	yes	
1905	asgarnian_ale	Asgarnian ale	no	no	-1	0	550	0	no	yes	
1906	cert_asgarnian_ale	Asgarnian ale	yes	no	799	0	0	0	no	yes	
1907	wizards_mind_bomb	Wizard's mind bomb	no	no	-1	0	550	0	no	yes	
1908	cert_wizards_mind_bomb	Wizard's mind bomb	yes	no	799	0	0	0	no	yes	
1909	greenmans_ale	Greenman's ale	no	yes	-1	0	550	0	no	yes	
1910	cert_greenmans_ale	Greenman's ale	yes	yes	799	0	0	0	no	yes	
1911	dragon_bitter	Dragon bitter	no	yes	-1	0	550	0	no	yes	
1912	cert_dragon_bitter	Dragon bitter	yes	yes	799	0	0	0	no	yes	
1913	dwarven_stout	Dwarven stout	no	no	-1	0	550	0	no	yes	
1914	cert_dwarven_stout	Dwarven stout	yes	no	799	0	0	0	no	yes	
1915	grog	Grog	no	yes	-1	0	550	0	no	yes	
1916	cert_grog	Grog	yes	yes	799	0	0	0	no	yes	
1917	beer	Beer	no	no	-1	0	550	0	no	yes	
1918	cert_beer	Beer	yes	no	799	0	0	0	no	yes	
1919	beer_glass	Beer glass	no	no	-1	0	50	0	no	yes	
1920	cert_beer_glass	Beer glass	yes	no	799	0	0	0	no	yes	
1921	bowl_water	Bowl of water	no	no	-1	0	907	0	no	yes	
1922	cert_bowl_water	Bowl of water	yes	no	799	0	0	0	no	yes	
1923	bowl_empty	Bowl	no	no	-1	0	453	0	no	yes	
1924	cert_bowl_empty	Bowl	yes	no	799	0	0	0	no	yes	
1925	bucket_empty	Bucket	no	no	-1	0	1000	0	no	yes	
1926	cert_bucket_empty	Bucket	yes	no	799	0	0	0	no	yes	
1927	bucket_milk	Bucket of milk	no	no	-1	0	2200	0	no	yes	
1928	cert_bucket_milk	Bucket of milk	yes	no	799	0	0	0	no	yes	
1929	bucket_water	Bucket of water	no	no	-1	0	3000	0	no	yes	
1930	cert_bucket_water	Bucket of water	yes	no	799	0	0	0	no	yes	
1931	pot_empty	Pot	no	no	-1	0	453	0	no	yes	
1932	cert_pot_empty	Pot	yes	no	799	0	0	0	no	yes	
1933	pot_flour	Pot of flour	no	no	-1	0	1360	0	no	yes	
1934	cert_pot_flour	Pot of flour	yes	no	799	0	0	0	no	yes	
1935	jug_empty	Jug	no	no	-1	0	453	0	no	yes	
1936	cert_jug_empty	Jug	yes	no	799	0	0	0	no	yes	
1937	jug_water	Jug of water	no	no	-1	0	1000	0	no	yes	
1938	cert_jug_water	Jug of water	yes	no	799	0	0	0	no	yes	
1939	swamp_tar	Swamp tar	yes	yes	-1	0	453	0	no	yes	
1940	rawswamppaste	Raw swamp paste	yes	yes	-1	0	510	0	no	yes	
1941	swamppaste	Swamp paste	yes	yes	-1	0	510	0	no	yes	
1942	potato	Potato	no	no	-1	0	500	0	no	yes	
1943	cert_potato	Potato	yes	no	799	0	0	0	no	yes	
1944	egg	Egg	no	no	-1	0	20	0	no	yes	
1945	cert_egg	Egg	yes	no	799	0	0	0	no	yes	
1946	flour	Flour	no	no	-1	0	500	0	no	no	
1947	grain	Grain	no	no	-1	0	600	0	no	yes	
1948	cert_grain	Grain	yes	no	799	0	0	0	no	yes	
1949	chefs_hat	Chef's hat	no	no	-1	0	907	0	no	yes	
1950	cert_chefs_hat	Chef's hat	yes	no	799	0	0	0	no	yes	
1951	redberries	Redberries	no	no	-1	0	7	0	no	yes	
1952	cert_redberries	Redberries	yes	no	799	0	0	0	no	yes	
1953	pastry_dough	Pastry dough	no	no	-1	0	170	0	no	yes	
1954	cert_pastry_dough	Pastry dough	yes	no	799	0	0	0	no	yes	
1955	cooking_apple	Cooking apple	no	no	-1	0	85	0	no	yes	
1956	cert_cooking_apple	Cooking apple	yes	no	799	0	0	0	no	yes	
1957	onion	Onion	no	no	-1	0	150	0	no	yes	
1958	cert_onion	Onion	yes	no	799	0	0	0	no	yes	
1959	pumpkin	Pumpkin	no	no	-1	0	500	0	no	yes	
1960	cert_pumpkin	Pumpkin	yes	no	799	0	0	0	no	yes	
1961	easter_egg	Easter egg	no	no	-1	0	85	0	no	yes	
1962	cert_easter_egg	Easter egg	yes	no	799	0	0	0	no	yes	
1963	banana	Banana	no	no	-1	0	28	0	no	yes	
1964	cert_banana	Banana	yes	no	799	0	0	0	no	yes	
1965	cabbage	Cabbage	no	no	-1	0	453	0	no	yes	
1966	cert_cabbage	Cabbage	yes	no	799	0	0	0	no	yes	
1967	magic_cabbage	Cabbage	no	no	-1	0	350	0	no	yes	
1968	cert_magic_cabbage	Cabbage	yes	no	799	0	0	0	no	yes	
1969	spinach_roll	Spinach roll	no	no	-1	0	100	0	no	yes	
1970	cert_spinach_roll	Spinach roll	yes	no	799	0	0	0	no	yes	
1971	kebab	Kebab	no	no	-1	0	250	0	no	yes	
1972	cert_kebab	Kebab	yes	no	799	0	0	0	no	yes	
1973	chocolate_bar	Chocolate bar	no	no	-1	0	150	0	no	yes	
1974	cert_chocolate_bar	Chocolate bar	yes	no	799	0	0	0	no	yes	
1975	chocolate_dust	Chocolate dust	no	yes	-1	0	150	0	no	yes	
1976	cert_chocolate_dust	Chocolate dust	yes	yes	799	0	0	0	no	yes	
1977	chocolaty_milk	Chocolaty milk	no	yes	-1	0	2000	0	no	no	
1978	cup_of_tea	Cup of tea	no	yes	-1	0	150	0	no	yes	
1979	cert_cup_of_tea	Cup of tea	yes	yes	799	0	0	0	no	yes	
1980	cup_empty	Empty cup	no	yes	-1	0	50	0	no	yes	
1981	cert_cup_empty	Empty cup	yes	yes	799	0	0	0	no	yes	
1982	tomato	Tomato	no	no	-1	0	80	0	no	yes	
1983	cert_tomato	Tomato	yes	no	799	0	0	0	no	yes	
1984	rottenapples	Rotten apples	no	yes	-1	0	120	0	no	no	
1985	cheese	Cheese	no	no	-1	0	200	0	no	yes	
1986	cert_cheese	Cheese	yes	no	799	0	0	0	no	yes	
1987	grapes	Grapes	no	no	-1	0	250	0	no	yes	
1988	cert_grapes	Grapes	yes	no	799	0	0	0	no	yes	
1989	half_full_wine_jug	Half full wine jug	no	no	-1	0	1000	0	no	yes	
1990	cert_half_full_wine_jug	Half full wine jug	yes	no	799	0	0	0	no	yes	
1991	jug_bad_wine	Jug of bad wine	no	no	-1	0	1500	0	no	yes	
1992	cert_jug_bad_wine	Jug of bad wine	yes	no	799	0	0	0	no	yes	
1993	jug_wine	Jug of wine	no	no	-1	0	1500	0	no	yes	
1994	cert_jug_wine	Jug of wine	yes	no	799	0	0	0	no	yes	
1995	jug_unfermented_wine	Unfermented wine	no	no	-1	0	1500	0	no	yes	
1996	cert_jug_unfermented_wine	Unfermented wine	yes	no	799	0	0	0	no	yes	
1997	stew1	Incomplete stew	no	no	-1	0	1000	0	no	yes	
1998	cert_stew1	Incomplete stew	yes	no	799	0	0	0	no	yes	
1999	stew2	Incomplete stew	no	no	-1	0	1200	0	no	yes	
2000	cert_stew2	Incomplete stew	yes	no	799	0	0	0	no	yes	
2001	uncooked_stew	Uncooked stew	no	no	-1	0	1500	0	no	yes	
2002	cert_uncooked_stew	Uncooked stew	yes	no	799	0	0	0	no	yes	
2003	stew	Stew	no	no	-1	0	1500	0	no	yes	
2004	cert_stew	Stew	yes	no	799	0	0	0	no	yes	
2005	burnt_stew	Burnt stew	no	no	-1	0	1300	0	no	yes	
2006	cert_burnt_stew	Burnt stew	yes	no	799	0	0	0	no	yes	
2007	spicespot	Spice	no	yes	-1	0	200	0	no	yes	
2008	cert_spicespot	Spice	yes	yes	799	0	0	0	no	yes	
2009	uncooked_curry	Uncooked curry	no	yes	-1	0	1500	0	no	yes	
2010	cert_uncooked_curry	Uncooked curry	yes	yes	799	0	0	0	no	yes	
2011	curry	Curry	no	yes	-1	0	1500	0	no	yes	
2012	cert_curry	Curry	yes	yes	799	0	0	0	no	yes	
2013	burnt_curry	Burnt curry	no	yes	-1	0	1300	0	no	yes	
2014	cert_burnt_curry	Burnt curry	yes	yes	799	0	0	0	no	yes	
2015	vodka	Vodka	no	yes	-1	0	1000	0	no	yes	
2016	cert_vodka	Vodka	yes	yes	799	0	0	0	no	yes	
2017	whisky	Whisky	no	yes	-1	0	1000	0	no	yes	
2018	cert_whisky	Whisky	yes	yes	799	0	0	0	no	yes	
2019	gin	Gin	no	yes	-1	0	1000	0	no	yes	
2020	cert_gin	Gin	yes	yes	799	0	0	0	no	yes	
2021	brandy	Brandy	no	yes	-1	0	1000	0	no	yes	
2022	cert_brandy	Brandy	yes	yes	799	0	0	0	no	yes	
2023	cocktail_guide	Cocktail guide	no	yes	-1	0	510	0	no	yes	
2024	cert_cocktail_guide	Cocktail guide	yes	yes	799	0	0	0	no	yes	
2025	cocktail_shaker	Cocktail shaker	no	yes	-1	0	150	0	no	no	
2026	cocktail_glass_empty	Cocktail glass	no	yes	-1	0	100	0	no	yes	
2027	cert_cocktail_glass_empty	Cocktail glass	yes	yes	799	0	0	0	no	yes	
2028	premade_blurberry_special	Blurberry special	no	yes	-1	0	450	0	no	yes	
2029	cert_premade_blurberry_special	Blurberry special	yes	yes	799	0	0	0	no	yes	
2030	premade_choc_saturday	Choc saturday	no	yes	-1	0	450	0	no	yes	
2031	cert_premade_choc_saturday	Choc saturday	yes	yes	799	0	0	0	no	yes	
2032	premade_drunk_dragon	Drunk dragon	no	yes	-1	0	450	0	no	yes	
2033	cert_premade_drunk_dragon	Drunk dragon	yes	yes	799	0	0	0	no	yes	
2034	premade_fruit_blast	Fruit blast	no	yes	-1	0	450	0	no	yes	
2035	cert_premade_fruit_blast	Fruit blast	yes	yes	799	0	0	0	no	yes	
2036	premade_pineapple_punch	Pineapple punch	no	yes	-1	0	450	0	no	yes	
2037	cert_premade_pineapple_punch	Pineapple punch	yes	yes	799	0	0	0	no	yes	
2038	premade_sgg	Sgg	no	yes	-1	0	450	0	no	yes	
2039	cert_premade_sgg	Sgg	yes	yes	799	0	0	0	no	yes	
2040	premade_wizard_blizzard	Wizard blizzard	no	yes	-1	0	450	0	no	yes	
2041	cert_premade_wizard_blizzard	Wizard blizzard	yes	yes	799	0	0	0	no	yes	
2042	unfinished_pineapple_punch1	Unfinished cocktail	no	yes	-1	0	400	0	no	yes	
2043	cert_unfinished_pineapple_punch1	Unfinished cocktail	yes	yes	799	0	0	0	no	yes	
2044	unfinished_pineapple_punch2	Unfinished cocktail	no	yes	-1	0	400	0	no	yes	
2045	cert_unfinished_pineapple_punch2	Unfinished cocktail	yes	yes	799	0	0	0	no	yes	
2046	unfinished_pineapple_punch3	Unfinished cocktail	no	yes	-1	0	400	0	no	yes	
2047	cert_unfinished_pineapple_punch3	Unfinished cocktail	yes	yes	799	0	0	0	no	yes	
2048	pineapple_punch	Pineapple punch	no	yes	-1	0	500	0	no	yes	
2049	cert_pineapple_punch	Pineapple punch	yes	yes	799	0	0	0	no	yes	
2050	unfinished_wizard_blizzard1	Unfinished cocktail	no	yes	-1	0	400	0	no	yes	
2051	cert_unfinished_wizard_blizzard1	Unfinished cocktail	yes	yes	799	0	0	0	no	yes	
2052	unfinished_wizard_blizzard2	Unfinished cocktail	no	yes	-1	0	400	0	no	yes	
2053	cert_unfinished_wizard_blizzard2	Unfinished cocktail	yes	yes	799	0	0	0	no	yes	
2054	wizard_blizzard	Wizard blizzard	no	yes	-1	0	500	0	no	yes	
2055	cert_wizard_blizzard	Wizard blizzard	yes	yes	799	0	0	0	no	yes	
2056	unfinished_blurberry_special1	Unfinished cocktail	no	yes	-1	0	400	0	no	yes	
2057	cert_unfinished_blurberry_special1	Unfinished cocktail	yes	yes	799	0	0	0	no	yes	
2058	unfinished_blurberry_special2	Unfinished cocktail	no	yes	-1	0	400	0	no	yes	
2059	cert_unfinished_blurberry_special2	Unfinished cocktail	yes	yes	799	0	0	0	no	yes	
2060	unfinished_blurberry_special3	Unfinished cocktail	no	yes	-1	0	400	0	no	yes	
2061	cert_unfinished_blurberry_special3	Unfinished cocktail	yes	yes	799	0	0	0	no	yes	
2062	unfinished_blurberry_special4	Unfinished cocktail	no	yes	-1	0	400	0	no	yes	
2063	cert_unfinished_blurberry_special4	Unfinished cocktail	yes	yes	799	0	0	0	no	yes	
2064	blurberry_special	Blurberry special	no	yes	-1	0	500	0	no	yes	
2065	cert_blurberry_special	Blurberry special	yes	yes	799	0	0	0	no	yes	
2066	unfinished_chocolate_saturday1	Unfinished cocktail	no	yes	-1	0	400	0	no	yes	
2067	cert_unfinished_chocolate_saturday1	Unfinished cocktail	yes	yes	799	0	0	0	no	yes	
2068	unfinished_chocolate_saturday2	Unfinished cocktail	no	yes	-1	0	400	0	no	yes	
2069	cert_unfinished_chocolate_saturday2	Unfinished cocktail	yes	yes	799	0	0	0	no	yes	
2070	unfinished_chocolate_saturday3	Unfinished cocktail	no	yes	-1	0	400	0	no	yes	
2071	cert_unfinished_chocolate_saturday3	Unfinished cocktail	yes	yes	799	0	0	0	no	yes	
2072	unfinished_chocolate_saturday4	Unfinished cocktail	no	yes	-1	0	400	0	no	yes	
2073	cert_unfinished_chocolate_saturday4	Unfinished cocktail	yes	yes	799	0	0	0	no	yes	
2074	chocolate_saturday	Choc saturday	no	yes	-1	0	500	0	no	yes	
2075	cert_chocolate_saturday	Choc saturday	yes	yes	799	0	0	0	no	yes	
2076	unfinished_sgg1	Unfinished cocktail	no	yes	-1	0	400	0	no	yes	
2077	cert_unfinished_sgg1	Unfinished cocktail	yes	yes	799	0	0	0	no	yes	
2078	unfinished_sgg2	Unfinished cocktail	no	yes	-1	0	400	0	no	yes	
2079	cert_unfinished_sgg2	Unfinished cocktail	yes	yes	799	0	0	0	no	yes	
2080	sgg	Sgg	no	yes	-1	0	500	0	no	yes	
2081	cert_sgg	Sgg	yes	yes	799	0	0	0	no	yes	
2082	unfinished_fruit_blast1	Unfinished cocktail	no	yes	-1	0	400	0	no	yes	
2083	cert_unfinished_fruit_blast1	Unfinished cocktail	yes	yes	799	0	0	0	no	yes	
2084	fruit_blast	Fruit blast	no	yes	-1	0	500	0	no	yes	
2085	cert_fruit_blast	Fruit blast	yes	yes	799	0	0	0	no	yes	
2086	unfinished_drunk_dragon1	Unfinished cocktail	no	yes	-1	0	400	0	no	yes	
2087	cert_unfinished_drunk_dragon1	Unfinished cocktail	yes	yes	799	0	0	0	no	yes	
2088	unfinished_drunk_dragon2	Unfinished cocktail	no	yes	-1	0	400	0	no	yes	
2089	cert_unfinished_drunk_dragon2	Unfinished cocktail	yes	yes	799	0	0	0	no	yes	
2090	unfinished_drunk_dragon3	Unfinished cocktail	no	yes	-1	0	400	0	no	yes	
2091	cert_unfinished_drunk_dragon3	Unfinished cocktail	yes	yes	799	0	0	0	no	yes	
2092	drunk_dragon	Drunk dragon	no	yes	-1	0	500	0	no	yes	
2093	cert_drunk_dragon	Drunk dragon	yes	yes	799	0	0	0	no	yes	
2094	spoilt_cocktail	Odd cocktail	no	yes	-1	0	400	0	no	yes	
2095	cert_spoilt_cocktail	Odd cocktail	yes	yes	799	0	0	0	no	yes	
2096	spoilt_cocktail_fruity	Odd cocktail	no	yes	-1	0	400	0	no	yes	
2097	cert_spoilt_cocktail_fruity	Odd cocktail	yes	yes	799	0	0	0	no	yes	
2098	spoilt_cocktail_creamy	Odd cocktail	no	yes	-1	0	400	0	no	yes	
2099	cert_spoilt_cocktail_creamy	Odd cocktail	yes	yes	799	0	0	0	no	yes	
2100	spoilt_cocktail_slice	Odd cocktail	no	yes	-1	0	400	0	no	yes	
2101	cert_spoilt_cocktail_slice	Odd cocktail	yes	yes	799	0	0	0	no	yes	
2102	lemon	Lemon	no	yes	-1	0	100	0	no	yes	
2103	cert_lemon	Lemon	yes	yes	799	0	0	0	no	yes	
2104	lemon_chunks	Lemon chunks	no	yes	-1	0	80	0	no	yes	
2105	cert_lemon_chunks	Lemon chunks	yes	yes	799	0	0	0	no	yes	
2106	lemon_slices	Lemon slices	no	yes	-1	0	80	0	no	yes	
2107	cert_lemon_slices	Lemon slices	yes	yes	799	0	0	0	no	yes	
2108	orange	Orange	no	yes	-1	0	110	0	no	yes	
2109	cert_orange	Orange	yes	yes	799	0	0	0	no	yes	
2110	orange_chunks	Orange chunks	no	yes	-1	0	90	0	no	yes	
2111	cert_orange_chunks	Orange chunks	yes	yes	799	0	0	0	no	yes	
2112	orange_slices	Orange slices	no	yes	-1	0	90	0	no	yes	
2113	cert_orange_slices	Orange slices	yes	yes	799	0	0	0	no	yes	
2114	pineapple	Pineapple	no	yes	-1	0	150	0	no	yes	
2115	cert_pineapple	Pineapple	yes	yes	799	0	0	0	no	yes	
2116	pineapple_chunks	Pineapple chunks	no	yes	-1	0	120	0	no	yes	
2117	cert_pineapple_chunks	Pineapple chunks	yes	yes	799	0	0	0	no	yes	
2118	pineapple_ring	Pineapple ring	no	yes	-1	0	30	0	no	yes	
2119	cert_pineapple_ring	Pineapple ring	yes	yes	799	0	0	0	no	yes	
2120	lime	Lime	no	yes	-1	0	100	0	no	yes	
2121	cert_lime	Lime	yes	yes	799	0	0	0	no	yes	
2122	lime_chunks	Lime chunks	no	yes	-1	0	80	0	no	yes	
2123	cert_lime_chunks	Lime chunks	yes	yes	799	0	0	0	no	yes	
2124	lime_slices	Lime slices	no	yes	-1	0	80	0	no	yes	
2125	cert_lime_slices	Lime slices	yes	yes	799	0	0	0	no	yes	
2126	dwellberries	Dwellberries	no	yes	-1	0	14	0	no	yes	
2127	cert_dwellberries	Dwellberries	yes	yes	799	0	0	0	no	yes	
2128	equa_leaves	Equa leaves	no	yes	-1	0	14	0	no	yes	
2129	cert_equa_leaves	Equa leaves	yes	yes	799	0	0	0	no	yes	
2130	pot_of_cream	Pot of cream	no	yes	-1	0	200	0	no	yes	
2131	cert_pot_of_cream	Pot of cream	yes	yes	799	0	0	0	no	yes	
2132	raw_beef	Raw beef	no	no	-1	0	340	0	no	yes	
2133	cert_raw_beef	Raw beef	yes	no	799	0	0	0	no	yes	
2134	raw_rat_meat	Raw rat meat	no	no	-1	0	141	0	no	yes	
2135	cert_raw_rat_meat	Raw rat meat	yes	no	799	0	0	0	no	yes	
2136	raw_bear_meat	Raw bear meat	no	no	-1	0	425	0	no	yes	
2137	cert_raw_bear_meat	Raw bear meat	yes	no	799	0	0	0	no	yes	
2138	raw_chicken	Raw chicken	no	no	-1	0	170	0	no	yes	
2139	cert_raw_chicken	Raw chicken	yes	no	799	0	0	0	no	yes	
2140	cooked_chicken	Cooked chicken	no	no	-1	0	141	0	no	yes	
2141	cert_cooked_chicken	Cooked chicken	yes	no	799	0	0	0	no	yes	
2142	cooked_meat	Cooked meat	no	no	-1	0	283	0	no	yes	
2143	cert_cooked_meat	Cooked meat	yes	no	799	0	0	0	no	yes	
2144	burnt_chicken	Burnt chicken	no	no	-1	0	113	0	no	yes	
2145	cert_burnt_chicken	Burnt chicken	yes	no	799	0	0	0	no	yes	
2146	burnt_meat	Burnt meat	no	no	-1	0	226	0	no	yes	
2147	cert_burnt_meat	Burnt meat	yes	no	799	0	0	0	no	yes	
2148	raw_lava_eel	Raw lava eel	no	yes	-1	0	226	0	no	no	
2149	lava_eel	Lava eel	no	yes	-1	0	198	0	no	no	
2150	swamp_toad	Swamp toad	no	yes	-1	0	500	0	no	yes	
2151	cert_swamp_toad	Swamp toad	yes	yes	799	0	0	0	no	yes	
2152	toads_legs	Toad's legs	no	yes	-1	0	150	0	no	yes	
2153	cert_toads_legs	Toad's legs	yes	yes	799	0	0	0	no	yes	
2154	equa_toads_legs	Equa toad's legs	no	yes	-1	0	150	0	no	yes	
2155	cert_equa_toads_legs	Equa toad's legs	yes	yes	799	0	0	0	no	yes	
2156	spicy_toads_legs	Spicy toad's legs	no	yes	-1	0	150	0	no	yes	
2157	cert_spicy_toads_legs	Spicy toad's legs	yes	yes	799	0	0	0	no	yes	
2158	seasoned_toads_legs	Seasoned legs	no	yes	-1	0	150	0	no	yes	
2159	cert_seasoned_toads_legs	Seasoned legs	yes	yes	799	0	0	0	no	yes	
2160	spicy_worm	Spicy worm	no	yes	-1	0	100	0	no	yes	
2161	cert_spicy_worm	Spicy worm	yes	yes	799	0	0	0	no	yes	
2162	king_worm	King worm	no	yes	-1	0	120	0	no	yes	
2163	cert_king_worm	King worm	yes	yes	799	0	0	0	no	yes	
2164	batta_tin	Batta tin	no	yes	-1	0	100	0	no	no	
2165	crunchy_tray	Crunchy tray	no	yes	-1	0	100	0	no	no	
2166	gnomebowl_mould	Gnomebowl mould	no	yes	-1	0	150	0	no	no	
2167	giannes_cook_book	Gianne's cook book	no	yes	-1	0	510	0	no	yes	
2168	cert_giannes_cook_book	Gianne's cook book	yes	yes	799	0	0	0	no	yes	
2169	gnome_spice	Gnome spice	no	yes	-1	0	150	0	no	yes	
2170	cert_gnome_spice	Gnome spice	yes	yes	799	0	0	0	no	yes	
2171	gianne_dough	Gianne dough	no	yes	-1	0	500	0	no	yes	
2172	cert_gianne_dough	Gianne dough	yes	yes	799	0	0	0	no	yes	
2173	spoilt_gnomebowl	Odd gnomebowl	no	yes	-1	0	250	0	no	yes	
2174	cert_spoilt_gnomebowl	Odd gnomebowl	yes	yes	799	0	0	0	no	yes	
2175	burnt_gnomebowl	Burnt gnomebowl	no	yes	-1	0	220	0	no	yes	
2176	cert_burnt_gnomebowl	Burnt gnomebowl	yes	yes	799	0	0	0	no	yes	
2177	half_baked_bowl	Half baked bowl	no	yes	-1	0	275	0	no	no	
2178	raw_gnomebowl	Raw gnomebowl	no	yes	-1	0	300	0	no	no	
2179	unfinished_chocolate_bomb1	Unfinished bowl	no	yes	-1	0	300	0	no	yes	
2180	cert_unfinished_chocolate_bomb1	Unfinished bowl	yes	yes	799	0	0	0	no	yes	
2181	unfinished_chocolate_bomb2	Unfinished bowl	no	yes	-1	0	300	0	no	yes	
2182	cert_unfinished_chocolate_bomb2	Unfinished bowl	yes	yes	799	0	0	0	no	yes	
2183	unfinished_chocolate_bomb3	Unfinished bowl	no	yes	-1	0	300	0	no	yes	
2184	cert_unfinished_chocolate_bomb3	Unfinished bowl	yes	yes	799	0	0	0	no	yes	
2185	chocolate_bomb	Chocolate bomb	no	yes	-1	0	350	0	no	yes	
2186	cert_chocolate_bomb	Chocolate bomb	yes	yes	799	0	0	0	no	yes	
2187	tangled_toads_legs	Tangled toad's legs	no	yes	-1	0	350	0	no	yes	
2188	cert_tangled_toads_legs	Tangled toad's legs	yes	yes	799	0	0	0	no	yes	
2189	unfinished_worm_hole	Unfinished bowl	no	yes	-1	0	300	0	no	yes	
2190	cert_unfinished_worm_hole	Unfinished bowl	yes	yes	799	0	0	0	no	yes	
2191	worm_hole	Worm hole	no	yes	-1	0	350	0	no	yes	
2192	cert_worm_hole	Worm hole	yes	yes	799	0	0	0	no	yes	
2193	unfinished_veg_ball	Unfinished bowl	no	yes	-1	0	300	0	no	yes	
2194	cert_unfinished_veg_ball	Unfinished bowl	yes	yes	799	0	0	0	no	yes	
2195	veg_ball	Veg ball	no	yes	-1	0	350	0	no	yes	
2196	cert_veg_ball	Veg ball	yes	yes	799	0	0	0	no	yes	
2197	spoilt_crunchies	Odd crunchies	no	yes	-1	0	300	0	no	yes	
2198	cert_spoilt_crunchies	Odd crunchies	yes	yes	799	0	0	0	no	yes	
2199	burnt_crunchies	Burnt crunchies	no	yes	-1	0	250	0	no	yes	
2200	cert_burnt_crunchies	Burnt crunchies	yes	yes	799	0	0	0	no	yes	
2201	half_baked_crunchy	Half baked crunchy	no	yes	-1	0	350	0	no	no	
2202	raw_crunchies	Raw crunchies	no	yes	-1	0	400	0	no	no	
2203	unfinished_worm_crunchies	Unfinished crunchy	no	yes	-1	0	300	0	no	yes	
2204	cert_unfinished_worm_crunchies	Unfinished crunchy	yes	yes	799	0	0	0	no	yes	
2205	worm_crunchies	Worm crunchies	no	yes	-1	0	250	0	no	yes	
2206	cert_worm_crunchies	Worm crunchies	yes	yes	799	0	0	0	no	yes	
2207	unfinished_chocchip_crunchies	Unfinished crunchy	no	yes	-1	0	300	0	no	yes	
2208	cert_unfinished_chocchip_crunchies	Unfinished crunchy	yes	yes	799	0	0	0	no	yes	
2209	chocchip_crunchies	Chocchip crunchies	no	yes	-1	0	250	0	no	yes	
2210	cert_chocchip_crunchies	Chocchip crunchies	yes	yes	799	0	0	0	no	yes	
2211	unfinished_spicy_crunchies	Unfinished crunchy	no	yes	-1	0	300	0	no	yes	
2212	cert_unfinished_spicy_crunchies	Unfinished crunchy	yes	yes	799	0	0	0	no	yes	
2213	spicy_crunchies	Spicy crunchies	no	yes	-1	0	250	0	no	yes	
2214	cert_spicy_crunchies	Spicy crunchies	yes	yes	799	0	0	0	no	yes	
2215	unfinished_toad_crunchies	Unfinished crunchy	no	yes	-1	0	300	0	no	yes	
2216	cert_unfinished_toad_crunchies	Unfinished crunchy	yes	yes	799	0	0	0	no	yes	
2217	toad_crunchies	Toad crunchies	no	yes	-1	0	250	0	no	yes	
2218	cert_toad_crunchies	Toad crunchies	yes	yes	799	0	0	0	no	yes	
2219	premade_worm_batta	Worm batta	no	yes	-1	0	250	0	no	yes	
2220	cert_premade_worm_batta	Worm batta	yes	yes	799	0	0	0	no	yes	
2221	premade_toad_batta	Toad batta	no	yes	-1	0	250	0	no	yes	
2222	cert_premade_toad_batta	Toad batta	yes	yes	799	0	0	0	no	yes	
2223	premade_cheese+tom_batta	Cheese+tom batta	no	yes	-1	0	250	0	no	yes	
2224	cert_premade_cheese+tom_batta	Cheese+tom batta	yes	yes	799	0	0	0	no	yes	
2225	premade_fruit_batta	Fruit batta	no	yes	-1	0	250	0	no	yes	
2226	cert_premade_fruit_batta	Fruit batta	yes	yes	799	0	0	0	no	yes	
2227	premade_vegetable_batta	Vegetable batta	no	yes	-1	0	250	0	no	yes	
2228	cert_premade_vegetable_batta	Vegetable batta	yes	yes	799	0	0	0	no	yes	
2229	premade_chocolate_bomb	Chocolate bomb	no	yes	-1	0	350	0	no	yes	
2230	cert_premade_chocolate_bomb	Chocolate bomb	yes	yes	799	0	0	0	no	yes	
2231	premade_tangled_toads_legs	Tangled toad's legs	no	yes	-1	0	350	0	no	yes	
2232	cert_premade_tangled_toads_legs	Tangled toad's legs	yes	yes	799	0	0	0	no	yes	
2233	premade_worm_hole	Worm hole	no	yes	-1	0	350	0	no	yes	
2234	cert_premade_worm_hole	Worm hole	yes	yes	799	0	0	0	no	yes	
2235	premade_veg_ball	Veg ball	no	yes	-1	0	350	0	no	yes	
2236	cert_premade_veg_ball	Veg ball	yes	yes	799	0	0	0	no	yes	
2237	premade_worm_crunchies	Worm crunchies	no	yes	-1	0	250	0	no	yes	
2238	cert_premade_worm_crunchies	Worm crunchies	yes	yes	799	0	0	0	no	yes	
2239	premade_chocchip_crunchies	Chocchip crunchies	no	yes	-1	0	250	0	no	yes	
2240	cert_premade_chocchip_crunchies	Chocchip crunchies	yes	yes	799	0	0	0	no	yes	
2241	premade_spicy_crunchies	Spicy crunchies	no	yes	-1	0	250	0	no	yes	
2242	cert_premade_spicy_crunchies	Spicy crunchies	yes	yes	799	0	0	0	no	yes	
2243	premade_toad_crunchies	Toad crunchies	no	yes	-1	0	250	0	no	yes	
2244	cert_premade_toad_crunchies	Toad crunchies	yes	yes	799	0	0	0	no	yes	
2245	spoilt_batta	Odd batta	no	yes	-1	0	250	0	no	yes	
2246	cert_spoilt_batta	Odd batta	yes	yes	799	0	0	0	no	yes	
2247	burnt_batta	Burnt batta	no	yes	-1	0	200	0	no	yes	
2248	cert_burnt_batta	Burnt batta	yes	yes	799	0	0	0	no	yes	
2249	half_baked_batta	Half baked batta	no	yes	-1	0	250	0	no	no	
2250	raw_batta	Raw batta	no	yes	-1	0	250	0	no	no	
2251	unfinished_worm_batta	Unfinished batta	no	yes	-1	0	250	0	no	yes	
2252	cert_unfinished_worm_batta	Unfinished batta	yes	yes	799	0	0	0	no	yes	
2253	worm_batta	Worm batta	no	yes	-1	0	250	0	no	yes	
2254	cert_worm_batta	Worm batta	yes	yes	799	0	0	0	no	yes	
2255	toad_batta	Toad batta	no	yes	-1	0	250	0	no	yes	
2256	cert_toad_batta	Toad batta	yes	yes	799	0	0	0	no	yes	
2257	unfinished_cheese+tom_batta	Unfinished batta	no	yes	-1	0	250	0	no	yes	
2258	cert_unfinished_cheese+tom_batta	Unfinished batta	yes	yes	799	0	0	0	no	yes	
2259	cheese+tom_batta	Cheese+tom batta	no	yes	-1	0	250	0	no	yes	
2260	cert_cheese+tom_batta	Cheese+tom batta	yes	yes	799	0	0	0	no	yes	
2261	fruitless_batta	Unfinished batta	no	yes	-1	0	250	0	no	yes	
2262	cert_fruitless_batta	Unfinished batta	yes	yes	799	0	0	0	no	yes	
2263	fruit_batta_lime	Unfinished batta	no	yes	-1	0	250	0	no	yes	
2264	cert_fruit_batta_lime	Unfinished batta	yes	yes	799	0	0	0	no	yes	
2265	fruit_batta_orange	Unfinished batta	no	yes	-1	0	250	0	no	yes	
2266	cert_fruit_batta_orange	Unfinished batta	yes	yes	799	0	0	0	no	yes	
2267	fruit_batta_pineapple	Unfinished batta	no	yes	-1	0	250	0	no	yes	
2268	cert_fruit_batta_pineapple	Unfinished batta	yes	yes	799	0	0	0	no	yes	
2269	fruit_batta_limeorange	Unfinished batta	no	yes	-1	0	250	0	no	yes	
2270	cert_fruit_batta_limeorange	Unfinished batta	yes	yes	799	0	0	0	no	yes	
2271	fruit_batta_limepineapple	Unfinished batta	no	yes	-1	0	250	0	no	yes	
2272	cert_fruit_batta_limepineapple	Unfinished batta	yes	yes	799	0	0	0	no	yes	
2273	fruit_batta_orangepineapple	Unfinished batta	no	yes	-1	0	250	0	no	yes	
2274	cert_fruit_batta_orangepineapple	Unfinished batta	yes	yes	799	0	0	0	no	yes	
2275	unfinished_fruit_batta	Unfinished batta	no	yes	-1	0	250	0	no	yes	
2276	cert_unfinished_fruit_batta	Unfinished batta	yes	yes	799	0	0	0	no	yes	
2277	fruit_batta	Fruit batta	no	yes	-1	0	250	0	no	yes	
2278	cert_fruit_batta	Fruit batta	yes	yes	799	0	0	0	no	yes	
2279	unfinished_vegetable_batta	Unfinished batta	no	yes	-1	0	250	0	no	yes	
2280	cert_unfinished_vegetable_batta	Unfinished batta	yes	yes	799	0	0	0	no	yes	
2281	vegetable_batta	Vegetable batta	no	yes	-1	0	250	0	no	yes	
2282	cert_vegetable_batta	Vegetable batta	yes	yes	799	0	0	0	no	yes	
2283	pizza_base	Pizza base	no	no	-1	0	100	0	no	yes	
2284	cert_pizza_base	Pizza base	yes	no	799	0	0	0	no	yes	
2285	incomplete_pizza	Incomplete pizza	no	no	-1	0	600	0	no	yes	
2286	cert_incomplete_pizza	Incomplete pizza	yes	no	799	0	0	0	no	yes	
2287	uncooked_pizza	Uncooked pizza	no	no	-1	0	800	0	no	yes	
2288	cert_uncooked_pizza	Uncooked pizza	yes	no	799	0	0	0	no	yes	
2289	plain_pizza	Plain pizza	no	no	-1	0	800	0	no	yes	
2290	cert_plain_pizza	Plain pizza	yes	no	799	0	0	0	no	yes	
2291	half_plain_pizza	1/2 plain pizza	no	no	-1	0	400	0	no	yes	
2292	cert_half_plain_pizza	1/2 plain pizza	yes	no	799	0	0	0	no	yes	
2293	meat_pizza	Meat pizza	no	no	-1	0	900	0	no	yes	
2294	cert_meat_pizza	Meat pizza	yes	no	799	0	0	0	no	yes	
2295	half_meat_pizza	1/2 meat pizza	no	no	-1	0	450	0	no	yes	
2296	cert_half_meat_pizza	1/2 meat pizza	yes	no	799	0	0	0	no	yes	
2297	anchovie_pizza	Anchovy pizza	no	no	-1	0	900	0	no	yes	
2298	cert_anchovie_pizza	Anchovy pizza	yes	no	799	0	0	0	no	yes	
2299	half_anchovie_pizza	1/2 anchovy pizza	no	no	-1	0	450	0	no	yes	
2300	cert_half_anchovie_pizza	1/2 anchovy pizza	yes	no	799	0	0	0	no	yes	
2301	pineapple_pizza	Pineapple pizza	no	yes	-1	0	900	0	no	yes	
2302	cert_pineapple_pizza	Pineapple pizza	yes	yes	799	0	0	0	no	yes	
2303	half_pineapple_pizza	1/2pineapple pizza	no	yes	-1	0	450	0	no	yes	
2304	cert_half_pineapple_pizza	1/2pineapple pizza	yes	yes	799	0	0	0	no	yes	
2305	burnt_pizza	Burnt pizza	no	no	-1	0	700	0	no	yes	
2306	cert_burnt_pizza	Burnt pizza	yes	no	799	0	0	0	no	yes	
2307	bread_dough	Bread dough	no	no	-1	0	600	0	no	yes	
2308	cert_bread_dough	Bread dough	yes	no	799	0	0	0	no	yes	
2309	bread	Bread	no	no	-1	0	500	0	no	yes	
2310	cert_bread	Bread	yes	no	799	0	0	0	no	yes	
2311	burnt_bread	Burnt bread	no	no	-1	0	350	0	no	yes	
2312	cert_burnt_bread	Burnt bread	yes	no	799	0	0	0	no	yes	
2313	piedish	Pie dish	no	no	-1	0	100	0	no	yes	
2314	cert_piedish	Pie dish	yes	no	799	0	0	0	no	yes	
2315	pie_shell	Pie shell	no	no	-1	0	250	0	no	yes	
2316	cert_pie_shell	Pie shell	yes	no	799	0	0	0	no	yes	
2317	uncooked_apple_pie	Uncooked apple pie	no	no	-1	0	500	0	no	yes	
2318	cert_uncooked_apple_pie	Uncooked apple pie	yes	no	799	0	0	0	no	yes	
2319	uncooked_meat_pie	Uncooked meat pie	no	no	-1	0	500	0	no	yes	
2320	cert_uncooked_meat_pie	Uncooked meat pie	yes	no	799	0	0	0	no	yes	
2321	uncooked_redberry_pie	Uncooked berry pie	no	no	-1	0	500	0	no	yes	
2322	cert_uncooked_redberry_pie	Uncooked berry pie	yes	no	799	0	0	0	no	yes	
2323	apple_pie	Apple pie	no	no	-1	0	450	0	no	yes	
2324	cert_apple_pie	Apple pie	yes	no	799	0	0	0	no	yes	
2325	redberry_pie	Redberry pie	no	no	-1	0	450	0	no	yes	
2326	cert_redberry_pie	Redberry pie	yes	no	799	0	0	0	no	yes	
2327	meat_pie	Meat pie	no	no	-1	0	450	0	no	yes	
2328	cert_meat_pie	Meat pie	yes	no	799	0	0	0	no	yes	
2329	burnt_pie	Burnt pie	no	no	-1	0	350	0	no	yes	
2330	cert_burnt_pie	Burnt pie	yes	no	799	0	0	0	no	yes	
2331	half_a_meat_pie	Half a meat pie	no	no	-1	0	225	0	no	yes	
2332	cert_half_a_meat_pie	Half a meat pie	yes	no	799	0	0	0	no	yes	
2333	half_a_redberry_pie	Half a redberry pie	no	no	-1	0	225	0	no	yes	
2334	cert_half_a_redberry_pie	Half a redberry pie	yes	no	799	0	0	0	no	yes	
2335	half_an_apple_pie	Half an apple pie	no	no	-1	0	225	0	no	yes	
2336	cert_half_an_apple_pie	Half an apple pie	yes	no	799	0	0	0	no	yes	
2337	raw_oomlie	Raw oomlie	no	yes	-1	0	225	0	no	yes	
2338	cert_raw_oomlie	Raw oomlie	yes	yes	799	0	0	0	no	yes	
2339	palm_leaf	Palm leaf	no	yes	-1	0	100	0	no	yes	
2340	cert_palm_leaf	Palm leaf	yes	yes	799	0	0	0	no	yes	
2341	wrapped_oomlie	Wrapped oomlie	no	yes	-1	0	325	0	no	yes	
2342	cert_wrapped_oomlie	Wrapped oomlie	yes	yes	799	0	0	0	no	yes	
2343	cooked_oomlie	Cooked oomlie wrap	no	yes	-1	0	300	0	no	yes	
2344	cert_cooked_oomlie	Cooked oomlie wrap	yes	yes	799	0	0	0	no	yes	
2345	burnt_oomlie	Burnt oomlie wrap	no	yes	-1	0	275	0	no	yes	
2346	cert_burnt_oomlie	Burnt oomlie wrap	yes	yes	799	0	0	0	no	yes	
2347	hammer	Hammer	no	no	-1	0	907	0	no	yes	
2348	cert_hammer	Hammer	yes	no	799	0	0	0	no	yes	
2349	bronze_bar	Bronze bar	no	no	-1	0	1814	0	no	yes	
2350	cert_bronze_bar	Bronze bar	yes	no	799	0	0	0	no	yes	
2351	iron_bar	Iron bar	no	no	-1	0	1814	0	no	yes	
2352	cert_iron_bar	Iron bar	yes	no	799	0	0	0	no	yes	
2353	steel_bar	Steel bar	no	no	-1	0	1814	0	no	yes	
2354	cert_steel_bar	Steel bar	yes	no	799	0	0	0	no	yes	
2355	silver_bar	Silver bar	no	no	-1	0	1814	0	no	yes	
2356	cert_silver_bar	Silver bar	yes	no	799	0	0	0	no	yes	
2357	gold_bar	Gold bar	no	no	-1	0	1814	0	no	yes	
2358	cert_gold_bar	Gold bar	yes	no	799	0	0	0	no	yes	
2359	mithril_bar	Mithril bar	no	no	-1	0	1587	0	no	yes	
2360	cert_mithril_bar	Mithril bar	yes	no	799	0	0	0	no	yes	
2361	adamantite_bar	Adamantite bar	no	no	-1	0	2041	0	no	yes	
2362	cert_adamantite_bar	Adamantite bar	yes	no	799	0	0	0	no	yes	
2363	runite_bar	Runite bar	no	no	-1	0	1814	0	no	yes	
2364	cert_runite_bar	Runite bar	yes	no	799	0	0	0	no	yes	
2365	perfect_gold_bar	'perfect' gold bar	no	yes	-1	0	1814	0	no	no	
2366	dragonshield_a	Shield left half	no	yes	-1	0	2721	0	no	yes	
2367	cert_dragonshield_a	Shield left half	yes	yes	799	0	0	0	no	yes	
2368	dragonshield_b	Shield right half	no	yes	-1	0	2721	0	no	yes	
2369	cert_dragonshield_b	Shield right half	yes	yes	799	0	0	0	no	yes	
2370	studs	Steel studs	no	yes	-1	0	1360	0	no	yes	
2371	cert_studs	Steel studs	yes	yes	799	0	0	0	no	yes	
2372	ogrerelic	Ogre relic	no	yes	-1	0	3000	0	no	no	
2373	relicpart1	Relic part 1	no	yes	-1	0	1000	0	no	no	
2374	relicpart2	Relic part 2	no	yes	-1	0	1000	0	no	no	
2375	relicpart3	Relic part 3	no	yes	-1	0	1000	0	no	no	
2376	skavidmap	Skavid map	no	yes	-1	0	10	0	no	no	
2377	ogretooth	Ogre tooth	no	yes	-1	0	10	0	no	no	
2378	toban_key	Toban key	no	yes	-1	0	10	0	no	no	
2379	rockcake	Rock cake	no	yes	-1	0	25	0	no	no	
2380	powering_crystal1	Crystal	no	yes	-1	0	907	0	no	no	
2381	powering_crystal2	Crystal	no	yes	-1	0	907	0	no	no	
2382	powering_crystal3	Crystal	no	yes	-1	0	907	0	no	no	
2383	powering_crystal4	Crystal	no	yes	-1	0	907	0	no	no	
2384	fingernails	Finger nails	no	yes	-1	0	2	0	no	no	
2385	watchtowerrobe	Old robe	no	yes	-1	0	1814	0	no	no	
2386	watchtowerarmour	Unusual armour	no	yes	-1	0	3628	0	no	no	
2387	watchtowerdagger	Damaged dagger	no	yes	-1	0	453	0	no	no	
2388	watch_eye_patch	Tattered eye patch	no	yes	-1	0	6	0	no	no	
2389	jangervial	Vial	no	yes	-1	0	15	0	no	no	
2390	guamjangervial	Vial	no	yes	-1	0	25	0	no	no	
2391	ground_bat_bones	Ground bat bones	no	yes	-1	0	100	0	no	yes	
2392	cert_ground_bat_bones	Ground bat bones	yes	yes	799	0	0	0	no	yes	
2393	stolen_gold	Gold	no	yes	-1	0	1814	0	no	no	
2394	ogre_potion	Potion	no	yes	-1	0	25	0	no	no	
2395	magic_ogre_potion	Magic ogre potion	no	yes	-1	0	25	0	no	no	
2396	watchtowerspell	Spell scroll	no	yes	-1	0	10	0	no	no	
2397	shaman_robe	Shaman robe	no	yes	-1	0	1814	0	no	no	
2398	nightshade	Nightshade	no	yes	-1	0	15	0	no	no	
2399	silverlight_key_1	Key	no	no	-1	0	1000	0	no	no	
2400	silverlight_key_2	Key	no	no	-1	0	1000	0	no	no	
2401	silverlight_key_3	Key	no	no	-1	0	1000	0	no	no	
2402	silverlight	Silverlight	no	no	-1	0	1814	0	no	no	
2403	hazeel_scroll	Scroll of hazeel	no	yes	-1	0	10	0	no	no	
2404	carnilleanchestkey	Key	no	yes	-1	0	10	0	no	no	
2405	carnillean_armour	Carnillean armour	no	yes	-1	0	9071	0	no	no	
2406	mark_of_hazeel	Mark of hazeel	no	yes	-1	0	12	0	no	no	
2407	ball	Ball	no	yes	-1	0	150	0	no	no	
2408	witches_diary	Diary	no	yes	-1	0	510	0	no	no	
2409	witches_doorkey	Door key	no	yes	-1	0	10	0	no	no	
2410	magnet	Magnet	no	yes	-1	0	20	0	no	no	
2411	witches_shedkey	Key	no	yes	-1	0	10	0	no	no	
2412	saradomin_cape	Cape of saradomin	no	yes	-1	0	453	0	no	no	
2413	guthix_cape	Cape of guthix	no	yes	-1	0	453	0	no	no	
2414	zamorak_cape	Cape of zamorak	no	yes	-1	0	453	0	no	no	
2415	saradomin_staff	Staff of saradomin	no	yes	-1	0	2267	0	no	no	
2416	guthix_staff	Staff of guthix	no	yes	-1	0	2267	0	no	no	
2417	zamorak_staff	Staff of zamorak	no	yes	-1	0	2267	0	no	no	
2418	princeskey	Bronze key	no	no	-1	0	10	0	no	no	
2419	blondwig	Wig	no	no	-1	0	453	0	no	no	
2420	obj_2420		no	no	-1	0	0	0	no	no	
2421	plainwig	Wig	no	no	-1	0	10	0	no	no	
2422	obj_2422		no	no	-1	0	0	0	no	no	
2423	keyprint	Key print	no	no	-1	0	10	0	no	no	
2424	skinpaste	Paste	no	no	-1	0	15	0	no	no	
2425	obj_2425		no	no	-1	0	0	0	no	no	
2426	burnt_uw_oomlie	Burnt oomlie	no	yes	-1	0	113	0	no	yes	
2427	cert_burnt_uw_oomlie	Burnt oomlie	yes	yes	799	0	0	0	no	yes	
2428	4dose1attack	Attack potion(4)	no	yes	-1	0	35	0	no	yes	
2429	cert_4dose1attack	Attack potion(4)	yes	yes	799	0	0	0	no	yes	
2430	4dosestatrestore	Restore potion(4)	no	yes	-1	0	35	0	no	yes	
2431	cert_4dosestatrestore	Restore potion(4)	yes	yes	799	0	0	0	no	yes	
2432	4dose1defense	Defence potion(4)	no	yes	-1	0	35	0	no	yes	
2433	cert_4dose1defense	Defence potion(4)	yes	yes	799	0	0	0	no	yes	
2434	4doseprayerrestore	Prayer potion(4)	no	yes	-1	0	35	0	no	yes	
2435	cert_4doseprayerrestore	Prayer potion(4)	yes	yes	799	0	0	0	no	yes	
2436	4dose2attack	Super attack(4)	no	yes	-1	0	35	0	no	yes	
2437	cert_4dose2attack	Super attack(4)	yes	yes	799	0	0	0	no	yes	
2438	4dosefisherspotion	Fishing potion(4)	no	yes	-1	0	35	0	no	yes	
2439	cert_4dosefisherspotion	Fishing potion(4)	yes	yes	799	0	0	0	no	yes	
2440	4dose2strength	Super strength(4)	no	yes	-1	0	35	0	no	yes	
2441	cert_4dose2strength	Super strength(4)	yes	yes	799	0	0	0	no	yes	
2442	4dose2defense	Super defence(4)	no	yes	-1	0	35	0	no	yes	
2443	cert_4dose2defense	Super defence(4)	yes	yes	799	0	0	0	no	yes	
2444	4doserangerspotion	Ranging potion(4)	no	yes	-1	0	35	0	no	yes	
2445	cert_4doserangerspotion	Ranging potion(4)	yes	yes	799	0	0	0	no	yes	
2446	4doseantipoison	Antipoison(4)	no	yes	-1	0	35	0	no	yes	
2447	cert_4doseantipoison	Antipoison(4)	yes	yes	799	0	0	0	no	yes	
2448	4dose2antipoison	Superantipoison(4)	no	yes	-1	0	35	0	no	yes	
2449	cert_4dose2antipoison	Superantipoison(4)	yes	yes	799	0	0	0	no	yes	
2450	4dosepotionofzamorak	Zamorak potion(4)	no	yes	-1	0	35	0	no	yes	
2451	cert_4dosepotionofzamorak	Zamorak potion(4)	yes	yes	799	0	0	0	no	yes	
2452	4dose1antidragon	Antifire potion(4)	no	yes	-1	0	35	0	no	yes	
2453	cert_4dose1antidragon	Antifire potion(4)	yes	yes	799	0	0	0	no	yes	
2454	3dose1antidragon	Antifire potion(3)	no	yes	-1	0	30	0	no	yes	
2455	cert_3dose1antidragon	Antifire potion(3)	yes	yes	799	0	0	0	no	yes	
2456	2dose1antidragon	Antifire potion(2)	no	yes	-1	0	25	0	no	yes	
2457	cert_2dose1antidragon	Antifire potion(2)	yes	yes	799	0	0	0	no	yes	
2458	1dose1antidragon	Antifire potion(1)	no	yes	-1	0	20	0	no	yes	
2459	cert_1dose1antidragon	Antifire potion(1)	yes	yes	799	0	0	0	no	yes	
2460	flowers_waterfall_quest	Flowers	no	yes	-1	0	28	0	no	yes	
2461	cert_flowers_waterfall_quest	Flowers	yes	yes	799	0	0	0	no	yes	
2462	flowers_waterfall_quest_red	Flowers	no	yes	-1	0	28	0	no	yes	
2463	cert_flowers_waterfall_quest_red	Flowers	yes	yes	799	0	0	0	no	yes	
2464	flowers_waterfall_quest_blue	Flowers	no	yes	-1	0	28	0	no	yes	
2465	cert_flowers_waterfall_quest_blue	Flowers	yes	yes	799	0	0	0	no	yes	
2466	flowers_waterfall_quest_yellow	Flowers	no	yes	-1	0	28	0	no	yes	
2467	cert_flowers_waterfall_quest_yellow	Flowers	yes	yes	799	0	0	0	no	yes	
2468	flowers_waterfall_quest_purple	Flowers	no	yes	-1	0	28	0	no	yes	
2469	cert_flowers_waterfall_quest_purple	Flowers	yes	yes	799	0	0	0	no	yes	
2470	flowers_waterfall_quest_orange	Flowers	no	yes	-1	0	28	0	no	yes	
2471	cert_flowers_waterfall_quest_orange	Flowers	yes	yes	799	0	0	0	no	yes	
2472	flowers_waterfall_quest_mixed	Flowers	no	yes	-1	0	28	0	no	yes	
2473	cert_flowers_waterfall_quest_mixed	Flowers	yes	yes	799	0	0	0	no	yes	
2474	flowers_waterfall_quest_white	Flowers	no	yes	-1	0	28	0	no	yes	
2475	cert_flowers_waterfall_quest_white	Flowers	yes	yes	799	0	0	0	no	yes	
2476	flowers_waterfall_quest_black	Flowers	no	yes	-1	0	28	0	no	yes	
2477	cert_flowers_waterfall_quest_black	Flowers	yes	yes	799	0	0	0	no	yes	
2478	cert_fish_food	Fish food	yes	no	799	0	0	0	no	yes	
2479	cert_poison	Poison	yes	no	799	0	0	0	no	yes	
2480	obj_2480		no	no	-1	0	0	0	no	no	
2481	lantadyme	Lantadyme	no	yes	-1	0	7	0	no	yes	
2482	cert_lantadyme	Lantadyme	yes	yes	799	0	0	0	no	yes	
2483	lantadymevial	Unfinished potion	no	yes	-1	0	56	0	no	yes	
2484	cert_lantadymevial	Unfinished potion	yes	yes	799	0	0	0	no	yes	
2485	unidentified_lantadyme	Herb	no	yes	-1	0	7	0	no	yes	
2486	cert_unidentified_lantadyme	Herb	yes	yes	799	0	0	0	no	yes	
2487	blue_dragon_vambraces	Dragon vambraces	no	yes	-1	0	283	0	no	yes	
2488	cert_blue_dragon_vambraces	Dragon vambraces	yes	yes	799	0	0	0	no	yes	
2489	red_dragon_vambraces	Dragon vambraces	no	yes	-1	0	283	0	no	yes	
2490	cert_red_dragon_vambraces	Dragon vambraces	yes	yes	799	0	0	0	no	yes	
2491	black_dragon_vambraces	Dragon vambraces	no	yes	-1	0	283	0	no	yes	
2492	cert_black_dragon_vambraces	Dragon vambraces	yes	yes	799	0	0	0	no	yes	
2493	blue_dragonhide_chaps	Dragonhide chaps	no	yes	-1	0	5443	0	no	yes	
2494	cert_blue_dragonhide_chaps	Dragonhide chaps	yes	yes	799	0	0	0	no	yes	
2495	red_dragonhide_chaps	Dragonhide chaps	no	yes	-1	0	5443	0	no	yes	
2496	cert_red_dragonhide_chaps	Dragonhide chaps	yes	yes	799	0	0	0	no	yes	
2497	black_dragonhide_chaps	Dragonhide chaps	no	yes	-1	0	5443	0	no	yes	
2498	cert_black_dragonhide_chaps	Dragonhide chaps	yes	yes	799	0	0	0	no	yes	
2499	blue_dragonhide_body	Dragonhide body	no	yes	-1	0	6803	0	no	yes	
2500	cert_blue_dragonhide_body	Dragonhide body	yes	yes	799	0	0	0	no	yes	
2501	red_dragonhide_body	Dragonhide body	no	yes	-1	0	6803	0	no	yes	
2502	cert_red_dragonhide_body	Dragonhide body	yes	yes	799	0	0	0	no	yes	
2503	black_dragonhide_body	Dragonhide body	no	yes	-1	0	6803	0	no	yes	
2504	cert_black_dragonhide_body	Dragonhide body	yes	yes	799	0	0	0	no	yes	
2505	dragon_leather_blue	Dragon leather	no	yes	-1	0	3175	0	no	yes	
2506	cert_dragon_leather_blue	Dragon leather	yes	yes	799	0	0	0	no	yes	
2507	dragon_leather_red	Dragon leather	no	yes	-1	0	3175	0	no	yes	
2508	cert_dragon_leather_red	Dragon leather	yes	yes	799	0	0	0	no	yes	
2509	dragon_leather_black	Dragon leather	no	yes	-1	0	3175	0	no	yes	
2510	cert_dragon_leather_black	Dragon leather	yes	yes	799	0	0	0	no	yes	
2511	newbielogs	Logs	no	no	-1	0	1360	0	no	no	
2512	newbieshrimp		no	no	-1	0	0	0	no	no	
2513	obj_2513		no	no	-1	0	0	0	no	no	
2514	newbieraw_shrimp	Raw shrimps	no	no	-1	0	120	0	no	yes	
2515	cert_newbieraw_shrimp	Raw shrimps	yes	no	799	0	0	0	no	yes	
2516	newbie_pot_flour	Pot of flour	no	no	-1	0	1360	0	no	yes	
2517	cert_newbie_pot_flour	Pot of flour	yes	no	799	0	0	0	no	yes	
2518	rotten_tomato	Rotten tomato	no	yes	-1	0	80	0	no	yes	
2519	cert_rotten_tomato	Rotten tomato	yes	yes	799	0	0	0	no	yes	
2520	horsey_brown	Toy horsey	no	no	-1	0	50	0	no	yes	
2521	cert_horsey_brown	Toy horsey	yes	no	799	0	0	0	no	yes	
2522	horsey_white	Toy horsey	no	no	-1	0	50	0	no	yes	
2523	cert_horsey_white	Toy horsey	yes	no	799	0	0	0	no	yes	
2524	horsey_black	Toy horsey	no	no	-1	0	50	0	no	yes	
2525	cert_horsey_black	Toy horsey	yes	no	799	0	0	0	no	yes	
2526	horsey_grey	Toy horsey	no	no	-1	0	50	0	no	yes	
2527	cert_horsey_grey	Toy horsey	yes	no	799	0	0	0	no	yes	
2528	macro_genilamp	Lamp	no	no	-1	0	100	0	no	no	
2529	caveorb4dot	Orb of light	no	yes	-1	0	0	0	no	no	
2530	newbiebones	Bones	no	no	-1	0	500	0	no	yes	
2531	cert_newbiebones	Bones	yes	no	799	0	0	0	no	yes	
2532	iron_unlitarrow	Iron fire arrows	yes	yes	-1	0	16	0	no	yes	
2533	iron_litarrow	Iron fire arrows	yes	yes	-1	0	16	0	no	yes	
2534	steel_unlitarrow	Steel fire arrows	yes	yes	-1	0	16	0	no	yes	
2535	steel_litarrow	Steel fire arrows	yes	yes	-1	0	16	0	no	yes	
2536	mithril_unlitarrow	Mithril fire arrows	yes	yes	-1	0	14	0	no	yes	
2537	mithril_litarrow	Mithril fire arrows	yes	yes	-1	0	14	0	no	yes	
2538	adamant_unlitarrow	Adamnt fire arrows	yes	yes	-1	0	18	0	no	yes	
2539	adamant_litarrow	Adamnt fire arrows	yes	yes	-1	0	18	0	no	yes	
2540	rune_unlitarrow	Rune fire arrows	yes	yes	-1	0	16	0	no	yes	
2541	rune_litarrow	Rune fire arrows	yes	yes	-1	0	16	0	no	yes	
2542	unlitarrow_2	Unlitarrow 2	yes	no	-1	2	0	0	no	no	
2543	unlitarrow_3	Unlitarrow 3	yes	no	-1	2	0	0	no	no	
2544	unlitarrow_4	Unlitarrow 4	yes	no	-1	2	0	0	no	no	
2545	unlitarrow_5	Unlitarrow 5	yes	no	-1	2	0	0	no	no	
2546	litarrow_2	Litarrow 2	yes	no	-1	2	0	0	no	no	
2547	litarrow_3	Litarrow 3	yes	no	-1	2	0	0	no	no	
2548	litarrow_4	Litarrow 4	yes	no	-1	2	0	0	no	no	
2549	litarrow_5	Litarrow 5	yes	no	-1	2	0	0	no	no	
2550	ring_of_recoil	Ring of recoil	no	yes	-1	0	6	0	no	yes	
2551	cert_ring_of_recoil	Ring of recoil	yes	yes	799	0	0	0	no	yes	
2552	ring_of_dueling_8	Ring of dueling(8)	no	yes	-1	0	6	0	no	yes	
2553	cert_ring_of_dueling_8	Ring of dueling(8)	yes	yes	799	0	0	0	no	yes	
2554	ring_of_dueling_7	Ring of dueling(7)	no	yes	-1	0	6	0	no	yes	
2555	cert_ring_of_dueling_7	Ring of dueling(7)	yes	yes	799	0	0	0	no	yes	
2556	ring_of_dueling_6	Ring of dueling(6)	no	yes	-1	0	6	0	no	yes	
2557	cert_ring_of_dueling_6	Ring of dueling(6)	yes	yes	799	0	0	0	no	yes	
2558	ring_of_dueling_5	Ring of dueling(5)	no	yes	-1	0	6	0	no	yes	
2559	cert_ring_of_dueling_5	Ring of dueling(5)	yes	yes	799	0	0	0	no	yes	
2560	ring_of_dueling_4	Ring of dueling(4)	no	yes	-1	0	6	0	no	yes	
2561	cert_ring_of_dueling_4	Ring of dueling(4)	yes	yes	799	0	0	0	no	yes	
2562	ring_of_dueling_3	Ring of dueling(3)	no	yes	-1	0	6	0	no	yes	
2563	cert_ring_of_dueling_3	Ring of dueling(3)	yes	yes	799	0	0	0	no	yes	
2564	ring_of_dueling_2	Ring of dueling(2)	no	yes	-1	0	6	0	no	yes	
2565	cert_ring_of_dueling_2	Ring of dueling(2)	yes	yes	799	0	0	0	no	yes	
2566	ring_of_dueling_1	Ring of dueling(1)	no	yes	-1	0	6	0	no	yes	
2567	cert_ring_of_dueling_1	Ring of dueling(1)	yes	yes	799	0	0	0	no	yes	
2568	ring_of_forging	Ring of forging	no	yes	-1	0	6	0	no	yes	
2569	cert_ring_of_forging	Ring of forging	yes	yes	799	0	0	0	no	yes	
2570	ring_of_life	Ring of life	no	yes	-1	0	6	0	no	yes	
2571	cert_ring_of_life	Ring of life	yes	yes	799	0	0	0	no	yes	
2572	ring_of_wealth	Ring of wealth	no	yes	-1	0	6	0	no	yes	
2573	cert_ring_of_wealth	Ring of wealth	yes	yes	799	0	0	0	no	yes	
2574	trail_sextant	Sextant	no	yes	-1	0	200	0	no	no	
2575	trail_watch	Watch	no	yes	-1	0	100	0	no	no	
2576	trail_chart	Chart	no	yes	-1	0	10	0	no	no	
2577	boots_ranger	Ranger boots	no	yes	-1	0	283	0	no	yes	
2578	cert_boots_ranger	Ranger boots	yes	yes	799	0	0	0	no	yes	
2579	boots_wizard	Wizard's boots	no	yes	-1	0	283	0	no	yes	
2580	cert_boots_wizard	Wizard's boots	yes	yes	799	0	0	0	no	yes	
2581	robinhoodhat	Robin hood hat	no	yes	-1	0	283	0	no	yes	
2582	cert_robinhoodhat	Robin hood hat	yes	yes	799	0	0	0	no	yes	
2583	black_platebody_trim	Black platebody (t)	no	no	-1	0	9979	0	no	yes	
2584	cert_black_platebody_trim	Black platebody (t)	yes	no	799	0	0	0	no	yes	
2585	black_platelegs_trim	Black platelegs (t)	no	no	-1	0	9071	0	no	yes	
2586	cert_black_platelegs_trim	Black platelegs (t)	yes	no	799	0	0	0	no	yes	
2587	black_full_helm_trim	Black full helm (t)	no	no	-1	0	2721	0	no	yes	
2588	cert_black_full_helm_trim	Black full helm (t)	yes	no	799	0	0	0	no	yes	
2589	black_kiteshield_trim	Black kiteshield (t)	no	no	-1	0	5443	0	no	yes	
2590	cert_black_kiteshield_trim	Black kiteshield (t)	yes	no	799	0	0	0	no	yes	
2591	black_platebody_gold	Black platebody (g)	no	no	-1	0	9979	0	no	yes	
2592	cert_black_platebody_gold	Black platebody (g)	yes	no	799	0	0	0	no	yes	
2593	black_platelegs_gold	Black platelegs (g)	no	no	-1	0	9071	0	no	yes	
2594	cert_black_platelegs_gold	Black platelegs (g)	yes	no	799	0	0	0	no	yes	
2595	black_full_helm_gold	Black full helm (g)	no	no	-1	0	2721	0	no	yes	
2596	cert_black_full_helm_gold	Black full helm (g)	yes	no	799	0	0	0	no	yes	
2597	black_kiteshield_gold	Black kiteshield (g)	no	no	-1	0	5443	0	no	yes	
2598	cert_black_kiteshield_gold	Black kiteshield (g)	yes	no	799	0	0	0	no	yes	
2599	adamant_platebody_trim	Adam platebody (t)	no	no	-1	0	11339	0	no	yes	
2600	cert_adamant_platebody_trim	Adam platebody (t)	yes	no	799	0	0	0	no	yes	
2601	adamant_platelegs_trim	Adam platelegs (t)	no	no	-1	0	10432	0	no	yes	
2602	cert_adamant_platelegs_trim	Adam platelegs (t)	yes	no	799	0	0	0	no	yes	
2603	adamant_kiteshield_trim	Adam kiteshield (t)	no	no	-1	0	5896	0	no	yes	
2604	cert_adamant_kiteshield_trim	Adam kiteshield (t)	yes	no	799	0	0	0	no	yes	
2605	adamant_full_helm_trim	Adam full helm (t)	no	no	-1	0	3175	0	no	yes	
2606	cert_adamant_full_helm_trim	Adam full helm (t)	yes	no	799	0	0	0	no	yes	
2607	adamant_platebody_gold	Adam platebody (g)	no	no	-1	0	11339	0	no	yes	
2608	cert_adamant_platebody_gold	Adam platebody (g)	yes	no	799	0	0	0	no	yes	
2609	adamant_platelegs_gold	Adam platelegs (g)	no	no	-1	0	10432	0	no	yes	
2610	cert_adamant_platelegs_gold	Adam platelegs (g)	yes	no	799	0	0	0	no	yes	
2611	adamant_kiteshield_gold	Adam kiteshield (g)	no	no	-1	0	5896	0	no	yes	
2612	cert_adamant_kiteshield_gold	Adam kiteshield (g)	yes	no	799	0	0	0	no	yes	
2613	adamant_full_helm_gold	Adam full helm (g)	no	no	-1	0	3175	0	no	yes	
2614	cert_adamant_full_helm_gold	Adam full helm (g)	yes	no	799	0	0	0	no	yes	
2615	rune_platebody_gold	Rune platebody (g)	no	no	-1	0	9979	0	no	yes	
2616	cert_rune_platebody_gold	Rune platebody (g)	yes	no	799	0	0	0	no	yes	
2617	rune_platelegs_gold	Rune platelegs (g)	no	no	-1	0	9071	0	no	yes	
2618	cert_rune_platelegs_gold	Rune platelegs (g)	yes	no	799	0	0	0	no	yes	
2619	rune_full_helm_gold	Rune full helm (g)	no	no	-1	0	2721	0	no	yes	
2620	cert_rune_full_helm_gold	Rune full helm (g)	yes	no	799	0	0	0	no	yes	
2621	rune_kiteshield_gold	Rune kiteshield (g)	no	no	-1	0	5443	0	no	yes	
2622	cert_rune_kiteshield_gold	Rune kiteshield (g)	yes	no	799	0	0	0	no	yes	
2623	rune_platebody_trim	Rune platebody (t)	no	no	-1	0	9979	0	no	yes	
2624	cert_rune_platebody_trim	Rune platebody (t)	yes	no	799	0	0	0	no	yes	
2625	rune_platelegs_trim	Rune platelegs (t)	no	no	-1	0	9071	0	no	yes	
2626	cert_rune_platelegs_trim	Rune platelegs (t)	yes	no	799	0	0	0	no	yes	
2627	rune_full_helm_trim	Rune full helm (t)	no	no	-1	0	2721	0	no	yes	
2628	cert_rune_full_helm_trim	Rune full helm (t)	yes	no	799	0	0	0	no	yes	
2629	rune_kiteshield_trim	Rune kiteshield (t)	no	no	-1	0	5443	0	no	yes	
2630	cert_rune_kiteshield_trim	Rune kiteshield (t)	yes	no	799	0	0	0	no	yes	
2631	highwaymanmask	Highwayman mask	no	yes	-1	0	20	0	no	yes	
2632	cert_highwaymanmask	Highwayman mask	yes	yes	799	0	0	0	no	yes	
2633	berret_blue	Beret	no	yes	-1	0	40	0	no	yes	
2634	cert_berret_blue	Beret	yes	yes	799	0	0	0	no	yes	
2635	berret_black	Beret	no	yes	-1	0	40	0	no	yes	
2636	cert_berret_black	Beret	yes	yes	799	0	0	0	no	yes	
2637	berret_white	Beret	no	yes	-1	0	40	0	no	yes	
2638	cert_berret_white	Beret	yes	yes	799	0	0	0	no	yes	
2639	cavalier_brown	Cavalier	no	yes	-1	0	80	0	no	yes	
2640	cert_cavalier_brown	Cavalier	yes	yes	799	0	0	0	no	yes	
2641	cavalier_dark	Cavalier	no	yes	-1	0	80	0	no	yes	
2642	cert_cavalier_dark	Cavalier	yes	yes	799	0	0	0	no	yes	
2643	cavalier_black	Cavalier	no	yes	-1	0	80	0	no	yes	
2644	cert_cavalier_black	Cavalier	yes	yes	799	0	0	0	no	yes	
2645	headband_red	Headband	no	yes	-1	0	40	0	no	yes	
2646	cert_headband_red	Headband	yes	yes	799	0	0	0	no	yes	
2647	headband_black	Headband	no	yes	-1	0	40	0	no	yes	
2648	cert_headband_black	Headband	yes	yes	799	0	0	0	no	yes	
2649	headband_brown	Headband	no	yes	-1	0	40	0	no	yes	
2650	cert_headband_brown	Headband	yes	yes	799	0	0	0	no	yes	
2651	piratehat	Pirate's hat	no	yes	-1	0	40	0	no	yes	
2652	cert_piratehat	Pirate's hat	yes	yes	799	0	0	0	no	yes	
2653	rune_platebody_zamorak	Zamorak platebody	no	no	-1	0	9979	0	no	yes	
2654	cert_rune_platebody_zamorak	Zamorak platebody	yes	no	799	0	0	0	no	yes	
2655	rune_platelegs_zamorak	Zamorak platelegs	no	no	-1	0	9071	0	no	yes	
2656	cert_rune_platelegs_zamorak	Zamorak platelegs	yes	no	799	0	0	0	no	yes	
2657	rune_full_helm_zamorak	Zamorak full helm	no	no	-1	0	2721	0	no	yes	
2658	cert_rune_full_helm_zamorak	Zamorak full helm	yes	no	799	0	0	0	no	yes	
2659	rune_kiteshield_zamorak	Zamorak kiteshield	no	no	-1	0	5443	0	no	yes	
2660	cert_rune_kiteshield_zamorak	Zamorak kiteshield	yes	no	799	0	0	0	no	yes	
2661	rune_platebody_saradomin	Saradomin plate	no	no	-1	0	9979	0	no	yes	
2662	cert_rune_platebody_saradomin	Saradomin plate	yes	no	799	0	0	0	no	yes	
2663	rune_platelegs_saradomin	Saradomin legs	no	no	-1	0	9071	0	no	yes	
2664	cert_rune_platelegs_saradomin	Saradomin legs	yes	no	799	0	0	0	no	yes	
2665	rune_full_helm_saradomin	Saradomin full	no	no	-1	0	2721	0	no	yes	
2666	cert_rune_full_helm_saradomin	Saradomin full	yes	no	799	0	0	0	no	yes	
2667	rune_kiteshield_saradomin	Saradomin kite	no	no	-1	0	5443	0	no	yes	
2668	cert_rune_kiteshield_saradomin	Saradomin kite	yes	no	799	0	0	0	no	yes	
2669	rune_platebody_guthix	Guthix platebody	no	no	-1	0	9979	0	no	yes	
2670	cert_rune_platebody_guthix	Guthix platebody	yes	no	799	0	0	0	no	yes	
2671	rune_platelegs_guthix	Guthix platelegs	no	no	-1	0	9071	0	no	yes	
2672	cert_rune_platelegs_guthix	Guthix platelegs	yes	no	799	0	0	0	no	yes	
2673	rune_full_helm_guthix	Guthix full helm	no	no	-1	0	2721	0	no	yes	
2674	cert_rune_full_helm_guthix	Guthix full helm	yes	no	799	0	0	0	no	yes	
2675	rune_kiteshield_guthix	Guthix kiteshield	no	no	-1	0	5443	0	no	yes	
2676	cert_rune_kiteshield_guthix	Guthix kiteshield	yes	no	799	0	0	0	no	yes	
2677	trail_clue_easy_simple001	Clue scroll	no	yes	-1	0	20	0	no	no	
2678	trail_clue_easy_simple002	Clue scroll	no	yes	-1	0	20	0	no	no	
2679	trail_clue_easy_simple003	Clue scroll	no	yes	-1	0	20	0	no	no	
2680	trail_clue_easy_simple004	Clue scroll	no	yes	-1	0	20	0	no	no	
2681	trail_clue_easy_simple005	Clue scroll	no	yes	-1	0	20	0	no	no	
2682	trail_clue_easy_simple006	Clue scroll	no	yes	-1	0	20	0	no	no	
2683	trail_clue_easy_simple007	Clue scroll	no	yes	-1	0	20	0	no	no	
2684	trail_clue_easy_simple008	Clue scroll	no	yes	-1	0	20	0	no	no	
2685	trail_clue_easy_simple009	Clue scroll	no	yes	-1	0	20	0	no	no	
2686	trail_clue_easy_simple010	Clue scroll	no	yes	-1	0	20	0	no	no	
2687	trail_clue_easy_simple011	Clue scroll	no	yes	-1	0	20	0	no	no	
2688	trail_clue_easy_simple012	Clue scroll	no	yes	-1	0	20	0	no	no	
2689	trail_clue_easy_simple013	Clue scroll	no	yes	-1	0	20	0	no	no	
2690	trail_clue_easy_simple014	Clue scroll	no	yes	-1	0	20	0	no	no	
2691	trail_clue_easy_simple015	Clue scroll	no	yes	-1	0	20	0	no	no	
2692	trail_clue_easy_simple016	Clue scroll	no	yes	-1	0	20	0	no	no	
2693	trail_clue_easy_simple017	Clue scroll	no	yes	-1	0	20	0	no	no	
2694	trail_clue_easy_simple018	Clue scroll	no	yes	-1	0	20	0	no	no	
2695	trail_clue_easy_simple019	Clue scroll	no	yes	-1	0	20	0	no	no	
2696	trail_clue_easy_simple020	Clue scroll	no	yes	-1	0	20	0	no	no	
2697	trail_clue_easy_simple021	Clue scroll	no	yes	-1	0	20	0	no	no	
2698	trail_clue_easy_simple022	Clue scroll	no	yes	-1	0	20	0	no	no	
2699	trail_clue_easy_simple023	Clue scroll	no	yes	-1	0	20	0	no	no	
2700	trail_clue_easy_simple024	Clue scroll	no	yes	-1	0	20	0	no	no	
2701	trail_clue_easy_simple025	Clue scroll	no	yes	-1	0	20	0	no	no	
2702	trail_clue_easy_simple026	Clue scroll	no	yes	-1	0	20	0	no	no	
2703	trail_clue_easy_simple027	Clue scroll	no	yes	-1	0	20	0	no	no	
2704	trail_clue_easy_simple028	Clue scroll	no	yes	-1	0	20	0	no	no	
2705	trail_clue_easy_simple029	Clue scroll	no	yes	-1	0	20	0	no	no	
2706	trail_clue_easy_simple030	Clue scroll	no	yes	-1	0	20	0	no	no	
2707	trail_clue_easy_simple031	Clue scroll	no	yes	-1	0	20	0	no	no	
2708	trail_clue_easy_vague001	Clue scroll	no	yes	-1	0	20	0	no	no	
2709	trail_clue_easy_vague002	Clue scroll	no	yes	-1	0	20	0	no	no	
2710	trail_clue_easy_vague003	Clue scroll	no	yes	-1	0	20	0	no	no	
2711	trail_clue_easy_vague004	Clue scroll	no	yes	-1	0	20	0	no	no	
2712	trail_clue_easy_vague005	Clue scroll	no	yes	-1	0	20	0	no	no	
2713	trail_clue_easy_map001	Clue scroll	no	yes	-1	0	20	0	no	no	
2714	trail_clue_easy_map001_casket	Casket	no	yes	-1	0	5000	0	no	no	
2715	obj_2715	Casket	yes	yes	-1	0	5000	0	no	no	
2716	trail_clue_easy_map002	Clue scroll	no	yes	-1	0	20	0	no	no	
2717	trail_clue_easy_map002_casket	Casket	no	yes	-1	0	5000	0	no	no	
2718	obj_2718	Casket	yes	yes	-1	0	5000	0	no	no	
2719	trail_clue_easy_map003	Clue scroll	no	yes	-1	0	20	0	no	no	
2720	trail_clue_easy_map003_casket	Casket	no	yes	-1	0	5000	0	no	no	
2721	obj_2721	Casket	yes	yes	-1	0	5000	0	no	no	
2722	trail_clue_hard_map001	Clue scroll	no	yes	-1	0	20	0	no	no	
2723	trail_clue_hard_sextant001	Clue scroll	no	yes	-1	0	20	0	no	no	
2724	trail_clue_hard_sextant001_casket	Casket	no	yes	-1	0	5000	0	no	no	
2725	trail_clue_hard_sextant002	Clue scroll	no	yes	-1	0	20	0	no	no	
2726	trail_clue_hard_sextant002_casket	Casket	no	yes	-1	0	5000	0	no	no	
2727	trail_clue_hard_sextant003	Clue scroll	no	yes	-1	0	20	0	no	no	
2728	trail_clue_hard_sextant003_casket	Casket	no	yes	-1	0	5000	0	no	no	
2729	trail_clue_hard_sextant004	Clue scroll	no	yes	-1	0	20	0	no	no	
2730	trail_clue_hard_sextant004_casket	Casket	no	yes	-1	0	5000	0	no	no	
2731	trail_clue_hard_sextant005	Clue scroll	no	yes	-1	0	20	0	no	no	
2732	trail_clue_hard_sextant005_casket	Casket	no	yes	-1	0	5000	0	no	no	
2733	trail_clue_hard_sextant006	Clue scroll	no	yes	-1	0	20	0	no	no	
2734	trail_clue_hard_sextant006_casket	Casket	no	yes	-1	0	5000	0	no	no	
2735	trail_clue_hard_sextant007	Clue scroll	no	yes	-1	0	20	0	no	no	
2736	trail_clue_hard_sextant007_casket	Casket	no	yes	-1	0	5000	0	no	no	
2737	trail_clue_hard_sextant008	Clue scroll	no	yes	-1	0	20	0	no	no	
2738	trail_clue_hard_sextant008_casket	Casket	no	yes	-1	0	5000	0	no	no	
2739	trail_clue_hard_sextant009	Clue scroll	no	yes	-1	0	20	0	no	no	
2740	trail_clue_hard_sextant009_casket	Casket	no	yes	-1	0	5000	0	no	no	
2741	trail_clue_hard_sextant010	Clue scroll	no	yes	-1	0	20	0	no	no	
2742	trail_clue_hard_sextant010_casket	Casket	no	yes	-1	0	5000	0	no	no	
2743	trail_clue_hard_sextant011	Clue scroll	no	yes	-1	0	20	0	no	no	
2744	trail_clue_hard_sextant011_casket	Casket	no	yes	-1	0	5000	0	no	no	
2745	trail_clue_hard_sextant012	Clue scroll	no	yes	-1	0	20	0	no	no	
2746	trail_clue_hard_sextant012_casket	Casket	no	yes	-1	0	5000	0	no	no	
2747	trail_clue_hard_sextant013	Clue scroll	no	yes	-1	0	20	0	no	no	
2748	trail_clue_hard_sextant013_casket	Casket	no	yes	-1	0	5000	0	no	no	
2749	trail_slidingpuzzleb01	Sliding piece	no	yes	-1	2	0	0	no	no	
2750	trail_slidingpuzzleb02	Sliding piece	no	yes	-1	2	0	0	no	no	
2751	trail_slidingpuzzleb03	Sliding piece	no	yes	-1	2	0	0	no	no	
2752	trail_slidingpuzzleb04	Sliding piece	no	yes	-1	2	0	0	no	no	
2753	trail_slidingpuzzleb05	Sliding piece	no	yes	-1	2	0	0	no	no	
2754	trail_slidingpuzzleb06	Sliding piece	no	yes	-1	2	0	0	no	no	
2755	trail_slidingpuzzleb07	Sliding piece	no	yes	-1	2	0	0	no	no	
2756	trail_slidingpuzzleb08	Sliding piece	no	yes	-1	2	0	0	no	no	
2757	trail_slidingpuzzleb09	Sliding piece	no	yes	-1	2	0	0	no	no	
2758	trail_slidingpuzzleb10	Sliding piece	no	yes	-1	2	0	0	no	no	
2759	trail_slidingpuzzleb11	Sliding piece	no	yes	-1	2	0	0	no	no	
2760	trail_slidingpuzzleb12	Sliding piece	no	yes	-1	2	0	0	no	no	
2761	trail_slidingpuzzleb13	Sliding piece	no	yes	-1	2	0	0	no	no	
2762	trail_slidingpuzzleb14	Sliding piece	no	yes	-1	2	0	0	no	no	
2763	trail_slidingpuzzleb15	Sliding piece	no	yes	-1	2	0	0	no	no	
2764	trail_slidingpuzzleb16	Sliding piece	no	yes	-1	2	0	0	no	no	
2765	trail_slidingpuzzleb17	Sliding piece	no	yes	-1	2	0	0	no	no	
2766	trail_slidingpuzzleb18	Sliding piece	no	yes	-1	2	0	0	no	no	
2767	trail_slidingpuzzleb19	Sliding piece	no	yes	-1	2	0	0	no	no	
2768	trail_slidingpuzzleb20	Sliding piece	no	yes	-1	2	0	0	no	no	
2769	trail_slidingpuzzleb21	Sliding piece	no	yes	-1	2	0	0	no	no	
2770	trail_slidingpuzzleb22	Sliding piece	no	yes	-1	2	0	0	no	no	
2771	trail_slidingpuzzleb23	Sliding piece	no	yes	-1	2	0	0	no	no	
2772	trail_slidingpuzzleb24	Sliding piece	no	yes	-1	2	0	0	no	no	
2773	trail_clue_hard_riddle001	Clue scroll	no	yes	-1	0	20	0	no	no	
2774	trail_clue_hard_riddle002	Clue scroll	no	yes	-1	0	20	0	no	no	
2775	trail_clue_hard_riddle002_casket	Casket	no	yes	-1	0	5000	0	no	no	
2776	trail_clue_hard_riddle003	Clue scroll	no	yes	-1	0	20	0	no	no	
2777	trail_clue_hard_riddle003_casket	Casket	no	yes	-1	0	5000	0	no	no	
2778	trail_clue_hard_riddle004	Clue scroll	no	yes	-1	0	20	0	no	no	
2779	trail_clue_hard_riddle004_casket	Casket	no	yes	-1	0	5000	0	no	no	
2780	trail_clue_hard_riddle005	Clue scroll	no	yes	-1	0	20	0	no	no	
2781	trail_clue_hard_riddle005_casket	Casket	no	yes	-1	0	5000	0	no	no	
2782	trail_clue_hard_riddle006	Clue scroll	no	yes	-1	0	20	0	no	no	
2783	trail_clue_hard_riddle007	Clue scroll	no	yes	-1	0	20	0	no	no	
2784	trail_clue_hard_riddle007_casket	Casket	no	yes	-1	0	5000	0	no	no	
2785	trail_clue_hard_riddle008	Clue scroll	no	yes	-1	0	20	0	no	no	
2786	trail_clue_hard_riddle009	Clue scroll	no	yes	-1	0	20	0	no	no	
2787	trail_clue_hard_riddle009_casket	Casket	no	yes	-1	0	5000	0	no	no	
2788	trail_clue_hard_riddle010	Clue scroll	no	yes	-1	0	20	0	no	no	
2789	trail_clue_hard_riddle010_casket	Casket	no	yes	-1	0	5000	0	no	no	
2790	trail_clue_hard_riddle011	Clue scroll	no	yes	-1	0	20	0	no	no	
2791	trail_clue_hard_riddle011_casket	Casket	no	yes	-1	0	5000	0	no	no	
2792	trail_clue_hard_riddle012	Clue scroll	no	yes	-1	0	20	0	no	no	
2793	trail_clue_hard_riddle013	Clue scroll	no	yes	-1	0	20	0	no	no	
2794	trail_clue_hard_riddle014	Clue scroll	no	yes	-1	0	20	0	no	no	
2795	trail_clue_hard_riddle014_puzzlebox	Puzzle box	no	yes	-1	0	100	0	no	no	
2796	trail_clue_hard_riddle015	Clue scroll	no	yes	-1	0	20	0	no	no	
2797	trail_clue_hard_riddle016	Clue scroll	no	yes	-1	0	20	0	no	no	
2798	trail_clue_hard_riddle016_puzzlebox	Puzzle box	no	yes	-1	0	100	0	no	no	
2799	trail_clue_hard_riddle017	Clue scroll	no	yes	-1	0	20	0	no	no	
2800	trail_clue_hard_riddle017_puzzlebox	Puzzle box	no	yes	-1	0	100	0	no	no	
2801	trail_clue_medium_sextant001	Clue scroll	no	yes	-1	0	20	0	no	no	
2802	trail_clue_medium_sextant001_casket	Casket	no	yes	-1	0	5000	0	no	no	
2803	trail_clue_medium_sextant002	Clue scroll	no	yes	-1	0	20	0	no	no	
2804	trail_clue_medium_sextant002_casket	Casket	no	yes	-1	0	5000	0	no	no	
2805	trail_clue_medium_sextant003	Clue scroll	no	yes	-1	0	20	0	no	no	
2806	trail_clue_medium_sextant003_casket	Casket	no	yes	-1	0	5000	0	no	no	
2807	trail_clue_medium_sextant004	Clue scroll	no	yes	-1	0	20	0	no	no	
2808	trail_clue_medium_sextant004_casket	Casket	no	yes	-1	0	5000	0	no	no	
2809	trail_clue_medium_sextant005	Clue scroll	no	yes	-1	0	20	0	no	no	
2810	trail_clue_medium_sextant005_casket	Casket	no	yes	-1	0	5000	0	no	no	
2811	trail_clue_medium_sextant006	Clue scroll	no	yes	-1	0	20	0	no	no	
2812	trail_clue_medium_sextant006_casket	Casket	no	yes	-1	0	5000	0	no	no	
2813	trail_clue_medium_sextant007	Clue scroll	no	yes	-1	0	20	0	no	no	
2814	trail_clue_medium_sextant007_casket	Casket	no	yes	-1	0	5000	0	no	no	
2815	trail_clue_medium_sextant008	Clue scroll	no	yes	-1	0	20	0	no	no	
2816	trail_clue_medium_sextant008_casket	Casket	no	yes	-1	0	5000	0	no	no	
2817	trail_clue_medium_sextant009	Clue scroll	no	yes	-1	0	20	0	no	no	
2818	trail_clue_medium_sextant009_casket	Casket	no	yes	-1	0	5000	0	no	no	
2819	trail_clue_medium_sextant010	Clue scroll	no	yes	-1	0	20	0	no	no	
2820	trail_clue_medium_sextant010_casket	Casket	no	yes	-1	0	5000	0	no	no	
2821	trail_clue_medium_sextant011	Clue scroll	no	yes	-1	0	20	0	no	no	
2822	trail_clue_medium_sextant011_casket	Casket	no	yes	-1	0	5000	0	no	no	
2823	trail_clue_medium_sextant012	Clue scroll	no	yes	-1	0	20	0	no	no	
2824	trail_clue_medium_sextant012_casket	Casket	no	yes	-1	0	5000	0	no	no	
2825	trail_clue_medium_sextant013	Clue scroll	no	yes	-1	0	20	0	no	no	
2826	trail_clue_medium_sextant013_casket	Casket	no	yes	-1	0	5000	0	no	no	
2827	trail_clue_medium_map001	Clue scroll	no	yes	-1	0	20	0	no	no	
2828	trail_clue_medium_map001_casket	Casket	no	yes	-1	0	5000	0	no	no	
2829	trail_clue_medium_map002	Clue scroll	no	yes	-1	0	20	0	no	no	
2830	trail_clue_medium_map002_casket	Casket	no	yes	-1	0	5000	0	no	no	
2831	trail_clue_medium_riddle001	Clue scroll	no	yes	-1	0	20	0	no	no	
2832	trail_clue_medium_riddle001_key	Key	no	yes	-1	0	10	0	no	no	
2833	trail_clue_medium_riddle002	Clue scroll	no	yes	-1	0	20	0	no	no	
2834	trail_clue_medium_riddle002_key	Key	no	yes	-1	0	10	0	no	no	
2835	trail_clue_medium_riddle003	Clue scroll	no	yes	-1	0	20	0	no	no	
2836	trail_clue_medium_riddle003_key	Key	no	yes	-1	0	10	0	no	no	
2837	trail_clue_medium_riddle004	Clue scroll	no	yes	-1	0	20	0	no	no	
2838	trail_clue_medium_riddle004_key	Key	no	yes	-1	0	10	0	no	no	
2839	trail_clue_medium_riddle005	Clue scroll	no	yes	-1	0	20	0	no	no	
2840	trail_clue_medium_riddle005_key	Key	no	yes	-1	0	10	0	no	no	
2841	trail_clue_medium_anagram001	Clue scroll	no	yes	-1	0	20	0	no	no	
2842	trail_clue_medium_anagram001_challenge	Challenge scroll	no	yes	-1	0	20	0	no	no	
2843	trail_clue_medium_anagram002	Clue scroll	no	yes	-1	0	20	0	no	no	
2844	trail_clue_medium_anagram002_challenge	Challenge scroll	no	yes	-1	0	20	0	no	no	
2845	trail_clue_medium_anagram003	Clue scroll	no	yes	-1	0	20	0	no	no	
2846	trail_clue_medium_anagram003_challenge	Challenge scroll	no	yes	-1	0	20	0	no	no	
2847	trail_clue_medium_anagram004	Clue scroll	no	yes	-1	0	20	0	no	no	
2848	trail_clue_medium_anagram005	Clue scroll	no	yes	-1	0	20	0	no	no	
2849	trail_clue_medium_anagram006	Clue scroll	no	yes	-1	0	20	0	no	no	
2850	trail_clue_medium_anagram006_challenge	Challenge scroll	no	yes	-1	0	20	0	no	no	
2851	trail_clue_medium_anagram007	Clue scroll	no	yes	-1	0	20	0	no	no	
2852	trail_clue_medium_anagram007_challenge	Challenge scroll	no	yes	-1	0	20	0	no	no	
2853	trail_clue_medium_anagram008	Clue scroll	no	yes	-1	0	20	0	no	no	
2854	trail_clue_medium_anagram008_challenge	Challenge scroll	no	yes	-1	0	20	0	no	no	
2855	trail_clue_medium_anagram009	Clue scroll	no	yes	-1	0	20	0	no	no	
2856	trail_clue_medium_anagram010	Clue scroll	no	yes	-1	0	20	0	no	no	
2857	trail_clue_medium_anagram011	Clue scroll	no	yes	-1	0	20	0	no	no	
2858	trail_clue_medium_anagram012	Clue scroll	no	yes	-1	0	20	0	no	no	
2859	wolf_bones	Wolf bones	no	yes	-1	0	500	0	no	yes	
2860	cert_wolf_bones	Wolf bones	yes	yes	799	0	0	0	no	yes	
2861	wolfbone_arrowheads	Wolfbone arrowtips	yes	yes	-1	0	4	0	no	yes	
2862	achey_tree_logs	Achey tree logs	no	yes	-1	0	1360	0	no	yes	
2863	cert_achey_tree_logs	Achey tree logs	yes	yes	799	0	0	0	no	yes	
2864	ogre_arrow_shaft	Ogre arrow shaft	yes	yes	-1	0	10	0	no	yes	
2865	ogre_headless_arrow	Flighted ogre arrow	yes	yes	-1	0	12	0	no	yes	
2866	ogre_arrow	Ogre arrow	yes	yes	-1	0	16	0	no	yes	
2867	ogre_arrow_5	Ogre arrow 5	yes	no	-1	2	0	0	no	no	
2868	ogre_arrow_4	Ogre arrow 4	yes	no	-1	2	0	0	no	no	
2869	ogre_arrow_3	Ogre arrow 3	yes	no	-1	2	0	0	no	no	
2870	ogre_arrow_2	Ogre arrow 2	yes	no	-1	2	0	0	no	no	
2871	empty_ogre_bellows	Ogre bellows	no	yes	-1	0	510	0	no	no	
2872	filled_ogre_bellow3	Ogre bellows (3)	no	yes	-1	0	510	0	no	no	
2873	filled_ogre_bellow2	Ogre bellows (2)	no	yes	-1	0	510	0	no	no	
2874	filled_ogre_bellow1	Ogre bellows (1)	no	yes	-1	0	510	0	no	no	
2875	bloated_toad	Bloated toad	no	yes	-1	0	750	0	no	no	
2876	raw_chompy	Raw chompy	no	yes	-1	0	10000	0	no	yes	
2877	cert_raw_chompy	Raw chompy	yes	yes	799	0	0	0	no	yes	
2878	cooked_chompy	Cooked chompy	no	yes	-1	0	10000	0	no	yes	
2879	cert_cooked_chompy	Cooked chompy	yes	yes	799	0	0	0	no	yes	
2880	ruined_chompy	Ruined chompy	no	yes	-1	0	10000	0	no	yes	
2881	cert_ruined_chompy	Ruined chompy	yes	yes	799	0	0	0	no	yes	
2882	cooked_s_chompy	Seasoned chompy	no	yes	-1	0	10000	0	no	no	
2883	ogre_bow	Ogre bow	no	yes	-1	0	1814	0	no	no	
2884	chompy_bird_obj	Chompy bird obj	no	no	-1	0	0	0	no	yes	
2885	cert_chompy_bird_obj	Chompy bird obj	yes	no	799	0	0	0	no	yes	
2886	elemental_workshop_shield_book	Battered book	no	yes	-1	0	113	0	no	no	
2887	elemental_workshop_key	Battered key	no	yes	-1	0	10	0	no	no	
2888	elemental_workshop_lava_bowl	A stone bowl	no	yes	-1	0	141	0	no	no	
2889	elemental_workshop_lava_bowl_full	A stone bowl	no	yes	-1	0	226	0	no	no	
2890	elemental_shield	Elemental shield	no	yes	-1	0	226	0	no	yes	
2891	cert_elemental_shield	Elemental shield	yes	yes	799	0	0	0	no	yes	
2892	elemental_workshop_ore	Elemental ore	no	yes	-1	0	2267	0	no	no	
2893	elemental_workshop_bar	Elemental metal	no	yes	-1	0	1814	0	no	no	
2894	wolfenboots_grey	Boots	no	yes	-1	0	340	0	no	yes	
2895	cert_wolfenboots_grey	Boots	yes	yes	799	0	0	0	no	yes	
2896	wolfenrobetop_grey	Robe top	no	yes	-1	0	907	0	no	yes	
2897	cert_wolfenrobetop_grey	Robe top	yes	yes	799	0	0	0	no	yes	
2898	wolfenrobebottom_grey	Robe bottoms	no	yes	-1	0	907	0	no	yes	
2899	cert_wolfenrobebottom_grey	Robe bottoms	yes	yes	799	0	0	0	no	yes	
2900	wolfenhat_grey	Hat	no	yes	-1	0	453	0	no	yes	
2901	cert_wolfenhat_grey	Hat	yes	yes	799	0	0	0	no	yes	
2902	wolfengloves_grey	Gloves	no	no	-1	0	453	0	no	yes	
2903	cert_wolfengloves_grey	Gloves	yes	no	799	0	0	0	no	yes	
2904	wolfenboots_crimson	Boots	no	yes	-1	0	340	0	no	yes	
2905	cert_wolfenboots_crimson	Boots	yes	yes	799	0	0	0	no	yes	
2906	wolfenrobetop_crimson	Robe top	no	yes	-1	0	907	0	no	yes	
2907	cert_wolfenrobetop_crimson	Robe top	yes	yes	799	0	0	0	no	yes	
2908	wolfenrobebottom_crimson	Robe bottoms	no	yes	-1	0	907	0	no	yes	
2909	cert_wolfenrobebottom_crimson	Robe bottoms	yes	yes	799	0	0	0	no	yes	
2910	wolfenhat_crimson	Hat	no	yes	-1	0	453	0	no	yes	
2911	cert_wolfenhat_crimson	Hat	yes	yes	799	0	0	0	no	yes	
2912	wolfengloves_crimson	Gloves	no	no	-1	0	453	0	no	yes	
2913	cert_wolfengloves_crimson	Gloves	yes	no	799	0	0	0	no	yes	
2914	wolfenboots_tangerine	Boots	no	yes	-1	0	340	0	no	yes	
2915	cert_wolfenboots_tangerine	Boots	yes	yes	799	0	0	0	no	yes	
2916	wolfenrobetop_tangerine	Robe top	no	yes	-1	0	907	0	no	yes	
2917	cert_wolfenrobetop_tangerine	Robe top	yes	yes	799	0	0	0	no	yes	
2918	wolfenrobebottom_tangerine	Robe bottoms	no	yes	-1	0	907	0	no	yes	
2919	cert_wolfenrobebottom_tangerine	Robe bottoms	yes	yes	799	0	0	0	no	yes	
2920	wolfenhat_tangerine	Hat	no	yes	-1	0	453	0	no	yes	
2921	cert_wolfenhat_tangerine	Hat	yes	yes	799	0	0	0	no	yes	
2922	wolfengloves_tangerine	Gloves	no	no	-1	0	453	0	no	yes	
2923	cert_wolfengloves_tangerine	Gloves	yes	no	799	0	0	0	no	yes	
2924	wolfenboots_ocean	Boots	no	yes	-1	0	340	0	no	yes	
2925	cert_wolfenboots_ocean	Boots	yes	yes	799	0	0	0	no	yes	
2926	wolfenrobetop_ocean	Robe top	no	yes	-1	0	907	0	no	yes	
2927	cert_wolfenrobetop_ocean	Robe top	yes	yes	799	0	0	0	no	yes	
2928	wolfenrobebottom_ocean	Robe bottoms	no	yes	-1	0	907	0	no	yes	
2929	cert_wolfenrobebottom_ocean	Robe bottoms	yes	yes	799	0	0	0	no	yes	
2930	wolfenhat_ocean	Hat	no	yes	-1	0	453	0	no	yes	
2931	cert_wolfenhat_ocean	Hat	yes	yes	799	0	0	0	no	yes	
2932	wolfengloves_ocean	Gloves	no	no	-1	0	453	0	no	yes	
2933	cert_wolfengloves_ocean	Gloves	yes	no	799	0	0	0	no	yes	
2934	wolfenboots_purple	Boots	no	yes	-1	0	340	0	no	yes	
2935	cert_wolfenboots_purple	Boots	yes	yes	799	0	0	0	no	yes	
2936	wolfenrobetop_purple	Robe top	no	yes	-1	0	907	0	no	yes	
2937	cert_wolfenrobetop_purple	Robe top	yes	yes	799	0	0	0	no	yes	
2938	wolfenrobebottom_purple	Robe bottoms	no	yes	-1	0	907	0	no	yes	
2939	cert_wolfenrobebottom_purple	Robe bottoms	yes	yes	799	0	0	0	no	yes	
2940	wolfenhat_purple	Hat	no	yes	-1	0	453	0	no	yes	
2941	cert_wolfenhat_purple	Hat	yes	yes	799	0	0	0	no	yes	
2942	wolfengloves_purple	Gloves	no	no	-1	0	453	0	no	yes	
2943	cert_wolfengloves_purple	Gloves	yes	no	799	0	0	0	no	yes	
2944	pipkey_gold	Golden key	no	yes	-1	0	10	0	no	no	
2945	pipkey_iron	Iron key	no	yes	-1	0	10	0	no	no	
2946	piptinderbox_gold	Golden tinderbox	no	yes	-1	0	35	0	no	no	
2947	pipcandle_gold	Golden candle	no	yes	-1	0	28	0	no	no	
2948	pippot_gold	Golden pot	no	yes	-1	0	453	0	no	no	
2949	piphammer_gold	Golden hammer	no	yes	-1	0	907	0	no	no	
2950	pipfeather_gold	Golden feather	no	yes	-1	0	2	0	no	no	
2951	pipneedle_gold	Golden needle	no	yes	-1	0	1	0	no	no	
2952	dagger_wolfbane	Wolfbane	no	yes	-1	0	453	0	no	no	
2953	bucket_murkywater	Bucket of water	no	yes	-1	0	3000	0	no	no	
2954	bucket_blessedwater	Bucket of water	no	yes	-1	0	453	0	no	no	
2955	moonlight_mead	Moonlight mead	no	yes	-1	0	550	0	no	yes	
2956	cert_moonlight_mead	Moonlight mead	yes	yes	799	0	0	0	no	yes	
2957	druid_pouch_empty	Druid pouch	no	yes	-1	0	10	0	no	no	
2958	druid_pouch	Druid pouch	yes	yes	-1	0	100	0	no	no	
2959	rotten_food	Rotten food	no	yes	-1	0	453	0	no	yes	
2960	cert_rotten_food	Rotten food	yes	yes	799	0	0	0	no	yes	
2961	silver_sickle	Silver sickle	no	yes	-1	0	1587	0	no	yes	
2962	cert_silver_sickle	Silver sickle	yes	yes	799	0	0	0	no	yes	
2963	silver_sickle_blessed	Silver sickle(b)	no	yes	-1	0	1587	0	no	no	
2964	bowl_empty_filliman	Washing bowl	no	yes	-1	0	453	0	no	yes	
2965	cert_bowl_empty_filliman	Washing bowl	yes	yes	799	0	0	0	no	yes	
2966	mirror	Mirror	no	yes	-1	0	226	0	no	no	
2967	filliman_journal	Journal	no	yes	-1	0	510	0	no	no	
2968	bloom_spell	Druidic spell	no	yes	-1	0	20	0	no	no	
2969	used_bloom_spell	A used spell	no	yes	-1	0	20	0	no	no	
2970	mortmyremushroom	Mort myre fungi	no	yes	-1	0	10	0	no	yes	
2971	cert_mortmyremushroom	Mort myre fungi	yes	yes	799	0	0	0	no	yes	
2972	mortmyrebuddingstem	Mort myre stem	no	yes	-1	0	10	0	no	yes	
2973	cert_mortmyrebuddingstem	Mort myre stem	yes	yes	799	0	0	0	no	yes	
2974	mortmyrepear	Mort myre pear	no	yes	-1	0	113	0	no	yes	
2975	cert_mortmyrepear	Mort myre pear	yes	yes	799	0	0	0	no	yes	
2976	sickle_mould	Sickle mould	no	yes	-1	0	453	0	no	yes	
2977	cert_sickle_mould	Sickle mould	yes	yes	799	0	0	0	no	yes	
2978	cbhat1	Chompy bird hat	no	yes	-1	0	453	0	no	no	
2979	cbhat2	Chompy bird hat	no	yes	-1	0	453	0	no	no	
2980	cbhat3	Chompy bird hat	no	yes	-1	0	453	0	no	no	
2981	cbhat4	Chompy bird hat	no	yes	-1	0	453	0	no	no	
2982	cbhat5	Chompy bird hat	no	yes	-1	0	453	0	no	no	
2983	cbhat6	Chompy bird hat	no	yes	-1	0	453	0	no	no	
2984	cbhat7	Chompy bird hat	no	yes	-1	0	453	0	no	no	
2985	cbhat8	Chompy bird hat	no	yes	-1	0	453	0	no	no	
2986	cbhat9	Chompy bird hat	no	yes	-1	0	453	0	no	no	
2987	cbhat10	Chompy bird hat	no	yes	-1	0	453	0	no	no	
2988	cbhat11	Chompy bird hat	no	yes	-1	0	453	0	no	no	
2989	cbhat12	Chompy bird hat	no	yes	-1	0	453	0	no	no	
2990	cbhat13	Chompy bird hat	no	yes	-1	0	453	0	no	no	
2991	cbhat14	Chompy bird hat	no	yes	-1	0	453	0	no	no	
2992	cbhat15	Chompy bird hat	no	yes	-1	0	453	0	no	no	
2993	cbhat16	Chompy bird hat	no	yes	-1	0	453	0	no	no	
2994	cbhat17	Chompy bird hat	no	yes	-1	0	453	0	no	no	
2995	cbhat18	Chompy bird hat	no	yes	-1	0	453	0	no	no	
2996	agilityarena_ticket	Agility arena ticket	yes	yes	-1	0	5	0	no	no	
2997	piratehook	Pirate's hook	no	yes	-1	0	300	0	no	yes	
2998	toadflax	Toadflax	no	yes	-1	0	7	0	no	yes	
2999	cert_toadflax	Toadflax	yes	yes	799	0	0	0	no	yes	
3000	snapdragon	Snapdragon	no	yes	-1	0	7	0	no	yes	
3001	cert_snapdragon	Snapdragon	yes	yes	799	0	0	0	no	yes	
3002	toadflaxvial	Unfinished potion	no	yes	-1	0	56	0	no	yes	
3003	cert_toadflaxvial	Unfinished potion	yes	yes	799	0	0	0	no	yes	
3004	snapdragonvial	Unfinished potion	no	yes	-1	0	56	0	no	yes	
3005	cert_snapdragonvial	Unfinished potion	yes	yes	799	0	0	0	no	yes	
3006	firework	Firework	no	yes	-1	0	35	0	no	yes	
3007	cert_firework	Firework	yes	yes	799	0	0	0	no	yes	
3008	4dose1energy	Energy potion(4)	no	yes	-1	0	35	0	no	yes	
3009	cert_4dose1energy	Energy potion(4)	yes	yes	799	0	0	0	no	yes	
3010	3dose1energy	Energy potion(3)	no	yes	-1	0	30	0	no	yes	
3011	cert_3dose1energy	Energy potion(3)	yes	yes	799	0	0	0	no	yes	
3012	2dose1energy	Energy potion(2)	no	yes	-1	0	25	0	no	yes	
3013	cert_2dose1energy	Energy potion(2)	yes	yes	799	0	0	0	no	yes	
3014	1dose1energy	Energy potion(1)	no	yes	-1	0	20	0	no	yes	
3015	cert_1dose1energy	Energy potion(1)	yes	yes	799	0	0	0	no	yes	
3016	4dose2energy	Super energy(4)	no	yes	-1	0	35	0	no	yes	
3017	cert_4dose2energy	Super energy(4)	yes	yes	799	0	0	0	no	yes	
3018	3dose2energy	Super energy(3)	no	yes	-1	0	30	0	no	yes	
3019	cert_3dose2energy	Super energy(3)	yes	yes	799	0	0	0	no	yes	
3020	2dose2energy	Super energy(2)	no	yes	-1	0	25	0	no	yes	
3021	cert_2dose2energy	Super energy(2)	yes	yes	799	0	0	0	no	yes	
3022	1dose2energy	Super energy(1)	no	yes	-1	0	20	0	no	yes	
3023	cert_1dose2energy	Super energy(1)	yes	yes	799	0	0	0	no	yes	
3024	4dose2restore	Super restore(4)	no	yes	-1	0	35	0	no	yes	
3025	cert_4dose2restore	Super restore(4)	yes	yes	799	0	0	0	no	yes	
3026	3dose2restore	Super restore(3)	no	yes	-1	0	30	0	no	yes	
3027	cert_3dose2restore	Super restore(3)	yes	yes	799	0	0	0	no	yes	
3028	2dose2restore	Super restore(2)	no	yes	-1	0	25	0	no	yes	
3029	cert_2dose2restore	Super restore(2)	yes	yes	799	0	0	0	no	yes	
3030	1dose2restore	Super restore(1)	no	yes	-1	0	20	0	no	yes	
3031	cert_1dose2restore	Super restore(1)	yes	yes	799	0	0	0	no	yes	
3032	4dose1agility	Agility potion(4)	no	yes	-1	0	35	0	no	yes	
3033	cert_4dose1agility	Agility potion(4)	yes	yes	799	0	0	0	no	yes	
3034	3dose1agility	Agility potion(3)	no	yes	-1	0	30	0	no	yes	
3035	cert_3dose1agility	Agility potion(3)	yes	yes	799	0	0	0	no	yes	
3036	2dose1agility	Agility potion(2)	no	yes	-1	0	25	0	no	yes	
3037	cert_2dose1agility	Agility potion(2)	yes	yes	799	0	0	0	no	yes	
3038	1dose1agility	Agility potion(1)	no	yes	-1	0	20	0	no	yes	
3039	cert_1dose1agility	Agility potion(1)	yes	yes	799	0	0	0	no	yes	
3040	4dose1magic	Magic potion(4)	no	yes	-1	0	35	0	no	yes	
3041	cert_4dose1magic	Magic potion(4)	yes	yes	799	0	0	0	no	yes	
3042	3dose1magic	Magic potion(3)	no	yes	-1	0	30	0	no	yes	
3043	cert_3dose1magic	Magic potion(3)	yes	yes	799	0	0	0	no	yes	
3044	2dose1magic	Magic potion(2)	no	yes	-1	0	25	0	no	yes	
3045	cert_2dose1magic	Magic potion(2)	yes	yes	799	0	0	0	no	yes	
3046	1dose1magic	Magic potion(1)	no	yes	-1	0	20	0	no	yes	
3047	cert_1dose1magic	Magic potion(1)	yes	yes	799	0	0	0	no	yes	
3048	cert_piratehook	Pirate's hook	yes	yes	799	0	0	0	no	yes	
3049	unidentified_toadflax	Herb	no	yes	-1	0	7	0	no	yes	
3050	cert_unidentified_toadflax	Herb	yes	yes	799	0	0	0	no	yes	
3051	unidentified_snapdragon	Herb	no	yes	-1	0	7	0	no	yes	
3052	cert_unidentified_snapdragon	Herb	yes	yes	799	0	0	0	no	yes	
3053	lava_battlestaff	Lava battlestaff	no	yes	-1	0	2267	0	no	yes	
3054	mystic_lava_staff	Mystic lava staff	no	yes	-1	0	2267	0	no	yes	
3055	cert_lava_battlestaff	Lava battlestaff	yes	yes	799	0	0	0	no	yes	
3056	cert_mystic_lava_staff	Mystic lava staff	yes	yes	799	0	0	0	no	yes	
3057	macro_mime_mask	Mime mask	no	no	-1	0	1	0	no	no	
3058	macro_mime_top	Mime top	no	no	-1	0	1	0	no	no	
3059	macro_mime_legs	Mime legs	no	no	-1	0	1	0	no	no	
3060	macro_mime_gloves	Mime gloves	no	no	-1	0	1	0	no	no	
3061	macro_mime_boots	Mime boots	no	no	-1	0	340	0	no	no	
3062	macro_cube	Strange box	yes	no	-1	0	5000	0	no	no	
3063	macro_cube_redtriangle	Cube part	no	no	-1	0	0	0	no	yes	
3064	cert_macro_cube_redtriangle	Cube part	yes	no	799	0	0	0	no	yes	
3065	macro_cube_bluetriangle	Cube part	no	no	-1	0	0	0	no	yes	
3066	cert_macro_cube_bluetriangle	Cube part	yes	no	799	0	0	0	no	yes	
3067	macro_cube_yellowtriangle	Cube part	no	no	-1	0	0	0	no	yes	
3068	cert_macro_cube_yellowtriangle	Cube part	yes	no	799	0	0	0	no	yes	
3069	macro_cube_redsquare	Cube part	no	no	-1	0	0	0	no	yes	
3070	cert_macro_cube_redsquare	Cube part	yes	no	799	0	0	0	no	yes	
3071	macro_cube_bluesquare	Cube part	no	no	-1	0	0	0	no	yes	
3072	cert_macro_cube_bluesquare	Cube part	yes	no	799	0	0	0	no	yes	
3073	macro_cube_yellowsquare	Cube part	no	no	-1	0	0	0	no	yes	
3074	cert_macro_cube_yellowsquare	Cube part	yes	no	799	0	0	0	no	yes	
3075	macro_cube_redcircle	Cube part	no	no	-1	0	0	0	no	yes	
3076	cert_macro_cube_redcircle	Cube part	yes	no	799	0	0	0	no	yes	
3077	macro_cube_bluecircle	Cube part	no	no	-1	0	0	0	no	yes	
3078	cert_macro_cube_bluecircle	Cube part	yes	no	799	0	0	0	no	yes	
3079	macro_cube_yellowcircle	Cube part	no	no	-1	0	0	0	no	yes	
3080	cert_macro_cube_yellowcircle	Cube part	yes	no	799	0	0	0	no	yes	
3081	macro_cube_redstar	Cube part	no	no	-1	0	0	0	no	yes	
3082	cert_macro_cube_redstar	Cube part	yes	no	799	0	0	0	no	yes	
3083	macro_cube_bluestar	Cube part	no	no	-1	0	0	0	no	yes	
3084	cert_macro_cube_bluestar	Cube part	yes	no	799	0	0	0	no	yes	
3085	macro_cube_yellowstar	Cube part	no	no	-1	0	0	0	no	yes	
3086	cert_macro_cube_yellowstar	Cube part	yes	no	799	0	0	0	no	yes	
3087	macro_cube_redhalfmoon	Cube part	no	no	-1	0	0	0	no	yes	
3088	cert_macro_cube_redhalfmoon	Cube part	yes	no	799	0	0	0	no	yes	
3089	macro_cube_bluehalfmoon	Cube part	no	no	-1	0	0	0	no	yes	
3090	cert_macro_cube_bluehalfmoon	Cube part	yes	no	799	0	0	0	no	yes	
3091	macro_cube_yellowhalfmoon	Cube part	no	no	-1	0	0	0	no	yes	
3092	cert_macro_cube_yellowhalfmoon	Cube part	yes	no	799	0	0	0	no	yes	
3093	black_dart	Black dart	yes	yes	-1	0	10	0	no	yes	
3094	black_dart_p	Black dart(p)	yes	yes	-1	0	10	0	no	yes	
3095	bronze_claws	Bronze claws	no	yes	-1	0	907	0	no	yes	
3096	iron_claws	Iron claws	no	yes	-1	0	907	0	no	yes	
3097	steel_claws	Steel claws	no	yes	-1	0	907	0	no	yes	
3098	black_claws	Black claws	no	yes	-1	0	907	0	no	yes	
3099	mithril_claws	Mithril claws	no	yes	-1	0	907	0	no	yes	
3100	adamant_claws	Adamant claws	no	yes	-1	0	907	0	no	yes	
3101	rune_claws	Rune claws	no	yes	-1	0	907	0	no	yes	
3102	death_combination	Combination	no	yes	-1	0	5	0	no	no	
3103	death_iou	Iou	no	yes	-1	0	5	0	no	no	
3104	death_secretwaymap	Secret way map	no	yes	-1	0	5	0	no	no	
3105	death_climbingboots	Climbing boots	no	yes	-1	0	340	0	no	yes	
3106	cert_death_climbingboots	Climbing boots	yes	yes	799	0	0	0	no	yes	
3107	death_spikedboots	Spiked boots	no	yes	-1	0	340	0	no	yes	
3108	cert_death_spikedboots	Spiked boots	yes	yes	799	0	0	0	no	yes	
3109	death_cannonball_red	Stone ball	no	yes	-1	0	3628	0	no	no	
3110	death_cannonball_blue	Stone ball	no	yes	-1	0	3628	0	no	no	
3111	death_cannonball_yellow	Stone ball	no	yes	-1	0	3628	0	no	no	
3112	death_cannonball_purple	Stone ball	no	yes	-1	0	3628	0	no	no	
3113	death_cannonball_green	Stone ball	no	yes	-1	0	3628	0	no	no	
3114	death_entrancecert	Certificate	no	yes	-1	0	5	0	no	no	
3115	cert_bronze_claws	Bronze claws	yes	yes	799	0	0	0	no	yes	
3116	cert_iron_claws	Iron claws	yes	yes	799	0	0	0	no	yes	
3117	cert_steel_claws	Steel claws	yes	yes	799	0	0	0	no	yes	
3118	cert_black_claws	Black claws	yes	yes	799	0	0	0	no	yes	
3119	cert_mithril_claws	Mithril claws	yes	yes	799	0	0	0	no	yes	
3120	cert_adamant_claws	Adamant claws	yes	yes	799	0	0	0	no	yes	
3121	cert_rune_claws	Rune claws	yes	yes	799	0	0	0	no	yes	
3122	granite_shield	Granite shield	no	yes	-1	0	6803	0	no	yes	
3123	tbwt_beast_bones	Shaikahan bones	no	yes	-1	0	800	0	no	yes	
3124	cert_tbwt_beast_bones	Shaikahan bones	yes	yes	799	0	0	0	no	yes	
3125	tbwt_jogre_bones	Jogre bones	no	yes	-1	0	800	0	no	yes	
3126	cert_tbwt_jogre_bones	Jogre bones	yes	yes	799	0	0	0	no	yes	
3127	tbwt_burnt_jogre_bones	Burnt jogre bones	no	yes	-1	0	800	0	no	no	
3128	tbwt_burnt_jogre_bones_in_raw_karambwanji_paste	Pasty jogre bones	no	yes	-1	0	800	0	no	no	
3129	tbwt_burnt_jogre_bones_in_cooked_karambwanji_paste	Pasty jogre bones	no	yes	-1	0	800	0	no	no	
3130	tbwt_burnt_jogre_bones_marinated_in_karambwanji	Marinated j' bones	no	yes	-1	0	800	0	no	no	
3131	tbwt_jogre_bones_in_raw_karambwanji_paste	Pasty jogre bones	no	yes	-1	0	800	0	no	no	
3132	tbwt_jogre_bones_in_cooked_karambwanji_paste	Pasty jogre bones	no	yes	-1	0	800	0	no	no	
3133	tbwt_jogre_bones_marinated_in_karambwanji	Marinated j' bones	no	yes	-1	0	800	0	no	no	
3134	cert_granite_shield	Granite shield	yes	yes	799	0	0	0	no	yes	
3135	troll_key_prison	Prison key	no	yes	-1	0	55	0	no	no	
3136	troll_key_godric	Cell key 1	no	yes	-1	0	55	0	no	no	
3137	troll_key_eadgar	Cell key 2	no	yes	-1	0	55	0	no	no	
3138	cactus_potato	Potato cactus	no	yes	-1	0	500	0	no	yes	
3139	cert_cactus_potato	Potato cactus	yes	yes	799	0	0	0	no	yes	
3140	dragon_chainbody	Dragon chainbody	no	yes	-1	0	6803	0	no	yes	
3141	cert_dragon_chainbody	Dragon chainbody	yes	yes	799	0	0	0	no	yes	
3142	tbwt_raw_karambwan	Raw karambwan	no	yes	-1	0	700	0	no	yes	
3143	cert_tbwt_raw_karambwan	Raw karambwan	yes	yes	799	0	0	0	no	yes	
3144	tbwt_cooked_karambwan	Cooked karambwan	no	yes	-1	0	650	0	no	yes	
3145	cert_tbwt_cooked_karambwan	Cooked karambwan	yes	yes	799	0	0	0	no	yes	
3146	tbwt_poorly_cooked_karambwan	Cooked karambwan	no	yes	-1	0	650	0	no	no	
3147	cert_tbwt_poorly_cooked_karambwan	Cooked karambwan	yes	yes	799	0	0	0	no	no	
3148	tbwt_burnt_karambwan	Burnt karambwan	no	yes	-1	0	600	0	no	no	
3149	cert_tbwt_burnt_karambwan	Burnt karambwan	yes	yes	799	0	0	0	no	no	
3150	tbwt_raw_karambwanji	Raw karambwanji	no	yes	-1	0	140	0	no	no	
3151	tbwt_cooked_karambwanji	Karambwanji	no	yes	-1	0	120	0	no	yes	
3152	tbwt_raw_karambwan_paste	Karambwan paste	no	yes	-1	0	10	0	no	no	
3153	tbwt_poisonous_karambwan_paste	Karambwan paste	no	yes	-1	0	10	0	no	no	
3154	tbwt_cooked_karambwan_paste	Karambwan paste	no	yes	-1	0	10	0	no	no	
3155	tbwt_raw_karambwanji_paste	Karambwanji paste	no	yes	-1	0	10	0	no	no	
3156	tbwt_cooked_karambwanji_paste	Karambwanji paste	no	yes	-1	0	10	0	no	no	
3157	tbwt_karambwan_vessel	Karambwan vessel	no	yes	-1	0	3000	0	no	yes	
3158	cert_tbwt_karambwan_vessel	Karambwan vessel	yes	yes	799	0	0	0	no	yes	
3159	tbwt_karambwan_vessel_loaded_with_karambwanji	Karambwan vessel	no	yes	-1	0	3150	0	no	yes	
3160	cert_tbwt_karambwan_vessel_loaded_with_karambwanji	Karambwan vessel	yes	yes	799	0	0	0	no	yes	
3161	tbwt_crafting_manual	Crafting manual	no	yes	-1	0	50	0	no	no	
3162	tbwt_sliced_banana	Sliced banana	no	no	-1	0	28	0	no	yes	
3163	cert_tbwt_sliced_banana	Sliced banana	yes	no	799	0	0	0	no	yes	
3164	tbwt_sliced_banana_in_karamja_rum	Karamjan rum	no	no	-1	0	907	0	no	no	
3165	tbwt_banana_in_karamja_rum	Karamjan rum	no	no	-1	0	907	0	no	no	
3166	tbwt_monkey_corpse	Monkey corpse	no	yes	-1	0	1000	0	no	no	
3167	tbwt_monkey_skin	Monkey skin	no	yes	-1	0	300	0	no	no	
3168	tbwt_seaweed_in_monkey_skin_sandwich	Seaweed sandwich	no	yes	-1	0	500	0	no	no	
3169	tbwt_seaweed_in_monkey_corpse	Stuffed monkey	no	yes	-1	0	1200	0	no	no	
3170	tbwt_bronze_spear_kp	Bronze spear(kp)	no	yes	-1	0	2267	0	no	no	
3171	tbwt_iron_spear_kp	Iron spear(kp)	no	yes	-1	0	2267	0	no	no	
3172	tbwt_steel_spear_kp	Steel spear(kp)	no	yes	-1	0	2267	0	no	no	
3173	tbwt_mithril_spear_kp	Mithril spear(kp)	no	yes	-1	0	1814	0	no	no	
3174	tbwt_adamant_spear_kp	Adamant spear(kp)	no	yes	-1	0	2721	0	no	no	
3175	tbwt_rune_spear_kp	Rune spear(kp)	no	yes	-1	0	2267	0	no	no	
3176	tbwt_dragon_spear_kp	Dragon spear(kp)	no	yes	-1	0	2267	0	no	no	
3177	banana_left	Banana left	no	no	-1	0	28	0	no	no	
3178	cert_banana_left	Banana left	yes	no	799	0	0	0	no	no	
3179	mm_small_ninja_monkey_bones	Monkey bones	no	yes	-1	0	500	0	no	no	
3180	mm_medium_ninja_monkey_bones	Monkey bones	no	yes	-1	0	500	0	no	no	
3181	mm_normal_gorilla_monkey_bones	Monkey bones	no	yes	-1	0	800	0	no	no	
3182	mm_bearded_gorilla_monkey_bones	Monkey bones	no	yes	-1	0	800	0	no	no	
3183	mm_normal_monkey_bones	Monkey bones	no	no	-1	0	500	0	no	yes	
3184	cert_mm_normal_monkey_bones	Monkey bones	yes	no	799	0	0	0	no	yes	
3185	mm_small_zombie_monkey_bones	Monkey bones	no	yes	-1	0	500	0	no	no	
3186	mm_large_zombie_monkey_bones	Monkey bones	no	yes	-1	0	500	0	no	no	
3187	mm_skeleton_bones	Bones	no	yes	-1	0	500	0	no	no	
3188	tbwt_cleaning_cloth	Cleaning cloth	no	yes	-1	0	1000	0	no	yes	
3189	cert_tbwt_cleaning_cloth	Cleaning cloth	yes	yes	799	0	0	0	no	yes	
3190	bronze_halberd	Bronze halberd	no	yes	-1	0	3175	0	no	yes	
3191	cert_bronze_halberd	Bronze halberd	yes	yes	799	0	0	0	no	yes	
3192	iron_halberd	Iron halberd	no	yes	-1	0	3175	0	no	yes	
3193	cert_iron_halberd	Iron halberd	yes	yes	799	0	0	0	no	yes	
3194	steel_halberd	Steel halberd	no	yes	-1	0	3175	0	no	yes	
3195	cert_steel_halberd	Steel halberd	yes	yes	799	0	0	0	no	yes	
3196	black_halberd	Black halberd	no	yes	-1	0	3175	0	no	yes	
3197	cert_black_halberd	Black halberd	yes	yes	799	0	0	0	no	yes	
3198	mithril_halberd	Mithril halberd	no	yes	-1	0	2721	0	no	yes	
3199	cert_mithril_halberd	Mithril halberd	yes	yes	799	0	0	0	no	yes	
3200	adamant_halberd	Adamant halberd	no	yes	-1	0	3628	0	no	yes	
3201	cert_adamant_halberd	Adamant halberd	yes	yes	799	0	0	0	no	yes	
3202	rune_halberd	Rune halberd	no	yes	-1	0	3175	0	no	yes	
3203	cert_rune_halberd	Rune halberd	yes	yes	799	0	0	0	no	yes	
3204	dragon_halberd	Dragon halberd	no	yes	-1	0	3175	0	no	yes	
3205	cert_dragon_halberd	Dragon halberd	yes	yes	799	0	0	0	no	yes	
3206	regicide_quest_kings_summons	King's message	no	no	-1	0	56	0	no	no	
3207	regicide_iorwerth_message	Iorwerths message	no	yes	-1	0	56	0	no	no	
3208	regicide_crystal_pendant	Crystal pendant	no	yes	-1	0	5	0	no	no	
3209	regicide_sulphar	Sulphur	no	yes	-1	0	10	0	no	no	
3210	cert_regicide_sulphar	Sulphur	yes	yes	799	0	0	0	no	no	
3211	limestone	Limestone	no	yes	-1	0	2267	0	no	yes	
3212	cert_limestone	Limestone	yes	yes	799	0	0	0	no	yes	
3213	regicide_quicklime	Quicklime	no	yes	-1	0	2267	0	no	no	
3214	regicide_quicklime_dust	Pot of quicklime	no	yes	-1	0	453	0	no	no	
3215	regicide_sulphar_dust	Ground sulphur	no	yes	-1	0	56	0	no	no	
3216	regicide_barrel_empty	Barrel	no	yes	-1	0	10000	0	no	no	
3217	cert_regicide_barrel_empty	Barrel	yes	yes	799	0	0	0	no	no	
3218	regicide_barrel_lid	Barrel bomb	no	yes	-1	0	32000	0	no	no	
3219	regicide_barrel_lid_fused	Barrel bomb	no	yes	-1	0	32000	0	no	no	
3220	regicide_barrel_tar	Barrel of coal-tar	no	yes	-1	0	32000	0	no	no	
3221	regicide_barrel_naphtha	Barrel of naphtha	no	yes	-1	0	32000	0	no	no	
3222	regicide_barrel_naphtha_sulphar_mix	Naphtha mix	no	yes	-1	0	32000	0	no	no	
3223	regicide_barrel_naphtha_quicklime_mix	Naphtha mix	no	yes	-1	0	32000	0	no	no	
3224	regicide_cloth	Cloth	no	yes	-1	0	340	0	no	no	
3225	cert_regicide_cloth	Cloth	yes	yes	799	0	0	0	no	no	
3226	raw_rabbit	Raw rabbit	no	yes	-1	0	170	0	no	yes	
3227	cert_raw_rabbit	Raw rabbit	yes	yes	799	0	0	0	no	yes	
3228	cooked_rabbit	Cooked rabbit	no	yes	-1	0	141	0	no	yes	
3229	cert_cooked_rabbit	Cooked rabbit	yes	yes	799	0	0	0	no	yes	
3230	regicide_alchemy	Big book of bangs	no	yes	-1	0	226	0	no	no	
3231	regicide_alchemy_symbol1	Symbol1	no	no	-1	0	1	0	no	no	
3232	cert_regicide_alchemy_symbol1	Symbol1	yes	no	799	0	0	0	no	no	
3233	regicide_alchemy_symbol2	Symbol2	no	no	-1	0	1	0	no	no	
3234	cert_regicide_alchemy_symbol2	Symbol2	yes	no	799	0	0	0	no	no	
3235	regicide_alchemy_symbol3	Symbol3	no	no	-1	0	1	0	no	no	
3236	cert_regicide_alchemy_symbol3	Symbol3	yes	no	799	0	0	0	no	no	
3237	regicide_alchemy_symbol4	Symbol4	no	no	-1	0	1	0	no	no	
3238	cert_regicide_alchemy_symbol4	Symbol4	yes	no	799	0	0	0	no	no	
3239	hollow_bark	Bark	no	yes	-1	0	1000	0	no	yes	
3240	cert_hollow_bark	Bark	yes	yes	799	0	0	0	no	yes	
3241	pickpocket_guide_man	Man	no	no	-1	0	0	0	no	no	
3242	cert_pickpocket_guide_man	Man	yes	no	799	0	0	0	no	no	
3243	pickpocket_guide_farmer	Farmer	no	no	-1	0	0	0	no	no	
3244	cert_pickpocket_guide_farmer	Farmer	yes	no	799	0	0	0	no	no	
3245	pickpocket_guide_warrior	Warrior woman	no	no	-1	0	0	0	no	no	
3246	cert_pickpocket_guide_warrior	Warrior woman	yes	no	799	0	0	0	no	no	
3247	pickpocket_guide_rogue	Rogue	no	no	-1	0	0	0	no	no	
3248	cert_pickpocket_guide_rogue	Rogue	yes	no	799	0	0	0	no	no	
3249	pickpocket_guide_guard	Guard	no	no	-1	0	0	0	no	no	
3250	cert_pickpocket_guide_guard	Guard	yes	no	799	0	0	0	no	no	
3251	pickpocket_guide_knight	Knight of ardougne	no	no	-1	0	0	0	no	no	
3252	cert_pickpocket_guide_knight	Knight of ardougne	yes	no	799	0	0	0	no	no	
3253	pickpocket_guide_watchman	Watchman	no	no	-1	0	0	0	no	no	
3254	cert_pickpocket_guide_watchman	Watchman	yes	no	799	0	0	0	no	no	
3255	pickpocket_guide_paladin	Paladin	no	no	-1	0	0	0	no	no	
3256	cert_pickpocket_guide_paladin	Paladin	yes	no	799	0	0	0	no	no	
3257	pickpocket_guide_gnome	Gnome	no	no	-1	0	0	0	no	no	
3258	cert_pickpocket_guide_gnome	Gnome	yes	no	799	0	0	0	no	no	
3259	pickpocket_guide_hero	Hero	no	no	-1	0	0	0	no	no	
3260	cert_pickpocket_guide_hero	Hero	yes	no	799	0	0	0	no	no	
3261	eadgar_goutweed_herb	Goutweed	no	yes	-1	0	7	0	no	no	
3262	eadgar_troll_thistle	Troll thistle	no	yes	-1	0	1	0	no	no	
3263	eadgar_dried_troll_thistle	Dried thistle	no	yes	-1	0	1	0	no	no	
3264	eadgar_ground_troll_thistle	Ground thistle	no	yes	-1	0	28	0	no	no	
3265	eadgar_ground_troll_thistle_potion	Troll potion	no	yes	-1	0	56	0	no	no	
3266	eadgar_drunk_parrot	Drunk parrot	no	yes	-1	0	1	0	no	no	
3267	eadgar_dirty_druid_robe	Dirty robe	no	yes	-1	0	1	0	no	no	
3268	eadgar_fake_man	Fake man	no	yes	-1	0	1	0	no	no	
3269	eadgar_troll_storeroom_key	Storeroom key	no	yes	-1	0	55	0	no	no	
3270	eadgar_alco_chunks	Alco-chunks	no	yes	-1	0	80	0	no	no	
3271	eadgar_fade_to_black_inv	Dummy	no	no	-1	0	0	0	no	no	
3272	cert_eadgar_fade_to_black_inv	Dummy	yes	no	799	0	0	0	no	no	
3273	01_wind_strike	Spell	no	no	-1	2	0	0	no	no	
3274	03_confuse	Spell	no	no	-1	2	0	0	no	no	
3275	05_water_strike	Spell	no	no	-1	2	0	0	no	no	
3276	07_enchant_amulet_lvl1	Spell	no	no	-1	2	0	0	no	no	
3277	09_earth_strike	Spell	no	no	-1	2	0	0	no	no	
3278	11_weaken	Spell	no	no	-1	2	0	0	no	no	
3279	13_fire_strike	Spell	no	no	-1	2	0	0	no	no	
3280	15_bones_bananas	Spell	no	no	-1	2	0	0	no	no	
3281	17_wind_bolt	Spell	no	no	-1	2	0	0	no	no	
3282	19_curse	Spell	no	no	-1	2	0	0	no	no	
3283	20_bind	Spell	no	no	-1	2	0	0	no	no	
3284	21_low_alchemy	Spell	no	no	-1	2	0	0	no	no	
3285	23_water_bolt	Spell	no	no	-1	2	0	0	no	no	
3286	25_varrock_teleport	Spell	no	no	-1	2	0	0	no	no	
3287	27_enchant_amulet_lvl2	Spell	no	no	-1	2	0	0	no	no	
3288	29_earth_bolt	Spell	no	no	-1	2	0	0	no	no	
3289	31_lumbridge_teleport	Spell	no	no	-1	2	0	0	no	no	
3290	33_tele_grab	Spell	no	no	-1	2	0	0	no	no	
3291	35_fire_bolt	Spell	no	no	-1	2	0	0	no	no	
3292	37_falador_teleport	Spell	no	no	-1	2	0	0	no	no	
3293	39_crumble_undead	Spell	no	no	-1	2	0	0	no	no	
3294	41_wind_blast	Spell	no	no	-1	2	0	0	no	no	
3295	43_superheat_item	Spell	no	no	-1	2	0	0	no	no	
3296	45_camelot_teleport	Spell	no	no	-1	2	0	0	no	no	
3297	47_water_blast	Spell	no	no	-1	2	0	0	no	no	
3298	49_enchant_amulet_lvl3	Spell	no	no	-1	2	0	0	no	no	
3299	50_iban_blast	Spell	no	no	-1	2	0	0	no	no	
3300	50_snare	Spell	no	no	-1	2	0	0	no	no	
3301	51_ardougne_teleport	Spell	no	no	-1	2	0	0	no	no	
3302	53_earth_blast	Spell	no	no	-1	2	0	0	no	no	
3303	55_high_alchemy	Spell	no	no	-1	2	0	0	no	no	
3304	56_charge_water_orb	Spell	no	no	-1	2	0	0	no	no	
3305	57_enchant_amulet_lvl4	Spell	no	no	-1	2	0	0	no	no	
3306	58_watchtower_teleport	Spell	no	no	-1	2	0	0	no	no	
3307	59_fire_blast	Spell	no	no	-1	2	0	0	no	no	
3308	60_charge_earth_orb	Spell	no	no	-1	2	0	0	no	no	
3309	60_claws_of_guthix	Spell	no	no	-1	2	0	0	no	no	
3310	60_flames_of_zamorak	Spell	no	no	-1	2	0	0	no	no	
3311	60_saradomin_strike	Spell	no	no	-1	2	0	0	no	no	
3312	61_trollheim_teleport	Spell	no	no	-1	2	0	0	no	no	
3313	62_wind_wave	Spell	no	no	-1	2	0	0	no	no	
3314	63_charge_fire_orb	Spell	no	no	-1	2	0	0	no	no	
3315	65_water_wave	Spell	no	no	-1	2	0	0	no	no	
3316	66_charge_air_orb	Spell	no	no	-1	2	0	0	no	no	
3317	66_vulnerability	Spell	no	no	-1	2	0	0	no	no	
3318	68_enchant_amulet_lvl5	Spell	no	no	-1	2	0	0	no	no	
3319	70_earth_wave	Spell	no	no	-1	2	0	0	no	no	
3320	73_enfeeble	Spell	no	no	-1	2	0	0	no	no	
3321	75_fire_wave	Spell	no	no	-1	2	0	0	no	no	
3322	79_entangle	Spell	no	no	-1	2	0	0	no	no	
3323	80_charge	Spell	no	no	-1	2	0	0	no	no	
3324	80_stun	Spell	no	no	-1	2	0	0	no	no	
3325	vampire_dust	Vampire dust	no	yes	-1	0	56	0	no	yes	
3326	cert_vampire_dust	Vampire dust	yes	yes	799	0	0	0	no	yes	
3327	snelm_round_swamp	Myre snelm	no	yes	-1	0	2000	0	no	yes	
3328	cert_snelm_round_swamp	Myre snelm	yes	yes	799	0	0	0	no	yes	
3329	snelm_round_red+black	Blood'n'tar snelm	no	yes	-1	0	2000	0	no	yes	
3330	cert_snelm_round_red+black	Blood'n'tar snelm	yes	yes	799	0	0	0	no	yes	
3331	snelm_round_yellow	Ochre snelm	no	yes	-1	0	2000	0	no	yes	
3332	cert_snelm_round_yellow	Ochre snelm	yes	yes	799	0	0	0	no	yes	
3333	snelm_round_blue	Bruise blue snelm	no	yes	-1	0	2000	0	no	yes	
3334	cert_snelm_round_blue	Bruise blue snelm	yes	yes	799	0	0	0	no	yes	
3335	snelm_round_orange	Broken bark snelm	no	yes	-1	0	2000	0	no	yes	
3336	cert_snelm_round_orange	Broken bark snelm	yes	yes	799	0	0	0	no	yes	
3337	snelm_point_swamp	Myre snelm	no	yes	-1	0	2000	0	no	yes	
3338	cert_snelm_point_swamp	Myre snelm	yes	yes	799	0	0	0	no	yes	
3339	snelm_point_red+black	Blood'n'tar snelm	no	yes	-1	0	2000	0	no	yes	
3340	cert_snelm_point_red+black	Blood'n'tar snelm	yes	yes	799	0	0	0	no	yes	
3341	snelm_point_yellow	Ochre snelm	no	yes	-1	0	2000	0	no	yes	
3342	cert_snelm_point_yellow	Ochre snelm	yes	yes	799	0	0	0	no	yes	
3343	snelm_point_blue	Bruise blue snelm	no	yes	-1	0	2000	0	no	yes	
3344	cert_snelm_point_blue	Bruise blue snelm	yes	yes	799	0	0	0	no	yes	
3345	shellround_swamp	Blamish myre shell	no	yes	-1	0	10000	0	no	yes	
3346	cert_shellround_swamp	Blamish myre shell	yes	yes	799	0	0	0	no	yes	
3347	shellround_red+black	Blamish red shell	no	yes	-1	0	10000	0	no	yes	
3348	cert_shellround_red+black	Blamish red shell	yes	yes	799	0	0	0	no	yes	
3349	shellround_yellow	Blamish ochre shell	no	yes	-1	0	10000	0	no	yes	
3350	cert_shellround_yellow	Blamish ochre shell	yes	yes	799	0	0	0	no	yes	
3351	shellround_blue	Blamish blue shell	no	yes	-1	0	10000	0	no	yes	
3352	cert_shellround_blue	Blamish blue shell	yes	yes	799	0	0	0	no	yes	
3353	shellround_orange	Blamish bark shell	no	yes	-1	0	10000	0	no	yes	
3354	cert_shellround_orange	Blamish bark shell	yes	yes	799	0	0	0	no	yes	
3355	shellpoint_swamp	Blamish myre shell	no	yes	-1	0	10000	0	no	yes	
3356	cert_shellpoint_swamp	Blamish myre shell	yes	yes	799	0	0	0	no	yes	
3357	shellpoint_red+black	Blamish red shell	no	yes	-1	0	10000	0	no	yes	
3358	cert_shellpoint_red+black	Blamish red shell	yes	yes	799	0	0	0	no	yes	
3359	shellpoint_yellow	Blamish ochre shell	no	yes	-1	0	10000	0	no	yes	
3360	cert_shellpoint_yellow	Blamish ochre shell	yes	yes	799	0	0	0	no	yes	
3361	shellpoint_blue	Blamish blue shell	no	yes	-1	0	10000	0	no	yes	
3362	cert_shellpoint_blue	Blamish blue shell	yes	yes	799	0	0	0	no	yes	
3363	snail_corpse1	Thin snail	no	yes	-1	0	2000	0	no	yes	
3364	cert_snail_corpse1	Thin snail	yes	yes	799	0	0	0	no	yes	
3365	snail_corpse2	Lean snail	no	yes	-1	0	2000	0	no	yes	
3366	cert_snail_corpse2	Lean snail	yes	yes	799	0	0	0	no	yes	
3367	snail_corpse3	Fat snail	no	yes	-1	0	2000	0	no	yes	
3368	cert_snail_corpse3	Fat snail	yes	yes	799	0	0	0	no	yes	
3369	snail_corpse_cooked1	Thin snail meat	no	yes	-1	0	3000	0	no	yes	
3370	cert_snail_corpse_cooked1	Thin snail meat	yes	yes	799	0	0	0	no	yes	
3371	snail_corpse_cooked2	Lean snail meat	no	yes	-1	0	4000	0	no	yes	
3372	cert_snail_corpse_cooked2	Lean snail meat	yes	yes	799	0	0	0	no	yes	
3373	snail_corpse_cooked3	Fat snail meat	no	yes	-1	0	5000	0	no	yes	
3374	cert_snail_corpse_cooked3	Fat snail meat	yes	yes	799	0	0	0	no	yes	
3375	burnt_snail	Burnt snail	no	yes	-1	0	1000	0	no	yes	
3376	cert_burnt_snail	Burnt snail	yes	yes	799	0	0	0	no	yes	
3377	empty_dye_bottle	Sample bottle	no	yes	-1	0	20	0	no	yes	
3378	cert_empty_dye_bottle	Sample bottle	yes	yes	799	0	0	0	no	yes	
3379	mort_slimey_eel	Slimey eel	no	yes	-1	0	2000	0	no	yes	
3380	cert_mort_slimey_eel	Slimey eel	yes	yes	799	0	0	0	no	yes	
3381	mort_slimey_eel_cooked	Cooked slimey eel	no	yes	-1	0	2000	0	no	yes	
3382	cert_mort_slimey_eel_cooked	Cooked slimey eel	yes	yes	799	0	0	0	no	yes	
3383	burnt_eel	Burnt eel	no	yes	-1	0	2000	0	no	yes	
3384	cert_burnt_eel	Burnt eel	yes	yes	799	0	0	0	no	yes	
3385	splitbark_helm	Splitbark helm	no	yes	-1	0	907	0	no	yes	
3386	cert_splitbark_helm	Splitbark helm	yes	yes	799	0	0	0	no	yes	
3387	splitbark_body	Splitbark body	no	yes	-1	0	4535	0	no	yes	
3388	cert_splitbark_body	Splitbark body	yes	yes	799	0	0	0	no	yes	
3389	splitbark_legs	Splitbark legs	no	yes	-1	0	3628	0	no	yes	
3390	cert_splitbark_legs	Splitbark legs	yes	yes	799	0	0	0	no	yes	
3391	splitbark_gauntlets	Splitbark gauntlets	no	yes	-1	0	907	0	no	yes	
3392	cert_splitbark_gauntlets	Splitbark gauntlets	yes	yes	799	0	0	0	no	yes	
3393	splitbark_greaves	Splitbark greaves	no	yes	-1	0	907	0	no	yes	
3394	cert_splitbark_greaves	Splitbark greaves	yes	yes	799	0	0	0	no	yes	
3395	serum_book	Diary	no	yes	-1	0	510	0	no	no	
3396	shade_bones1	Loar remains	no	yes	-1	0	1360	0	no	yes	
3397	cert_shade_bones1	Loar remains	yes	yes	799	0	0	0	no	yes	
3398	shade_bones2	Phrin remains	no	yes	-1	0	1360	0	no	yes	
3399	cert_shade_bones2	Phrin remains	yes	yes	799	0	0	0	no	yes	
3400	shade_bones3	Riyl remains	no	yes	-1	0	1360	0	no	yes	
3401	cert_shade_bones3	Riyl remains	yes	yes	799	0	0	0	no	yes	
3402	shade_bones4	Asyn remains	no	yes	-1	0	1360	0	no	yes	
3403	cert_shade_bones4	Asyn remains	yes	yes	799	0	0	0	no	yes	
3404	shade_bones5	Fiyr remains	no	yes	-1	0	1360	0	no	yes	
3405	cert_shade_bones5	Fiyr remains	yes	yes	799	0	0	0	no	yes	
3406	ashesvial	Unfinished potion	no	yes	-1	0	56	0	no	yes	
3407	cert_ashesvial	Unfinished potion	yes	yes	799	0	0	0	no	yes	
3408	mort_serum4	Serum 207 (4)	no	yes	-1	0	35	0	no	yes	
3409	cert_mort_serum4	Serum 207 (4)	yes	yes	799	0	0	0	no	yes	
3410	mort_serum3	Serum 207 (3)	no	yes	-1	0	30	0	no	yes	
3411	cert_mort_serum3	Serum 207 (3)	yes	yes	799	0	0	0	no	yes	
3412	mort_serum2	Serum 207 (2)	no	yes	-1	0	25	0	no	yes	
3413	cert_mort_serum2	Serum 207 (2)	yes	yes	799	0	0	0	no	yes	
3414	mort_serum1	Serum 207 (1)	no	yes	-1	0	20	0	no	yes	
3415	cert_mort_serum1	Serum 207 (1)	yes	yes	799	0	0	0	no	yes	
3416	mort_serum_perm4	Serum 207(p) (4)	no	yes	-1	0	35	0	no	no	
3417	mort_serum_perm3	Serum 207(p) (3)	no	yes	-1	0	30	0	no	no	
3418	mort_serum_perm2	Serum 207(p) (2)	no	yes	-1	0	25	0	no	no	
3419	mort_serum_perm1	Serum 207(p) (1)	no	yes	-1	0	20	0	no	no	
3420	limestonebrick	Limestone brick	no	yes	-1	0	1360	0	no	yes	
3421	cert_limestonebrick	Limestone brick	yes	yes	799	0	0	0	no	yes	
3422	oliveoil4	Olive oil(4)	no	yes	-1	0	35	0	no	yes	
3423	cert_oliveoil4	Olive oil(4)	yes	yes	799	0	0	0	no	yes	
3424	oliveoil3	Olive oil(3)	no	yes	-1	0	30	0	no	yes	
3425	cert_oliveoil3	Olive oil(3)	yes	yes	799	0	0	0	no	yes	
3426	oliveoil2	Olive oil(2)	no	yes	-1	0	25	0	no	yes	
3427	cert_oliveoil2	Olive oil(2)	yes	yes	799	0	0	0	no	yes	
3428	oliveoil1	Olive oil(1)	no	yes	-1	0	20	0	no	yes	
3429	cert_oliveoil1	Olive oil(1)	yes	yes	799	0	0	0	no	yes	
3430	sacred_oil4	Sacred oil(4)	no	yes	-1	0	35	0	no	yes	
3431	cert_sacred_oil4	Sacred oil(4)	yes	yes	799	0	0	0	no	yes	
3432	sacred_oil3	Sacred oil(3)	no	yes	-1	0	30	0	no	yes	
3433	cert_sacred_oil3	Sacred oil(3)	yes	yes	799	0	0	0	no	yes	
3434	sacred_oil2	Sacred oil(2)	no	yes	-1	0	25	0	no	yes	
3435	cert_sacred_oil2	Sacred oil(2)	yes	yes	799	0	0	0	no	yes	
3436	sacred_oil1	Sacred oil(1)	no	yes	-1	0	20	0	no	yes	
3437	cert_sacred_oil1	Sacred oil(1)	yes	yes	799	0	0	0	no	yes	
3438	logs_pyre	Pyre logs	no	yes	-1	0	1360	0	no	yes	
3439	cert_logs_pyre	Pyre logs	yes	yes	799	0	0	0	no	yes	
3440	oak_logs_pyre	Oak pyre logs	no	yes	-1	0	1360	0	no	yes	
3441	cert_oak_logs_pyre	Oak pyre logs	yes	yes	799	0	0	0	no	yes	
3442	willow_logs_pyre	Willow pyre logs	no	yes	-1	0	1360	0	no	yes	
3443	cert_willow_logs_pyre	Willow pyre logs	yes	yes	799	0	0	0	no	yes	
3444	maple_logs_pyre	Maple pyre logs	no	yes	-1	0	1360	0	no	yes	
3445	cert_maple_logs_pyre	Maple pyre logs	yes	yes	799	0	0	0	no	yes	
3446	yew_logs_pyre	Yew pyre logs	no	yes	-1	0	1360	0	no	yes	
3447	cert_yew_logs_pyre	Yew pyre logs	yes	yes	799	0	0	0	no	yes	
3448	magic_logs_pyre	Magic pyre logs	no	yes	-1	0	1360	0	no	yes	
3449	cert_magic_logs_pyre	Magic pyre logs	yes	yes	799	0	0	0	no	yes	
3450	shadekey_bronze_bloodred	Bronze key red	no	yes	-1	0	10	0	no	no	
3451	shadekey_bronze_brown	Bronze key brown	no	yes	-1	0	10	0	no	no	
3452	shadekey_bronze_crimson	Bronze key crimson	no	yes	-1	0	10	0	no	no	
3453	shadekey_bronze_black	Bronze key black	no	yes	-1	0	10	0	no	no	
3454	shadekey_bronze_purple	Bronze key purple	no	yes	-1	0	10	0	no	no	
3455	shadekey_steel_bloodred	Steel key red	no	yes	-1	0	10	0	no	no	
3456	shadekey_steel_brown	Steel key brown	no	yes	-1	0	10	0	no	no	
3457	shadekey_steel_crimson	Steel key crimson	no	yes	-1	0	10	0	no	no	
3458	shadekey_steel_black	Steel key black	no	yes	-1	0	10	0	no	no	
3459	shadekey_steel_purple	Steel key purple	no	yes	-1	0	10	0	no	no	
3460	shadekey_black_bloodred	Black key red	no	yes	-1	0	10	0	no	no	
3461	shadekey_black_brown	Black key brown	no	yes	-1	0	10	0	no	no	
3462	shadekey_black_crimson	Black key crimson	no	yes	-1	0	10	0	no	no	
3463	shadekey_black_black	Black key black	no	yes	-1	0	10	0	no	no	
3464	shadekey_black_purple	Black key purple	no	yes	-1	0	10	0	no	no	
3465	shadekey_silver_bloodred	Silver key red	no	yes	-1	0	10	0	no	no	
3466	shadekey_silver_brown	Silver key brown	no	yes	-1	0	10	0	no	no	
3467	shadekey_silver_crimson	Silver key crimson	no	yes	-1	0	10	0	no	no	
3468	shadekey_silver_black	Silver key black	no	yes	-1	0	10	0	no	no	
3469	shadekey_silver_purple	Silver key purple	no	yes	-1	0	10	0	no	no	
3470	fine_cloth	Fine cloth	no	yes	-1	0	1000	0	no	yes	
3471	cert_fine_cloth	Fine cloth	yes	yes	799	0	0	0	no	yes	
3472	black_plateskirt_trim	Black plateskirt (t)	no	no	-1	0	9071	0	no	yes	
3473	black_plateskirt_gold	Black plateskirt (g)	no	no	-1	0	9071	0	no	yes	
3474	adamant_plateskirt_trim	Adam plateskirt (t)	no	no	-1	0	10432	0	no	yes	
3475	adamant_plateskirt_gold	Adam plateskirt (g)	no	no	-1	0	10432	0	no	yes	
3476	rune_plateskirt_gold	Rune plateskirt (g)	no	no	-1	0	9071	0	no	yes	
3477	rune_plateskirt_trim	Rune plateskirt (t)	no	no	-1	0	9071	0	no	yes	
3478	rune_plateskirt_zamorak	Zamorak plateskirt	no	no	-1	0	9071	0	no	yes	
3479	rune_plateskirt_saradomin	Saradomin skirt	no	no	-1	0	9071	0	no	yes	
3480	rune_plateskirt_guthix	Guthix plateskirt	no	no	-1	0	9071	0	no	yes	
3481	rune_platebody_goldplate	Gilded platebody	no	yes	-1	0	9979	0	no	yes	
3482	cert_rune_platebody_goldplate	Gilded platebody	yes	yes	799	0	0	0	no	yes	
3483	rune_platelegs_goldplate	Gilded platelegs	no	yes	-1	0	9071	0	no	yes	
3484	cert_rune_platelegs_goldplate	Gilded platelegs	yes	yes	799	0	0	0	no	yes	
3485	rune_plateskirt_goldplate	Gilded plateskirt	no	yes	-1	0	9071	0	no	yes	
3486	rune_full_helm_goldplate	Gilded full helm	no	yes	-1	0	2721	0	no	yes	
3487	cert_rune_full_helm_goldplate	Gilded full helm	yes	yes	799	0	0	0	no	yes	
3488	rune_kiteshield_goldplate	Gilded kiteshield	no	yes	-1	0	5443	0	no	yes	
3489	cert_rune_kiteshield_goldplate	Gilded kiteshield	yes	yes	799	0	0	0	no	yes	
3490	trail_clue_easy_vague006	Clue scroll	no	yes	-1	0	20	0	no	no	
3491	trail_clue_easy_vague007	Clue scroll	no	yes	-1	0	20	0	no	no	
3492	trail_clue_easy_vague008	Clue scroll	no	yes	-1	0	20	0	no	no	
3493	trail_clue_easy_vague009	Clue scroll	no	yes	-1	0	20	0	no	no	
3494	trail_clue_easy_vague010	Clue scroll	no	yes	-1	0	20	0	no	no	
3495	trail_clue_easy_vague011	Clue scroll	no	yes	-1	0	20	0	no	no	
3496	trail_clue_easy_vague012	Clue scroll	no	yes	-1	0	20	0	no	no	
3497	trail_clue_easy_vague013	Clue scroll	no	yes	-1	0	20	0	no	no	
3498	trail_clue_easy_vague014	Clue scroll	no	yes	-1	0	20	0	no	no	
3499	trail_clue_easy_vague015	Clue scroll	no	yes	-1	0	20	0	no	no	
3500	trail_clue_easy_vague016	Clue scroll	no	yes	-1	0	20	0	no	no	
3501	trail_clue_easy_vague017	Clue scroll	no	yes	-1	0	20	0	no	no	
3502	trail_clue_easy_vague018	Clue scroll	no	yes	-1	0	20	0	no	no	
3503	trail_clue_easy_vague019	Clue scroll	no	yes	-1	0	20	0	no	no	
3504	trail_clue_easy_vague020	Clue scroll	no	yes	-1	0	20	0	no	no	
3505	trail_clue_easy_vague021	Clue scroll	no	yes	-1	0	20	0	no	no	
3506	trail_clue_easy_vague022	Clue scroll	no	yes	-1	0	20	0	no	no	
3507	trail_clue_easy_vague023	Clue scroll	no	yes	-1	0	20	0	no	no	
3508	trail_clue_easy_vague024	Clue scroll	no	yes	-1	0	20	0	no	no	
3509	trail_clue_easy_vague025	Clue scroll	no	yes	-1	0	20	0	no	no	
3510	trail_clue_easy_vague026	Clue scroll	no	yes	-1	0	20	0	no	no	
3511	trail_clue_easy_vague026_casket	Casket	no	yes	-1	0	5000	0	no	no	
3512	trail_clue_easy_vague027	Clue scroll	no	yes	-1	0	20	0	no	no	
3513	trail_clue_easy_vague028	Clue scroll	no	yes	-1	0	20	0	no	no	
3514	trail_clue_easy_vague029	Clue scroll	no	yes	-1	0	20	0	no	no	
3515	trail_clue_easy_vague030	Clue scroll	no	yes	-1	0	20	0	no	no	
3516	trail_clue_easy_map004	Clue scroll	no	yes	-1	0	20	0	no	no	
3517	trail_clue_easy_map004_casket	Casket	no	yes	-1	0	5000	0	no	no	
3518	trail_clue_easy_map005	Clue scroll	no	yes	-1	0	20	0	no	no	
3519	trail_clue_easy_map005_casket	Casket	no	yes	-1	0	5000	0	no	no	
3520	trail_clue_hard_map002	Clue scroll	no	yes	-1	0	20	0	no	no	
3521	trail_clue_hard_map002_casket	Casket	no	yes	-1	0	5000	0	no	no	
3522	trail_clue_hard_map003	Clue scroll	no	yes	-1	0	20	0	no	no	
3523	trail_clue_hard_map003_casket	Casket	no	yes	-1	0	5000	0	no	no	
3524	trail_clue_hard_map004	Clue scroll	no	yes	-1	0	20	0	no	no	
3525	trail_clue_hard_map005	Clue scroll	no	yes	-1	0	20	0	no	no	
3526	trail_clue_hard_sextant014	Clue scroll	no	yes	-1	0	20	0	no	no	
3527	trail_clue_hard_sextant014_casket	Casket	no	yes	-1	0	5000	0	no	no	
3528	trail_clue_hard_sextant015	Clue scroll	no	yes	-1	0	20	0	no	no	
3529	trail_clue_hard_sextant015_casket	Casket	no	yes	-1	0	5000	0	no	no	
3530	trail_clue_hard_sextant016	Clue scroll	no	yes	-1	0	20	0	no	no	
3531	trail_clue_hard_sextant016_casket	Casket	no	yes	-1	0	5000	0	no	no	
3532	trail_clue_hard_sextant017	Clue scroll	no	yes	-1	0	20	0	no	no	
3533	trail_clue_hard_sextant017_casket	Casket	no	yes	-1	0	5000	0	no	no	
3534	trail_clue_hard_sextant018	Clue scroll	no	yes	-1	0	20	0	no	no	
3535	trail_clue_hard_sextant018_casket	Casket	no	yes	-1	0	5000	0	no	no	
3536	trail_clue_hard_sextant019	Clue scroll	no	yes	-1	0	20	0	no	no	
3537	trail_clue_hard_sextant019_casket	Casket	no	yes	-1	0	5000	0	no	no	
3538	trail_clue_hard_sextant020	Clue scroll	no	yes	-1	0	20	0	no	no	
3539	trail_clue_hard_sextant020_casket	Casket	no	yes	-1	0	5000	0	no	no	
3540	trail_clue_hard_sextant021	Clue scroll	no	yes	-1	0	20	0	no	no	
3541	trail_clue_hard_sextant021_casket	Casket	no	yes	-1	0	5000	0	no	no	
3542	trail_clue_hard_sextant022	Clue scroll	no	yes	-1	0	20	0	no	no	
3543	trail_clue_hard_sextant022_casket	Casket	no	yes	-1	0	5000	0	no	no	
3544	trail_clue_hard_sextant023	Clue scroll	no	yes	-1	0	20	0	no	no	
3545	trail_clue_hard_sextant023_casket	Casket	no	yes	-1	0	5000	0	no	no	
3546	trail_clue_hard_sextant024	Clue scroll	no	yes	-1	0	20	0	no	no	
3547	trail_clue_hard_sextant024_casket	Casket	no	yes	-1	0	5000	0	no	no	
3548	trail_clue_hard_sextant025	Clue scroll	no	yes	-1	0	20	0	no	no	
3549	trail_clue_hard_sextant025_casket	Casket	no	yes	-1	0	5000	0	no	no	
3550	trail_clue_hard_sextant026	Clue scroll	no	yes	-1	0	20	0	no	no	
3551	trail_clue_hard_sextant026_casket	Casket	no	yes	-1	0	5000	0	no	no	
3552	trail_clue_hard_sextant027	Clue scroll	no	yes	-1	0	20	0	no	no	
3553	trail_clue_hard_sextant027_casket	Casket	no	yes	-1	0	5000	0	no	no	
3554	trail_clue_hard_sextant028	Clue scroll	no	yes	-1	0	20	0	no	no	
3555	trail_clue_hard_sextant028_casket	Casket	no	yes	-1	0	5000	0	no	no	
3556	trail_clue_hard_sextant029	Clue scroll	no	yes	-1	0	20	0	no	no	
3557	trail_clue_hard_sextant029_casket	Casket	no	yes	-1	0	5000	0	no	no	
3558	trail_clue_hard_sextant030	Clue scroll	no	yes	-1	0	20	0	no	no	
3559	trail_clue_hard_sextant030_casket	Casket	no	yes	-1	0	5000	0	no	no	
3560	trail_clue_hard_sextant031	Clue scroll	no	yes	-1	0	20	0	no	no	
3561	trail_clue_hard_sextant031_casket	Casket	no	yes	-1	0	5000	0	no	no	
3562	trail_clue_hard_sextant032	Clue scroll	no	yes	-1	0	20	0	no	no	
3563	trail_clue_hard_sextant032_casket	Casket	no	yes	-1	0	5000	0	no	no	
3564	trail_clue_hard_riddle018	Clue scroll	no	yes	-1	0	20	0	no	no	
3565	trail_clue_hard_riddle018_puzzlebox	Puzzle box	no	yes	-1	0	100	0	no	no	
3566	trail_clue_hard_riddle019	Clue scroll	no	yes	-1	0	20	0	no	no	
3567	trail_clue_hard_riddle019_puzzlebox	Puzzle box	no	yes	-1	0	100	0	no	no	
3568	trail_clue_hard_riddle020	Clue scroll	no	yes	-1	0	20	0	no	no	
3569	trail_clue_hard_riddle020_puzzlebox	Puzzle box	no	yes	-1	0	100	0	no	no	
3570	trail_clue_hard_riddle021	Clue scroll	no	yes	-1	0	20	0	no	no	
3571	trail_clue_hard_riddle021_puzzlebox	Puzzle box	no	yes	-1	0	100	0	no	no	
3572	trail_clue_hard_riddle022	Clue scroll	no	yes	-1	0	20	0	no	no	
3573	trail_clue_hard_riddle023	Clue scroll	no	yes	-1	0	20	0	no	no	
3574	trail_clue_hard_riddle024	Clue scroll	no	yes	-1	0	20	0	no	no	
3575	trail_clue_hard_riddle025	Clue scroll	no	yes	-1	0	20	0	no	no	
3576	trail_clue_hard_riddle025_puzzlebox	Puzzle box	no	yes	-1	0	100	0	no	no	
3577	trail_clue_hard_riddle026	Clue scroll	no	yes	-1	0	20	0	no	no	
3578	trail_clue_hard_riddle026_puzzlebox	Puzzle box	no	yes	-1	0	100	0	no	no	
3579	trail_clue_hard_riddle027	Clue scroll	no	yes	-1	0	20	0	no	no	
3580	trail_clue_hard_riddle028	Clue scroll	no	yes	-1	0	20	0	no	no	
3581	trail_clue_hard_riddle028_casket	Casket	no	yes	-1	0	5000	0	no	no	
3582	trail_clue_medium_sextant014	Clue scroll	no	yes	-1	0	20	0	no	no	
3583	trail_clue_medium_sextant014_casket	Casket	no	yes	-1	0	5000	0	no	no	
3584	trail_clue_medium_sextant015	Clue scroll	no	yes	-1	0	20	0	no	no	
3585	trail_clue_medium_sextant015_casket	Casket	no	yes	-1	0	5000	0	no	no	
3586	trail_clue_medium_sextant016	Clue scroll	no	yes	-1	0	20	0	no	no	
3587	trail_clue_medium_sextant016_casket	Casket	no	yes	-1	0	5000	0	no	no	
3588	trail_clue_medium_sextant017	Clue scroll	no	yes	-1	0	20	0	no	no	
3589	trail_clue_medium_sextant017_casket	Casket	no	yes	-1	0	5000	0	no	no	
3590	trail_clue_medium_sextant018	Clue scroll	no	yes	-1	0	20	0	no	no	
3591	trail_clue_medium_sextant018_casket	Casket	no	yes	-1	0	5000	0	no	no	
3592	trail_clue_medium_sextant019	Clue scroll	no	yes	-1	0	20	0	no	no	
3593	trail_clue_medium_sextant019_casket	Casket	no	yes	-1	0	5000	0	no	no	
3594	trail_clue_medium_sextant020	Clue scroll	no	yes	-1	0	20	0	no	no	
3595	trail_clue_medium_sextant020_casket	Casket	no	yes	-1	0	5000	0	no	no	
3596	trail_clue_medium_map003	Clue scroll	no	yes	-1	0	20	0	no	no	
3597	trail_clue_medium_map003_casket	Casket	no	yes	-1	0	5000	0	no	no	
3598	trail_clue_medium_map004	Clue scroll	no	yes	-1	0	20	0	no	no	
3599	trail_clue_medium_map005	Clue scroll	no	yes	-1	0	20	0	no	no	
3600	trail_clue_medium_map005_casket	Casket	no	yes	-1	0	5000	0	no	no	
3601	trail_clue_medium_map006	Clue scroll	no	yes	-1	0	20	0	no	no	
3602	trail_clue_medium_map007	Clue scroll	no	yes	-1	0	20	0	no	no	
3603	trail_clue_medium_map007_casket	Casket	no	yes	-1	0	5000	0	no	no	
3604	trail_clue_medium_riddle006	Clue scroll	no	yes	-1	0	20	0	no	no	
3605	trail_clue_medium_riddle007	Clue scroll	no	yes	-1	0	20	0	no	no	
3606	trail_clue_medium_riddle007_key	Key	no	yes	-1	0	10	0	no	no	
3607	trail_clue_medium_riddle008	Clue scroll	no	yes	-1	0	20	0	no	no	
3608	trail_clue_medium_riddle008_key	Key	no	yes	-1	0	10	0	no	no	
3609	trail_clue_medium_riddle009	Clue scroll	no	yes	-1	0	20	0	no	no	
3610	trail_clue_medium_riddle010	Clue scroll	no	yes	-1	0	20	0	no	no	
3611	trail_clue_medium_anagram013	Clue scroll	no	yes	-1	0	20	0	no	no	
3612	trail_clue_medium_anagram014	Clue scroll	no	yes	-1	0	20	0	no	no	
3613	trail_clue_medium_anagram015	Clue scroll	no	yes	-1	0	20	0	no	no	
3614	trail_clue_medium_anagram016	Clue scroll	no	yes	-1	0	20	0	no	no	
3615	trail_clue_medium_anagram017	Clue scroll	no	yes	-1	0	20	0	no	no	
3616	trail_clue_medium_anagram018	Clue scroll	no	yes	-1	0	20	0	no	no	
3617	trail_clue_medium_anagram019	Clue scroll	no	yes	-1	0	20	0	no	no	
3618	trail_clue_medium_anagram020	Clue scroll	no	yes	-1	0	20	0	no	no	
3619	trail_slidingpuzzlec01	Sliding piece	no	yes	-1	2	0	0	no	no	
3620	trail_slidingpuzzlec02	Sliding piece	no	yes	-1	2	0	0	no	no	
3621	trail_slidingpuzzlec03	Sliding piece	no	yes	-1	2	0	0	no	no	
3622	trail_slidingpuzzlec04	Sliding piece	no	yes	-1	2	0	0	no	no	
3623	trail_slidingpuzzlec05	Sliding piece	no	yes	-1	2	0	0	no	no	
3624	trail_slidingpuzzlec06	Sliding piece	no	yes	-1	2	0	0	no	no	
3625	trail_slidingpuzzlec07	Sliding piece	no	yes	-1	2	0	0	no	no	
3626	trail_slidingpuzzlec08	Sliding piece	no	yes	-1	2	0	0	no	no	
3627	trail_slidingpuzzlec09	Sliding piece	no	yes	-1	2	0	0	no	no	
3628	trail_slidingpuzzlec10	Sliding piece	no	yes	-1	2	0	0	no	no	
3629	trail_slidingpuzzlec11	Sliding piece	no	yes	-1	2	0	0	no	no	
3630	trail_slidingpuzzlec12	Sliding piece	no	yes	-1	2	0	0	no	no	
3631	trail_slidingpuzzlec13	Sliding piece	no	yes	-1	2	0	0	no	no	
3632	trail_slidingpuzzlec14	Sliding piece	no	yes	-1	2	0	0	no	no	
3633	trail_slidingpuzzlec15	Sliding piece	no	yes	-1	2	0	0	no	no	
3634	trail_slidingpuzzlec16	Sliding piece	no	yes	-1	2	0	0	no	no	
3635	trail_slidingpuzzlec17	Sliding piece	no	yes	-1	2	0	0	no	no	
3636	trail_slidingpuzzlec18	Sliding piece	no	yes	-1	2	0	0	no	no	
3637	trail_slidingpuzzlec19	Sliding piece	no	yes	-1	2	0	0	no	no	
3638	trail_slidingpuzzlec20	Sliding piece	no	yes	-1	2	0	0	no	no	
3639	trail_slidingpuzzlec21	Sliding piece	no	yes	-1	2	0	0	no	no	
3640	trail_slidingpuzzlec22	Sliding piece	no	yes	-1	2	0	0	no	no	
3641	trail_slidingpuzzlec23	Sliding piece	no	yes	-1	2	0	0	no	no	
3642	trail_slidingpuzzlec24	Sliding piece	no	yes	-1	2	0	0	no	no	
3643	trail_slidingpuzzled01	Sliding piece	no	yes	-1	2	0	0	no	no	
3644	trail_slidingpuzzled02	Sliding piece	no	yes	-1	2	0	0	no	no	
3645	trail_slidingpuzzled03	Sliding piece	no	yes	-1	2	0	0	no	no	
3646	trail_slidingpuzzled04	Sliding piece	no	yes	-1	2	0	0	no	no	
3647	trail_slidingpuzzled05	Sliding piece	no	yes	-1	2	0	0	no	no	
3648	trail_slidingpuzzled06	Sliding piece	no	yes	-1	2	0	0	no	no	
3649	trail_slidingpuzzled07	Sliding piece	no	yes	-1	2	0	0	no	no	
3650	trail_slidingpuzzled08	Sliding piece	no	yes	-1	2	0	0	no	no	
3651	trail_slidingpuzzled09	Sliding piece	no	yes	-1	2	0	0	no	no	
3652	trail_slidingpuzzled10	Sliding piece	no	yes	-1	2	0	0	no	no	
3653	trail_slidingpuzzled11	Sliding piece	no	yes	-1	2	0	0	no	no	
3654	trail_slidingpuzzled12	Sliding piece	no	yes	-1	2	0	0	no	no	
3655	trail_slidingpuzzled13	Sliding piece	no	yes	-1	2	0	0	no	no	
3656	trail_slidingpuzzled14	Sliding piece	no	yes	-1	2	0	0	no	no	
3657	trail_slidingpuzzled15	Sliding piece	no	yes	-1	2	0	0	no	no	
3658	trail_slidingpuzzled16	Sliding piece	no	yes	-1	2	0	0	no	no	
3659	trail_slidingpuzzled17	Sliding piece	no	yes	-1	2	0	0	no	no	
3660	trail_slidingpuzzled18	Sliding piece	no	yes	-1	2	0	0	no	no	
3661	trail_slidingpuzzled19	Sliding piece	no	yes	-1	2	0	0	no	no	
3662	trail_slidingpuzzled20	Sliding piece	no	yes	-1	2	0	0	no	no	
3663	trail_slidingpuzzled21	Sliding piece	no	yes	-1	2	0	0	no	no	
3664	trail_slidingpuzzled22	Sliding piece	no	yes	-1	2	0	0	no	no	
3665	trail_slidingpuzzled23	Sliding piece	no	yes	-1	2	0	0	no	no	
3666	trail_slidingpuzzled24	Sliding piece	no	yes	-1	2	0	0	no	no	
3667	viking_toyship		no	no	-1	0	0	0	no	yes	
3668	cert_black_plateskirt_trim	Black plateskirt (t)	yes	no	799	0	0	0	no	yes	
3669	cert_black_plateskirt_gold	Black plateskirt (g)	yes	no	799	0	0	0	no	yes	
3670	cert_adamant_plateskirt_trim	Adam plateskirt (t)	yes	no	799	0	0	0	no	yes	
3671	cert_adamant_plateskirt_gold	Adam plateskirt (g)	yes	no	799	0	0	0	no	yes	
3672	cert_rune_plateskirt_gold	Rune plateskirt (g)	yes	no	799	0	0	0	no	yes	
3673	cert_rune_plateskirt_trim	Rune plateskirt (t)	yes	no	799	0	0	0	no	yes	
3674	cert_rune_plateskirt_zamorak	Zamorak plateskirt	yes	no	799	0	0	0	no	yes	
3675	cert_rune_plateskirt_saradomin	Saradomin skirt	yes	no	799	0	0	0	no	yes	
3676	cert_rune_plateskirt_guthix	Guthix plateskirt	yes	no	799	0	0	0	no	yes	
3677	cert_rune_plateskirt_goldplate	Gilded plateskirt	yes	yes	799	0	0	0	no	yes	
3678	flamtaer_hammer	Flamtaer hammer	no	yes	-1	0	1360	0	no	yes	
3679	cert_flamtaer_hammer	Flamtaer hammer	yes	yes	799	0	0	0	no	yes	
3680	dummy_shoe1	Dummy shoe1	no	yes	-1	0	0	0	no	no	
3681	dummy_shoe2	Dummy shoe2	no	yes	-1	0	0	0	no	no	
3682	dummy_shoe3	Dummy shoe3	no	yes	-1	0	0	0	no	no	
3683	dummy_shoe4	Dummy shoe4	no	yes	-1	0	0	0	no	no	
3684	dummy_shoe5	Dummy shoe5	no	yes	-1	0	0	0	no	no	
3685	dummy_shoe6	Dummy shoe6	no	yes	-1	0	0	0	no	no	
3686	pickpocket_guide_fremennik_citizen	Fremennik	no	no	-1	0	0	0	no	no	
3687	cert_pickpocket_guide_fremennik_citizen	Fremennik	yes	no	799	0	0	0	no	no	
3688	viking_unstrung_lyre	Unstrung lyre	no	yes	-1	0	1814	0	no	no	
3689	viking_strung_lyre	Lyre	no	yes	-1	0	1814	0	no	no	
3690	viking_enchanted_strung_lyre	Enchanted lyre	no	yes	-1	0	1814	0	no	no	
3691	magic_strung_lyre	Enchanted lyre	no	yes	-1	0	1814	0	no	no	
3692	viking_musical_tree_branch	Branch	no	yes	-1	0	1814	0	no	no	
3693	viking_golden_fleece	Golden fleece	no	yes	-1	0	12	0	no	no	
3694	viking_golden_wool	Golden wool	no	yes	-1	0	12	0	no	no	
3695	vt_useless_rock	Pet rock	no	yes	-1	0	1360	0	no	no	
3696	viking_draugen_talisman	Hunters' talisman	no	yes	-1	0	15	0	no	no	
3697	viking_draugen_talisman_uncharged	Hunters' talisman	no	yes	-1	0	15	0	no	no	
3698	viking_rare_flower	Exotic flower	no	yes	-1	0	28	0	no	no	
3699	viking_song	Fremennik ballad	no	yes	-1	0	5	0	no	no	
3700	viking_new_boots	Sturdy boots	no	yes	-1	0	340	0	no	no	
3701	viking_map_to_hunting_grounds	Hunters map	no	yes	-1	0	510	0	no	no	
3702	viking_bowstring	Custom bow string	no	yes	-1	0	400	0	no	no	
3703	viking_unique_fish	Unusual fish	no	yes	-1	0	400	0	no	no	
3704	viking_another_map	Sea fishing map	no	yes	-1	0	510	0	no	no	
3705	viking_weather_forecast	Weather forecast	no	yes	-1	0	5	0	no	no	
3706	viking_champion_token	Champions token	no	yes	-1	0	4	0	no	no	
3707	viking_legendary_cocktail	Legendary cocktail	no	yes	-1	0	450	0	no	no	
3708	viking_promissary_note	Fiscal statement	no	yes	-1	0	5	0	no	no	
3709	viking_promissary_note2	Promissory note	no	yes	-1	0	5	0	no	no	
3710	viking_promissary_note3	Warriors' contract	no	yes	-1	0	5	0	no	no	
3711	viking_beerkeg	Keg of beer	no	yes	-1	0	20000	0	no	no	
3712	viking_low_alcahol_beerkeg	Low alcohol keg	no	yes	-1	0	20000	0	no	no	
3713	viking_firecracker	Strange object	no	yes	-1	0	1	0	no	no	
3714	viking_firecracker_lit	Lit strange object	no	yes	-1	0	1	0	no	no	
3715	viking_dummy_coin	Red disk	no	yes	-1	0	1	0	no	no	
3716	viking_dummy_coin2	Red disk	no	yes	-1	0	1	0	no	no	
3717	viking_dummy_lid	Viking dummy lid	no	yes	-1	0	0	0	no	no	
3718	viking_pointless_magnet	Magnet	no	yes	-1	0	20	0	no	no	
3719	viking_pointless_thread	Blue thread	no	yes	-1	0	2	0	no	no	
3720	viking_pointless_pick	Small pick	no	yes	-1	0	56	0	no	no	
3721	viking_pointless_shiptoy	Toy ship	no	yes	-1	0	400	0	no	no	
3722	viking_bucket_5	Full bucket	no	yes	-1	0	1	0	no	no	
3723	viking_bucket_4	4/5ths full bucket	no	yes	-1	0	1	0	no	no	
3724	viking_bucket_3	3/5ths full bucket	no	yes	-1	0	1	0	no	no	
3725	viking_bucket_2	2/5ths full bucket	no	yes	-1	0	1	0	no	no	
3726	viking_bucket_1	1/5ths full bucket	no	yes	-1	0	1	0	no	no	
3727	viking_bucket_empty	Empty bucket	no	yes	-1	0	1	0	no	no	
3728	viking_bucket_frozen	Frozen bucket	no	yes	-1	0	1	0	no	no	
3729	viking_jug_3	Full jug	no	yes	-1	0	1	0	no	no	
3730	viking_jug_2	2/3rds full jug	no	yes	-1	0	1	0	no	no	
3731	viking_jug_1	1/3rds full jug	no	yes	-1	0	1	0	no	no	
3732	viking_jug_empty	Empty jug	no	yes	-1	0	1	0	no	no	
3733	viking_jug_frozen	Frozen jug	no	yes	-1	0	453	0	no	no	
3734	viking_airtight_vase	Vase	no	yes	-1	0	1	0	no	no	
3735	viking_airtight_vase_water	Vase of water	no	yes	-1	0	1	0	no	no	
3736	viking_airtight_vase_frozen	Frozen vase	no	yes	-1	0	1	0	no	no	
3737	viking_vase_lid	Vase lid	no	yes	-1	0	1	0	no	no	
3738	viking_airtight_vase_with_lid	Sealed vase	no	yes	-1	0	1	0	no	no	
3739	viking_airtight_vase_with_lid_frozen	Sealed vase	no	yes	-1	0	1	0	no	no	
3740	viking_airtight_vase_with_lid_water	Sealed vase	no	yes	-1	0	1	0	no	no	
3741	viking_key_in_ice	Frozen key	no	yes	-1	0	1	0	no	no	
3742	viking_red_herring	Red herring	no	yes	-1	0	500	0	no	no	
3743	viking_red_wooden_coin	Red disk	no	yes	-1	0	2	0	no	no	
3744	viking_uncoloured_wooden_coin	Wooden disk	no	yes	-1	0	2	0	no	no	
3745	viking_key	Seers' key	no	yes	-1	0	10	0	no	no	
3746	viking_red_splat	Sticky red goop	no	no	-1	0	1	0	no	no	
3747	cert_viking_red_splat	Sticky red goop	yes	no	799	0	0	0	no	no	
3748	viking_helmet	Fremennik helm	no	yes	-1	0	2721	0	no	no	
3749	viking_helmet_range	Archer helm	no	yes	-1	0	2721	0	no	yes	
3750	cert_viking_helmet_range	Archer helm	yes	yes	799	0	0	0	no	yes	
3751	viking_helmet_crush	Berserker helm	no	yes	-1	0	2721	0	no	yes	
3752	cert_viking_helmet_crush	Berserker helm	yes	yes	799	0	0	0	no	yes	
3753	viking_helmet_slash	Warrior helm	no	yes	-1	0	2721	0	no	yes	
3754	cert_viking_helmet_slash	Warrior helm	yes	yes	799	0	0	0	no	yes	
3755	viking_helmet_magic	Farseer helm	no	yes	-1	0	2721	0	no	yes	
3756	cert_viking_helmet_magic	Farseer helm	yes	yes	799	0	0	0	no	yes	
3757	viking_sword	Fremennik blade	no	yes	-1	0	1814	0	no	no	
3758	viking_shield	Fremennik shield	no	yes	-1	0	2267	0	no	no	
3759	viking_cloak_green	Fremennik cloak	no	yes	-1	0	453	0	no	yes	
3760	cert_viking_cloak_green	Fremennik cloak	yes	yes	799	0	0	0	no	yes	
3761	viking_cloak_darkbrown	Fremennik cloak	no	yes	-1	0	453	0	no	yes	
3762	cert_viking_cloak_darkbrown	Fremennik cloak	yes	yes	799	0	0	0	no	yes	
3763	viking_cloak_lightbrown	Fremennik cloak	no	yes	-1	0	453	0	no	yes	
3764	cert_viking_cloak_lightbrown	Fremennik cloak	yes	yes	799	0	0	0	no	yes	
3765	viking_cloak_brown	Fremennik cloak	no	yes	-1	0	453	0	no	yes	
3766	cert_viking_cloak_brown	Fremennik cloak	yes	yes	799	0	0	0	no	yes	
3767	viking_top_darkbrown	Fremennik shirt	no	yes	-1	0	907	0	no	yes	
3768	cert_viking_top_darkbrown	Fremennik shirt	yes	yes	799	0	0	0	no	yes	
3769	viking_top_green	Fremennik shirt	no	yes	-1	0	907	0	no	yes	
3770	cert_viking_top_green	Fremennik shirt	yes	yes	799	0	0	0	no	yes	
3771	viking_top_beige	Fremennik shirt	no	yes	-1	0	907	0	no	yes	
3772	cert_viking_top_beige	Fremennik shirt	yes	yes	799	0	0	0	no	yes	
3773	viking_top_red	Fremennik shirt	no	yes	-1	0	907	0	no	yes	
3774	cert_viking_top_red	Fremennik shirt	yes	yes	799	0	0	0	no	yes	
3775	viking_top_blue	Fremennik shirt	no	yes	-1	0	907	0	no	yes	
3776	cert_viking_top_blue	Fremennik shirt	yes	yes	799	0	0	0	no	yes	
3777	viking_cloak_red	Fremennik cloak	no	yes	-1	0	453	0	no	yes	
3778	cert_viking_cloak_red	Fremennik cloak	yes	yes	799	0	0	0	no	yes	
3779	viking_cloak_grey	Fremennik cloak	no	yes	-1	0	453	0	no	yes	
3780	cert_viking_cloak_grey	Fremennik cloak	yes	yes	799	0	0	0	no	yes	
3781	viking_cloak_tangerine	Fremennik cloak	no	yes	-1	0	453	0	no	yes	
3782	cert_viking_cloak_tangerine	Fremennik cloak	yes	yes	799	0	0	0	no	yes	
3783	viking_cloak_ocean	Fremennik cloak	no	yes	-1	0	453	0	no	yes	
3784	cert_viking_cloak_ocean	Fremennik cloak	yes	yes	799	0	0	0	no	yes	
3785	viking_cloak_purple	Fremennik cloak	no	yes	-1	0	453	0	no	yes	
3786	cert_viking_cloak_purple	Fremennik cloak	yes	yes	799	0	0	0	no	yes	
3787	viking_cloak_pink	Fremennik cloak	no	yes	-1	0	453	0	no	yes	
3788	cert_viking_cloak_pink	Fremennik cloak	yes	yes	799	0	0	0	no	yes	
3789	viking_cloak_black	Fremennik cloak	no	yes	-1	0	453	0	no	yes	
3790	cert_viking_cloak_black	Fremennik cloak	yes	yes	799	0	0	0	no	yes	
3791	vikingboots	Fremennik boots	no	yes	-1	0	340	0	no	yes	
3792	cert_vikingboots	Fremennik boots	yes	yes	799	0	0	0	no	yes	
3793	vikingrobetop	Fremennik robe	no	yes	-1	0	907	0	no	yes	
3794	cert_vikingrobetop	Fremennik robe	yes	yes	799	0	0	0	no	yes	
3795	vikingrobebottom	Fremennik skirt	no	yes	-1	0	907	0	no	yes	
3796	cert_vikingrobebottom	Fremennik skirt	yes	yes	799	0	0	0	no	yes	
3797	vikinghat	Fremennik hat	no	yes	-1	0	453	0	no	yes	
3798	cert_vikinghat	Fremennik hat	yes	yes	799	0	0	0	no	yes	
3799	vikinggloves	Gloves	no	yes	-1	0	453	0	no	yes	
3800	cert_vikinggloves	Gloves	yes	yes	799	0	0	0	no	yes	
3801	keg_of_beer	Keg of beer	no	yes	-1	0	20000	0	no	yes	
3802	cert_keg_of_beer	Keg of beer	yes	yes	799	0	0	0	no	yes	
3803	viking_tankard_full	Beer	no	yes	-1	0	550	0	no	yes	
3804	cert_viking_tankard_full	Beer	yes	yes	799	0	0	0	no	yes	
3805	viking_tankard_empty	Tankard	no	yes	-1	0	50	0	no	yes	
3806	cert_viking_tankard_empty	Tankard	yes	yes	799	0	0	0	no	yes	
3807	bolt2	Bolt2	yes	no	-1	0	0	0	no	no	
3808	bolt3	Bolt3	yes	no	-1	0	0	0	no	no	
3809	bolt4	Bolt4	yes	no	-1	0	0	0	no	no	
3810	bolts	Bolts	yes	no	-1	0	0	0	no	no	
3811	poison_bolt2	Poison bolt2	yes	no	-1	0	0	0	no	no	
3812	poison_bolt3	Poison bolt3	yes	no	-1	0	0	0	no	no	
3813	poison_bolt4	Poison bolt4	yes	no	-1	0	0	0	no	no	
3814	poison_bolts	Poison bolts	yes	no	-1	0	0	0	no	no	
3815	opal_bolt2	Opal bolt2	yes	no	-1	0	0	0	no	no	
3816	opal_bolt3	Opal bolt3	yes	no	-1	0	0	0	no	no	
3817	opal_bolt4	Opal bolt4	yes	no	-1	0	0	0	no	no	
3818	opal_bolts	Opal bolts	yes	no	-1	0	0	0	no	no	
3819	pearl_bolt2	Pearl bolt2	yes	no	-1	0	0	0	no	no	
3820	pearl_bolt3	Pearl bolt3	yes	no	-1	0	0	0	no	no	
3821	pearl_bolt4	Pearl bolt4	yes	no	-1	0	0	0	no	no	
3822	pearl_bolts	Pearl bolts	yes	no	-1	0	0	0	no	no	
3823	barbed_bolt2	Barbed bolt2	yes	no	-1	0	0	0	no	no	
3824	barbed_bolt3	Barbed bolt3	yes	no	-1	0	0	0	no	no	
3825	barbed_bolt4	Barbed bolt4	yes	no	-1	0	0	0	no	no	
3826	barbed_bolts	Barbed bolts	yes	no	-1	0	0	0	no	no	
3827	holy_book_s_page1	Torn page 1	yes	yes	-1	0	5	0	no	yes	
3828	holy_book_s_page2	Torn page 2	yes	yes	-1	0	5	0	no	yes	
3829	holy_book_s_page3	Torn page 3	yes	yes	-1	0	5	0	no	yes	
3830	holy_book_s_page4	Torn page 4	yes	yes	-1	0	5	0	no	yes	
3831	holy_book_z_page1	Torn page 1	yes	yes	-1	0	5	0	no	yes	
3832	holy_book_z_page2	Torn page 2	yes	yes	-1	0	5	0	no	yes	
3833	holy_book_z_page3	Torn page 3	yes	yes	-1	0	5	0	no	yes	
3834	holy_book_z_page4	Torn page 4	yes	yes	-1	0	5	0	no	yes	
3835	holy_book_g_page1	Torn page 1	yes	yes	-1	0	5	0	no	yes	
3836	holy_book_g_page2	Torn page 2	yes	yes	-1	0	5	0	no	yes	
3837	holy_book_g_page3	Torn page 3	yes	yes	-1	0	5	0	no	yes	
3838	holy_book_g_page4	Torn page 4	yes	yes	-1	0	5	0	no	yes	
3839	unfinished_saradominbook	Damaged book	no	yes	-1	0	1000	0	no	no	
3840	saradominbook_complete	Holy book	no	yes	-1	0	1000	0	no	no	
3841	unfinished_zamorakbook	Damaged book	no	yes	-1	0	1000	0	no	no	
3842	zamorakbook_complete	Unholy book	no	yes	-1	0	1000	0	no	no	
3843	unfinished_guthixbook	Damaged book	no	yes	-1	0	1000	0	no	no	
3844	guthixbook_complete	Book of balance	no	yes	-1	0	1000	0	no	no	
3845	horror_diary1	Journal	no	yes	-1	0	510	0	no	no	
3846	horror_diary2	Diary	no	yes	-1	0	510	0	no	no	
3847	horror_diary3	Manual	no	yes	-1	0	510	0	no	no	
3848	horror_key	Lighthouse key	no	yes	-1	0	10	0	no	no	
3849	horror_casket	Rusty casket	no	yes	-1	0	5000	0	no	no	
3850	readbook_dummy	Readbook dummy	no	no	-1	0	0	0	no	no	
3851	cert_readbook_dummy	Readbook dummy	yes	no	799	0	0	0	no	no	
3852	cert_blessedsnake	Unholy symbol	yes	yes	799	0	0	0	no	no	
3853	necklace_of_minigames_8	Games necklace(8)	no	no	-1	0	10	0	no	yes	
3854	cert_necklace_of_minigames_8	Games necklace(8)	yes	no	799	0	0	0	no	yes	
3855	necklace_of_minigames_7	Games necklace(7)	no	no	-1	0	10	0	no	yes	
3856	cert_necklace_of_minigames_7	Games necklace(7)	yes	no	799	0	0	0	no	yes	
3857	necklace_of_minigames_6	Games necklace(6)	no	no	-1	0	10	0	no	yes	
3858	cert_necklace_of_minigames_6	Games necklace(6)	yes	no	799	0	0	0	no	yes	
3859	necklace_of_minigames_5	Games necklace(5)	no	no	-1	0	10	0	no	yes	
3860	cert_necklace_of_minigames_5	Games necklace(5)	yes	no	799	0	0	0	no	yes	
3861	necklace_of_minigames_4	Games necklace(4)	no	no	-1	0	10	0	no	yes	
3862	cert_necklace_of_minigames_4	Games necklace(4)	yes	no	799	0	0	0	no	yes	
3863	necklace_of_minigames_3	Games necklace(3)	no	no	-1	0	10	0	no	yes	
3864	cert_necklace_of_minigames_3	Games necklace(3)	yes	no	799	0	0	0	no	yes	
3865	necklace_of_minigames_2	Games necklace(2)	no	no	-1	0	10	0	no	yes	
3866	cert_necklace_of_minigames_2	Games necklace(2)	yes	no	799	0	0	0	no	yes	
3867	necklace_of_minigames_1	Games necklace(1)	no	no	-1	0	10	0	no	yes	
3868	cert_necklace_of_minigames_1	Games necklace(1)	yes	no	799	0	0	0	no	yes	
3869	boardgames_draughts_firerune_king	Board game piece	no	yes	-1	2	2	0	no	no	
3870	boardgames_draughts_waterrune_king	Board game piece	no	yes	-1	2	2	0	no	no	
3871	boardgames_draughts_earthrune_king	Board game piece	no	yes	-1	2	2	0	no	no	
3872	boardgames_draughts_airrune_king	Board game piece	no	yes	-1	2	2	0	no	no	
3873	boardgames_draughts_mindrune_king	Board game piece	no	yes	-1	2	2	0	no	no	
3874	boardgames_draughts_bodyrune_king	Board game piece	no	yes	-1	2	2	0	no	no	
3875	boardgames_draughts_naturerune_king	Board game piece	no	yes	-1	2	2	0	no	no	
3876	boardgames_draughts_chaosrune_king	Board game piece	no	yes	-1	2	2	0	no	no	
3877	boardgames_draughts_lawrune_king	Board game piece	no	yes	-1	2	2	0	no	no	
3878	boardgames_draughts_cosmicrune_king	Board game piece	no	yes	-1	2	2	0	no	no	
3879	boardgames_draughts_bloodrune_king	Board game piece	no	yes	-1	2	2	0	no	no	
3880	boardgames_draughts_soulrune_king	Board game piece	no	yes	-1	2	2	0	no	no	
3881	boardgames_runelink_firerune	Board game piece	no	yes	-1	2	0	0	no	no	
3882	boardgames_runelink_waterrune	Board game piece	no	yes	-1	2	0	0	no	no	
3883	boardgames_runelink_earthrune	Board game piece	no	yes	-1	2	0	0	no	no	
3884	boardgames_runelink_airrune	Board game piece	no	yes	-1	2	0	0	no	no	
3885	boardgames_runelink_mindrune	Board game piece	no	yes	-1	2	0	0	no	no	
3886	boardgames_runelink_bodyrune	Board game piece	no	yes	-1	2	0	0	no	no	
3887	boardgames_runelink_naturerune	Board game piece	no	yes	-1	2	0	0	no	no	
3888	boardgames_runelink_chaosrune	Board game piece	no	yes	-1	2	0	0	no	no	
3889	boardgames_runelink_lawrune	Board game piece	no	yes	-1	2	0	0	no	no	
3890	boardgames_runelink_cosmicrune	Board game piece	no	yes	-1	2	0	0	no	no	
3891	boardgames_runelink_bloodrune	Board game piece	no	yes	-1	2	0	0	no	no	
3892	boardgames_runelink_soulrune	Board game piece	no	yes	-1	2	0	0	no	no	
3893	wearable_stool_white	Stool	no	yes	-1	0	0	0	no	yes	
