kind	mapfunction	icon	name	id	absX	absZ	level
loc	26	Fishing Spot	fishing_point_icon	2759	2161	3275	0
loc	0	General Store	general_store_icon	2733	2195	3140	0
loc	9	Furnace	furnace_icon	2742	2193	3146	0
loc	26	Fishing Spot	fishing_point_icon	2759	2216	3245	0
loc	8	Mining Site	mining_site_icon	2741	2278	3159	0
loc	34	Rare Trees	rare_trees_icon	2767	2285	3141	0
loc	26	Fishing Spot	fishing_point_icon	2759	2270	3253	0
loc	19	Altar	altar_icon	2752	2271	4842	0
loc	19	Altar	altar_icon	2752	2341	9628	0
loc	8	Mining Site	mining_site_icon	2741	2323	3269	0
loc	39	Water Source	water_source_icon	2771	2368	3130	0
loc	39	Water Source	water_source_icon	2771	2431	3077	0
loc	26	Fishing Spot	fishing_point_icon	2759	2382	3415	0
loc	26	Fishing Spot	fishing_point_icon	2759	2390	3422	0
loc	34	Rare Trees	rare_trees_icon	2767	2372	3427	0
loc	34	Rare Trees	rare_trees_icon	2767	2384	3426	0
loc	38	???	minigame_start_icon	738	2382	3488	0
loc	31	Pub/Bar	beer_store_icon	2764	2418	3500	1
loc	8	Mining Site	mining_site_icon	2741	2490	9916	0
loc	38	???	minigame_start_icon	738	2440	3092	0
loc	5	Bank	bank_store_icon	2738	2445	3082	0
loc	6	Quest Start	quest_start_icon	2739	2440	3189	0
loc	26	Fishing Spot	fishing_point_icon	2759	2467	3151	0
loc	39	Water Source	water_source_icon	2771	2440	3181	0
loc	40	Cooking Range	range_icon	2772	2445	3189	0
loc	40	Cooking Range	range_icon	2772	2459	3174	0
loc	8	Mining Site	mining_site_icon	2741	2472	3255	0
loc	19	Altar	altar_icon	2752	2454	3231	0
loc	0	General Store	general_store_icon	2733	2465	3286	0
loc	49	?	agility_training_icon	775	2475	3436	0
loc	5	Bank	bank_store_icon	2738	2447	3424	0
loc	34	Rare Trees	rare_trees_icon	2767	2433	3411	0
loc	34	Rare Trees	rare_trees_icon	2767	2491	3414	0
loc	34	Rare Trees	rare_trees_icon	2767	2494	3396	0
loc	35	Spinning Wheel	spinningwheel_icon	2768	2475	3398	0
loc	35	Spinning Wheel	spinningwheel_icon	2768	2487	3401	0
loc	35	Spinning Wheel	spinningwheel_icon	2768	2488	3410	0
loc	1	Sword Shop	sword_store_icon	2734	2467	3486	2
loc	5	Bank	bank_store_icon	2738	2440	3486	1
loc	5	Bank	bank_store_icon	2738	2451	3480	1
loc	6	Quest Start	quest_start_icon	2739	2466	3497	0
loc	27	Clothes Shop	clothing_store_icon	2760	2482	3513	1
loc	31	Pub/Bar	beer_store_icon	2764	2479	3489	1
loc	36	Food Shop	food_store_icon	2769	2446	3501	1
loc	37	Cookery Shop	cooking_store_icon	2770	2447	3509	1
loc	37	Cookery Shop	cooking_store_icon	2770	2480	3482	1
loc	12	Dungeon	dungeonentrance_icon	2745	2445	4604	0
loc	6	Quest Start	quest_start_icon	2739	2546	3112	2
loc	31	Pub/Bar	beer_store_icon	2764	2556	3078	0
loc	39	Water Source	water_source_icon	2771	2549	3102	0
loc	39	Water Source	water_source_icon	2771	2557	3114	0
loc	40	Cooking Range	range_icon	2772	2549	3099	0
loc	0	General Store	general_store_icon	2733	2527	3161	0
loc	0	General Store	general_store_icon	2733	2525	3160	1
loc	6	Quest Start	quest_start_icon	2739	2542	3169	0
loc	12	Dungeon	dungeonentrance_icon	2745	2533	3155	0
loc	19	Altar	altar_icon	2752	2530	3286	0
loc	10	Anvil	anvil_icon	2743	2500	3330	0
loc	26	Fishing Spot	fishing_point_icon	2759	2508	3420	0
loc	26	Fishing Spot	fishing_point_icon	2759	2527	3412	0
loc	26	Fishing Spot	fishing_point_icon	2759	2537	3405	0
loc	6	Quest Start	quest_start_icon	2739	2522	3498	0
loc	49	?	agility_training_icon	775	2545	3569	0
loc	0	General Store	general_store_icon	2733	2509	3640	1
loc	6	Quest Start	quest_start_icon	2739	2508	3635	0
loc	12	Dungeon	dungeonentrance_icon	2745	2509	3644	0
loc	2	Magic Shop	magic_store_icon	2735	2595	3087	1
loc	5	Bank	bank_store_icon	2738	2612	3093	0
loc	10	Anvil	anvil_icon	2743	2613	3080	0
loc	12	Dungeon	dungeonentrance_icon	2745	2570	3123	0
loc	12	Dungeon	dungeonentrance_icon	2745	2605	3079	0
loc	37	Cookery Shop	cooking_store_icon	2770	2566	3098	0
loc	39	Water Source	water_source_icon	2771	2567	3093	0
loc	40	Cooking Range	range_icon	2772	2567	3104	0
loc	6	Quest Start	quest_start_icon	2739	2566	3199	0
loc	31	Pub/Bar	beer_store_icon	2764	2566	3142	0
loc	39	Water Source	water_source_icon	2771	2563	3173	0
loc	39	Water Source	water_source_icon	2771	2564	3166	0
loc	39	Water Source	water_source_icon	2771	2592	3188	0
loc	39	Water Source	water_source_icon	2771	2609	3187	0
loc	39	Water Source	water_source_icon	2771	2611	3195	0
loc	40	Cooking Range	range_icon	2772	2579	3198	0
loc	6	Quest Start	quest_start_icon	2739	2569	3249	0
loc	6	Quest Start	quest_start_icon	2739	2606	3209	0
loc	8	Mining Site	mining_site_icon	2741	2600	3232	0
loc	12	Dungeon	dungeonentrance_icon	2745	2586	3234	0
loc	19	Altar	altar_icon	2752	2605	3208	0
loc	19	Altar	altar_icon	2752	2608	3208	0
loc	40	Cooking Range	range_icon	2772	2591	3210	0
loc	0	General Store	general_store_icon	2733	2614	3294	0
loc	6	Quest Start	quest_start_icon	2739	2566	3271	0
loc	6	Quest Start	quest_start_icon	2739	2575	3320	0
loc	6	Quest Start	quest_start_icon	2739	2620	3297	0
loc	6	Quest Start	quest_start_icon	2739	2576	3293	1
loc	9	Furnace	furnace_icon	2742	2602	3311	0
loc	19	Altar	altar_icon	2752	2618	3309	0
loc	31	Pub/Bar	beer_store_icon	2764	2575	3322	0
loc	42	Potters Wheel	pottery_icon	2774	2589	3327	0
loc	5	Bank	bank_store_icon	2738	2617	3336	0
loc	6	Quest Start	quest_start_icon	2739	2568	3334	0
loc	6	Quest Start	quest_start_icon	2739	2592	3335	0
loc	12	Dungeon	dungeonentrance_icon	2745	2562	3356	0
loc	26	Fishing Spot	fishing_point_icon	2759	2561	3374	0
loc	26	Fishing Spot	fishing_point_icon	2759	2566	3370	0
loc	5	Bank	bank_store_icon	2738	2584	3420	0
loc	25	Fishing Shop	fishing_store_icon	2758	2595	3401	0
loc	26	Fishing Spot	fishing_point_icon	2759	2605	3423	0
loc	26	Fishing Spot	fishing_point_icon	2759	2606	3416	0
loc	26	Fishing Spot	fishing_point_icon	2759	2612	3413	0
loc	40	Cooking Range	range_icon	2772	2616	3397	0
loc	6	Quest Start	quest_start_icon	2739	2575	3464	0
loc	8	Mining Site	mining_site_icon	2741	2581	3484	0
loc	34	Rare Trees	rare_trees_icon	2767	2580	3504	0
loc	34	Rare Trees	rare_trees_icon	2767	2608	3505	0
loc	9	Furnace	furnace_icon	2742	2617	3667	0
loc	10	Anvil	anvil_icon	2743	2620	3663	0
loc	35	Spinning Wheel	spinningwheel_icon	2768	2617	3659	0
loc	42	Potters Wheel	pottery_icon	2774	2616	3662	0
loc	8	Mining Site	mining_site_icon	2741	2671	9680	0
loc	6	Quest Start	quest_start_icon	2739	2630	2981	0
loc	38	???	minigame_start_icon	738	2668	3163	0
loc	0	General Store	general_store_icon	2733	2641	3171	0
loc	0	General Store	general_store_icon	2733	2656	3152	0
loc	8	Mining Site	mining_site_icon	2741	2631	3142	0
loc	8	Mining Site	mining_site_icon	2741	2652	3172	0
loc	10	Anvil	anvil_icon	2743	2652	3165	0
loc	40	Cooking Range	range_icon	2772	2632	3164	0
loc	40	Cooking Range	range_icon	2772	2636	3171	0
loc	5	Bank	bank_store_icon	2738	2657	3284	0
loc	14	Platebody Shop	plate_store_icon	2747	2653	3294	0
loc	22	Gem Shop	gem_store_icon	2755	2668	3303	0
loc	29	Silk Trader	silk_store_icon	2762	2657	3303	0
loc	29	Silk Trader	silk_store_icon	2762	2663	3314	0
loc	36	Food Shop	food_store_icon	2769	2656	3311	0
loc	36	Food Shop	food_store_icon	2769	2668	3310	0
loc	39	Water Source	water_source_icon	2771	2630	3311	0
loc	39	Water Source	water_source_icon	2771	2641	3311	0
loc	39	Water Source	water_source_icon	2771	2658	3272	0
loc	40	Cooking Range	range_icon	2772	2648	3298	0
loc	46	Silver Shop	silver_store_icon	2778	2658	3314	0
loc	47	Fur Trader	fur_store_icon	2779	2664	3296	0
loc	48	Spice Shop	spice_store_icon	2780	2659	3297	0
loc	40	Cooking Range	range_icon	2772	2643	3355	0
loc	43	Windmill	flour_mill_icon	2775	2632	3385	0
loc	10	Anvil	anvil_icon	2743	2637	3417	0
loc	12	Dungeon	dungeonentrance_icon	2745	2677	3404	0
loc	26	Fishing Spot	fishing_point_icon	2759	2627	3415	0
loc	26	Fishing Spot	fishing_point_icon	2759	2630	3435	0
loc	26	Fishing Spot	fishing_point_icon	2759	2632	3425	0
loc	26	Fishing Spot	fishing_point_icon	2759	2637	3444	0
loc	40	Cooking Range	range_icon	2772	2637	3432	0
loc	4	Helmet Shop	helmet_store_icon	2737	2664	3693	0
loc	6	Quest Start	quest_start_icon	2739	2658	3669	0
loc	8	Mining Site	mining_site_icon	2741	2683	3704	0
loc	25	Fishing Shop	fishing_store_icon	2758	2638	3672	0
loc	25	Fishing Shop	fishing_store_icon	2758	2638	3680	0
loc	25	Fishing Shop	fishing_store_icon	2758	2647	3676	0
loc	26	Fishing Spot	fishing_point_icon	2759	2633	3694	0
loc	26	Fishing Spot	fishing_point_icon	2759	2641	3700	0
loc	26	Fishing Spot	fishing_point_icon	2759	2644	3709	0
loc	27	Clothes Shop	clothing_store_icon	2760	2625	3674	0
loc	47	Fur Trader	fur_store_icon	2779	2638	3676	0
loc	47	Fur Trader	fur_store_icon	2779	2647	3680	0
loc	26	Fishing Spot	fishing_point_icon	2759	2668	4710	0
loc	26	Fishing Spot	fishing_point_icon	2759	2673	4708	0
loc	26	Fishing Spot	fishing_point_icon	2759	2679	4702	0
loc	40	Cooking Range	range_icon	2772	2630	4731	0
loc	8	Mining Site	mining_site_icon	2741	2744	3150	0
loc	6	Quest Start	quest_start_icon	2739	2716	3302	0
loc	12	Dungeon	dungeonentrance_icon	2745	2696	3282	0
loc	8	Mining Site	mining_site_icon	2741	2695	3332	0
loc	8	Mining Site	mining_site_icon	2741	2710	3331	0
loc	34	Rare Trees	rare_trees_icon	2767	2713	3382	0
loc	34	Rare Trees	rare_trees_icon	2767	2734	3334	0
loc	6	Quest Start	quest_start_icon	2739	2702	3399	0
loc	34	Rare Trees	rare_trees_icon	2767	2696	3423	0
loc	34	Rare Trees	rare_trees_icon	2767	2705	3397	0
loc	40	Cooking Range	range_icon	2772	2706	3405	0
loc	5	Bank	bank_store_icon	2738	2726	3492	0
loc	6	Quest Start	quest_start_icon	2739	2715	3482	0
loc	8	Mining Site	mining_site_icon	2741	2698	3506	0
loc	10	Anvil	anvil_icon	2743	2709	3491	0
loc	19	Altar	altar_icon	2752	2694	3460	0
loc	19	Altar	altar_icon	2752	2750	3501	1
loc	31	Pub/Bar	beer_store_icon	2764	2691	3489	0
loc	31	Pub/Bar	beer_store_icon	2764	2737	3461	1
loc	34	Rare Trees	rare_trees_icon	2767	2711	3510	0
loc	34	Rare Trees	rare_trees_icon	2767	2715	3460	0
loc	34	Rare Trees	rare_trees_icon	2767	2721	3465	0
loc	34	Rare Trees	rare_trees_icon	2767	2727	3501	0
loc	34	Rare Trees	rare_trees_icon	2767	2729	3481	0
loc	34	Rare Trees	rare_trees_icon	2767	2749	3466	0
loc	35	Spinning Wheel	spinningwheel_icon	2768	2711	3471	1
loc	39	Water Source	water_source_icon	2771	2699	3473	0
loc	39	Water Source	water_source_icon	2771	2750	3486	0
loc	40	Cooking Range	range_icon	2772	2716	3476	0
loc	6	Quest Start	quest_start_icon	2739	2741	3562	0
loc	26	Fishing Spot	fishing_point_icon	2759	2715	3531	0
loc	26	Fishing Spot	fishing_point_icon	2759	2726	3524	0
loc	34	Rare Trees	rare_trees_icon	2767	2711	3570	0
loc	39	Water Source	water_source_icon	2771	2733	3580	0
loc	39	Water Source	water_source_icon	2771	2747	3563	0
loc	40	Cooking Range	range_icon	2772	2734	3582	0
loc	34	Rare Trees	rare_trees_icon	2767	2739	3639	0
loc	8	Mining Site	mining_site_icon	2741	2725	3693	0
loc	0	General Store	general_store_icon	2733	2767	3122	0
loc	6	Quest Start	quest_start_icon	2739	2780	3087	0
loc	6	Quest Start	quest_start_icon	2739	2810	3086	0
loc	6	Quest Start	quest_start_icon	2739	2780	3087	1
loc	10	Anvil	anvil_icon	2743	2791	3101	0
loc	38	???	minigame_start_icon	738	2809	3194	0
loc	6	Quest Start	quest_start_icon	2739	2791	3182	0
loc	7	Amulet Shop	amulet_store_icon	2740	2803	3152	0
loc	26	Fishing Spot	fishing_point_icon	2759	2768	3165	0
loc	31	Pub/Bar	beer_store_icon	2764	2794	3155	0
loc	36	Food Shop	food_store_icon	2769	2793	3187	0
loc	39	Water Source	water_source_icon	2771	2791	3193	0
loc	39	Water Source	water_source_icon	2771	2799	3195	0
loc	40	Cooking Range	range_icon	2772	2787	3192	0
loc	40	Cooking Range	range_icon	2772	2814	3162	0
loc	26	Fishing Spot	fishing_point_icon	2759	2789	3273	0
loc	26	Fishing Spot	fishing_point_icon	2759	2794	3283	0
loc	26	Fishing Spot	fishing_point_icon	2759	2795	3279	0
loc	40	Cooking Range	range_icon	2772	2763	3274	1
loc	20	Herbalist	herbalist_store_icon	2753	2810	3343	0
loc	39	Water Source	water_source_icon	2771	2811	3347	0
loc	0	General Store	general_store_icon	2733	2803	3432	0
loc	5	Bank	bank_store_icon	2738	2809	3442	0
loc	24	Candle Shop	candle_store_icon	2757	2800	3439	0
loc	34	Rare Trees	rare_trees_icon	2767	2758	3431	0
loc	6	Quest Start	quest_start_icon	2739	2764	3515	0
loc	39	Water Source	water_source_icon	2771	2757	3498	0
loc	39	Water Source	water_source_icon	2771	2761	3479	0
loc	39	Water Source	water_source_icon	2771	2766	3479	0
loc	39	Water Source	water_source_icon	2771	2767	3486	0
loc	39	Water Source	water_source_icon	2771	2771	3479	0
loc	39	Water Source	water_source_icon	2771	2772	3516	0
loc	40	Cooking Range	range_icon	2772	2758	4731	0
loc	8	Mining Site	mining_site_icon	2741	2862	9578	0
loc	31	Pub/Bar	beer_store_icon	2764	2865	9876	0
loc	0	General Store	general_store_icon	2733	2825	2958	0
loc	5	Bank	bank_store_icon	2738	2852	2954	0
loc	8	Mining Site	mining_site_icon	2741	2823	3001	0
loc	9	Furnace	furnace_icon	2742	2857	2967	0
loc	25	Fishing Shop	fishing_store_icon	2758	2870	2972	0
loc	26	Fishing Spot	fishing_point_icon	2759	2855	2977	0
loc	26	Fishing Spot	fishing_point_icon	2759	2856	2973	0
loc	26	Fishing Spot	fishing_point_icon	2759	2859	2976	0
loc	26	Fishing Spot	fishing_point_icon	2759	2863	2972	0
loc	26	Fishing Spot	fishing_point_icon	2759	2863	2975	0
loc	31	Pub/Bar	beer_store_icon	2764	2863	2996	1
loc	8	Mining Site	mining_site_icon	2741	2849	3033	0
loc	12	Dungeon	dungeonentrance_icon	2745	2824	3118	0
loc	12	Dungeon	dungeonentrance_icon	2745	2857	3168	0
loc	8	Mining Site	mining_site_icon	2741	2819	3247	0
loc	8	Mining Site	mining_site_icon	2741	2836	3245	0
loc	12	Dungeon	dungeonentrance_icon	2745	2834	3256	0
loc	8	Mining Site	mining_site_icon	2741	2832	3296	0
loc	8	Mining Site	mining_site_icon	2741	2861	3287	0
loc	9	Furnace	furnace_icon	2742	2834	3352	0
loc	12	Dungeon	dungeonentrance_icon	2745	2820	3374	0
loc	19	Altar	altar_icon	2752	2853	3348	0
loc	26	Fishing Spot	fishing_point_icon	2759	2842	3356	0
loc	26	Fishing Spot	fishing_point_icon	2759	2843	3359	0
loc	26	Fishing Spot	fishing_point_icon	2759	2848	3361	0
loc	26	Fishing Spot	fishing_point_icon	2759	2876	3331	0
loc	26	Fishing Spot	fishing_point_icon	2759	2876	3342	0
loc	26	Fishing Spot	fishing_point_icon	2759	2879	3334	0
loc	26	Fishing Spot	fishing_point_icon	2759	2879	3339	0
loc	40	Cooking Range	range_icon	2772	2822	3351	0
loc	40	Cooking Range	range_icon	2772	2844	3367	0
loc	40	Cooking Range	range_icon	2772	2857	3334	0
loc	17	Archery Shop	archery_store_icon	2750	2823	3442	0
loc	25	Fishing Shop	fishing_store_icon	2758	2833	3443	0
loc	26	Fishing Spot	fishing_point_icon	2759	2837	3431	0
loc	26	Fishing Spot	fishing_point_icon	2759	2845	3429	0
loc	26	Fishing Spot	fishing_point_icon	2759	2854	3423	0
loc	26	Fishing Spot	fishing_point_icon	2759	2860	3426	0
loc	39	Water Source	water_source_icon	2771	2819	3449	0
loc	39	Water Source	water_source_icon	2771	2830	3441	0
loc	40	Cooking Range	range_icon	2772	2818	3444	0
loc	40	Cooking Range	range_icon	2772	2819	3455	0
loc	6	Quest Start	quest_start_icon	2739	2821	3487	0
loc	6	Quest Start	quest_start_icon	2739	2877	3482	0
loc	12	Dungeon	dungeonentrance_icon	2745	2824	3510	0
loc	12	Dungeon	dungeonentrance_icon	2745	2847	3516	0
loc	39	Water Source	water_source_icon	2771	2925	9710	0
loc	40	Cooking Range	range_icon	2772	2923	9713	0
loc	26	Fishing Spot	fishing_point_icon	2759	2884	9765	0
loc	26	Fishing Spot	fishing_point_icon	2759	2890	9766	0
loc	26	Fishing Spot	fishing_point_icon	2759	2894	9764	0
loc	8	Mining Site	mining_site_icon	2741	2915	9916	0
loc	8	Mining Site	mining_site_icon	2741	2922	9904	0
loc	8	Mining Site	mining_site_icon	2741	2940	9898	0
loc	8	Mining Site	mining_site_icon	2741	2941	9884	0
loc	6	Quest Start	quest_start_icon	2739	2883	2951	0
loc	26	Fishing Spot	fishing_point_icon	2759	2899	3119	0
loc	26	Fishing Spot	fishing_point_icon	2759	2912	3119	0
loc	0	General Store	general_store_icon	2733	2905	3148	0
loc	26	Fishing Spot	fishing_point_icon	2759	2923	3180	0
loc	26	Fishing Spot	fishing_point_icon	2759	2925	3181	0
loc	26	Fishing Spot	fishing_point_icon	2759	2926	3179	0
loc	31	Pub/Bar	beer_store_icon	2764	2926	3143	0
loc	39	Water Source	water_source_icon	2771	2916	3142	0
loc	34	Rare Trees	rare_trees_icon	2767	2937	3233	0
loc	8	Mining Site	mining_site_icon	2741	2940	3282	0
loc	33	Tannery	tanner_store_icon	2766	2936	3283	1
loc	35	Spinning Wheel	spinningwheel_icon	2768	2936	3287	1
loc	39	Water Source	water_source_icon	2771	2933	3280	0
loc	40	Cooking Range	range_icon	2772	2917	3318	0
loc	42	Potters Wheel	pottery_icon	2774	2930	3292	0
loc	42	Potters Wheel	pottery_icon	2774	2937	3289	0
loc	8	Mining Site	mining_site_icon	2741	2908	3362	0
loc	1	Sword Shop	sword_store_icon	2734	2885	3450	0
loc	6	Quest Start	quest_start_icon	2739	2901	3428	0
loc	6	Quest Start	quest_start_icon	2739	2897	3426	1
loc	12	Dungeon	dungeonentrance_icon	2745	2884	3397	0
loc	20	Herbalist	herbalist_store_icon	2753	2896	3428	0
loc	39	Water Source	water_source_icon	2771	2891	3441	0
loc	6	Quest Start	quest_start_icon	2739	2904	3511	0
loc	6	Quest Start	quest_start_icon	2739	2924	3486	0
loc	6	Quest Start	quest_start_icon	2739	2928	3456	0
loc	19	Altar	altar_icon	2752	2926	3484	0
loc	19	Altar	altar_icon	2752	2933	3513	0
loc	19	Altar	altar_icon	2752	2889	3511	1
loc	38	???	minigame_start_icon	738	2901	3565	0
loc	0	General Store	general_store_icon	2733	2927	3546	0
loc	6	Quest Start	quest_start_icon	2739	2896	3528	0
loc	10	Anvil	anvil_icon	2743	2918	3573	0
loc	11	Combat Training	combattraining_store_icon	2744	2901	3533	0
loc	31	Pub/Bar	beer_store_icon	2764	2907	3538	0
loc	39	Water Source	water_source_icon	2771	2894	3556	0
loc	39	Water Source	water_source_icon	2771	2920	3548	0
loc	39	Water Source	water_source_icon	2771	2922	3561	0
loc	6	Quest Start	quest_start_icon	2739	2930	4712	2
loc	31	Pub/Bar	beer_store_icon	2764	2940	4678	0
loc	39	Water Source	water_source_icon	2771	2933	4702	0
loc	39	Water Source	water_source_icon	2771	2941	4714	0
loc	40	Cooking Range	range_icon	2772	2933	4699	0
loc	0	General Store	general_store_icon	2733	2994	9828	0
loc	44	Mining Shop	mining_shop_icon	2776	2998	9844	0
loc	10	Anvil	anvil_icon	2743	2999	3144	0
loc	19	Altar	altar_icon	2752	2991	3177	0
loc	26	Fishing Spot	fishing_point_icon	2759	2986	3176	0
loc	26	Fishing Spot	fishing_point_icon	2759	2996	3158	0
loc	0	General Store	general_store_icon	2733	2947	3215	0
loc	6	Quest Start	quest_start_icon	2739	2966	3207	0
loc	8	Mining Site	mining_site_icon	2741	2978	3240	0
loc	23	Crafting Shop	crafting_store_icon	2756	2950	3205	0
loc	39	Water Source	water_source_icon	2771	2956	3212	0
loc	40	Cooking Range	range_icon	2772	2970	3209	0
loc	34	Rare Trees	rare_trees_icon	2767	2996	3312	0
loc	35	Spinning Wheel	spinningwheel_icon	2768	2982	3314	0
loc	39	Water Source	water_source_icon	2771	2986	3315	0
loc	45	Chainmail Shop	chain_shop_icon	2777	2972	3313	0
loc	0	General Store	general_store_icon	2733	2956	3389	0
loc	5	Bank	bank_store_icon	2738	2947	3368	0
loc	6	Quest Start	quest_start_icon	2739	2977	3342	0
loc	6	Quest Start	quest_start_icon	2739	2960	3336	2
loc	9	Furnace	furnace_icon	2742	2976	3369	0
loc	18	Shield Shop	shield_store_icon	2751	2977	3383	0
loc	22	Gem Shop	gem_store_icon	2755	2944	3334	0
loc	31	Pub/Bar	beer_store_icon	2764	2957	3368	0
loc	32	Mace Shop	mace_store_icon	2765	2950	3386	0
loc	39	Water Source	water_source_icon	2771	2950	3382	0
loc	40	Cooking Range	range_icon	2772	2971	3328	0
loc	40	Cooking Range	range_icon	2772	2988	3366	0
loc	6	Quest Start	quest_start_icon	2739	2953	3450	0
loc	10	Anvil	anvil_icon	2743	2950	3451	0
loc	10	Anvil	anvil_icon	2743	2991	3689	0
loc	19	Altar	altar_icon	2752	2946	3820	0
loc	49	?	agility_training_icon	775	2998	3917	0
loc	8	Mining Site	mining_site_icon	2741	3038	9775	0
loc	8	Mining Site	mining_site_icon	2741	3040	9763	0
loc	8	Mining Site	mining_site_icon	2741	3044	9739	0
loc	8	Mining Site	mining_site_icon	2741	3029	9809	0
loc	8	Mining Site	mining_site_icon	2741	3032	9828	0
loc	8	Mining Site	mining_site_icon	2741	3052	9820	0
loc	10	Anvil	anvil_icon	2743	3012	9811	0
loc	10	Anvil	anvil_icon	2743	3012	9814	0
loc	44	Mining Shop	mining_shop_icon	2776	3036	9846	0
loc	12	Dungeon	dungeonentrance_icon	2745	3009	3150	0
loc	2	Magic Shop	magic_store_icon	2735	3014	3259	0
loc	3	Axe Shop	axe_store_icon	2736	3026	3250	0
loc	6	Quest Start	quest_start_icon	2739	3047	3257	0
loc	6	Quest Start	quest_start_icon	2739	3054	3247	1
loc	21	Jewelery	jewlery_store_icon	2754	3014	3248	0
loc	25	Fishing Shop	fishing_store_icon	2758	3013	3226	0
loc	31	Pub/Bar	beer_store_icon	2764	3048	3256	0
loc	36	Food Shop	food_store_icon	2769	3014	3205	0
loc	39	Water Source	water_source_icon	2771	3027	3262	0
loc	40	Cooking Range	range_icon	2772	3019	3237	0
loc	34	Rare Trees	rare_trees_icon	2767	3017	3309	0
loc	34	Rare Trees	rare_trees_icon	2767	3042	3320	0
loc	34	Rare Trees	rare_trees_icon	2767	3053	3272	0
loc	39	Water Source	water_source_icon	2771	3021	3288	0
loc	5	Bank	bank_store_icon	2738	3015	3355	0
loc	39	Water Source	water_source_icon	2771	3038	3353	0
loc	39	Water Source	water_source_icon	2771	3051	3348	0
loc	40	Cooking Range	range_icon	2772	3036	3343	0
loc	40	Cooking Range	range_icon	2772	3039	3367	0
loc	40	Cooking Range	range_icon	2772	3046	3376	0
loc	40	Cooking Range	range_icon	2772	3052	3356	0
loc	19	Altar	altar_icon	2752	3028	3510	1
loc	19	Altar	altar_icon	2752	3052	3498	1
loc	39	Water Source	water_source_icon	2771	3049	3486	0
loc	39	Water Source	water_source_icon	2771	3049	3494	0
loc	39	Water Source	water_source_icon	2771	3055	3486	0
loc	39	Water Source	water_source_icon	2771	3055	3494	0
loc	8	Mining Site	mining_site_icon	2741	3016	3593	0
loc	0	General Store	general_store_icon	2733	3026	3701	0
loc	26	Fishing Spot	fishing_point_icon	2759	3050	3704	0
loc	36	Food Shop	food_store_icon	2769	3038	3706	0
loc	8	Mining Site	mining_site_icon	2741	3060	3884	0
loc	12	Dungeon	dungeonentrance_icon	2745	3017	3849	0
loc	12	Dungeon	dungeonentrance_icon	2745	3069	3856	0
loc	8	Mining Site	mining_site_icon	2741	3057	3945	0
loc	10	Anvil	anvil_icon	2743	3063	3952	0
loc	12	Dungeon	dungeonentrance_icon	2745	3045	3924	0
loc	8	Mining Site	mining_site_icon	2741	3075	9505	0
loc	8	Mining Site	mining_site_icon	2741	3088	9499	0
loc	9	Furnace	furnace_icon	2742	3079	9496	0
loc	10	Anvil	anvil_icon	2743	3075	9498	0
loc	10	Anvil	anvil_icon	2743	3083	9498	0
loc	6	Quest Start	quest_start_icon	2739	3086	3122	0
loc	26	Fishing Spot	fishing_point_icon	2759	3101	3091	0
loc	40	Cooking Range	range_icon	2772	3075	3081	0
loc	6	Quest Start	quest_start_icon	2739	3109	3160	0
loc	6	Quest Start	quest_start_icon	2739	3104	3164	2
loc	39	Water Source	water_source_icon	2771	3116	3168	0
loc	5	Bank	bank_store_icon	2738	3094	3243	0
loc	26	Fishing Spot	fishing_point_icon	2759	3085	3228	0
loc	6	Quest Start	quest_start_icon	2739	3097	3266	0
loc	6	Quest Start	quest_start_icon	2739	3110	3330	0
loc	40	Cooking Range	range_icon	2772	3097	3367	0
loc	4	Helmet Shop	helmet_store_icon	2737	3074	3429	0
loc	8	Mining Site	mining_site_icon	2741	3087	3417	0
loc	8	Mining Site	mining_site_icon	2741	3087	3434	0
loc	26	Fishing Spot	fishing_point_icon	2759	3104	3424	0
loc	26	Fishing Spot	fishing_point_icon	2759	3110	3433	0
loc	31	Pub/Bar	beer_store_icon	2764	3079	3441	0
loc	35	Spinning Wheel	spinningwheel_icon	2768	3081	3430	0
loc	42	Potters Wheel	pottery_icon	2774	3085	3409	0
loc	0	General Store	general_store_icon	2733	3080	3509	0
loc	5	Bank	bank_store_icon	2738	3094	3494	0
loc	12	Dungeon	dungeonentrance_icon	2745	3095	3469	0
loc	34	Rare Trees	rare_trees_icon	2767	3086	3469	0
loc	34	Rare Trees	rare_trees_icon	2767	3086	3481	0
loc	39	Water Source	water_source_icon	2771	3084	3502	0
loc	40	Cooking Range	range_icon	2772	3081	3508	1
loc	8	Mining Site	mining_site_icon	2741	3105	3569	0
loc	8	Mining Site	mining_site_icon	2741	3087	3763	0
loc	38	???	minigame_start_icon	738	3092	3957	0
loc	0	General Store	general_store_icon	2733	3145	9567	0
loc	5	Bank	bank_store_icon	2738	3151	9579	0
loc	9	Furnace	furnace_icon	2742	3168	9593	0
loc	39	Water Source	water_source_icon	2771	3178	9562	0
loc	39	Water Source	water_source_icon	2771	3178	9570	0
loc	40	Cooking Range	range_icon	2772	3151	9559	0
loc	43	Windmill	flour_mill_icon	2775	3171	9577	0
loc	39	Water Source	water_source_icon	2771	3155	3122	0
loc	6	Quest Start	quest_start_icon	2739	3147	3201	0
loc	34	Rare Trees	rare_trees_icon	2767	3147	3255	0
loc	34	Rare Trees	rare_trees_icon	2767	3152	3231	0
loc	34	Rare Trees	rare_trees_icon	2767	3166	3220	0
loc	34	Rare Trees	rare_trees_icon	2767	3185	3227	0
loc	39	Water Source	water_source_icon	2771	3142	3208	0
loc	6	Quest Start	quest_start_icon	2739	3191	3272	0
loc	43	Windmill	flour_mill_icon	2775	3166	3307	0
loc	6	Quest Start	quest_start_icon	2739	3191	3362	0
loc	8	Mining Site	mining_site_icon	2741	3178	3369	0
loc	40	Cooking Range	range_icon	2772	3188	3352	0
loc	5	Bank	bank_store_icon	2738	3184	3440	0
loc	6	Quest Start	quest_start_icon	2739	3151	3411	0
loc	6	Quest Start	quest_start_icon	2739	3158	3425	1
loc	10	Anvil	anvil_icon	2743	3188	3425	0
loc	28	Apothecary	potions_store_icon	2761	3195	3403	0
loc	39	Water Source	water_source_icon	2771	3145	3451	0
loc	40	Cooking Range	range_icon	2772	3156	3410	0
loc	40	Cooking Range	range_icon	2772	3160	3427	0
loc	40	Cooking Range	range_icon	2772	3144	3452	1
loc	43	Windmill	flour_mill_icon	2775	3139	3450	0
loc	39	Water Source	water_source_icon	2771	3190	3470	0
loc	9	Furnace	furnace_icon	2742	3144	3736	0
loc	22	Gem Shop	gem_store_icon	2755	3244	9588	0
loc	34	Rare Trees	rare_trees_icon	2767	3234	9547	0
loc	34	Rare Trees	rare_trees_icon	2767	3260	9546	0
loc	39	Water Source	water_source_icon	2771	3212	9624	0
loc	12	Dungeon	dungeonentrance_icon	2745	3227	3108	0
loc	8	Mining Site	mining_site_icon	2741	3241	3165	0
loc	40	Cooking Range	range_icon	2772	3230	3196	0
loc	0	General Store	general_store_icon	2733	3212	3246	0
loc	3	Axe Shop	axe_store_icon	2736	3233	3203	0
loc	6	Quest Start	quest_start_icon	2739	3208	3215	0
loc	6	Quest Start	quest_start_icon	2739	3247	3210	0
loc	6	Quest Start	quest_start_icon	2739	3211	3220	1
loc	9	Furnace	furnace_icon	2742	3227	3256	0
loc	19	Altar	altar_icon	2752	3244	3209	0
loc	26	Fishing Spot	fishing_point_icon	2759	3238	3253	0
loc	26	Fishing Spot	fishing_point_icon	2759	3239	3241	0
loc	35	Spinning Wheel	spinningwheel_icon	2768	3209	3213	1
loc	39	Water Source	water_source_icon	2771	3205	3215	0
loc	39	Water Source	water_source_icon	2771	3222	3211	0
loc	39	Water Source	water_source_icon	2771	3222	3226	0
loc	40	Cooking Range	range_icon	2772	3212	3215	0
loc	12	Dungeon	dungeonentrance_icon	2745	3244	3383	0
loc	19	Altar	altar_icon	2752	3259	3381	0
loc	40	Cooking Range	range_icon	2772	3219	3388	0
loc	40	Cooking Range	range_icon	2772	3238	3382	0
loc	0	General Store	general_store_icon	2733	3217	3414	0
loc	1	Sword Shop	sword_store_icon	2734	3206	3399	0
loc	2	Magic Shop	magic_store_icon	2735	3253	3402	0
loc	5	Bank	bank_store_icon	2738	3254	3420	0
loc	6	Quest Start	quest_start_icon	2739	3204	3424	0
loc	10	Anvil	anvil_icon	2743	3228	3435	0
loc	10	Anvil	anvil_icon	2743	3247	3404	0
loc	11	Combat Training	combattraining_store_icon	2744	3253	3435	0
loc	13	Staff Shop	staff_store_icon	2746	3203	3436	0
loc	14	Platebody Shop	plate_store_icon	2747	3229	3438	0
loc	17	Archery Shop	archery_store_icon	2750	3233	3423	0
loc	27	Clothes Shop	clothing_store_icon	2760	3204	3417	0
loc	31	Pub/Bar	beer_store_icon	2764	3226	3397	0
loc	39	Water Source	water_source_icon	2771	3238	3434	0
loc	40	Cooking Range	range_icon	2772	3237	3403	0
loc	40	Cooking Range	range_icon	2772	3237	3409	0
loc	40	Cooking Range	range_icon	2772	3202	3401	1
loc	6	Quest Start	quest_start_icon	2739	3209	3495	0
loc	6	Quest Start	quest_start_icon	2739	3223	3476	0
loc	11	Combat Training	combattraining_store_icon	2744	3204	3471	1
loc	11	Combat Training	combattraining_store_icon	2744	3213	3490	2
loc	12	Dungeon	dungeonentrance_icon	2745	3237	3458	0
loc	19	Altar	altar_icon	2752	3254	3484	0
loc	19	Altar	altar_icon	2752	3208	3494	1
loc	34	Rare Trees	rare_trees_icon	2767	3205	3505	0
loc	34	Rare Trees	rare_trees_icon	2767	3209	3501	0
loc	34	Rare Trees	rare_trees_icon	2767	3222	3505	0
loc	34	Rare Trees	rare_trees_icon	2767	3249	3473	0
loc	39	Water Source	water_source_icon	2771	3206	3463	0
loc	39	Water Source	water_source_icon	2771	3218	3463	0
loc	39	Water Source	water_source_icon	2771	3224	3496	0
loc	40	Cooking Range	range_icon	2772	3221	3497	0
loc	19	Altar	altar_icon	2752	3239	3608	0
loc	6	Quest Start	quest_start_icon	2739	3303	3113	0
loc	0	General Store	general_store_icon	2733	3316	3182	0
loc	5	Bank	bank_store_icon	2738	3269	3167	0
loc	6	Quest Start	quest_start_icon	2739	3302	3163	0
loc	9	Furnace	furnace_icon	2742	3273	3186	0
loc	15	Platelegs Shop	platelegs_store_icon	2748	3316	3175	0
loc	16	Scimitar Shop	scimitar_store_icon	2749	3289	3189	0
loc	23	Crafting Shop	crafting_store_icon	2756	3321	3194	0
loc	26	Fishing Spot	fishing_point_icon	2759	3267	3148	0
loc	26	Fishing Spot	fishing_point_icon	2759	3275	3140	0
loc	30	Kebab Seller	kebab_store_icon	2763	3273	3181	0
loc	33	Tannery	tanner_store_icon	2766	3274	3191	0
loc	39	Water Source	water_source_icon	2771	3293	3173	0
loc	39	Water Source	water_source_icon	2771	3293	3183	0
loc	40	Cooking Range	range_icon	2772	3318	3138	0
loc	41	Skirt Shop	skirts_store_icon	2773	3315	3162	0
loc	38	???	minigame_start_icon	738	3314	3238	0
loc	22	Gem Shop	gem_store_icon	2755	3287	3212	0
loc	29	Silk Trader	silk_store_icon	2762	3298	3202	0
loc	40	Cooking Range	range_icon	2772	3292	3202	0
loc	8	Mining Site	mining_site_icon	2741	3299	3282	0
loc	8	Mining Site	mining_site_icon	2741	3299	3312	0
loc	8	Mining Site	mining_site_icon	2741	3286	3366	0
loc	6	Quest Start	quest_start_icon	2739	3279	3404	0
loc	27	Clothes Shop	clothing_store_icon	2760	3281	3398	0
loc	31	Pub/Bar	beer_store_icon	2764	3268	3392	0
loc	39	Water Source	water_source_icon	2771	3270	3407	0
loc	39	Water Source	water_source_icon	2771	3323	3396	0
loc	31	Pub/Bar	beer_store_icon	2764	3277	3488	0
loc	40	Cooking Range	range_icon	2772	3286	3488	0
loc	8	Mining Site	mining_site_icon	2741	3385	9750	0
loc	8	Mining Site	mining_site_icon	2741	3385	9814	0
loc	5	Bank	bank_store_icon	2738	3382	3269	0
loc	19	Altar	altar_icon	2752	3376	3285	0
loc	6	Quest Start	quest_start_icon	2739	3364	3337	0
loc	26	Fishing Spot	fishing_point_icon	2759	3440	3273	0
loc	26	Fishing Spot	fishing_point_icon	2759	3426	3409	0
loc	26	Fishing Spot	fishing_point_icon	2759	3433	3415	0
loc	12	Dungeon	dungeonentrance_icon	2745	3405	3506	0
loc	19	Altar	altar_icon	2752	3416	3489	0
loc	0	General Store	general_store_icon	2733	3489	3296	0
loc	6	Quest Start	quest_start_icon	2739	3464	3308	0
loc	39	Water Source	water_source_icon	2771	3496	3290	0
loc	26	Fishing Spot	fishing_point_icon	2759	3481	3433	0
loc	26	Fishing Spot	fishing_point_icon	2759	3486	3448	0
loc	0	General Store	general_store_icon	2733	3477	3495	0
loc	5	Bank	bank_store_icon	2738	3511	3479	1
loc	27	Clothes Shop	clothing_store_icon	2760	3500	3505	1
loc	31	Pub/Bar	beer_store_icon	2764	3495	3473	0
loc	33	Tannery	tanner_store_icon	2766	3490	3501	1
loc	36	Food Shop	food_store_icon	2769	3508	3495	1
npc	-1	Murphy	Murphy	464	1885	4825	0
npc	-1	Murphy	Murphy	466	1947	4827	0
npc	-1	Shark	Shark	468	1950	4819	0
npc	-1	Shark	Shark	467	1955	4833	0
npc	-1	Wizard	Wizard	13	2010	4710	0
npc	-1	Wizard	Wizard	13	2010	4714	0
npc	-1	Koftik	Koftik	1209	2012	4713	1
npc	-1	Iban disciple	Iban disciple	1002	2021	4710	1
npc	-1	Iban disciple	Iban disciple	1002	2022	4712	1
npc	-1	Iban disciple	Iban disciple	1002	2025	4710	1
npc	-1	Iban disciple	Iban disciple	1002	2025	4713	1
npc	-1	Iban disciple	Iban disciple	1002	2028	4710	1
npc	-1	Iban disciple	Iban disciple	1002	2029	4713	1
npc	-1	Iban disciple	Iban disciple	1002	2031	4699	1
npc	-1	Iban disciple	Iban disciple	1002	2031	4706	1
npc	-1	Iban disciple	Iban disciple	1002	2031	4710	1
npc	-1	Iban disciple	Iban disciple	1002	2031	4714	1
npc	-1	Iban disciple	Iban disciple	1002	2032	4726	1
npc	-1	Iban disciple	Iban disciple	1002	2035	4717	1
npc	-1	Iban disciple	Iban disciple	1002	2035	4724	1
npc	-1	Mime	Mime	1056	2011	4762	0
npc	-1	Murphy	Murphy	465	2013	4825	0
npc	-1	Othainian	Othainian	998	2122	4562	1
npc	-1	Witches cat	Witches cat	993	2131	4602	1
npc	-1	Holthion	Holthion	1000	2132	4554	1
npc	-1	Doomion	Doomion	999	2134	4565	1
npc	-1	Kardia	Kardia	992	2155	4566	1
npc	-1	Lord Iban	Lord Iban	1003	2133	4647	1
npc	-1	Iban disciple	Iban disciple	1002	2149	4646	1
npc	-1	Iban disciple	Iban disciple	1002	2150	4648	1
npc	-1	Iban disciple	Iban disciple	1002	2153	4646	1
npc	-1	Iban disciple	Iban disciple	1002	2153	4649	1
npc	-1	Iban disciple	Iban disciple	1002	2156	4646	1
npc	-1	Iban disciple	Iban disciple	1002	2157	4649	1
npc	-1	Iban disciple	Iban disciple	1002	2159	4635	1
npc	-1	Iban disciple	Iban disciple	1002	2159	4642	1
npc	-1	Iban disciple	Iban disciple	1002	2159	4646	1
npc	-1	Iban disciple	Iban disciple	1002	2159	4650	1
npc	-1	Iban disciple	Iban disciple	1002	2160	4662	1
npc	-1	Iban disciple	Iban disciple	1002	2163	4653	1
npc	-1	Iban disciple	Iban disciple	1002	2163	4660	1
npc	-1	Half-Souless	Half-Souless	991	2120	4708	1
npc	-1	Half-Souless	Half-Souless	991	2121	4714	1
npc	-1	Half-Souless	Half-Souless	991	2122	4695	1
npc	-1	Half-Souless	Half-Souless	991	2122	4720	1
npc	-1	Half-Souless	Half-Souless	991	2123	4701	1
npc	-1	Half-Souless	Half-Souless	991	2128	4719	1
npc	-1	Half-Souless	Half-Souless	991	2129	4698	1
npc	-1	Half-Souless	Half-Souless	991	2129	4707	1
npc	-1	Half-Souless	Half-Souless	991	2129	4725	1
npc	-1	Half-Souless	Half-Souless	991	2134	4702	1
npc	-1	Half-Souless	Half-Souless	991	2136	4718	1
npc	-1	Half-Souless	Half-Souless	991	2137	4725	1
npc	-1	Half-Souless	Half-Souless	991	2139	4697	1
npc	-1	Half-Souless	Half-Souless	991	2141	4709	1
npc	-1	Half-Souless	Half-Souless	991	2145	4703	1
npc	-1	Half-Souless	Half-Souless	991	2145	4721	1
npc	-1	Souless	Souless	140	2154	4686	1
npc	-1	Souless	Souless	140	2154	4695	1
npc	-1	Souless	Souless	140	2155	4708	1
npc	-1	Souless	Souless	140	2157	4699	1
npc	-1	Souless	Souless	140	2161	4689	1
npc	-1	Tyras guard	Tyras guard	1205	2181	3184	0
npc	-1	Tyras guard	Tyras guard	1204	2182	3147	0
npc	-1	Chicken	Chicken	41	2184	3152	0
npc	-1	Tyras guard	Tyras guard	1206	2185	3144	0
npc	-1	Chicken	Chicken	1017	2185	3152	0
npc	-1	Chicken	Chicken	41	2186	3153	0
npc	-1	General Hining	General Hining	1207	2187	3149	0
npc	-1	Tyras guard	Tyras guard	1204	2187	3155	0
npc	-1	Tyras guard	Tyras guard	1203	2188	3171	0
npc	-1	Tyras guard	Tyras guard	1204	2189	3152	0
npc	-1	Tyras guard	Tyras guard	1204	2192	3150	0
npc	-1	Quartermaster	Quartermaster	1208	2194	3140	0
npc	-1	Rabbit	Rabbit	1194	2206	3196	0
npc	-1	Rabbit	Rabbit	1192	2206	3198	0
npc	-1	Rabbit	Rabbit	1192	2208	3195	0
npc	-1	Grizzly bear	Grizzly bear	1195	2215	3171	0
npc	-1	Grizzly bear cub	Grizzly bear cub	1196	2217	3171	0
npc	-1	Rabbit	Rabbit	1192	2234	3169	0
npc	-1	Rabbit	Rabbit	1192	2236	3165	0
npc	-1	Rabbit	Rabbit	1194	2187	3223	0
npc	-1	Rabbit	Rabbit	1192	2187	3225	0
npc	-1	Elf warrior	Elf warrior	1183	2188	3242	0
npc	-1	Rabbit	Rabbit	1192	2189	3220	0
npc	-1	Rabbit	Rabbit	1192	2189	3223	0
npc	-1	Rabbit	Rabbit	1194	2189	3225	0
npc	-1	Rabbit	Rabbit	1193	2190	3221	0
npc	-1	Elf warrior	Elf warrior	1184	2193	3244	0
npc	-1	Elf warrior	Elf warrior	1184	2193	3256	0
npc	-1	Elf warrior	Elf warrior	1183	2195	3250	0
npc	-1	Grizzly bear cub	Grizzly bear cub	1197	2197	3218	0
npc	-1	Elf warrior	Elf warrior	1184	2197	3251	0
npc	-1	Elf warrior	Elf warrior	1184	2198	3261	0
npc	-1	Grizzly bear cub	Grizzly bear cub	1196	2199	3222	0
npc	-1	Grizzly bear	Grizzly bear	1195	2200	3224	0
npc	-1	Elf warrior	Elf warrior	1184	2200	3249	0
npc	-1	Grizzly bear cub	Grizzly bear cub	1196	2201	3218	0
npc	-1	Elf warrior	Elf warrior	1183	2202	3259	0
npc	-1	Elf warrior	Elf warrior	1184	2204	3255	0
npc	-1	Lord Iorwerth	Lord Iorwerth	1182	2205	3252	0
npc	-1	Elf warrior	Elf warrior	1183	2208	3257	0
npc	-1	Elf warrior	Elf warrior	1183	2210	3239	0
npc	-1	Elf warrior	Elf warrior	1183	2210	3254	0
npc	-1	Rabbit	Rabbit	1192	2228	3237	0
npc	-1	Rabbit	Rabbit	1192	2229	3239	0
npc	-1	Rabbit	Rabbit	1194	2230	3237	0
npc	-1	Rabbit	Rabbit	1193	2230	3238	0
npc	-1	Rabbit	Rabbit	1193	2231	3237	0
npc	-1	Rabbit	Rabbit	1192	2231	3238	0
npc	-1	Rabbit	Rabbit	1192	2234	3237	0
npc	-1	Rabbit	Rabbit	1192	2182	3281	0
npc	-1	Rabbit	Rabbit	1193	2183	3277	0
npc	-1	Rabbit	Rabbit	1192	2183	3279	0
npc	-1	Rabbit	Rabbit	1192	2184	3276	0
npc	-1	Rabbit	Rabbit	1194	2184	3280	0
npc	-1	Rabbit	Rabbit	1192	2185	3279	0
npc	-1	Rabbit	Rabbit	1194	2186	3280	0
npc	-1	Rabbit	Rabbit	1192	2186	3281	0
npc	-1	Rabbit	Rabbit	1192	2188	3277	0
npc	-1	Ghost	Ghost	103	2188	4855	0
npc	-1	Ghost	Ghost	103	2190	4820	0
npc	-1	Ghost	Ghost	103	2192	4852	0
npc	-1	Ghost	Ghost	103	2193	4845	0
npc	-1	Ghost	Ghost	103	2194	4824	0
npc	-1	Ghost	Ghost	103	2197	4849	0
npc	-1	Ghost	Ghost	103	2198	4825	0
npc	-1	Ghost	Ghost	103	2206	4824	0
npc	-1	Ghost	Ghost	103	2210	4824	0
npc	-1	Ghost	Ghost	103	2216	4829	0
npc	-1	Ghost	Ghost	103	2218	4818	0
npc	-1	Ghost	Ghost	103	2218	4837	0
npc	-1	Ghost	Ghost	103	2218	4843	0
npc	-1	Ghost	Ghost	103	2223	4848	0
npc	-1	Ghost	Ghost	103	2225	4850	0
npc	-1	Ghost	Ghost	103	2226	4855	0
npc	-1	Ghost	Ghost	103	2227	4819	0
npc	-1	Sam	Sam	1357	2201	4942	0
npc	-1	Rachael	Rachael	1358	2207	4958	0
npc	-1	Rabbit	Rabbit	1192	2240	3164	0
npc	-1	Rabbit	Rabbit	1193	2241	3163	0
npc	-1	Rabbit	Rabbit	1194	2242	3162	0
npc	-1	Rabbit	Rabbit	1193	2242	3164	0
npc	-1	Rabbit	Rabbit	1192	2243	3161	0
npc	-1	Elf Tracker	Elf Tracker	1199	2257	3149	0
npc	-1	Rabbit	Rabbit	1192	2264	3140	0
npc	-1	Rabbit	Rabbit	1194	2265	3141	0
npc	-1	Rabbit	Rabbit	1192	2273	3182	0
npc	-1	Rabbit	Rabbit	1192	2274	3164	0
npc	-1	Rabbit	Rabbit	1194	2278	3160	0
npc	-1	Rabbit	Rabbit	1192	2279	3158	0
npc	-1	Grizzly bear cub	Grizzly bear cub	1196	2291	3156	0
npc	-1	Grizzly bear	Grizzly bear	1195	2292	3153	0
npc	-1	Grizzly bear	Grizzly bear	1195	2293	3156	0
npc	-1	Rabbit	Rabbit	1192	2293	3175	0
npc	-1	Dire Wolf	Dire Wolf	1198	2294	3185	0
npc	-1	Rabbit	Rabbit	1192	2295	3177	0
npc	-1	Rabbit	Rabbit	1194	2296	3176	0
npc	-1	Dire Wolf	Dire Wolf	1198	2296	3187	0
npc	-1	Rabbit	Rabbit	1193	2297	3175	0
npc	-1	Rabbit	Rabbit	1192	2297	3176	0
npc	-1	Rabbit	Rabbit	1192	2279	3219	0
npc	-1	Rabbit	Rabbit	1193	2295	3250	0
npc	-1	Rabbit	Rabbit	1194	2296	3249	0
npc	-1	Rabbit	Rabbit	1192	2296	3250	0
npc	-1	Elven city guard	Elven city guard	1185	2242	3269	0
npc	-1	Elven city guard	Elven city guard	1185	2299	3329	0
npc	-1	Saba	Saba	1070	2270	4759	0
npc	-1	Souless	Souless	140	2313	9853	0
npc	-1	Nilhoof	Nilhoof	994	2315	9806	0
npc	-1	Souless	Souless	140	2315	9851	0
npc	-1	Souless	Souless	140	2318	9847	0
npc	-1	Souless	Souless	140	2319	9852	0
npc	-1	Souless	Souless	140	2322	9846	0
npc	-1	Klank	Klank	995	2323	9804	0
npc	-1	Souless	Souless	140	2323	9843	0
npc	-1	Souless	Souless	140	2323	9852	0
npc	-1	Kamen	Kamen	996	2325	9799	0
npc	-1	Souless	Souless	140	2326	9848	0
npc	-1	Souless	Souless	140	2331	9852	0
npc	-1	Souless	Souless	140	2333	9851	0
npc	-1	Souless	Souless	140	2334	9853	0
npc	-1	Souless	Souless	140	2335	9847	0
npc	-1	Souless	Souless	140	2338	9844	0
npc	-1	Souless	Souless	140	2338	9851	0
npc	-1	Souless	Souless	140	2340	9848	0
npc	-1	Souless	Souless	140	2341	9852	0
npc	-1	Souless	Souless	140	2342	9840	0
npc	-1	Souless	Souless	140	2342	9841	0
npc	-1	Souless	Souless	140	2343	9849	0
npc	-1	Souless	Souless	140	2345	9851	0
npc	-1	Souless	Souless	140	2346	9854	0
npc	-1	Souless	Souless	140	2347	9854	0
npc	-1	Souless	Souless	140	2348	9843	0
npc	-1	Souless	Souless	140	2311	9857	0
npc	-1	Souless	Souless	140	2314	9862	0
npc	-1	Souless	Souless	140	2315	9857	0
npc	-1	Souless	Souless	140	2317	9867	0
npc	-1	Souless	Souless	140	2320	9856	0
npc	-1	Souless	Souless	140	2320	9859	0
npc	-1	Souless	Souless	140	2323	9863	0
npc	-1	Souless	Souless	140	2324	9856	0
npc	-1	Souless	Souless	140	2324	9874	0
npc	-1	Souless	Souless	140	2325	9859	0
npc	-1	Souless	Souless	140	2325	9864	0
npc	-1	Souless	Souless	140	2325	9867	0
npc	-1	Souless	Souless	140	2328	9871	0
npc	-1	Souless	Souless	140	2329	9856	0
npc	-1	Spider	Spider	1004	2329	9898	0
npc	-1	Souless	Souless	140	2330	9859	0
npc	-1	Spider	Spider	1004	2330	9914	0
npc	-1	Souless	Souless	140	2331	9857	0
npc	-1	Spider	Spider	1004	2332	9894	0
npc	-1	Souless	Souless	140	2333	9858	0
npc	-1	Spider	Spider	1004	2334	9878	0
npc	-1	Spider	Spider	1004	2334	9887	0
npc	-1	Spider	Spider	1004	2334	9900	0
npc	-1	Souless	Souless	140	2335	9868	0
npc	-1	Spider	Spider	1004	2336	9893	0
npc	-1	Souless	Souless	140	2337	9856	0
npc	-1	Souless	Souless	140	2337	9872	0
npc	-1	Spider	Spider	1004	2337	9888	0
npc	-1	Spider	Spider	1004	2337	9898	0
npc	-1	Souless	Souless	140	2338	9862	0
npc	-1	Spider	Spider	1004	2338	9906	0
npc	-1	Spider	Spider	1004	2339	9875	0
npc	-1	Spider	Spider	1004	2339	9881	0
npc	-1	Spider	Spider	1004	2339	9893	0
npc	-1	Spider	Spider	1004	2339	9914	0
npc	-1	Souless	Souless	140	2340	9860	0
npc	-1	Spider	Spider	1004	2341	9897	0
npc	-1	Souless	Souless	140	2342	9857	0
npc	-1	Souless	Souless	140	2342	9862	0
npc	-1	Souless	Souless	140	2342	9866	0
npc	-1	Spider	Spider	1004	2344	9879	0
npc	-1	Spider	Spider	1004	2344	9905	0
npc	-1	Spider	Spider	1004	2345	9888	0
npc	-1	Souless	Souless	140	2346	9856	0
npc	-1	Souless	Souless	140	2346	9864	0
npc	-1	Spider	Spider	1004	2346	9873	0
npc	-1	Spider	Spider	1004	2346	9881	0
npc	-1	Spider	Spider	1004	2346	9890	0
npc	-1	Spider	Spider	1004	2346	9915	0
npc	-1	Souless	Souless	140	2347	9856	0
npc	-1	Spider	Spider	1004	2347	9878	0
npc	-1	Spider	Spider	1004	2347	9887	0
npc	-1	Spider	Spider	1004	2347	9900	0
npc	-1	Blessed spider	Blessed spider	977	2347	9916	0
npc	-1	Blessed spider	Blessed spider	977	2348	9914	0
npc	-1	Blessed spider	Blessed spider	977	2349	9894	0
npc	-1	Spider	Spider	1004	2349	9897	0
npc	-1	Blessed spider	Blessed spider	977	2349	9899	0
npc	-1	Spider	Spider	1004	2349	9916	0
npc	-1	Blessed spider	Blessed spider	977	2349	9918	0
npc	-1	Souless	Souless	140	2350	9867	0
npc	-1	Spider	Spider	1004	2350	9875	0
npc	-1	Blessed spider	Blessed spider	977	2350	9896	0
npc	-1	Blessed spider	Blessed spider	977	2350	9911	0
npc	-1	Blessed spider	Blessed spider	977	2351	9895	0
npc	-1	Blessed spider	Blessed spider	977	2351	9896	0
npc	-1	Blessed spider	Blessed spider	977	2351	9910	0
npc	-1	Souless	Souless	140	2352	9856	0
npc	-1	Blessed spider	Blessed spider	977	2352	9897	0
npc	-1	Blessed spider	Blessed spider	977	2352	9899	0
npc	-1	Spider	Spider	1004	2352	9909	0
npc	-1	Blessed spider	Blessed spider	977	2352	9914	0
npc	-1	Blessed spider	Blessed spider	977	2353	9896	0
npc	-1	Spider	Spider	1004	2353	9899	0
npc	-1	Blessed spider	Blessed spider	977	2353	9916	0
npc	-1	Spider	Spider	1004	2354	9878	0
npc	-1	Blessed spider	Blessed spider	977	2354	9902	0
npc	-1	Blessed spider	Blessed spider	977	2354	9903	0
npc	-1	Spider	Spider	1004	2354	9914	0
npc	-1	Blessed spider	Blessed spider	977	2355	9902	0
npc	-1	Spider	Spider	1004	2355	9905	0
npc	-1	Spider	Spider	1004	2355	9907	0
npc	-1	Blessed spider	Blessed spider	977	2355	9910	0
npc	-1	Blessed spider	Blessed spider	977	2355	9911	0
npc	-1	Spider	Spider	1004	2356	9881	0
npc	-1	Blessed spider	Blessed spider	977	2356	9909	0
npc	-1	Kalrag	Kalrag	997	2356	9911	0
npc	-1	Spider	Spider	1004	2357	9885	0
npc	-1	Spider	Spider	1004	2357	9889	0
npc	-1	Blessed spider	Blessed spider	977	2357	9902	0
npc	-1	Blessed spider	Blessed spider	977	2357	9916	0
npc	-1	Spider	Spider	1004	2358	9902	0
npc	-1	Blessed spider	Blessed spider	977	2358	9916	0
npc	-1	Spider	Spider	1004	2358	9918	0
npc	-1	Blessed spider	Blessed spider	977	2359	9912	0
npc	-1	Spider	Spider	1004	2360	9879	0
npc	-1	Spider	Spider	1004	2360	9891	0
npc	-1	Blessed spider	Blessed spider	977	2360	9911	0
npc	-1	Blessed spider	Blessed spider	977	2360	9912	0
npc	-1	Blessed spider	Blessed spider	977	2360	9914	0
npc	-1	Spider	Spider	1004	2361	9884	0
npc	-1	Blessed spider	Blessed spider	977	2361	9906	0
npc	-1	Spider	Spider	1004	2361	9911	0
npc	-1	Spider	Spider	1004	2362	9894	0
npc	-1	Spider	Spider	1004	2362	9904	0
npc	-1	Spider	Spider	1004	2363	9905	0
npc	-1	Blessed spider	Blessed spider	977	2363	9908	0
npc	-1	Spider	Spider	1004	2363	9910	0
npc	-1	Spider	Spider	1004	2363	9916	0
npc	-1	Spider	Spider	1004	2364	9897	0
npc	-1	Blessed spider	Blessed spider	977	2364	9912	0
npc	-1	Spider	Spider	1004	2364	9914	0
npc	-1	Dire Wolf	Dire Wolf	1198	2311	3271	0
npc	-1	Dire Wolf	Dire Wolf	1198	2317	3271	0
npc	-1	Dire Wolf	Dire Wolf	1198	2320	3266	0
npc	-1	Dire Wolf	Dire Wolf	1198	2335	3276	0
npc	-1	Deadly red spider	Deadly red spider	63	2337	3311	0
npc	-1	Deadly red spider	Deadly red spider	63	2337	3314	0
npc	-1	Deadly red spider	Deadly red spider	63	2338	3310	0
npc	-1	Dire Wolf	Dire Wolf	1198	2339	3272	0
npc	-1	Dire Wolf	Dire Wolf	1198	2339	3279	0
npc	-1	Deadly red spider	Deadly red spider	63	2341	3309	0
npc	-1	Deadly red spider	Deadly red spider	63	2342	3311	0
npc	-1	Deadly red spider	Deadly red spider	63	2343	3309	0
npc	-1	Deadly red spider	Deadly red spider	63	2344	3318	0
npc	-1	Deadly red spider	Deadly red spider	63	2345	3310	0
npc	-1	Deadly red spider	Deadly red spider	63	2345	3312	0
npc	-1	Deadly red spider	Deadly red spider	63	2350	3310	0
npc	-1	Rabbit	Rabbit	1192	2304	4587	0
npc	-1	Rabbit	Rabbit	1194	2305	4583	0
npc	-1	Rabbit	Rabbit	1194	2305	4584	0
npc	-1	Rabbit	Rabbit	1192	2306	4585	0
npc	-1	Rabbit	Rabbit	1194	2307	4582	0
npc	-1	Rabbit	Rabbit	1192	2307	4583	0
npc	-1	Rabbit	Rabbit	1194	2307	4584	0
npc	-1	Rabbit	Rabbit	1194	2307	4587	0
npc	-1	Rabbit	Rabbit	1193	2308	4583	0
npc	-1	Rabbit	Rabbit	1192	2309	4582	0
npc	-1	Rabbit	Rabbit	1192	2309	4584	0
npc	-1	Tyras guard	Tyras guard	1200	2312	4556	0
npc	-1	Chicken	Chicken	41	2312	4560	0
npc	-1	Chicken	Chicken	1017	2313	4560	0
npc	-1	Tyras guard	Tyras guard	1200	2314	4556	0
npc	-1	Chicken	Chicken	41	2314	4561	0
npc	-1	Tyras guard	Tyras guard	1200	2316	4556	0
npc	-1	Rabbit	Rabbit	1194	2334	4604	0
npc	-1	Rabbit	Rabbit	1192	2334	4606	0
npc	-1	Rabbit	Rabbit	1192	2336	4603	0
npc	-1	Grizzly bear	Grizzly bear	1195	2343	4579	0
npc	-1	Grizzly bear cub	Grizzly bear cub	1196	2345	4579	0
npc	-1	Rabbit	Rabbit	1192	2362	4577	0
npc	-1	Rabbit	Rabbit	1192	2364	4573	0
npc	-1	Goblin	Goblin	101	2369	9449	0
npc	-1	Goblin	Goblin	101	2371	9423	0
npc	-1	Goblin	Goblin	101	2371	9467	0
npc	-1	Goblin	Goblin	101	2374	9460	0
npc	-1	Goblin	Goblin	100	2380	9456	0
npc	-1	Goblin	Goblin	101	2381	9435	0
npc	-1	Goblin	Goblin	101	2381	9447	0
npc	-1	Goblin	Goblin	100	2383	9431	0
npc	-1	Goblin	Goblin	100	2385	9466	0
npc	-1	Goblin	Goblin	100	2386	9451	0
npc	-1	Goblin	Goblin	101	2388	9468	0
npc	-1	Goblin	Goblin	100	2389	9424	0
npc	-1	Goblin guard	Goblin guard	489	2391	9458	0
npc	-1	Goblin	Goblin	100	2397	9410	0
npc	-1	Goblin	Goblin	101	2397	9430	0
npc	-1	Goblin	Goblin	100	2399	9446	0
npc	-1	Goblin	Goblin	101	2399	9457	0
npc	-1	Goblin	Goblin	100	2401	9452	0
npc	-1	Goblin	Goblin	101	2403	9467	0
npc	-1	Goblin	Goblin	101	2406	9411	0
npc	-1	Goblin	Goblin	100	2407	9424	0
npc	-1	Goblin	Goblin	100	2408	9433	0
npc	-1	Goblin	Goblin	100	2412	9454	0
npc	-1	Goblin	Goblin	100	2413	9444	0
npc	-1	Goblin	Goblin	100	2413	9466	0
npc	-1	Goblin	Goblin	101	2415	9423	0
npc	-1	Goblin	Goblin	100	2423	9409	0
npc	-1	Goblin	Goblin	100	2423	9423	0
npc	-1	Goblin	Goblin	100	2423	9438	0
npc	-1	Goblin	Goblin	100	2423	9446	0
npc	-1	Goblin	Goblin	101	2423	9456	0
npc	-1	Goblin	Goblin	100	2427	9467	0
npc	-1	Blessed Giant rat	Blessed Giant rat	978	2370	9642	0
npc	-1	Skeleton	Skeleton	90	2371	9611	0
npc	-1	Skeleton	Skeleton	92	2372	9606	0
npc	-1	Blessed Giant rat	Blessed Giant rat	978	2372	9640	0
npc	-1	Giant bat	Giant bat	78	2373	9630	0
npc	-1	Giant bat	Giant bat	78	2374	9635	0
npc	-1	Skeleton	Skeleton	90	2375	9609	0
npc	-1	Goblin	Goblin	101	2377	9657	0
npc	-1	Skeleton	Skeleton	92	2380	9609	0
npc	-1	Slave	Slave	985	2380	9659	0
npc	-1	Slave	Slave	984	2381	9654	0
npc	-1	Goblin	Goblin	101	2381	9655	0
npc	-1	Slave	Slave	984	2382	9653	0
npc	-1	Skeleton	Skeleton	92	2383	9605	0
npc	-1	Goblin	Goblin	101	2384	9655	0
npc	-1	Slave	Slave	983	2384	9659	0
npc	-1	Slave	Slave	983	2385	9657	0
npc	-1	Slave	Slave	982	2387	9653	0
npc	-1	Slave	Slave	981	2389	9658	0
npc	-1	Blessed Giant rat	Blessed Giant rat	978	2391	9618	0
npc	-1	Goblin	Goblin	102	2391	9655	0
npc	-1	Slave	Slave	979	2392	9653	0
npc	-1	Goblin	Goblin	101	2392	9656	0
npc	-1	Slave	Slave	980	2392	9659	0
npc	-1	Slave	Slave	980	2394	9658	0
npc	-1	Skeleton	Skeleton	90	2396	9611	0
npc	-1	Goblin	Goblin	101	2396	9658	0
npc	-1	Unicorn	Unicorn	987	2397	9603	0
npc	-1	Skeleton	Skeleton	92	2397	9606	0
npc	-1	Blessed Giant rat	Blessed Giant rat	978	2397	9619	0
npc	-1	Goblin	Goblin	101	2397	9655	0
npc	-1	Skeleton	Skeleton	90	2400	9609	0
npc	-1	Skeleton	Skeleton	92	2405	9609	0
npc	-1	Skeleton	Skeleton	92	2408	9605	0
npc	-1	Giant bat	Giant bat	78	2419	9636	0
npc	-1	Giant bat	Giant bat	78	2421	9634	0
npc	-1	Giant bat	Giant bat	78	2422	9631	0
npc	-1	Ogre	Ogre	114	2387	9685	0
npc	-1	Ogre	Ogre	114	2389	9683	0
npc	-1	Zombie	Zombie	73	2394	9707	0
npc	-1	Blessed spider	Blessed spider	977	2395	9683	0
npc	-1	Zombie	Zombie	75	2396	9710	0
npc	-1	Blessed spider	Blessed spider	977	2397	9684	0
npc	-1	Zombie	Zombie	75	2397	9702	0
npc	-1	Zombie	Zombie	73	2398	9704	0
npc	-1	Zombie	Zombie	75	2398	9707	0
npc	-1	Zombie	Zombie	75	2399	9712	0
npc	-1	Blessed spider	Blessed spider	977	2400	9682	0
npc	-1	Zombie	Zombie	73	2400	9701	0
npc	-1	Zombie	Zombie	75	2401	9714	0
npc	-1	Blessed spider	Blessed spider	977	2402	9680	0
npc	-1	Zombie	Zombie	73	2405	9713	0
npc	-1	Zombie	Zombie	75	2406	9709	0
npc	-1	Zombie	Zombie	75	2407	9702	0
npc	-1	Zombie	Zombie	75	2408	9712	0
npc	-1	Zombie	Zombie	75	2409	9704	0
npc	-1	Zombie	Zombie	73	2410	9707	0
npc	-1	Sir Carl	Sir Carl	989	2422	9718	0
npc	-1	Sir Jerro	Sir Jerro	988	2424	9721	0
npc	-1	Sir Harry	Sir Harry	990	2426	9718	0
npc	-1	Brimstail	Brimstail	171	2390	9810	0
npc	-1	Giant spider	Giant spider	59	2369	3374	0
npc	-1	Giant spider	Giant spider	59	2372	3379	0
npc	-1	Goblin	Goblin	101	2373	3333	0
npc	-1	Giant spider	Giant spider	59	2378	3366	0
npc	-1	Wolf	Wolf	95	2379	3344	0
npc	-1	Giant spider	Giant spider	59	2379	3378	0
npc	-1	Elf warrior	Elf warrior	1201	2382	3334	0
npc	-1	Goblin	Goblin	101	2385	3339	0
npc	-1	Giant spider	Giant spider	59	2387	3370	0
npc	-1	Bear	Bear	105	2387	3376	0
npc	-1	Elf warrior	Elf warrior	1201	2389	3334	0
npc	-1	Goblin	Goblin	101	2394	3334	0
npc	-1	Giant spider	Giant spider	59	2394	3365	0
npc	-1	Wolf	Wolf	95	2395	3340	0
npc	-1	Wolf	Wolf	95	2398	3330	0
npc	-1	Bear	Bear	105	2398	3366	0
npc	-1	Gnome	Gnome	66	2399	3356	0
npc	-1	Gnome	Gnome	67	2400	3356	0
npc	-1	Gnome	Gnome	68	2401	3357	0
npc	-1	Giant spider	Giant spider	59	2402	3386	0
npc	-1	Giant spider	Giant spider	59	2405	3381	0
npc	-1	Wolf	Wolf	95	2406	3329	0
npc	-1	Giant spider	Giant spider	59	2407	3387	0
npc	-1	Bear	Bear	105	2412	3378	0
npc	-1	Giant spider	Giant spider	59	2412	3384	0
npc	-1	Bear	Bear	105	2419	3372	0
npc	-1	Terrorbird	Terrorbird	136	2375	3432	0
npc	-1	Terrorbird	Terrorbird	136	2375	3435	0
npc	-1	Terrorbird	Terrorbird	136	2375	3440	0
npc	-1	Gnome	Gnome	67	2377	3442	0
npc	-1	Gnome	Gnome	68	2378	3423	0
npc	-1	Terrorbird	Terrorbird	136	2378	3429	0
npc	-1	Terrorbird	Terrorbird	136	2378	3431	0
npc	-1	Terrorbird	Terrorbird	136	2379	3439	0
npc	-1	Gnome	Gnome	67	2380	3425	0
npc	-1	Terrorbird	Terrorbird	136	2380	3436	0
npc	-1	Mounted terrorbird gnome	Mounted terrorbird gnome	137	2381	3428	0
npc	-1	Terrorbird	Terrorbird	136	2382	3430	0
npc	-1	Terrorbird	Terrorbird	136	2382	3436	0
npc	-1	Gnome	Gnome	67	2383	3433	0
npc	-1	Gnome	Gnome	66	2383	3452	0
npc	-1	Mounted terrorbird gnome	Mounted terrorbird gnome	137	2392	3405	0
npc	-1	Gnome guard	Gnome guard	163	2392	3454	0
npc	-1	Gnome	Gnome	68	2393	3435	0
npc	-1	Gnome	Gnome	68	2394	3425	0
npc	-1	Gnome guard	Gnome guard	163	2394	3436	0
npc	-1	Gnome	Gnome	68	2395	3449	0
npc	-1	Gnome	Gnome	66	2401	3417	0
npc	-1	Gnome	Gnome	66	2402	3422	0
npc	-1	Gnome	Gnome	66	2402	3441	0
npc	-1	Gnome	Gnome	66	2403	3430	0
npc	-1	Gnome	Gnome	68	2403	3433	0
npc	-1	Gnome	Gnome	67	2405	3447	0
npc	-1	Gnome	Gnome	67	2406	3440	0
npc	-1	Gnome	Gnome	66	2408	3441	0
npc	-1	Gnome guard	Gnome guard	163	2408	3452	0
npc	-1	Gnome	Gnome	66	2409	3430	0
npc	-1	Gnome guard	Gnome guard	164	2410	3416	0
npc	-1	Mounted terrorbird gnome	Mounted terrorbird gnome	137	2413	3397	0
npc	-1	Mounted terrorbird gnome	Mounted terrorbird gnome	137	2415	3408	0
npc	-1	Gnome	Gnome	68	2420	3429	0
npc	-1	Gnome guard	Gnome guard	164	2420	3435	0
npc	-1	Gnome	Gnome	68	2420	3438	0
npc	-1	Gnome guard	Gnome guard	164	2420	3447	0
npc	-1	Gnome guard	Gnome guard	163	2421	3413	0
npc	-1	Gnome	Gnome	66	2423	3426	0
npc	-1	Gnome guard	Gnome guard	164	2427	3410	0
npc	-1	Gnome	Gnome	66	2427	3428	0
npc	-1	Gnome	Gnome	66	2427	3440	0
npc	-1	Gnome woman	Gnome woman	169	2392	3450	1
npc	-1	Gnome	Gnome	67	2393	3451	1
npc	-1	Gnome woman	Gnome woman	168	2398	3451	1
npc	-1	Gnome	Gnome	67	2408	3437	1
npc	-1	Gnome child	Gnome child	161	2409	3436	1
npc	-1	Gnome child	Gnome child	159	2413	3445	1
npc	-1	Gnome woman	Gnome woman	168	2414	3447	1
npc	-1	Gnome woman	Gnome woman	169	2415	3415	1
npc	-1	Gnome child	Gnome child	159	2415	3435	1
npc	-1	Gnome child	Gnome child	159	2416	3416	1
npc	-1	Gnome woman	Gnome woman	169	2416	3434	1
npc	-1	Gnome woman	Gnome woman	169	2423	3425	1
npc	-1	Gnome child	Gnome child	160	2424	3430	1
npc	-1	Gnome child	Gnome child	159	2424	3434	1
npc	-1	Gnome woman	Gnome woman	169	2424	3442	1
npc	-1	Gnome troop	Gnome troop	479	2415	3433	3
npc	-1	Gnome woman	Gnome woman	169	2378	3482	0
npc	-1	Gnome woman	Gnome woman	168	2379	3482	0
npc	-1	Gnome woman	Gnome woman	168	2381	3496	0
npc	-1	Gnome woman	Gnome woman	169	2383	3496	0
npc	-1	Gnome troop	Gnome troop	479	2384	3481	0
npc	-1	Gnome ball referee	Gnome ball referee	635	2384	3488	0
npc	-1	Gnome woman	Gnome woman	168	2384	3497	0
npc	-1	Gnome troop	Gnome troop	479	2388	3473	0
npc	-1	Gnome woman	Gnome woman	168	2391	3476	0
npc	-1	Gnome baller	Gnome baller	629	2391	3484	0
npc	-1	Gnome baller	Gnome baller	629	2391	3487	0
npc	-1	Gnome baller	Gnome baller	629	2391	3489	0
npc	-1	Gnome baller	Gnome baller	629	2391	3492	0
npc	-1	Gnome child	Gnome child	159	2392	3475	0
npc	-1	Gnome winger	Gnome winger	633	2393	3483	0
npc	-1	Gnome winger	Gnome winger	633	2393	3493	0
npc	-1	Gnome child	Gnome child	159	2394	3506	0
npc	-1	Cheerleader	Cheerleader	636	2395	3495	0
npc	-1	Gnome child	Gnome child	159	2396	3471	0
npc	-1	Gnome baller	Gnome baller	625	2396	3485	0
npc	-1	Gnome baller	Gnome baller	625	2396	3487	0
npc	-1	Gnome baller	Gnome baller	625	2396	3489	0
npc	-1	Gnome baller	Gnome baller	625	2396	3491	0
npc	-1	Cheerleader	Cheerleader	636	2397	3495	0
npc	-1	Gnome baller	Gnome baller	621	2400	3483	0
npc	-1	Gnome baller	Gnome baller	621	2400	3485	0
npc	-1	Gnome baller	Gnome baller	621	2400	3487	0
npc	-1	Gnome baller	Gnome baller	621	2400	3489	0
npc	-1	Gnome baller	Gnome baller	621	2400	3491	0
npc	-1	Gnome baller	Gnome baller	621	2400	3493	0
npc	-1	Gnome woman	Gnome woman	169	2402	3507	0
npc	-1	Gnome child	Gnome child	159	2405	3499	0
npc	-1	Gnome woman	Gnome woman	169	2406	3476	0
npc	-1	Gnome troop	Gnome troop	480	2409	3507	0
npc	-1	Gnome woman	Gnome woman	168	2410	3496	0
npc	-1	Gnome child	Gnome child	159	2416	3487	0
npc	-1	Gnome woman	Gnome woman	168	2417	3517	0
npc	-1	Gnome woman	Gnome woman	168	2421	3481	0
npc	-1	Gnome woman	Gnome woman	169	2422	3485	0
npc	-1	Gnome woman	Gnome woman	169	2382	3506	1
npc	-1	Gnome	Gnome	67	2383	3509	1
npc	-1	Anita	Anita	672	2390	3514	1
npc	-1	Gnome	Gnome	67	2394	3500	1
npc	-1	Gnome woman	Gnome woman	168	2397	3514	1
npc	-1	Gnome	Gnome	68	2400	3514	1
npc	-1	Gnome guard	Gnome guard	163	2409	3470	1
npc	-1	Gnome guard	Gnome guard	163	2416	3466	1
npc	-1	Gnome	Gnome	67	2417	3483	1
npc	-1	Gnome	Gnome	66	2417	3493	1
npc	-1	Barman	Barman	849	2417	3498	1
npc	-1	Gnome woman	Gnome woman	169	2418	3472	1
npc	-1	Gnome	Gnome	68	2418	3485	1
npc	-1	Gnome	Gnome	66	2418	3495	1
npc	-1	Gnome guard	Gnome guard	163	2420	3466	1
npc	-1	Gnome guard	Gnome guard	163	2412	3471	3
npc	-1	Gnome troop	Gnome troop	480	2412	3474	3
npc	-1	Gnome guard	Gnome guard	163	2418	3471	3
npc	-1	Gnome troop	Gnome troop	479	2418	3474	3
npc	-1	San Tojalon	San Tojalon	936	2384	4706	0
npc	-1	San Tojalon	San Tojalon	936	2393	4713	0
npc	-1	San Tojalon	San Tojalon	936	2394	4731	0
npc	-1	San Tojalon	San Tojalon	936	2395	4721	0
npc	-1	Irvig Senay	Irvig Senay	937	2401	4705	0
npc	-1	Irvig Senay	Irvig Senay	937	2405	4712	0
npc	-1	Ranalph Devere	Ranalph Devere	938	2408	4698	0
npc	-1	Lesser demon	Lesser demon	82	2412	4677	0
npc	-1	Irvig Senay	Irvig Senay	937	2412	4723	0
npc	-1	Lesser demon	Lesser demon	82	2413	4681	0
npc	-1	Irvig Senay	Irvig Senay	937	2414	4731	0
npc	-1	Lesser demon	Lesser demon	82	2416	4684	0
npc	-1	Ranalph Devere	Ranalph Devere	938	2417	4699	0
npc	-1	Ranalph Devere	Ranalph Devere	938	2424	4701	0
npc	-1	Ranalph Devere	Ranalph Devere	938	2428	4696	0
npc	-1	Koftik	Koftik	976	2443	9607	0
npc	-1	Blessed spider	Blessed spider	977	2432	9723	0
npc	-1	Blessed spider	Blessed spider	977	2433	9686	0
npc	-1	Blessed spider	Blessed spider	977	2433	9692	0
npc	-1	Blessed spider	Blessed spider	977	2433	9720	0
npc	-1	Blessed spider	Blessed spider	977	2434	9688	0
npc	-1	Blessed spider	Blessed spider	977	2434	9693	0
npc	-1	Blessed spider	Blessed spider	977	2434	9722	0
npc	-1	Blessed spider	Blessed spider	977	2434	9725	0
npc	-1	Blessed spider	Blessed spider	977	2435	9690	0
npc	-1	Blessed spider	Blessed spider	977	2435	9724	0
npc	-1	Blessed spider	Blessed spider	977	2436	9722	0
npc	-1	Blessed spider	Blessed spider	977	2436	9724	0
npc	-1	Blessed spider	Blessed spider	977	2437	9692	0
npc	-1	Blessed spider	Blessed spider	977	2438	9687	0
npc	-1	Goblin	Goblin	101	2438	9695	0
npc	-1	Goblin	Goblin	101	2438	9698	0
npc	-1	Goblin	Goblin	101	2438	9699	0
npc	-1	Blessed spider	Blessed spider	977	2438	9722	0
npc	-1	Blessed spider	Blessed spider	977	2439	9689	0
npc	-1	Blessed spider	Blessed spider	977	2440	9690	0
npc	-1	Goblin	Goblin	101	2440	9697	0
npc	-1	Goblin	Goblin	101	2441	9698	0
npc	-1	Koftik	Koftik	973	2449	9716	0
npc	-1	Zombie	Zombie	73	2452	9684	0
npc	-1	Zombie	Zombie	73	2453	9680	0
npc	-1	Zombie	Zombie	73	2455	9677	0
npc	-1	Zombie	Zombie	75	2455	9680	0
npc	-1	Giant bat	Giant bat	78	2468	9696	0
npc	-1	Giant bat	Giant bat	78	2471	9693	0
npc	-1	Koftik	Koftik	974	2479	9679	0
npc	-1	Giant bat	Giant bat	78	2485	9704	0
npc	-1	Giant bat	Giant bat	78	2488	9703	0
npc	-1	Giant bat	Giant bat	78	2490	9698	0
npc	-1	Giant bat	Giant bat	78	2491	9705	0
npc	-1	Giant bat	Giant bat	78	2443	9862	0
npc	-1	Giant rat	Giant rat	86	2450	9903	0
npc	-1	Giant rat	Giant rat	86	2450	9912	0
npc	-1	Giant bat	Giant bat	78	2451	9860	0
npc	-1	Giant rat	Giant rat	86	2456	9910	0
npc	-1	Giant bat	Giant bat	78	2460	9860	0
npc	-1	Gnome guard	Gnome guard	163	2461	9895	0
npc	-1	King Narnode Shareen	King Narnode Shareen	670	2464	9897	0
npc	-1	Giant rat	Giant rat	86	2464	9908	0
npc	-1	Gnome guard	Gnome guard	163	2465	9894	0
npc	-1	Gnome guard	Gnome guard	163	2465	9899	0
npc	-1	Giant rat	Giant rat	86	2466	9881	0
npc	-1	Giant bat	Giant bat	78	2469	9863	0
npc	-1	Giant rat	Giant rat	86	2477	9896	0
npc	-1	Giant rat	Giant rat	86	2482	9914	0
npc	-1	Giant rat	Giant rat	86	2483	9888	0
npc	-1	Giant rat	Giant rat	86	2488	9912	0
npc	-1	Observatory professor	Observatory professor	488	2438	3186	0
npc	-1	Observatory professor	Observatory professor	490	2439	3160	0
npc	-1	Observatory assistant	Observatory assistant	487	2442	3189	0
npc	-1	Goblin	Goblin	100	2460	3177	0
npc	-1	Goblin	Goblin	100	2460	3185	0
npc	-1	Goblin	Goblin	100	2464	3180	0
npc	-1	Goblin	Goblin	101	2464	3185	0
npc	-1	Goblin	Goblin	101	2466	3191	0
npc	-1	Goblin	Goblin	100	2467	3182	0
npc	-1	Goblin	Goblin	101	2469	3174	0
npc	-1	Goblin	Goblin	100	2470	3189	0
npc	-1	Goblin	Goblin	101	2471	3182	0
npc	-1	Bear	Bear	105	2477	3143	0
npc	-1	Bear	Bear	105	2484	3155	0
npc	-1	Monk of Zamorak	Monk of Zamorak	189	2454	3247	0
npc	-1	Monk of Zamorak	Monk of Zamorak	189	2455	3240	0
npc	-1	Bear	Bear	106	2460	3200	0
npc	-1	Ghost	Ghost	491	2460	3223	0
npc	-1	Ghost	Ghost	491	2464	3223	0
npc	-1	Ghost	Ghost	491	2465	3220	0
npc	-1	Spirit of Scorpius	Spirit of Scorpius	492	2465	3227	0
npc	-1	Grave Scorpion	Grave Scorpion	493	2465	3229	0
npc	-1	Monk of Zamorak	Monk of Zamorak	189	2465	3248	0
npc	-1	Grave Scorpion	Grave Scorpion	493	2467	3228	0
npc	-1	Ghost	Ghost	491	2468	3221	0
npc	-1	Monk of Zamorak	Monk of Zamorak	189	2468	3243	0
npc	-1	Ghost	Ghost	491	2469	3226	0
npc	-1	Grave Scorpion	Grave Scorpion	493	2470	3230	0
npc	-1	Monk of Zamorak	Monk of Zamorak	189	2470	3243	0
npc	-1	Grave Scorpion	Grave Scorpion	493	2471	3222	0
npc	-1	Grave Scorpion	Grave Scorpion	493	2472	3224	0
npc	-1	Monk of Zamorak	Monk of Zamorak	189	2473	3241	0
npc	-1	Monk of Zamorak	Monk of Zamorak	189	2474	3248	0
npc	-1	Ghost	Ghost	491	2476	3223	0
npc	-1	Monk of Zamorak	Monk of Zamorak	189	2477	3238	0
npc	-1	Monk of Zamorak	Monk of Zamorak	189	2477	3244	0
npc	-1	Bear	Bear	106	2478	3200	0
npc	-1	Koftik	Koftik	972	2436	3315	0
npc	-1	Woman	Woman	352	2453	3307	0
npc	-1	Khazard trooper	Khazard trooper	475	2454	3301	0
npc	-1	Khazard warlord	Khazard warlord	477	2457	3302	0
npc	-1	Dark mage	Dark mage	1001	2457	3309	0
npc	-1	Khazard trooper	Khazard trooper	475	2458	3298	0
npc	-1	Wolf	Wolf	95	2462	3274	0
npc	-1	Child	Child	356	2462	3306	0
npc	-1	Woman	Woman	361	2463	3317	0
npc	-1	chadwell	chadwell	971	2464	3287	0
npc	-1	Child	Child	355	2464	3302	0
npc	-1	Wolf	Wolf	95	2465	3272	0
npc	-1	Wolf	Wolf	95	2465	3275	0
npc	-1	Child	Child	356	2465	3305	0
npc	-1	Man	Man	351	2465	3307	0
npc	-1	Child	Child	355	2466	3300	0
npc	-1	Child	Child	355	2466	3307	0
npc	-1	Child	Child	355	2467	3306	0
npc	-1	Woman	Woman	363	2468	3290	0
npc	-1	Civillian	Civillian	785	2468	3304	0
npc	-1	Child	Child	355	2468	3315	0
npc	-1	Child	Child	356	2469	3295	0
npc	-1	Civillian	Civillian	786	2469	3309	0
npc	-1	Child	Child	355	2469	3319	0
npc	-1	Wolf	Wolf	95	2470	3272	0
npc	-1	Woman	Woman	354	2470	3290	0
npc	-1	Child	Child	355	2471	3323	0
npc	-1	Wolf	Wolf	95	2472	3274	0
npc	-1	Woman	Woman	354	2472	3296	0
npc	-1	Woman	Woman	360	2472	3307	0
npc	-1	Woman	Woman	353	2473	3288	0
npc	-1	Child	Child	355	2473	3305	0
npc	-1	Child	Child	355	2474	3296	0
npc	-1	Civillian	Civillian	786	2475	3298	0
npc	-1	Woman	Woman	363	2475	3325	0
npc	-1	Child	Child	355	2476	3307	0
npc	-1	Civillian	Civillian	787	2476	3313	0
npc	-1	Civillian	Civillian	785	2476	3317	0
npc	-1	Wolf	Wolf	95	2477	3275	0
npc	-1	Child	Child	356	2477	3319	0
npc	-1	Civillian	Civillian	785	2478	3291	0
npc	-1	Child	Child	355	2478	3323	0
npc	-1	Woman	Woman	363	2479	3311	0
npc	-1	Child	Child	355	2480	3296	0
npc	-1	Woman	Woman	352	2480	3300	0
npc	-1	Civillian	Civillian	787	2481	3289	0
npc	-1	Child	Child	355	2481	3313	0
npc	-1	Woman	Woman	362	2482	3286	0
npc	-1	Man	Man	351	2482	3293	0
npc	-1	Woman	Woman	361	2482	3296	0
npc	-1	Child	Child	356	2482	3311	0
npc	-1	Woman	Woman	354	2483	3318	0
npc	-1	Woman	Woman	354	2483	3323	0
npc	-1	Child	Child	355	2485	3312	0
npc	-1	Woman	Woman	361	2485	3315	0
npc	-1	Civillian	Civillian	786	2487	3308	0
npc	-1	Woman	Woman	362	2489	3295	0
npc	-1	Civillian	Civillian	786	2490	3289	0
npc	-1	Woman	Woman	354	2490	3293	0
npc	-1	Civillian	Civillian	787	2490	3313	0
npc	-1	Civillian	Civillian	787	2491	3300	0
npc	-1	Civillian	Civillian	785	2492	3312	0
npc	-1	Woman	Woman	360	2492	3314	0
npc	-1	Carla	Carla	712	2495	3312	0
npc	-1	Mounted terrorbird gnome	Mounted terrorbird gnome	137	2432	3387	0
npc	-1	Wolf	Wolf	95	2437	3336	0
npc	-1	Wolf	Wolf	95	2439	3333	0
npc	-1	Wolf	Wolf	95	2439	3335	0
npc	-1	Wolf	Wolf	95	2440	3333	0
npc	-1	Wolf	Wolf	95	2440	3335	0
npc	-1	Mounted terrorbird gnome	Mounted terrorbird gnome	137	2442	3388	0
npc	-1	Hobgoblin	Hobgoblin	123	2443	3359	0
npc	-1	Hobgoblin	Hobgoblin	123	2445	3359	0
npc	-1	Hobgoblin	Hobgoblin	122	2445	3362	0
npc	-1	Hobgoblin	Hobgoblin	123	2446	3357	0
npc	-1	Hobgoblin	Hobgoblin	122	2447	3361	0
npc	-1	Hobgoblin	Hobgoblin	123	2448	3329	0
npc	-1	Hobgoblin	Hobgoblin	123	2448	3331	0
npc	-1	Hobgoblin	Hobgoblin	123	2451	3330	0
npc	-1	Mounted terrorbird gnome	Mounted terrorbird gnome	137	2453	3363	0
npc	-1	Femi	Femi	676	2459	3382	0
npc	-1	Gnome guard	Gnome guard	163	2459	3385	0
npc	-1	Gnome guard	Gnome guard	164	2460	3382	0
npc	-1	Gnome guard	Gnome guard	164	2462	3382	0
npc	-1	Mounted terrorbird gnome	Mounted terrorbird gnome	137	2463	3375	0
npc	-1	Gnome guard	Gnome guard	163	2463	3385	0
npc	-1	Gnome woman	Gnome woman	168	2434	3436	0
npc	-1	Terrorbird	Terrorbird	136	2436	3434	0
npc	-1	Mounted terrorbird gnome	Mounted terrorbird gnome	137	2437	3442	0
npc	-1	Gnome woman	Gnome woman	168	2437	3451	0
npc	-1	Gnome woman	Gnome woman	168	2438	3427	0
npc	-1	Gnome woman	Gnome woman	169	2439	3433	0
npc	-1	Gnome woman	Gnome woman	168	2441	3411	0
npc	-1	Gnome woman	Gnome woman	169	2441	3449	0
npc	-1	Gnome woman	Gnome woman	169	2442	3428	0
npc	-1	Gnome woman	Gnome woman	169	2446	3403	0
npc	-1	Mounted terrorbird gnome	Mounted terrorbird gnome	137	2449	3421	0
npc	-1	Gnome woman	Gnome woman	169	2450	3416	0
npc	-1	Gnome guard	Gnome guard	163	2451	3414	0
npc	-1	Gnome	Gnome	67	2456	3425	0
npc	-1	Mounted terrorbird gnome	Mounted terrorbird gnome	137	2457	3394	0
npc	-1	Gnome guard	Gnome guard	164	2459	3392	0
npc	-1	Gnome guard	Gnome guard	163	2459	3395	0
npc	-1	Gnome	Gnome	67	2459	3421	0
npc	-1	Gnome guard	Gnome guard	163	2459	3438	0
npc	-1	Gnome guard	Gnome guard	164	2461	3422	0
npc	-1	Gnome guard	Gnome guard	164	2462	3392	0
npc	-1	Gnome guard	Gnome guard	163	2462	3395	0
npc	-1	Gnome	Gnome	67	2462	3431	0
npc	-1	Mounted terrorbird gnome	Mounted terrorbird gnome	137	2464	3394	0
npc	-1	Gnome woman	Gnome woman	168	2466	3449	0
npc	-1	Gnome woman	Gnome woman	169	2468	3441	0
npc	-1	Gnome trainer	Gnome trainer	162	2469	3423	0
npc	-1	Gnome trainer	Gnome trainer	162	2469	3434	0
npc	-1	Gnome woman	Gnome woman	168	2470	3399	0
npc	-1	Gnome trainer	Gnome trainer	162	2470	3426	0
npc	-1	Gnome woman	Gnome woman	168	2472	3400	0
npc	-1	Gnome woman	Gnome woman	168	2473	3412	0
npc	-1	Gnome woman	Gnome woman	168	2476	3454	0
npc	-1	Gnome trainer	Gnome trainer	162	2477	3426	0
npc	-1	Gnome trainer	Gnome trainer	162	2479	3427	0
npc	-1	Mounted terrorbird gnome	Mounted terrorbird gnome	137	2480	3406	0
npc	-1	Gnome woman	Gnome woman	169	2480	3408	0
npc	-1	Gnome woman	Gnome woman	168	2482	3397	0
npc	-1	Gnome trainer	Gnome trainer	162	2482	3422	0
npc	-1	Gnome woman	Gnome woman	168	2489	3401	0
npc	-1	Gnome trainer	Gnome trainer	162	2489	3423	0
npc	-1	Gnome trainer	Gnome trainer	162	2489	3427	0
npc	-1	Gnome trainer	Gnome trainer	162	2490	3435	0
npc	-1	Gnome banker	Gnome banker	166	2443	3423	1
npc	-1	Gnome banker	Gnome banker	166	2443	3424	1
npc	-1	Gnome banker	Gnome banker	166	2443	3426	1
npc	-1	Gnome guard	Gnome guard	163	2445	3429	1
npc	-1	Gnome banker	Gnome banker	166	2448	3424	1
npc	-1	Gnome banker	Gnome banker	166	2448	3427	1
npc	-1	Gnome troop	Gnome troop	480	2458	3417	1
npc	-1	Gnome troop	Gnome troop	480	2460	3417	1
npc	-1	Gnome trainer	Gnome trainer	162	2475	3422	1
npc	-1	Gnome woman	Gnome woman	168	2479	3407	1
npc	-1	Gnome woman	Gnome woman	169	2480	3406	1
npc	-1	Gnome woman	Gnome woman	169	2486	3400	1
npc	-1	Gnome trainer	Gnome trainer	162	2475	3421	2
npc	-1	Gnome	Gnome	68	2433	3474	0
npc	-1	Gnome	Gnome	68	2433	3492	0
npc	-1	Gnome	Gnome	66	2435	3460	0
npc	-1	Gnome	Gnome	67	2437	3478	0
npc	-1	Gnome woman	Gnome woman	168	2438	3465	0
npc	-1	Gnome	Gnome	66	2440	3470	0
npc	-1	Gnome guard	Gnome guard	164	2441	3497	0
npc	-1	Gnome	Gnome	67	2442	3465	0
npc	-1	Gnome guard	Gnome guard	163	2442	3489	0
npc	-1	Gnome woman	Gnome woman	168	2442	3505	0
npc	-1	Gnome	Gnome	66	2447	3502	0
npc	-1	Gnome guard	Gnome guard	164	2447	3510	0
npc	-1	Gnome woman	Gnome woman	168	2448	3486	0
npc	-1	Gnome woman	Gnome woman	169	2448	3489	0
npc	-1	Gnome woman	Gnome woman	168	2449	3487	0
npc	-1	Gnome guard	Gnome guard	163	2450	3485	0
npc	-1	Gnome woman	Gnome woman	169	2450	3488	0
npc	-1	Gnome woman	Gnome woman	168	2450	3489	0
npc	-1	Gnome woman	Gnome woman	168	2450	3505	0
npc	-1	Gnome guard	Gnome guard	163	2451	3507	0
npc	-1	Gnome guard	Gnome guard	163	2453	3490	0
npc	-1	Gnome woman	Gnome woman	168	2454	3465	0
npc	-1	Gnome	Gnome	67	2456	3467	0
npc	-1	Gnome	Gnome	66	2457	3462	0
npc	-1	Gnome	Gnome	68	2458	3497	0
npc	-1	Gnome guard	Gnome guard	163	2459	3503	0
npc	-1	Gnome guard	Gnome guard	164	2461	3487	0
npc	-1	Gnome guard	Gnome guard	163	2461	3509	0
npc	-1	Mounted terrorbird gnome	Mounted terrorbird gnome	137	2463	3456	0
npc	-1	Gnome woman	Gnome woman	169	2463	3508	0
npc	-1	Gnome guard	Gnome guard	163	2464	3465	0
npc	-1	Gnome guard	Gnome guard	163	2464	3468	0
npc	-1	Gnome guard	Gnome guard	164	2464	3472	0
npc	-1	Gnome guard	Gnome guard	164	2464	3489	0
npc	-1	Gnome	Gnome	68	2464	3505	0
npc	-1	King Narnode Shareen	King Narnode Shareen	670	2466	3497	0
npc	-1	Gnome guard	Gnome guard	164	2467	3489	0
npc	-1	Mounted terrorbird gnome	Mounted terrorbird gnome	137	2468	3456	0
npc	-1	Gnome guard	Gnome guard	163	2468	3465	0
npc	-1	Gnome guard	Gnome guard	163	2468	3468	0
npc	-1	Gnome guard	Gnome guard	164	2468	3472	0
npc	-1	Gnome guard	Gnome guard	163	2468	3506	0
npc	-1	Gnome	Gnome	67	2471	3496	0
npc	-1	Gnome guard	Gnome guard	163	2472	3484	0
npc	-1	Gnome woman	Gnome woman	169	2473	3489	0
npc	-1	Gnome guard	Gnome guard	164	2473	3503	0
npc	-1	Gnome woman	Gnome woman	169	2474	3457	0
npc	-1	Gnome	Gnome	67	2474	3508	0
npc	-1	Gnome	Gnome	67	2475	3471	0
npc	-1	Gnome guard	Gnome guard	163	2475	3490	0
npc	-1	Gnome guard	Gnome guard	163	2475	3502	0
npc	-1	Gnome	Gnome	68	2476	3458	0
npc	-1	Gnome guard	Gnome guard	163	2477	3512	0
npc	-1	Gnome guard	Gnome guard	164	2478	3497	0
npc	-1	Gnome	Gnome	66	2478	3502	0
npc	-1	Gnome	Gnome	67	2479	3468	0
npc	-1	Gnome woman	Gnome woman	169	2479	3503	0
npc	-1	Gnome guard	Gnome guard	163	2481	3485	0
npc	-1	Gnome guard	Gnome guard	163	2482	3501	0
npc	-1	Gnome woman	Gnome woman	169	2486	3467	0
npc	-1	Gnome	Gnome	67	2486	3470	0
npc	-1	Gnome	Gnome	67	2492	3474	0
npc	-1	Gnome	Gnome	68	2436	3465	1
npc	-1	Gnome woman	Gnome woman	169	2437	3463	1
npc	-1	Gnome banker	Gnome banker	166	2439	3487	1
npc	-1	Gnome banker	Gnome banker	166	2440	3488	1
npc	-1	Gnome	Gnome	67	2443	3464	1
npc	-1	Gnome	Gnome	67	2443	3502	1
npc	-1	Gnome	Gnome	68	2445	3502	1
npc	-1	Gnome banker	Gnome banker	166	2448	3480	1
npc	-1	Gnome woman	Gnome woman	169	2448	3489	1
npc	-1	Gnome	Gnome	67	2448	3496	1
npc	-1	Gnome Waiter	Gnome Waiter	851	2448	3503	1
npc	-1	Hudo	Hudo	600	2448	3509	1
npc	-1	Gnome woman	Gnome woman	168	2449	3486	1
npc	-1	Gnome	Gnome	66	2449	3492	1
npc	-1	Aluft Gianne	Aluft Gianne	850	2449	3501	1
npc	-1	Gnome	Gnome	67	2449	3506	1
npc	-1	Gnome banker	Gnome banker	166	2450	3480	1
npc	-1	Gnome	Gnome	66	2450	3490	1
npc	-1	Gnome Waiter	Gnome Waiter	851	2450	3503	1
npc	-1	Gnome	Gnome	68	2453	3488	1
npc	-1	Gnome woman	Gnome woman	168	2457	3488	1
npc	-1	Gnome	Gnome	67	2457	3498	1
npc	-1	Gnome guard	Gnome guard	164	2464	3496	1
npc	-1	Gnome guard	Gnome guard	163	2467	3495	1
npc	-1	Gnome guard	Gnome guard	163	2473	3495	1
npc	-1	Gnome	Gnome	66	2474	3490	1
npc	-1	Gnome	Gnome	67	2474	3498	1
npc	-1	Gnome child	Gnome child	160	2474	3500	1
npc	-1	Gnome	Gnome	68	2475	3502	1
npc	-1	Gnome woman	Gnome woman	168	2476	3488	1
npc	-1	Glough	Glough	671	2478	3463	1
npc	-1	Blurberry	Blurberry	848	2480	3490	1
npc	-1	Gnome	Gnome	67	2480	3502	1
npc	-1	Gnome	Gnome	67	2481	3482	1
npc	-1	Barman	Barman	849	2482	3487	1
npc	-1	Barman	Barman	849	2482	3489	1
npc	-1	Gnome	Gnome	66	2482	3492	1
npc	-1	Gnome	Gnome	66	2482	3498	1
npc	-1	Gnome woman	Gnome woman	169	2482	3508	1
npc	-1	Rometti	Rometti	601	2482	3510	1
npc	-1	Gnome child	Gnome child	159	2483	3500	1
npc	-1	Gnome child	Gnome child	161	2484	3501	1
npc	-1	Gnome	Gnome	67	2490	3503	1
npc	-1	Heckel Funch	Heckel Funch	603	2493	3488	1
npc	-1	Gnome guard	Gnome guard	164	2448	3495	2
npc	-1	Gnome guard	Gnome guard	163	2448	3497	2
npc	-1	Gnome woman	Gnome woman	168	2450	3496	2
npc	-1	Gnome guard	Gnome guard	164	2460	3487	2
npc	-1	Gnome guard	Gnome guard	163	2463	3480	2
npc	-1	Gnome troop	Gnome troop	480	2463	3504	2
npc	-1	Gnome	Gnome	68	2465	3490	2
npc	-1	Gnome guard	Gnome guard	163	2465	3497	2
npc	-1	Gnome guard	Gnome guard	163	2465	3510	2
npc	-1	Gnome guard	Gnome guard	163	2466	3480	2
npc	-1	Gnome troop	Gnome troop	479	2466	3500	2
npc	-1	Gnome woman	Gnome woman	168	2467	3488	2
npc	-1	Gnome guard	Gnome guard	164	2467	3494	2
npc	-1	Gnome guard	Gnome guard	164	2467	3510	2
npc	-1	Gulluck	Gulluck	602	2468	3487	2
npc	-1	Gnome woman	Gnome woman	168	2470	3503	2
npc	-1	Gnome guard	Gnome guard	164	2471	3496	2
npc	-1	Gnome woman	Gnome woman	168	2481	3498	2
npc	-1	Gnome guard	Gnome guard	164	2483	3495	2
npc	-1	Gnome guard	Gnome guard	164	2483	3497	2
npc	-1	Gnome pilot	Gnome pilot	170	2464	3501	3
npc	-1	Larrissa	Larrissa	1337	2445	4599	0
npc	-1	Scared skavid	Scared skavid	863	2499	9433	0
npc	-1	Skavid	Skavid	867	2500	9451	0
npc	-1	Skavid	Skavid	868	2503	9415	0
npc	-1	Skavid	Skavid	866	2515	9452	0
npc	-1	Mad skavid	Mad skavid	864	2523	9411	0
npc	-1	Skavid	Skavid	865	2530	9465	0
npc	-1	Hobgoblin	Hobgoblin	122	2513	9569	0
npc	-1	Hobgoblin	Hobgoblin	122	2515	9568	0
npc	-1	Hobgoblin	Hobgoblin	122	2515	9571	0
npc	-1	Hobgoblin	Hobgoblin	122	2515	9573	0
npc	-1	Golrie	Golrie	306	2515	9581	0
npc	-1	Hobgoblin	Hobgoblin	122	2519	9561	0
npc	-1	Hobgoblin	Hobgoblin	122	2519	9571	0
npc	-1	Hobgoblin	Hobgoblin	122	2522	9561	0
npc	-1	Hobgoblin	Hobgoblin	122	2529	9555	0
npc	-1	Hobgoblin	Hobgoblin	122	2533	9556	0
npc	-1	Zombie	Zombie	75	2539	9566	0
npc	-1	Giant bat	Giant bat	78	2540	9566	0
npc	-1	Zombie	Zombie	73	2541	9569	0
npc	-1	Giant bat	Giant bat	78	2542	9557	0
npc	-1	Giant bat	Giant bat	78	2543	9564	0
npc	-1	Zombie	Zombie	73	2548	9567	0
npc	-1	Edmond	Edmond	714	2535	9719	0
npc	-1	Elena	Elena	715	2541	9672	0
npc	-1	Moss giant	Moss giant	112	2528	9843	0
npc	-1	Skeleton	Skeleton	92	2529	9841	0
npc	-1	Skeleton	Skeleton	92	2530	9846	0
npc	-1	Zombie	Zombie	73	2533	9842	0
npc	-1	Skeleton	Skeleton	90	2538	9816	0
npc	-1	Skeleton	Skeleton	92	2540	9813	0
npc	-1	Zombie	Zombie	73	2540	9823	0
npc	-1	Zombie	Zombie	73	2540	9843	0
npc	-1	Moss giant	Moss giant	112	2541	9845	0
npc	-1	Moss giant	Moss giant	112	2542	9819	0
npc	-1	Zombie	Zombie	75	2542	9840	0
npc	-1	Skeleton	Skeleton	92	2543	9847	0
npc	-1	Skeleton	Skeleton	92	2545	9822	0
npc	-1	Zombie	Zombie	75	2546	9815	0
npc	-1	Zombie	Zombie	75	2546	9842	0
npc	-1	Dagannoth	Dagannoth	1342	2511	10020	0
npc	-1	Dagannoth	Dagannoth	1338	2513	10018	0
npc	-1	Dagannoth	Dagannoth	1340	2514	10012	0
npc	-1	Dagannoth	Dagannoth	1342	2514	10027	0
npc	-1	Dagannoth	Dagannoth	1341	2515	10016	0
npc	-1	Dagannoth	Dagannoth	1339	2515	10030	0
npc	-1	Dagannoth	Dagannoth	1339	2518	10013	0
npc	-1	Dagannoth	Dagannoth	1338	2518	10027	0
npc	-1	Dagannoth	Dagannoth	1343	2519	10031	0
npc	-1	Dagannoth	Dagannoth	1338	2520	10018	0
npc	-1	Dagannoth	Dagannoth	1339	2521	10015	0
npc	-1	Dagannoth	Dagannoth	1339	2522	10023	0
npc	-1	Dagannoth	Dagannoth	1338	2522	10028	0
npc	-1	Dagannoth	Dagannoth	1341	2523	10019	0
npc	-1	Dagannoth	Dagannoth	1340	2524	10014	0
npc	-1	Dagannoth	Dagannoth	1339	2524	10033	0
npc	-1	Dagannoth	Dagannoth	1340	2526	10035	0
npc	-1	Dagannoth	Dagannoth	1338	2527	10019	0
npc	-1	Dagannoth	Dagannoth	1343	2527	10024	0
npc	-1	Dagannoth	Dagannoth	1339	2532	10023	0
npc	-1	Dagannoth	Dagannoth	1342	2534	10025	0
npc	-1	Dagannoth	Dagannoth	1339	2535	10030	0
npc	-1	Wolf	Wolf	95	2498	2968	0
npc	-1	Wolf	Wolf	95	2500	2959	0
npc	-1	Wolf	Wolf	95	2502	2969	0
npc	-1	Ogre	Ogre	114	2504	2965	0
npc	-1	Ogre	Ogre	114	2504	2984	0
npc	-1	Wolf	Wolf	95	2506	2959	0
npc	-1	Wolf	Wolf	95	2509	2964	0
npc	-1	Giant spider	Giant spider	60	2517	2976	0
npc	-1	Ogre	Ogre	114	2520	2973	0
npc	-1	Swamp toad	Swamp toad	1013	2523	2977	0
npc	-1	Swamp toad	Swamp toad	1013	2524	2981	0
npc	-1	Swamp toad	Swamp toad	1013	2525	2975	0
npc	-1	Ogre	Ogre	114	2525	2986	0
npc	-1	Swamp toad	Swamp toad	1013	2528	2983	0
npc	-1	Swamp toad	Swamp toad	1013	2530	2978	0
npc	-1	Ogre	Ogre	114	2533	2977	0
npc	-1	Ogre	Ogre	114	2536	2975	0
npc	-1	Ogre	Ogre	114	2539	2990	0
npc	-1	Swamp toad	Swamp toad	1013	2543	2984	0
npc	-1	Swamp toad	Swamp toad	1013	2545	2988	0
npc	-1	Swamp toad	Swamp toad	1013	2547	2982	0
npc	-1	Ogre	Ogre	114	2549	2979	0
npc	-1	Giant spider	Giant spider	60	2550	2981	0
npc	-1	Ogre	Ogre	114	2551	2955	0
npc	-1	Swamp toad	Swamp toad	1013	2551	2985	0
npc	-1	Ogre	Ogre	114	2552	2961	0
npc	-1	Ogre guard	Ogre guard	860	2501	3012	0
npc	-1	Ogre guard	Ogre guard	860	2503	3011	0
npc	-1	Ogre chieftain	Ogre chieftain	852	2505	3032	0
npc	-1	Ogre guard	Ogre guard	859	2505	3062	0
npc	-1	Ogre trader	Ogre trader	875	2506	3020	0
npc	-1	Enclave guard	Enclave guard	870	2507	3036	0
npc	-1	Enclave guard	Enclave guard	870	2507	3040	0
npc	-1	Ogre guard	Ogre guard	859	2507	3062	0
npc	-1	Ogre	Ogre	115	2510	3044	0
npc	-1	Ogre chieftain	Ogre chieftain	852	2512	3022	0
npc	-1	Ogre	Ogre	114	2513	3026	0
npc	-1	Ogre trader	Ogre trader	873	2518	3035	0
npc	-1	Ogre chieftain	Ogre chieftain	852	2518	3041	0
npc	-1	Ogre	Ogre	115	2520	3046	0
npc	-1	Ogre	Ogre	114	2522	3055	0
npc	-1	Ogre	Ogre	114	2523	3057	0
npc	-1	Ogre trader	Ogre trader	876	2525	3043	0
npc	-1	Ogre guard	Ogre guard	861	2526	3018	0
npc	-1	Ogre	Ogre	115	2526	3039	0
npc	-1	Ogre chieftain	Ogre chieftain	852	2528	3044	0
npc	-1	Ogre merchant	Ogre merchant	874	2528	3048	0
npc	-1	Ogre guard	Ogre guard	861	2529	3019	0
npc	-1	Ogre	Ogre	114	2529	3032	0
npc	-1	Ogre	Ogre	114	2539	3018	0
npc	-1	Ogre	Ogre	114	2541	3016	0
npc	-1	City guard	City guard	862	2541	3029	0
npc	-1	City guard	City guard	862	2541	3034	0
npc	-1	City guard	City guard	862	2543	3031	0
npc	-1	Ogre guard	Ogre guard	858	2549	3029	0
npc	-1	Ogre	Ogre	114	2550	3043	0
npc	-1	Ogre	Ogre	114	2550	3046	0
npc	-1	Ogre guard	Ogre guard	858	2551	3031	0
npc	-1	Ogre	Ogre	114	2553	3047	0
npc	-1	Ogre	Ogre	114	2496	3092	0
npc	-1	Ogre	Ogre	114	2497	3089	0
npc	-1	Ogre	Ogre	114	2500	3092	0
npc	-1	Ogre	Ogre	114	2500	3097	0
npc	-1	Ogre	Ogre	115	2502	3114	0
npc	-1	Ogre	Ogre	114	2503	3095	0
npc	-1	Ogre	Ogre	114	2504	3133	0
npc	-1	Ogre	Ogre	115	2505	3111	0
npc	-1	Og	Og	853	2506	3116	0
npc	-1	Ogre	Ogre	115	2507	3108	0
npc	-1	Ogre	Ogre	115	2508	3119	0
npc	-1	Ogre	Ogre	115	2509	3087	0
npc	-1	Ogre	Ogre	115	2510	3084	0
npc	-1	Grew	Grew	854	2513	3084	0
npc	-1	Ogre	Ogre	115	2513	3087	0
npc	-1	Ogre	Ogre	115	2514	3081	0
npc	-1	Colonel Radick	Colonel Radick	878	2535	3091	0
npc	-1	Tower guard	Tower guard	877	2540	3090	0
npc	-1	Soldier	Soldier	35	2540	3102	0
npc	-1	Soldier	Soldier	35	2542	3094	0
npc	-1	Soldier	Soldier	35	2543	3088	0
npc	-1	Soldier	Soldier	35	2545	3094	0
npc	-1	Tower guard	Tower guard	877	2545	3113	0
npc	-1	Soldier	Soldier	35	2546	3085	0
npc	-1	Tower guard	Tower guard	877	2546	3116	0
npc	-1	Soldier	Soldier	35	2547	3091	0
npc	-1	Tower guard	Tower guard	877	2549	3112	0
npc	-1	Tower guard	Tower guard	877	2554	3117	0
npc	-1	Bartender	Bartender	739	2556	3078	0
npc	-1	Soldier	Soldier	35	2533	3086	1
npc	-1	Soldier	Soldier	35	2533	3094	1
npc	-1	Soldier	Soldier	35	2534	3097	1
npc	-1	Soldier	Soldier	35	2535	3088	1
npc	-1	Soldier	Soldier	35	2537	3078	1
npc	-1	Soldier	Soldier	35	2537	3102	1
npc	-1	Soldier	Soldier	35	2539	3107	1
npc	-1	Watchman	Watchman	34	2544	3112	1
npc	-1	Watchman	Watchman	34	2545	3116	1
npc	-1	Watchman	Watchman	34	2549	3112	1
npc	-1	Watchman	Watchman	34	2549	3116	1
npc	-1	Soldier	Soldier	35	2551	3109	1
npc	-1	Soldier	Soldier	35	2553	3073	1
npc	-1	Soldier	Soldier	35	2558	3073	1
npc	-1	Watchtower wizard	Watchtower wizard	872	2544	3112	2
npc	-1	Watchtower wizard	Watchtower wizard	872	2544	3117	2
npc	-1	Watchtower wizard	Watchtower wizard	872	2549	3112	2
npc	-1	Watchtower wizard	Watchtower wizard	872	2549	3116	2
npc	-1	Terrorbird	Terrorbird	136	2498	3141	0
npc	-1	Bear	Bear	106	2501	3159	0
npc	-1	Terrorbird	Terrorbird	136	2504	3140	0
npc	-1	Elkoy	Elkoy	473	2504	3191	0
npc	-1	Goblin	Goblin	101	2505	3176	0
npc	-1	Giant	Giant	117	2507	3149	0
npc	-1	Elkoy	Elkoy	474	2514	3159	0
npc	-1	Wolf	Wolf	95	2516	3197	0
npc	-1	Giant rat	Giant rat	86	2517	3184	0
npc	-1	Goblin	Goblin	101	2519	3145	0
npc	-1	Giant rat	Giant rat	87	2520	3187	0
npc	-1	Gnome	Gnome	67	2521	3169	0
npc	-1	Gnome	Gnome	67	2521	3171	0
npc	-1	Kalron	Kalron	486	2521	3177	0
npc	-1	Gnome	Gnome	68	2522	3172	0
npc	-1	Goblin	Goblin	101	2523	3155	0
npc	-1	Remsai	Remsai	472	2524	3169	0
npc	-1	Gnome	Gnome	66	2526	3168	0
npc	-1	Gnome	Gnome	66	2529	3163	0
npc	-1	Gnome	Gnome	66	2530	3172	0
npc	-1	Spider	Spider	61	2535	3181	0
npc	-1	Spider	Spider	61	2535	3183	0
npc	-1	Gnome	Gnome	66	2536	3169	0
npc	-1	Spider	Spider	61	2536	3180	0
npc	-1	Spider	Spider	61	2537	3183	0
npc	-1	Local Gnome	Local Gnome	485	2541	3168	0
npc	-1	Local Gnome	Local Gnome	485	2541	3171	0
npc	-1	Spider	Spider	61	2541	3182	0
npc	-1	Spider	Spider	61	2541	3188	0
npc	-1	Goblin	Goblin	101	2542	3155	0
npc	-1	Local Gnome	Local Gnome	485	2542	3167	0
npc	-1	King Bolren	King Bolren	469	2542	3169	0
npc	-1	Local Gnome	Local Gnome	485	2542	3172	0
npc	-1	Spider	Spider	61	2542	3186	0
npc	-1	Spider	Spider	61	2544	3191	0
npc	-1	Giant	Giant	117	2545	3144	0
npc	-1	Giant	Giant	117	2548	3147	0
npc	-1	Wolf	Wolf	95	2548	3179	0
npc	-1	Spider	Spider	61	2548	3190	0
npc	-1	Goblin	Goblin	101	2550	3166	0
npc	-1	Goblin	Goblin	100	2550	3197	0
npc	-1	Goblin	Goblin	100	2552	3195	0
npc	-1	Goblin	Goblin	100	2553	3198	0
npc	-1	Ogre	Ogre	114	2554	3192	0
npc	-1	Goblin	Goblin	100	2555	3194	0
npc	-1	Goblin	Goblin	101	2557	3198	0
npc	-1	Bolkoy	Bolkoy	471	2527	3161	1
npc	-1	Gnome	Gnome	483	2496	3235	0
npc	-1	Mounted terrorbird gnome	Mounted terrorbird gnome	138	2500	3226	0
npc	-1	Khazard trooper	Khazard trooper	475	2502	3242	0
npc	-1	Gnome	Gnome	481	2502	3261	0
npc	-1	Gnome	Gnome	67	2506	3229	0
npc	-1	Gnome troop	Gnome troop	480	2507	3210	0
npc	-1	Gnome troop	Gnome troop	480	2507	3211	0
npc	-1	Gnome	Gnome	66	2508	3209	0
npc	-1	Khazard trooper	Khazard trooper	475	2509	3241	0
npc	-1	Khazard commander	Khazard commander	478	2509	3254	0
npc	-1	Gnome	Gnome	66	2510	3209	0
npc	-1	Gnome	Gnome	68	2511	3210	0
npc	-1	Khazard trooper	Khazard trooper	475	2511	3240	0
npc	-1	Khazard trooper	Khazard trooper	476	2512	3233	0
npc	-1	Khazard trooper	Khazard trooper	475	2512	3246	0
npc	-1	Gnome	Gnome	66	2513	3216	0
npc	-1	Khazard trooper	Khazard trooper	475	2514	3235	0
npc	-1	Gnome	Gnome	68	2515	3216	0
npc	-1	Gnome	Gnome	68	2515	3230	0
npc	-1	Khazard trooper	Khazard trooper	476	2516	3236	0
npc	-1	Khazard trooper	Khazard trooper	475	2516	3246	0
npc	-1	Gnome	Gnome	66	2517	3212	0
npc	-1	Khazard trooper	Khazard trooper	475	2517	3242	0
npc	-1	Gnome	Gnome	66	2518	3217	0
npc	-1	Khazard trooper	Khazard trooper	475	2518	3248	0
npc	-1	Khazard trooper	Khazard trooper	475	2518	3255	0
npc	-1	Gnome	Gnome	67	2519	3210	0
npc	-1	Gnome	Gnome	68	2519	3212	0
npc	-1	Khazard trooper	Khazard trooper	475	2519	3244	0
npc	-1	Khazard trooper	Khazard trooper	475	2519	3248	0
npc	-1	Gnome	Gnome	66	2520	3218	0
npc	-1	Khazard trooper	Khazard trooper	476	2520	3232	0
npc	-1	Khazard trooper	Khazard trooper	475	2520	3242	0
npc	-1	Gnome	Gnome	68	2521	3218	0
npc	-1	Gnome	Gnome	67	2522	3215	0
npc	-1	Khazard trooper	Khazard trooper	476	2522	3234	0
npc	-1	Khazard trooper	Khazard trooper	475	2522	3238	0
npc	-1	Commander Montai	Commander Montai	470	2523	3211	0
npc	-1	Gnome	Gnome	68	2524	3214	0
npc	-1	Mounted terrorbird gnome	Mounted terrorbird gnome	138	2524	3234	0
npc	-1	Gnome	Gnome	482	2524	3257	0
npc	-1	Gnome	Gnome	66	2525	3204	0
npc	-1	Gnome	Gnome	66	2525	3221	0
npc	-1	Gnome	Gnome	67	2526	3218	0
npc	-1	Gnome	Gnome	67	2526	3226	0
npc	-1	Gnome	Gnome	68	2527	3203	0
npc	-1	Khazard trooper	Khazard trooper	476	2527	3239	0
npc	-1	Khazard trooper	Khazard trooper	476	2528	3237	0
npc	-1	Khazard trooper	Khazard trooper	476	2528	3239	0
npc	-1	Khazard trooper	Khazard trooper	475	2528	3248	0
npc	-1	Gnome	Gnome	68	2529	3218	0
npc	-1	Gnome	Gnome	66	2529	3220	0
npc	-1	Gnome troop	Gnome troop	479	2529	3225	0
npc	-1	Gnome troop	Gnome troop	479	2529	3227	0
npc	-1	Khazard trooper	Khazard trooper	475	2529	3235	0
npc	-1	Khazard trooper	Khazard trooper	476	2529	3236	0
npc	-1	Khazard trooper	Khazard trooper	476	2529	3237	0
npc	-1	Khazard trooper	Khazard trooper	476	2529	3239	0
npc	-1	Khazard trooper	Khazard trooper	475	2529	3252	0
npc	-1	Mounted terrorbird gnome	Mounted terrorbird gnome	138	2530	3217	0
npc	-1	Gnome troop	Gnome troop	480	2530	3226	0
npc	-1	Gnome troop	Gnome troop	480	2530	3227	0
npc	-1	Khazard trooper	Khazard trooper	475	2530	3235	0
npc	-1	Gnome	Gnome	67	2531	3209	0
npc	-1	Gnome	Gnome	67	2531	3210	0
npc	-1	Gnome troop	Gnome troop	479	2531	3212	0
npc	-1	Gnome troop	Gnome troop	480	2531	3227	0
npc	-1	Khazard trooper	Khazard trooper	475	2531	3235	0
npc	-1	Khazard trooper	Khazard trooper	476	2531	3243	0
npc	-1	Gnome	Gnome	67	2532	3209	0
npc	-1	Gnome	Gnome	67	2532	3210	0
npc	-1	Gnome troop	Gnome troop	480	2532	3212	0
npc	-1	Mounted terrorbird gnome	Mounted terrorbird gnome	138	2532	3217	0
npc	-1	Gnome	Gnome	67	2532	3220	0
npc	-1	Gnome troop	Gnome troop	479	2532	3225	0
npc	-1	Gnome troop	Gnome troop	479	2532	3226	0
npc	-1	Gnome troop	Gnome troop	480	2532	3227	0
npc	-1	Khazard trooper	Khazard trooper	476	2532	3244	0
npc	-1	Gnome	Gnome	67	2533	3209	0
npc	-1	Gnome	Gnome	67	2533	3210	0
npc	-1	Gnome troop	Gnome troop	479	2533	3212	0
npc	-1	Gnome troop	Gnome troop	480	2533	3226	0
npc	-1	Gnome	Gnome	67	2534	3209	0
npc	-1	Gnome	Gnome	67	2534	3210	0
npc	-1	Gnome troop	Gnome troop	479	2534	3212	0
npc	-1	Mounted terrorbird gnome	Mounted terrorbird gnome	138	2534	3217	0
npc	-1	Gnome	Gnome	68	2534	3220	0
npc	-1	Khazard trooper	Khazard trooper	476	2534	3238	0
npc	-1	Gnome	Gnome	67	2536	3209	0
npc	-1	Gnome	Gnome	67	2536	3210	0
npc	-1	Gnome troop	Gnome troop	480	2536	3212	0
npc	-1	Gnome	Gnome	67	2536	3215	0
npc	-1	Gnome	Gnome	66	2536	3218	0
npc	-1	Gnome	Gnome	67	2536	3234	0
npc	-1	Khazard trooper	Khazard trooper	475	2536	3248	0
npc	-1	Gnome	Gnome	67	2537	3209	0
npc	-1	Gnome	Gnome	67	2537	3210	0
npc	-1	Gnome troop	Gnome troop	479	2537	3212	0
npc	-1	Mounted terrorbird gnome	Mounted terrorbird gnome	138	2537	3236	0
npc	-1	Khazard trooper	Khazard trooper	475	2537	3241	0
npc	-1	Khazard trooper	Khazard trooper	475	2537	3249	0
npc	-1	Gnome	Gnome	67	2538	3209	0
npc	-1	Gnome	Gnome	67	2538	3210	0
npc	-1	Gnome troop	Gnome troop	479	2538	3212	0
npc	-1	Khazard trooper	Khazard trooper	476	2538	3241	0
npc	-1	Gnome	Gnome	67	2539	3209	0
npc	-1	Gnome	Gnome	67	2539	3210	0
npc	-1	Gnome troop	Gnome troop	480	2539	3212	0
npc	-1	Khazard trooper	Khazard trooper	476	2539	3243	0
npc	-1	Gnome	Gnome	66	2540	3219	0
npc	-1	Gnome	Gnome	68	2540	3224	0
npc	-1	Khazard trooper	Khazard trooper	475	2541	3243	0
npc	-1	Gnome	Gnome	67	2542	3222	0
npc	-1	Gnome	Gnome	67	2543	3217	0
npc	-1	Khazard trooper	Khazard trooper	475	2543	3246	0
npc	-1	Gnome	Gnome	68	2544	3225	0
npc	-1	Khazard trooper	Khazard trooper	476	2544	3247	0
npc	-1	Gnome	Gnome	67	2545	3228	0
npc	-1	Gnome	Gnome	67	2546	3211	0
npc	-1	Gnome	Gnome	68	2547	3221	0
npc	-1	Gnome	Gnome	66	2548	3227	0
npc	-1	Gnome	Gnome	66	2550	3228	0
npc	-1	Gnome	Gnome	66	2551	3222	0
npc	-1	Gnome	Gnome	66	2551	3230	0
npc	-1	Gnome	Gnome	66	2552	3232	0
npc	-1	Gnome	Gnome	67	2553	3220	0
npc	-1	Gnome	Gnome	66	2553	3224	0
npc	-1	Gnome	Gnome	68	2554	3233	0
npc	-1	Gnome	Gnome	68	2555	3225	0
npc	-1	Gnome	Gnome	67	2556	3226	0
npc	-1	Khazard commander	Khazard commander	478	2503	3255	1
npc	-1	Zombie	Zombie	75	2497	3292	0
npc	-1	Zombie	Zombie	73	2499	3286	0
npc	-1	Zombie	Zombie	73	2500	3283	0
npc	-1	Ghost	Ghost	103	2501	3289	0
npc	-1	Ghost	Ghost	103	2501	3294	0
npc	-1	Mourner	Mourner	348	2501	3315	0
npc	-1	Child	Child	355	2504	3318	0
npc	-1	Woman	Woman	353	2504	3326	0
npc	-1	Zombie	Zombie	73	2506	3284	0
npc	-1	Woman	Woman	353	2509	3314	0
npc	-1	Man	Man	351	2509	3325	0
npc	-1	Woman	Woman	354	2510	3318	0
npc	-1	Zombie	Zombie	75	2511	3287	0
npc	-1	Woman	Woman	352	2511	3322	0
npc	-1	Mourner	Mourner	717	2513	3294	0
npc	-1	Woman	Woman	363	2513	3315	0
npc	-1	Mourner	Mourner	348	2513	3325	0
npc	-1	Nurse Sarah	Nurse Sarah	373	2516	3274	0
npc	-1	Child	Child	356	2518	3275	0
npc	-1	Mourner	Mourner	357	2518	3309	0
npc	-1	Mourner	Mourner	717	2518	3320	0
npc	-1	Woman	Woman	352	2519	3267	0
npc	-1	Woman	Woman	361	2519	3277	0
npc	-1	Man	Man	351	2520	3279	0
npc	-1	Woman	Woman	360	2520	3308	0
npc	-1	Woman	Woman	362	2523	3276	0
npc	-1	Child	Child	356	2523	3307	0
npc	-1	Man	Man	351	2524	3270	0
npc	-1	Woman	Woman	354	2524	3271	0
npc	-1	Mourner	Mourner	347	2524	3292	0
npc	-1	Woman	Woman	361	2524	3303	0
npc	-1	Woman	Woman	362	2525	3309	0
npc	-1	Mourner	Mourner	348	2526	3279	0
npc	-1	Mourner	Mourner	357	2526	3303	0
npc	-1	Woman	Woman	353	2528	3269	0
npc	-1	Mourner	Mourner	348	2528	3297	0
npc	-1	Woman	Woman	361	2528	3305	0
npc	-1	Clerk	Clerk	713	2528	3317	0
npc	-1	Priest	Priest	358	2529	3285	0
npc	-1	Woman	Woman	354	2529	3308	0
npc	-1	Mourner	Mourner	717	2530	3274	0
npc	-1	Mourner	Mourner	719	2531	3272	0
npc	-1	Woman	Woman	353	2532	3304	0
npc	-1	Mourner	Mourner	719	2534	3273	0
npc	-1	Mourner	Mourner	348	2535	3288	0
npc	-1	Mourner	Mourner	717	2535	3296	0
npc	-1	Mourner	Mourner	347	2536	3294	0
npc	-1	Man	Man	729	2536	3308	0
npc	-1	Bravek	Bravek	711	2536	3314	0
npc	-1	Man	Man	728	2537	3306	0
npc	-1	Woman	Woman	362	2537	3324	0
npc	-1	Man	Man	729	2538	3302	0
npc	-1	Mourner	Mourner	347	2538	3321	0
npc	-1	Mourner	Mourner	719	2539	3273	0
npc	-1	Woman	Woman	352	2540	3279	0
npc	-1	Jethick	Jethick	725	2540	3305	0
npc	-1	Man	Man	728	2540	3308	0
npc	-1	Mourner	Mourner	719	2541	3273	0
npc	-1	Head mourner	Head mourner	716	2542	3286	0
npc	-1	Woman	Woman	363	2542	3304	0
npc	-1	Recruiter	Recruiter	720	2542	3306	0
npc	-1	Mourner	Mourner	369	2542	3326	0
npc	-1	Mourner	Mourner	357	2543	3309	0
npc	-1	Mourner	Mourner	369	2545	3324	0
npc	-1	Mourner	Mourner	371	2545	3326	0
npc	-1	Mourner	Mourner	369	2545	3327	0
npc	-1	Woman	Woman	353	2546	3277	0
npc	-1	Child	Child	355	2547	3277	0
npc	-1	Mourner	Mourner	348	2548	3287	0
npc	-1	Woman	Woman	361	2548	3309	0
npc	-1	Mourner	Mourner	357	2550	3319	0
npc	-1	Mourner	Mourner	371	2551	3322	0
npc	-1	Mourner	Mourner	357	2552	3319	0
npc	-1	Mourner	Mourner	369	2552	3326	0
npc	-1	Woman	Woman	360	2553	3275	0
npc	-1	Mourner	Mourner	369	2553	3322	0
npc	-1	Mourner	Mourner	369	2553	3324	0
npc	-1	Woman	Woman	360	2554	3307	0
npc	-1	Woman	Woman	360	2554	3314	0
npc	-1	Mourner	Mourner	371	2555	3324	0
npc	-1	Mourner	Mourner	371	2555	3326	0
npc	-1	Kilron	Kilron	349	2556	3266	0
npc	-1	Omart	Omart	350	2559	3266	0
npc	-1	Mourner	Mourner	372	2559	3303	0
npc	-1	Mourner	Mourner	372	2559	3305	0
npc	-1	Mourner	Mourner	370	2551	3324	1
npc	-1	Mourner	Mourner	370	2551	3327	1
npc	-1	Guard	Guard	346	2508	3370	0
npc	-1	Guard	Guard	344	2510	3378	0
npc	-1	Guard	Guard	344	2511	3383	0
npc	-1	Guard	Guard	346	2512	3374	0
npc	-1	Shop keeper	Shop keeper	561	2514	3385	0
npc	-1	Guard	Guard	344	2515	3356	0
npc	-1	Guard	Guard	346	2518	3371	0
npc	-1	Guard	Guard	344	2519	3356	0
npc	-1	Guard	Guard	345	2519	3366	0
npc	-1	Guard	Guard	344	2521	3383	0
npc	-1	Ogre	Ogre	374	2523	3373	0
npc	-1	Ogre	Ogre	374	2523	3376	0
npc	-1	Guard	Guard	344	2524	3362	0
npc	-1	Guard	Guard	345	2525	3369	0
npc	-1	Guard	Guard	346	2525	3380	0
npc	-1	Guard	Guard	344	2525	3383	0
npc	-1	Ogre	Ogre	374	2526	3373	0
npc	-1	Ogre	Ogre	374	2526	3376	0
npc	-1	Ogre	Ogre	374	2529	3373	0
npc	-1	Ogre	Ogre	374	2529	3376	0
npc	-1	Billy Rehnison	Billy Rehnison	723	2530	3331	0
npc	-1	Ted Rehnison	Ted Rehnison	721	2531	3331	0
npc	-1	Martha Rehnison	Martha Rehnison	722	2531	3333	0
npc	-1	Guard	Guard	345	2531	3368	0
npc	-1	Ogre	Ogre	374	2531	3376	0
npc	-1	Ogre	Ogre	374	2532	3373	0
npc	-1	Mourner	Mourner	347	2543	3329	0
npc	-1	Mourner	Mourner	717	2546	3330	0
npc	-1	Mourner	Mourner	348	2550	3332	0
npc	-1	Mourner	Mourner	348	2553	3328	0
npc	-1	Mourner	Mourner	348	2554	3331	0
npc	-1	Milli Rehnison	Milli Rehnison	724	2531	3330	1
npc	-1	Hadley	Hadley	302	2516	3428	0
npc	-1	Gerald	Gerald	303	2528	3414	0
npc	-1	Moss giant	Moss giant	112	2549	3408	0
npc	-1	Moss giant	Moss giant	112	2554	3401	0
npc	-1	Moss giant	Moss giant	112	2554	3409	0
npc	-1	Moss giant	Moss giant	112	2556	3406	0
npc	-1	Hudon	Hudon	305	2511	3484	0
npc	-1	Almera	Almera	304	2522	3498	0
npc	-1	Dwarf	Dwarf	206	2554	3465	0
npc	-1	Dwarf	Dwarf	206	2554	3469	0
npc	-1	Barbarian	Barbarian	12	2534	3568	0
npc	-1	Gunnjorn	Gunnjorn	607	2540	3548	0
npc	-1	Barbarian guard	Barbarian guard	384	2544	3567	0
npc	-1	Barbarian guard	Barbarian guard	384	2544	3571	0
npc	-1	Barbarian	Barbarian	12	2544	3577	0
npc	-1	Barbarian	Barbarian	12	2546	3560	0
npc	-1	Barbarian	Barbarian	12	2546	3565	0
npc	-1	Barbarian woman	Barbarian woman	17	2548	3558	0
npc	-1	Barbarian	Barbarian	12	2549	3566	0
npc	-1	Barbarian	Barbarian	12	2549	3570	0
npc	-1	Barbarian woman	Barbarian woman	17	2550	3563	0
npc	-1	Kharid Scorpion	Kharid Scorpion	386	2552	3570	0
npc	-1	Chicken	Chicken	41	2553	3562	0
npc	-1	Chicken	Chicken	41	2553	3565	0
npc	-1	Chicken	Chicken	41	2554	3563	0
npc	-1	Larrissa	Larrissa	1336	2508	3635	0
npc	-1	Jossik	Jossik	1334	2509	3639	1
npc	-1	Monkey	Monkey	132	2509	4550	0
npc	-1	Monkey	Monkey	132	2513	4553	0
npc	-1	Monkey	Monkey	132	2516	4552	0
npc	-1	Monkey	Monkey	132	2518	4545	0
npc	-1	Monkey	Monkey	132	2522	4556	0
npc	-1	Tamayu	Tamayu	1169	2523	4567	0
npc	-1	Monkey	Monkey	132	2524	4552	0
npc	-1	Monkey	Monkey	132	2525	4549	0
npc	-1	Tiadeche	Tiadeche	1163	2528	4589	0
npc	-1	Tamayu	Tamayu	1170	2541	4565	0
npc	-1	Jossik	Jossik	1335	2518	4633	0
npc	-1	Chamber guardian	Chamber guardian	904	2508	4696	0
npc	-1	Gundai	Gundai	902	2534	4714	0
npc	-1	Lundail	Lundail	903	2534	4719	0
npc	-1	Kolodion	Kolodion	905	2541	4715	0
npc	-1	Spider	Spider	61	2565	9443	0
npc	-1	Ogre chieftain	Ogre chieftain	852	2568	9432	0
npc	-1	Blue dragon	Blue dragon	55	2568	9437	0
npc	-1	Ogre chieftain	Ogre chieftain	852	2573	9447	0
npc	-1	Skeleton	Skeleton	90	2576	9436	0
npc	-1	Spider	Spider	61	2576	9454	0
npc	-1	Ogre shaman	Ogre shaman	871	2577	9451	0
npc	-1	Ogre chieftain	Ogre chieftain	852	2579	9441	0
npc	-1	Blue dragon	Blue dragon	55	2579	9445	0
npc	-1	Skeleton	Skeleton	90	2579	9461	0
npc	-1	Ogre chieftain	Ogre chieftain	852	2580	9431	0
npc	-1	Ogre shaman	Ogre shaman	871	2582	9437	0
npc	-1	Spider	Spider	61	2586	9423	0
npc	-1	Greater demon	Greater demon	83	2586	9458	0
npc	-1	Spider	Spider	61	2588	9431	0
npc	-1	Skeleton	Skeleton	90	2590	9437	0
npc	-1	Blue dragon	Blue dragon	55	2590	9461	0
npc	-1	Blue dragon	Blue dragon	55	2592	9431	0
npc	-1	Ogre shaman	Ogre shaman	871	2592	9436	0
npc	-1	Ogre shaman	Ogre shaman	871	2599	9461	0
npc	-1	Spider	Spider	61	2600	9432	0
npc	-1	Spider	Spider	61	2604	9441	0
npc	-1	Blue dragon	Blue dragon	55	2604	9443	0
npc	-1	Ogre shaman	Ogre shaman	871	2606	9438	0
npc	-1	Ogre shaman	Ogre shaman	871	2607	9451	0
npc	-1	Spider	Spider	61	2607	9460	0
npc	-1	Giant bat	Giant bat	78	2608	9421	0
npc	-1	Spider	Spider	61	2608	9436	0
npc	-1	Blue dragon	Blue dragon	55	2609	9459	0
npc	-1	Spider	Spider	61	2610	9446	0
npc	-1	Ogre chieftain	Ogre chieftain	852	2611	9454	0
npc	-1	Giant bat	Giant bat	78	2612	9416	0
npc	-1	Greater demon	Greater demon	83	2612	9423	0
npc	-1	Greater demon	Greater demon	83	2615	9423	0
npc	-1	Greater demon	Greater demon	83	2615	9426	0
npc	-1	Ogre chieftain	Ogre chieftain	852	2616	9447	0
npc	-1	Spider	Spider	61	2617	9451	0
npc	-1	Greater demon	Greater demon	83	2618	9424	0
npc	-1	Giant bat	Giant bat	78	2619	9427	0
npc	-1	Giant bat	Giant bat	78	2620	9419	0
npc	-1	Skeleton	Skeleton	93	2562	9506	0
npc	-1	Skeleton	Skeleton	93	2564	9504	0
npc	-1	Skeleton	Skeleton	93	2564	9509	0
npc	-1	Skeleton	Skeleton	93	2565	9507	0
npc	-1	Skeleton	Skeleton	93	2567	9506	0
npc	-1	Skeleton	Skeleton	93	2568	9509	0
npc	-1	Giant bat	Giant bat	78	2569	9530	0
npc	-1	Giant bat	Giant bat	78	2571	9525	0
npc	-1	Giant bat	Giant bat	78	2575	9525	0
npc	-1	Chaos druid warrior	Chaos druid warrior	193	2576	9501	0
npc	-1	Chaos druid warrior	Chaos druid warrior	193	2578	9500	0
npc	-1	Chaos druid warrior	Chaos druid warrior	193	2579	9508	0
npc	-1	Chaos druid warrior	Chaos druid warrior	193	2580	9497	0
npc	-1	Chaos druid warrior	Chaos druid warrior	193	2580	9502	0
npc	-1	Zombie	Zombie	75	2583	9493	0
npc	-1	Chaos druid warrior	Chaos druid warrior	193	2583	9499	0
npc	-1	Zombie	Zombie	75	2584	9491	0
npc	-1	Zombie	Zombie	75	2587	9492	0
npc	-1	Wizard Frumscone	Wizard Frumscone	460	2588	9489	0
npc	-1	Chaos druid warrior	Chaos druid warrior	193	2588	9498	0
npc	-1	Zombie	Zombie	75	2590	9491	0
npc	-1	Zombie	Zombie	75	2590	9493	0
npc	-1	Zombie	Zombie	75	2591	9492	0
npc	-1	Zombie	Zombie	75	2593	9491	0
npc	-1	Zombie	Zombie	75	2593	9492	0
npc	-1	Chaos druid warrior	Chaos druid warrior	193	2594	9498	0
npc	-1	Chaos druid warrior	Chaos druid warrior	193	2598	9497	0
npc	-1	Giant bat	Giant bat	78	2599	9485	0
npc	-1	Giant bat	Giant bat	78	2600	9480	0
npc	-1	Giant bat	Giant bat	78	2601	9478	0
npc	-1	Giant bat	Giant bat	78	2602	9484	0
npc	-1	Giant bat	Giant bat	78	2607	9485	0
npc	-1	Chaos druid	Chaos druid	181	2611	9483	0
npc	-1	Chaos druid	Chaos druid	181	2611	9487	0
npc	-1	Chaos druid	Chaos druid	181	2612	9488	0
npc	-1	Chaos druid	Chaos druid	181	2613	9482	0
npc	-1	Sigbert the Adventurer	Sigbert the Adventurer	37	2613	9506	0
npc	-1	Chaos druid	Chaos druid	181	2613	9521	0
npc	-1	Salarin the twisted	Salarin the twisted	205	2613	9523	0
npc	-1	Chaos druid	Chaos druid	181	2614	9483	0
npc	-1	Chaos druid	Chaos druid	181	2614	9521	0
npc	-1	Chaos druid	Chaos druid	181	2614	9525	0
npc	-1	Chaos druid	Chaos druid	181	2615	9487	0
npc	-1	Chaos druid	Chaos druid	181	2616	9484	0
npc	-1	Chaos druid	Chaos druid	181	2616	9522	0
npc	-1	Poison spider	Poison spider	134	2570	9567	0
npc	-1	Poison spider	Poison spider	134	2575	9578	0
npc	-1	Poison spider	Poison spider	134	2577	9580	0
npc	-1	Poison spider	Poison spider	134	2578	9583	0
npc	-1	Poison spider	Poison spider	134	2579	9577	0
npc	-1	Poison spider	Poison spider	134	2579	9583	0
npc	-1	Poison spider	Poison spider	134	2581	9583	0
npc	-1	Poison spider	Poison spider	134	2582	9577	0
npc	-1	Poison spider	Poison spider	134	2584	9575	0
npc	-1	Poison spider	Poison spider	134	2590	9574	0
npc	-1	Poison spider	Poison spider	134	2594	9569	0
npc	-1	Poison spider	Poison spider	134	2596	9556	0
npc	-1	Poison spider	Poison spider	134	2598	9570	0
npc	-1	Poison spider	Poison spider	134	2599	9555	0
npc	-1	Poison spider	Poison spider	134	2599	9565	0
npc	-1	Poison spider	Poison spider	134	2600	9552	0
npc	-1	Poison spider	Poison spider	134	2601	9559	0
npc	-1	Poison spider	Poison spider	134	2603	9558	0
npc	-1	Goblin	Goblin	102	2562	9657	0
npc	-1	Goblin	Goblin	101	2562	9659	0
npc	-1	Goblin	Goblin	101	2563	9661	0
npc	-1	Thief	Thief	282	2564	9609	0
npc	-1	Goblin	Goblin	100	2564	9653	0
npc	-1	Goblin	Goblin	100	2565	9655	0
npc	-1	Thief	Thief	282	2566	9605	0
npc	-1	Goblin	Goblin	100	2566	9626	0
npc	-1	Hobgoblin	Hobgoblin	122	2566	9632	0
npc	-1	Goblin	Goblin	100	2567	9653	0
npc	-1	Head Thief	Head Thief	283	2569	9606	0
npc	-1	Goblin	Goblin	100	2569	9633	0
npc	-1	Goblin	Goblin	102	2571	9653	0
npc	-1	Hobgoblin	Hobgoblin	122	2573	9626	0
npc	-1	Dungeon rat	Dungeon rat	88	2573	9630	0
npc	-1	Dungeon rat	Dungeon rat	224	2579	9655	0
npc	-1	Dungeon rat	Dungeon rat	224	2581	9656	0
npc	-1	Dungeon rat	Dungeon rat	224	2581	9659	0
npc	-1	Dungeon rat	Dungeon rat	224	2583	9659	0
npc	-1	Dungeon rat	Dungeon rat	224	2584	9656	0
npc	-1	Ogre	Ogre	114	2585	9608	0
npc	-1	Ogre	Ogre	114	2586	9614	0
npc	-1	Dungeon rat	Dungeon rat	224	2586	9659	0
npc	-1	Dungeon rat	Dungeon rat	224	2587	9656	0
npc	-1	Ogre	Ogre	114	2588	9606	0
npc	-1	Dungeon rat	Dungeon rat	224	2589	9654	0
npc	-1	Dungeon rat	Dungeon rat	224	2589	9658	0
npc	-1	Dungeon rat	Dungeon rat	224	2591	9656	0
npc	-1	Dungeon rat	Dungeon rat	224	2591	9659	0
npc	-1	Goblin	Goblin	101	2599	9626	0
npc	-1	Goblin	Goblin	101	2601	9627	0
npc	-1	Giant spider	Giant spider	59	2602	9640	0
npc	-1	Giant spider	Giant spider	59	2603	9635	0
npc	-1	Giant spider	Giant spider	59	2603	9638	0
npc	-1	Goblin	Goblin	101	2605	9621	0
npc	-1	Giant spider	Giant spider	59	2605	9637	0
npc	-1	Giant spider	Giant spider	59	2605	9639	0
npc	-1	Giant spider	Giant spider	59	2606	9635	0
npc	-1	Giant spider	Giant spider	59	2606	9646	0
npc	-1	Goblin	Goblin	100	2607	9621	0
npc	-1	Giant spider	Giant spider	59	2607	9637	0
npc	-1	Giant spider	Giant spider	59	2607	9641	0
npc	-1	Giant spider	Giant spider	59	2607	9644	0
npc	-1	Giant spider	Giant spider	59	2607	9648	0
npc	-1	Giant spider	Giant spider	59	2608	9635	0
npc	-1	Giant spider	Giant spider	59	2608	9642	0
npc	-1	Giant spider	Giant spider	59	2609	9639	0
npc	-1	Giant spider	Giant spider	59	2609	9643	0
npc	-1	Goblin	Goblin	101	2610	9620	0
npc	-1	Claus the chef	Claus the chef	886	2566	9670	0
npc	-1	Clivet	Clivet	893	2566	9683	0
npc	-1	Dungeon rat	Dungeon rat	88	2577	9692	0
npc	-1	Hazeel Cultist	Hazeel Cultist	894	2602	9680	0
npc	-1	Hazeel Cultist	Hazeel Cultist	894	2605	9670	0
npc	-1	Hazeel Cultist	Hazeel Cultist	894	2607	9680	0
npc	-1	Hazeel Cultist	Hazeel Cultist	894	2608	9674	0
npc	-1	Alomone	Alomone	891	2609	9670	0
npc	-1	Hazeel Cultist	Hazeel Cultist	894	2610	9686	0
npc	-1	Giant bat	Giant bat	78	2563	9753	0
npc	-1	Giant bat	Giant bat	78	2565	9754	0
npc	-1	Giant bat	Giant bat	78	2567	9752	0
npc	-1	Giant bat	Giant bat	78	2569	9753	0
npc	-1	Giant bat	Giant bat	78	2572	9752	0
npc	-1	Ogre	Ogre	114	2581	9738	0
npc	-1	Ogre	Ogre	114	2581	9742	0
npc	-1	Ogre	Ogre	114	2584	9734	0
npc	-1	Ogre	Ogre	114	2585	9738	0
npc	-1	Ogre	Ogre	114	2587	9733	0
npc	-1	Ogre	Ogre	114	2587	9740	0
npc	-1	Ogre	Ogre	114	2590	9737	0
npc	-1	Goblin	Goblin	100	2564	9836	0
npc	-1	Goblin	Goblin	100	2565	9835	0
npc	-1	Goblin	Goblin	100	2566	9849	0
npc	-1	Goblin	Goblin	101	2568	9844	0
npc	-1	Goblin	Goblin	102	2569	9847	0
npc	-1	Goblin	Goblin	101	2570	9845	0
npc	-1	Goblin	Goblin	101	2570	9850	0
npc	-1	Goblin	Goblin	101	2579	9841	0
npc	-1	Dungeon rat	Dungeon rat	88	2580	9804	0
npc	-1	Goblin	Goblin	100	2580	9825	0
npc	-1	Goblin	Goblin	101	2580	9847	0
npc	-1	Goblin	Goblin	102	2580	9850	0
npc	-1	Goblin	Goblin	101	2584	9826	0
npc	-1	Goblin	Goblin	102	2584	9829	0
npc	-1	Goblin	Goblin	102	2584	9835	0
npc	-1	Dungeon rat	Dungeon rat	88	2585	9801	0
npc	-1	Goblin	Goblin	100	2586	9832	0
npc	-1	Goblin	Goblin	101	2587	9837	0
npc	-1	Dungeon rat	Dungeon rat	88	2588	9806	0
npc	-1	Goblin	Goblin	100	2589	9834	0
npc	-1	Goblin	Goblin	101	2590	9821	0
npc	-1	Goblin	Goblin	102	2591	9830	0
npc	-1	Goblin	Goblin	102	2591	9836	0
npc	-1	Goblin	Goblin	102	2592	9819	0
npc	-1	Dungeon rat	Dungeon rat	88	2594	9803	0
npc	-1	Goblin	Goblin	101	2594	9826	0
npc	-1	Goblin	Goblin	100	2595	9821	0
npc	-1	Giant bat	Giant bat	78	2596	9836	0
npc	-1	Goblin	Goblin	100	2597	9821	0
npc	-1	Giant bat	Giant bat	78	2599	9837	0
npc	-1	Dungeon rat	Dungeon rat	88	2601	9801	0
npc	-1	Giant bat	Giant bat	78	2606	9825	0
npc	-1	Giant bat	Giant bat	78	2609	9817	0
npc	-1	Giant bat	Giant bat	78	2609	9823	0
npc	-1	Giant bat	Giant bat	78	2612	9815	0
npc	-1	Fire giant	Fire giant	110	2562	9886	0
npc	-1	Fire giant	Fire giant	110	2565	9887	0
npc	-1	Fire giant	Fire giant	110	2568	9889	0
npc	-1	Giant bat	Giant bat	78	2569	9886	0
npc	-1	Fire giant	Fire giant	110	2573	9895	0
npc	-1	Fire giant	Fire giant	110	2575	9891	0
npc	-1	Fire giant	Fire giant	110	2577	9890	0
npc	-1	Fire giant	Fire giant	110	2577	9897	0
npc	-1	Fire giant	Fire giant	110	2578	9895	0
npc	-1	Fire giant	Fire giant	110	2580	9890	0
npc	-1	Fire giant	Fire giant	110	2581	9895	0
npc	-1	Skeleton Mage	Skeleton Mage	94	2585	9878	0
npc	-1	Skeleton	Skeleton	93	2586	9884	0
npc	-1	Skeleton Mage	Skeleton Mage	94	2588	9880	0
npc	-1	Skeleton	Skeleton	93	2588	9883	0
npc	-1	Skeleton	Skeleton	93	2589	9886	0
npc	-1	Skeleton Mage	Skeleton Mage	94	2590	9882	0
npc	-1	Skeleton Mage	Skeleton Mage	94	2592	9884	0
npc	-1	Ogre	Ogre	114	2568	2991	0
npc	-1	Ogre	Ogre	114	2574	2988	0
npc	-1	Ogre	Ogre	114	2584	2967	0
npc	-1	Ogre	Ogre	114	2585	2977	0
npc	-1	Ogre	Ogre	114	2592	2965	0
npc	-1	Swamp toad	Swamp toad	1013	2595	2964	0
npc	-1	Swamp toad	Swamp toad	1013	2595	2968	0
npc	-1	Swamp toad	Swamp toad	1013	2596	2962	0
npc	-1	Swamp toad	Swamp toad	1013	2596	2970	0
npc	-1	Swamp toad	Swamp toad	1013	2599	2962	0
npc	-1	Swamp toad	Swamp toad	1013	2599	2970	0
npc	-1	Wolf	Wolf	95	2602	2955	0
npc	-1	Swamp toad	Swamp toad	1013	2602	2969	0
npc	-1	Swamp toad	Swamp toad	1013	2603	2966	0
npc	-1	Wolf	Wolf	95	2605	2963	0
npc	-1	Wolf	Wolf	95	2607	2967	0
npc	-1	Ogre	Ogre	114	2608	2980	0
npc	-1	Ogre	Ogre	114	2609	2990	0
npc	-1	Wolf	Wolf	95	2610	2958	0
npc	-1	Wolf	Wolf	95	2610	2961	0
npc	-1	Wolf	Wolf	95	2610	2965	0
npc	-1	Ogre	Ogre	114	2614	2998	0
npc	-1	Ogre chieftain	Ogre chieftain	852	2615	2987	0
npc	-1	Ogre	Ogre	114	2561	3020	0
npc	-1	Ogre	Ogre	114	2567	3046	0
npc	-1	Ogre	Ogre	115	2571	3027	0
npc	-1	Unicorn	Unicorn	89	2571	3058	0
npc	-1	Ogre	Ogre	115	2572	3031	0
npc	-1	Ogre	Ogre	115	2575	3024	0
npc	-1	Toban	Toban	855	2576	3027	0
npc	-1	Gorad	Gorad	856	2577	3021	0
npc	-1	Ogre	Ogre	115	2578	3031	0
npc	-1	Unicorn	Unicorn	89	2579	3066	0
npc	-1	Dwarf	Dwarf	118	2596	3056	0
npc	-1	Dwarf	Dwarf	118	2600	3062	0
npc	-1	Dwarf	Dwarf	118	2605	3057	0
npc	-1	Bear	Bear	106	2606	3008	0
npc	-1	Dwarf	Dwarf	118	2608	3061	0
npc	-1	Woman	Woman	4	2566	3084	0
npc	-1	Frenita	Frenita	593	2566	3098	0
npc	-1	Man	Man	1	2568	3081	0
npc	-1	Cow	Cow	81	2580	3117	0
npc	-1	Cow	Cow	81	2582	3122	0
npc	-1	Wizard	Wizard	13	2588	3090	0
npc	-1	Cow	Cow	81	2588	3119	0
npc	-1	Wizard	Wizard	13	2589	3084	0
npc	-1	Wizard Distentor	Wizard Distentor	462	2594	3089	0
npc	-1	Imp	Imp	708	2595	3131	0
npc	-1	Man	Man	1	2596	3104	0
npc	-1	Man	Man	3	2596	3106	0
npc	-1	Imp	Imp	708	2597	3120	0
npc	-1	Cow	Cow	81	2604	3114	0
npc	-1	Imp	Imp	708	2606	3126	0
npc	-1	Imp	Imp	708	2608	3134	0
npc	-1	Imp	Imp	708	2614	3116	0
npc	-1	Banker	Banker	495	2615	3091	0
npc	-1	Banker	Banker	494	2615	3092	0
npc	-1	Banker	Banker	494	2615	3094	0
npc	-1	Imp	Imp	708	2616	3126	0
npc	-1	Imp	Imp	708	2621	3133	0
npc	-1	Imp	Imp	708	2622	3118	0
npc	-1	Soldier	Soldier	35	2567	3109	1
npc	-1	Soldier	Soldier	35	2572	3109	1
npc	-1	Wizard	Wizard	13	2586	3089	1
npc	-1	Wizard	Wizard	13	2593	3084	1
npc	-1	Soldier	Soldier	35	2595	3073	1
npc	-1	Magic Store owner	Magic Store owner	461	2595	3087	1
npc	-1	Wizard	Wizard	13	2595	3090	1
npc	-1	Soldier	Soldier	35	2600	3109	1
npc	-1	Soldier	Soldier	35	2609	3073	1
npc	-1	Soldier	Soldier	35	2610	3107	1
npc	-1	Soldier	Soldier	35	2615	3073	1
npc	-1	Soldier	Soldier	35	2618	3099	1
npc	-1	Soldier	Soldier	35	2620	3077	1
npc	-1	Soldier	Soldier	35	2620	3095	1
npc	-1	Wizard	Wizard	13	2586	3088	2
npc	-1	Wizard	Wizard	13	2589	3085	2
npc	-1	Wizard	Wizard	13	2593	3090	2
npc	-1	Khazard Guard	Khazard Guard	256	2564	3146	0
npc	-1	Khazard barman	Khazard barman	259	2566	3140	0
npc	-1	Lady Servil	Lady Servil	264	2566	3199	0
npc	-1	Khazard Guard	Khazard Guard	256	2567	3149	0
npc	-1	Khazard Guard	Khazard Guard	256	2570	3142	0
npc	-1	Khazard Guard	Khazard Guard	256	2577	3162	0
npc	-1	Khazard Guard	Khazard Guard	256	2579	3171	0
npc	-1	Khazard Guard	Khazard Guard	256	2580	3166	0
npc	-1	Khazard Guard	Khazard Guard	256	2583	3149	0
npc	-1	Local	Local	268	2583	3171	0
npc	-1	Khazard Guard	Khazard Guard	253	2584	3141	0
npc	-1	Joe	Joe	261	2587	3142	0
npc	-1	Kelvin	Kelvin	260	2589	3142	0
npc	-1	Khazard Guard	Khazard Guard	256	2589	3193	0
npc	-1	Khazard Guard	Khazard Guard	253	2591	3139	0
npc	-1	Khazard Guard	Khazard Guard	256	2592	3182	0
npc	-1	Khazard Guard	Khazard Guard	256	2592	3185	0
npc	-1	Khazard Guard	Khazard Guard	256	2593	3179	0
npc	-1	Khazard Guard	Khazard Guard	256	2594	3176	0
npc	-1	Khazard Guard	Khazard Guard	253	2595	3139	0
npc	-1	Fightslave	Fightslave	262	2595	3142	0
npc	-1	Khazard Guard	Khazard Guard	256	2596	3184	0
npc	-1	Hengrad	Hengrad	263	2598	3142	0
npc	-1	Khazard Guard	Khazard Guard	256	2598	3182	0
npc	-1	Khazard Guard	Khazard Guard	256	2599	3193	0
npc	-1	Justin Servil	Justin Servil	267	2601	3168	0
npc	-1	Jeremy Servil	Jeremy Servil	266	2602	3154	0
npc	-1	General Khazard	General Khazard	258	2606	3154	0
npc	-1	Khazard Guard	Khazard Guard	256	2606	3171	0
npc	-1	Khazard Guard	Khazard Guard	256	2607	3183	0
npc	-1	Khazard Guard	Khazard Guard	256	2607	3185	0
npc	-1	Khazard Scorpion	Khazard Scorpion	271	2608	3159	0
npc	-1	Bouncer	Bouncer	269	2608	3162	0
npc	-1	Khazard Ogre	Khazard Ogre	270	2608	3165	0
npc	-1	Khazard Guard	Khazard Guard	256	2608	3186	0
npc	-1	Khazard Guard	Khazard Guard	256	2609	3149	0
npc	-1	Khazard Guard	Khazard Guard	256	2610	3149	0
npc	-1	Khazard Guard	Khazard Guard	255	2610	3193	0
npc	-1	Khazard Guard	Khazard Guard	253	2614	3150	0
npc	-1	Khazard Guard	Khazard Guard	256	2614	3186	0
npc	-1	Khazard Guard	Khazard Guard	254	2615	3141	0
npc	-1	Fightslave	Fightslave	262	2616	3160	0
npc	-1	Fightslave	Fightslave	262	2616	3163	0
npc	-1	Jeremy Servil	Jeremy Servil	265	2616	3168	0
npc	-1	Khazard Guard	Khazard Guard	253	2616	3170	0
npc	-1	Khazard Guard	Khazard Guard	253	2618	3159	0
npc	-1	Khazard Guard	Khazard Guard	253	2618	3166	0
npc	-1	General Khazard	General Khazard	258	2610	3143	2
npc	-1	Khazard Guard	Khazard Guard	254	2592	3163	3
npc	-1	Khazard Guard	Khazard Guard	253	2594	3162	3
npc	-1	Brother Kojo	Brother Kojo	223	2569	3249	0
npc	-1	Brother Omad	Brother Omad	279	2604	3209	0
npc	-1	Monk	Monk	281	2606	3217	0
npc	-1	Monk	Monk	281	2608	3209	0
npc	-1	Brother Cedric	Brother Cedric	280	2614	3259	0
npc	-1	Monk	Monk	281	2618	3209	0
npc	-1	Monk	Monk	281	2595	3210	1
npc	-1	Mourner	Mourner	372	2561	3303	0
npc	-1	Mourner	Mourner	372	2561	3305	0
npc	-1	Ceril Carnillean	Ceril Carnillean	885	2565	3271	0
npc	-1	Philipe Carnillean	Philipe Carnillean	888	2565	3273	0
npc	-1	Butler Jones	Butler Jones	890	2569	3272	0
npc	-1	Guard	Guard	887	2570	3275	0
npc	-1	Henryeta Carnillean	Henryeta Carnillean	889	2571	3269	0
npc	-1	Paladin	Paladin	20	2571	3307	0
npc	-1	Paladin	Paladin	20	2572	3303	0
npc	-1	Lucien	Lucien	273	2573	3321	0
npc	-1	Paladin	Paladin	20	2575	3296	0
npc	-1	Bartender	Bartender	738	2575	3320	0
npc	-1	Paladin	Paladin	20	2577	3308	0
npc	-1	Paladin	Paladin	20	2581	3286	0
npc	-1	Paladin	Paladin	20	2581	3299	0
npc	-1	Knight of Ardougne	Knight of Ardougne	23	2582	3297	0
npc	-1	Paladin	Paladin	20	2583	3292	0
npc	-1	Warrior woman	Warrior woman	15	2584	3305	0
npc	-1	Warrior woman	Warrior woman	15	2585	3289	0
npc	-1	Warrior woman	Warrior woman	15	2587	3291	0
npc	-1	Penguin	Penguin	131	2592	3269	0
npc	-1	Penguin	Penguin	131	2594	3271	0
npc	-1	Penguin	Penguin	131	2596	3269	0
npc	-1	Monkey	Monkey	132	2598	3276	0
npc	-1	Monkey	Monkey	132	2600	3275	0
npc	-1	Monkey	Monkey	132	2600	3279	0
npc	-1	Pit Scorpion	Pit Scorpion	109	2601	3269	0
npc	-1	Scorpion	Scorpion	107	2602	3267	0
npc	-1	Scorpion	Scorpion	107	2603	3270	0
npc	-1	Monkey	Monkey	132	2603	3279	0
npc	-1	Monkey	Monkey	132	2603	3281	0
npc	-1	Zoo keeper	Zoo keeper	28	2603	3284	0
npc	-1	Pit Scorpion	Pit Scorpion	109	2604	3272	0
npc	-1	Monkey	Monkey	132	2604	3277	0
npc	-1	Pit Scorpion	Pit Scorpion	109	2605	3268	0
npc	-1	Pit Scorpion	Pit Scorpion	109	2606	3271	0
npc	-1	Scorpion	Scorpion	107	2607	3268	0
npc	-1	Snake	Snake	128	2610	3275	0
npc	-1	Zoo keeper	Zoo keeper	28	2611	3269	0
npc	-1	Snake	Snake	128	2611	3275	0
npc	-1	Snake	Snake	128	2611	3276	0
npc	-1	Parroty Pete	Parroty Pete	1216	2611	3285	0
npc	-1	Parrots	Parrots	1215	2612	3287	0
npc	-1	Woman	Woman	25	2612	3316	0
npc	-1	Jerico	Jerico	366	2612	3324	0
npc	-1	Parrots	Parrots	1215	2613	3287	0
npc	-1	Aemad	Aemad	590	2613	3294	0
npc	-1	Doctor Orbon	Doctor Orbon	290	2614	3306	0
npc	-1	Man	Man	24	2614	3318	0
npc	-1	Camel	Camel	80	2615	3266	0
npc	-1	Kortan	Kortan	591	2615	3292	0
npc	-1	Snake	Snake	128	2616	3275	0
npc	-1	Snake	Snake	128	2616	3276	0
npc	-1	Wolf	Wolf	95	2616	3283	0
npc	-1	Councillor Halgrive	Councillor Halgrive	289	2617	3299	0
npc	-1	Priest	Priest	31	2617	3308	0
npc	-1	Camel	Camel	80	2619	3265	0
npc	-1	Zoo keeper	Zoo keeper	28	2619	3279	0
npc	-1	Wolf	Wolf	95	2620	3283	0
npc	-1	Camel	Camel	80	2621	3266	0
npc	-1	Man	Man	24	2621	3293	0
npc	-1	Jogre	Jogre	113	2622	3272	0
npc	-1	Cyclops	Cyclops	116	2622	3277	0
npc	-1	Paladin	Paladin	20	2572	3292	1
npc	-1	Ceril Carnillean	Ceril Carnillean	885	2573	3268	1
npc	-1	Butler Jones	Butler Jones	890	2573	3269	1
npc	-1	Woman	Woman	25	2573	3322	1
npc	-1	Paladin	Paladin	20	2576	3293	1
npc	-1	Paladin	Paladin	20	2578	3285	1
npc	-1	King Lathas	King Lathas	364	2578	3293	1
npc	-1	Paladin	Paladin	20	2581	3286	1
npc	-1	Paladin	Paladin	20	2581	3307	1
npc	-1	Paladin	Paladin	20	2582	3306	1
npc	-1	Paladin	Paladin	20	2584	3288	1
npc	-1	Paladin	Paladin	20	2584	3304	1
npc	-1	Paladin	Paladin	20	2585	3290	1
npc	-1	Paladin	Paladin	20	2586	3289	1
npc	-1	Paladin	Paladin	20	2586	3303	1
npc	-1	Paladin	Paladin	20	2587	3291	1
npc	-1	Paladin	Paladin	20	2588	3301	1
npc	-1	Woman	Woman	25	2621	3293	1
npc	-1	Archer	Archer	27	2572	3284	2
npc	-1	Archer	Archer	27	2572	3309	2
npc	-1	Archer	Archer	27	2582	3284	2
npc	-1	Archer	Archer	27	2582	3309	2
npc	-1	Archer	Archer	27	2588	3290	2
npc	-1	Archer	Archer	27	2588	3303	2
npc	-1	Diseased sheep 3	Diseased sheep 3	294	2560	3389	0
npc	-1	Chaos druid	Chaos druid	181	2561	3355	0
npc	-1	Chaos druid	Chaos druid	181	2561	3357	0
npc	-1	Diseased sheep 3	Diseased sheep 3	294	2561	3388	0
npc	-1	Diseased sheep 3	Diseased sheep 3	294	2561	3390	0
npc	-1	Chaos druid	Chaos druid	181	2563	3355	0
npc	-1	Chaos druid	Chaos druid	181	2563	3358	0
npc	-1	Man	Man	1	2567	3384	0
npc	-1	Edmond	Edmond	714	2568	3334	0
npc	-1	Warrior woman	Warrior woman	15	2569	3387	0
npc	-1	Warrior woman	Warrior woman	15	2572	3383	0
npc	-1	Warrior woman	Warrior woman	15	2572	3388	0
npc	-1	Alrena	Alrena	710	2573	3333	0
npc	-1	Warrior woman	Warrior woman	15	2575	3384	0
npc	-1	Mourner	Mourner	718	2582	3329	0
npc	-1	Elena	Elena	335	2592	3336	0
npc	-1	Farmer Brumty	Farmer Brumty	291	2600	3358	0
npc	-1	Diseased sheep 1	Diseased sheep 1	292	2609	3344	0
npc	-1	Diseased sheep 1	Diseased sheep 1	292	2610	3343	0
npc	-1	Diseased sheep 1	Diseased sheep 1	292	2610	3345	0
npc	-1	Diseased sheep 4	Diseased sheep 4	295	2610	3391	0
npc	-1	Diseased sheep 4	Diseased sheep 4	295	2611	3390	0
npc	-1	Diseased sheep 4	Diseased sheep 4	295	2612	3391	0
npc	-1	Banker	Banker	494	2614	3330	0
npc	-1	Banker	Banker	495	2616	3330	0
npc	-1	Banker	Banker	495	2619	3330	0
npc	-1	Diseased sheep 2	Diseased sheep 2	293	2621	3367	0
npc	-1	Diseased sheep 2	Diseased sheep 2	293	2622	3366	0
npc	-1	Diseased sheep 2	Diseased sheep 2	293	2623	3367	0
npc	-1	Goblin	Goblin	100	2563	3398	0
npc	-1	Goblin	Goblin	100	2563	3416	0
npc	-1	Goblin	Goblin	101	2563	3439	0
npc	-1	Goblin	Goblin	101	2564	3407	0
npc	-1	Goblin	Goblin	100	2566	3453	0
npc	-1	Goblin	Goblin	100	2567	3428	0
npc	-1	Goblin	Goblin	100	2568	3403	0
npc	-1	Goblin	Goblin	101	2568	3433	0
npc	-1	Goblin	Goblin	101	2569	3410	0
npc	-1	Goblin	Goblin	100	2569	3442	0
npc	-1	Goblin	Goblin	100	2571	3442	0
npc	-1	Goblin	Goblin	101	2572	3396	0
npc	-1	Goblin	Goblin	101	2572	3420	0
npc	-1	Goblin	Goblin	100	2574	3409	0
npc	-1	Goblin	Goblin	101	2576	3436	0
npc	-1	Goblin	Goblin	100	2578	3400	0
npc	-1	Goblin	Goblin	100	2579	3413	0
npc	-1	Goblin	Goblin	101	2581	3395	0
npc	-1	Goblin	Goblin	101	2583	3435	0
npc	-1	Goblin	Goblin	101	2584	3412	0
npc	-1	Banker	Banker	494	2584	3418	0
npc	-1	Banker	Banker	494	2584	3419	0
npc	-1	Banker	Banker	495	2584	3421	0
npc	-1	Banker	Banker	494	2584	3422	0
npc	-1	Goblin	Goblin	101	2584	3428	0
npc	-1	Goblin	Goblin	100	2586	3425	0
npc	-1	Roachey	Roachey	592	2596	3400	0
npc	-1	Man	Man	1	2603	3421	0
npc	-1	Master fisher	Master fisher	308	2611	3393	0
npc	-1	Goblin	Goblin	100	2620	3394	0
npc	-1	Goblin	Goblin	100	2621	3393	0
npc	-1	Goblin	Goblin	101	2623	3396	0
npc	-1	Goblin	Goblin	101	2623	3397	0
npc	-1	Dwarf	Dwarf	206	2564	3456	0
npc	-1	Dwarf Commander	Dwarf Commander	208	2571	3463	0
npc	-1	Giant bat	Giant bat	78	2571	3481	0
npc	-1	Dwarf	Dwarf	206	2572	3456	0
npc	-1	Giant bat	Giant bat	78	2572	3472	0
npc	-1	Stankers	Stankers	383	2575	3486	0
npc	-1	Giant bat	Giant bat	78	2578	3476	0
npc	-1	Giant bat	Giant bat	78	2586	3473	0
npc	-1	Giant bat	Giant bat	78	2591	3479	0
npc	-1	Giant bat	Giant bat	78	2592	3484	0
npc	-1	Giant bat	Giant bat	78	2594	3474	0
npc	-1	Galahad	Galahad	218	2612	3474	0
npc	-1	Warrior	Warrior	1318	2619	3671	0
npc	-1	Warrior	Warrior	1318	2622	3654	0
npc	-1	Bugs	Bugs	1012	2640	9391	0
npc	-1	Fycie	Fycie	1011	2650	9393	0
npc	-1	Giant rat	Giant rat	86	2631	9695	0
npc	-1	Giant rat	Giant rat	86	2636	9697	0
npc	-1	Giant rat	Giant rat	86	2642	9712	0
npc	-1	Giant rat	Giant rat	86	2644	9696	0
npc	-1	Giant rat	Giant rat	86	2644	9708	0
npc	-1	Giant rat	Giant rat	86	2647	9701	0
npc	-1	Giant rat	Giant rat	86	2647	9716	0
npc	-1	Giant rat	Giant rat	86	2651	9700	0
npc	-1	Zombie	Zombie	75	2675	9680	0
npc	-1	Zombie	Zombie	75	2676	9684	0
npc	-1	Zombie	Zombie	75	2676	9687	0
npc	-1	Giant spider	Giant spider	59	2648	9761	0
npc	-1	Giant spider	Giant spider	59	2653	9764	0
npc	-1	Scorpion	Scorpion	107	2637	9809	0
npc	-1	Scorpion	Scorpion	107	2639	9814	0
npc	-1	Scorpion	Scorpion	107	2641	9811	0
npc	-1	Scorpion	Scorpion	107	2641	9819	0
npc	-1	Scorpion	Scorpion	107	2644	9822	0
npc	-1	Skeleton	Skeleton	93	2658	9820	0
npc	-1	Giant bat	Giant bat	78	2659	9809	0
npc	-1	Giant bat	Giant bat	78	2663	9804	0
npc	-1	Skeleton	Skeleton	93	2664	9831	0
npc	-1	Giant bat	Giant bat	78	2665	9812	0
npc	-1	Skeleton	Skeleton	93	2667	9824	0
npc	-1	Skeleton	Skeleton	93	2670	9828	0
npc	-1	Skeleton	Skeleton	93	2671	9822	0
npc	-1	Lesser demon	Lesser demon	82	2630	9867	0
npc	-1	Lesser demon	Lesser demon	82	2631	9880	0
npc	-1	Lesser demon	Lesser demon	82	2632	9874	0
npc	-1	Guardian of Armadyl	Guardian of Armadyl	275	2636	9910	0
npc	-1	Skeleton	Skeleton	93	2637	9891	0
npc	-1	Guardian of Armadyl	Guardian of Armadyl	274	2638	9899	0
npc	-1	Skeleton	Skeleton	93	2641	9889	0
npc	-1	Skeleton	Skeleton	93	2645	9891	0
npc	-1	Guardian of Armadyl	Guardian of Armadyl	275	2646	9906	0
npc	-1	Skeleton	Skeleton	93	2648	9890	0
npc	-1	Guardian of Armadyl	Guardian of Armadyl	274	2648	9901	0
npc	-1	Guardian of Armadyl	Guardian of Armadyl	274	2649	9912	0
npc	-1	Skeleton	Skeleton	93	2653	9892	0
npc	-1	Winelda	Winelda	276	2656	9875	0
npc	-1	Skeleton	Skeleton	93	2657	9894	0
npc	-1	Skeleton	Skeleton	93	2658	9888	0
npc	-1	Skeleton	Skeleton	93	2660	9885	0
npc	-1	Skeleton	Skeleton	93	2660	9890	0
npc	-1	Skeleton	Skeleton	92	2664	9877	0
npc	-1	Rantz	Rantz	1010	2630	2981	0
npc	-1	Spider	Spider	61	2671	3107	0
npc	-1	Spider	Spider	61	2672	3109	0
npc	-1	Hazelmere	Hazelmere	669	2678	3086	1
npc	-1	Shop keeper	Shop keeper	555	2641	3171	0
npc	-1	Shop keeper	Shop keeper	555	2655	3152	0
npc	-1	Murphy	Murphy	463	2668	3162	0
npc	-1	Imp	Imp	708	2625	3203	0
npc	-1	Imp	Imp	708	2625	3217	0
npc	-1	Imp	Imp	708	2629	3233	0
npc	-1	Imp	Imp	708	2630	3210	0
npc	-1	Imp	Imp	708	2632	3202	0
npc	-1	Imp	Imp	708	2633	3222	0
npc	-1	Imp	Imp	708	2633	3243	0
npc	-1	Imp	Imp	708	2639	3206	0
npc	-1	Imp	Imp	708	2639	3230	0
npc	-1	Necromancer	Necromancer	194	2671	3240	0
npc	-1	Invrigar the Necromancer	Invrigar the Necromancer	173	2667	3241	1
npc	-1	Guard dog	Guard dog	99	2624	3319	0
npc	-1	Guard dog	Guard dog	99	2624	3327	0
npc	-1	Unicorn	Unicorn	89	2629	3266	0
npc	-1	Warrior woman	Warrior woman	15	2629	3295	0
npc	-1	Hero	Hero	21	2630	3288	0
npc	-1	Bear	Bear	105	2632	3280	0
npc	-1	Warrior woman	Warrior woman	15	2632	3299	0
npc	-1	Bear	Bear	105	2633	3274	0
npc	-1	Unicorn	Unicorn	89	2634	3265	0
npc	-1	Horacio	Horacio	845	2635	3311	0
npc	-1	Guard dog	Guard dog	99	2641	3315	0
npc	-1	RPDT employee	RPDT employee	843	2644	3274	0
npc	-1	RPDT employee	RPDT employee	843	2644	3276	0
npc	-1	Guard dog	Guard dog	99	2646	3325	0
npc	-1	RPDT employee	RPDT employee	843	2647	3271	0
npc	-1	Hero	Hero	21	2647	3306	0
npc	-1	Guard	Guard	32	2651	3307	0
npc	-1	Knight of Ardougne	Knight of Ardougne	23	2652	3318	0
npc	-1	Zenesha	Zenesha	589	2653	3295	0
npc	-1	Knight of Ardougne	Knight of Ardougne	23	2653	3300	0
npc	-1	Paladin	Paladin	20	2653	3315	0
npc	-1	Baker	Baker	571	2654	3311	0
npc	-1	Silk merchant	Silk merchant	574	2656	3301	0
npc	-1	Banker	Banker	495	2657	3280	0
npc	-1	Banker	Banker	494	2657	3283	0
npc	-1	Banker	Banker	494	2657	3286	0
npc	-1	Paladin	Paladin	20	2657	3307	0
npc	-1	Spice seller	Spice seller	572	2658	3296	0
npc	-1	Silver merchant	Silver merchant	569	2658	3316	0
npc	-1	Guard	Guard	32	2659	3309	0
npc	-1	Guard	Guard	32	2660	3309	0
npc	-1	Guard	Guard	32	2661	3309	0
npc	-1	Guard	Guard	32	2663	3301	0
npc	-1	Guard	Guard	32	2664	3318	0
npc	-1	Guard	Guard	32	2665	3300	0
npc	-1	Fur Trader	Fur trader	573	2666	3295	0
npc	-1	Hero	Hero	21	2667	3316	0
npc	-1	Knight of Ardougne	Knight of Ardougne	23	2669	3298	0
npc	-1	Gem merchant	Gem merchant	570	2669	3303	0
npc	-1	Baker	Baker	571	2669	3310	0
npc	-1	Knight of Ardougne	Knight of Ardougne	23	2671	3313	0
npc	-1	Captain Barnaby	Captain Barnaby	381	2679	3275	0
npc	-1	Wizard Cromperty	Wizard Cromperty	844	2683	3326	0
npc	-1	Guard	Guard	32	2635	3339	0
npc	-1	Guard	Guard	32	2636	3340	0
npc	-1	Guard	Guard	32	2637	3339	0
npc	-1	Farmer	Farmer	7	2645	3367	0
npc	-1	Farmer	Farmer	7	2646	3364	0
npc	-1	Woman	Woman	25	2647	3357	0
npc	-1	Sheep	Sheep	43	2650	3366	0
npc	-1	Sheep	Sheep	43	2650	3375	0
npc	-1	Sheep	Sheep	43	2651	3360	0
npc	-1	Farmer	Farmer	7	2652	3351	0
npc	-1	Sheep	Sheep	43	2652	3373	0
npc	-1	Sheep	Sheep	43	2653	3362	0
npc	-1	Sheep	Sheep	43	2654	3357	0
npc	-1	Sheep	Sheep	43	2655	3368	0
npc	-1	Sheep	Sheep	43	2656	3364	0
npc	-1	Sheep	Sheep	43	2656	3371	0
npc	-1	Sheep	Sheep	43	2656	3378	0
npc	-1	Cow	Cow	81	2657	3341	0
npc	-1	Cow	Cow	81	2658	3351	0
npc	-1	Cow	Cow	81	2660	3344	0
npc	-1	Cow	Cow	81	2664	3341	0
npc	-1	Cow	Cow	81	2664	3348	0
npc	-1	Cow	Cow	81	2664	3352	0
npc	-1	Cow	Cow	81	2666	3344	0
npc	-1	Cow	Cow	81	2670	3348	0
npc	-1	Cow	Cow	81	2671	3342	0
npc	-1	Cow	Cow	81	2672	3354	0
npc	-1	Joshua	Joshua	229	2629	3415	0
npc	-1	Big Dave	Big Dave	228	2634	3425	0
npc	-1	A Sinister Stranger	A Sinister Stranger	226	2637	3440	0
npc	-1	Bonzo	Bonzo	225	2641	3439	0
npc	-1	Morris	Morris	227	2643	3440	0
npc	-1	Chicken	Chicken	41	2650	3441	0
npc	-1	Chicken	Chicken	41	2650	3442	0
npc	-1	Grandpa Jack	Grandpa Jack	230	2650	3452	0
npc	-1	Chicken	Chicken	41	2651	3441	0
npc	-1	Chicken	Chicken	41	2651	3442	0
npc	-1	Guard	Guard	678	2655	3426	0
npc	-1	Guard	Guard	678	2655	3429	0
npc	-1	Ranging Guild Doorman	Ranging Guild Doorman	679	2658	3439	0
npc	-1	Ticket Merchant	Ticket Merchant	694	2659	3429	0
npc	-1	Ticket Merchant	Ticket Merchant	694	2659	3431	0
npc	-1	Guard	Guard	678	2659	3438	0
npc	-1	Tribal Weapon Salesman	Tribal Weapon Salesman	692	2661	3419	0
npc	-1	Guard	Guard	678	2663	3425	0
npc	-1	Guard	Guard	678	2666	3415	0
npc	-1	Armour salesman	Armour salesman	682	2667	3436	0
npc	-1	Guard	Guard	678	2669	3415	0
npc	-1	Competition Judge	Competition Judge	693	2669	3418	0
npc	-1	Guard	Guard	678	2669	3441	0
npc	-1	Guard	Guard	678	2670	3438	0
npc	-1	Bow and Arrow salesman	Bow and Arrow salesman	683	2673	3434	0
npc	-1	Guard	Guard	678	2673	3439	0
npc	-1	Guard	Guard	678	2675	3428	0
npc	-1	Leatherworker	Leatherworker	680	2678	3434	0
npc	-1	Guard	Guard	678	2682	3430	0
npc	-1	Tower Advisor	Tower Advisor	687	2666	3427	2
npc	-1	Tower Advisor	Tower Advisor	684	2667	3430	2
npc	-1	Tower Advisor	Tower Advisor	686	2669	3426	2
npc	-1	Tower Advisor	Tower Advisor	685	2670	3429	2
npc	-1	Guard dog	Guard dog	99	2625	3502	0
npc	-1	Guard dog	Guard dog	99	2628	3484	0
npc	-1	Guard dog	Guard dog	99	2631	3472	0
npc	-1	Guard dog	Guard dog	99	2636	3503	0
npc	-1	Guard dog	Guard dog	99	2645	3488	0
npc	-1	Forester	Forester	231	2648	3469	0
npc	-1	Forester	Forester	231	2649	3468	0
npc	-1	Forester	Forester	231	2650	3468	0
npc	-1	Forester	Forester	231	2651	3469	0
npc	-1	Guard dog	Guard dog	99	2659	3478	0
npc	-1	Guard dog	Guard dog	99	2665	3471	0
npc	-1	Guard dog	Guard dog	99	2666	3506	0
npc	-1	Guard dog	Guard dog	99	2669	3488	0
npc	-1	Guard dog	Guard dog	99	2674	3504	0
npc	-1	Wolf	Wolf	1330	2626	3633	0
npc	-1	Wolf	Wolf	1330	2630	3631	0
npc	-1	Wolf	Wolf	1330	2630	3637	0
npc	-1	Wolf	Wolf	1330	2641	3626	0
npc	-1	Wolf	Wolf	1330	2642	3622	0
npc	-1	Wolf	Wolf	1330	2644	3627	0
npc	-1	Wolf	Wolf	95	2647	3584	0
npc	-1	Council workman	Council workman	1287	2655	3592	0
npc	-1	Town Guard	Town Guard	1298	2660	3646	0
npc	-1	Town Guard	Town Guard	1299	2664	3646	0
npc	-1	Wolf	Wolf	95	2680	3585	0
npc	-1	Wolf	Wolf	95	2682	3592	0
npc	-1	Warrior	Warrior	1318	2625	3664	0
npc	-1	Yrsa	Yrsa	1301	2625	3675	0
npc	-1	Sassilik	Sassilik	1313	2627	3654	0
npc	-1	Sailor	Sailor	1304	2629	3693	0
npc	-1	Warrior	Warrior	1318	2630	3676	0
npc	-1	Warrior	Warrior	1318	2634	3651	0
npc	-1	Peer the Seer	Peer the Seer	1288	2634	3668	0
npc	-1	Market Guard	Market Guard	1317	2635	3676	0
npc	-1	Jennella	Jennella	1312	2640	3651	0
npc	-1	Fur Trader	Fur trader	1316	2640	3675	0
npc	-1	Sigmund The Merchant	Sigmund The Merchant	1282	2641	3680	0
npc	-1	Fisherman	Fisherman	1302	2641	3699	0
npc	-1	Agnar	Agnar	1305	2642	3677	0
npc	-1	Warrior	Warrior	1318	2643	3674	0
npc	-1	Market Guard	Market Guard	1317	2644	3670	0
npc	-1	Market Guard	Market Guard	1317	2644	3677	0
npc	-1	Market Guard	Market Guard	1317	2644	3683	0
npc	-1	Swensen the Navigator	Swensen the Navigator	1283	2646	3660	0
npc	-1	Fish monger	Fish monger	1315	2646	3675	0
npc	-1	Warrior	Warrior	1318	2650	3652	0
npc	-1	Market Guard	Market Guard	1317	2650	3676	0
npc	-1	Lensa	Lensa	1311	2655	3652	0
npc	-1	Bjorn	Bjorn	1284	2655	3673	0
npc	-1	Warrior	Warrior	1318	2655	3691	0
npc	-1	Guard	Guard	1296	2657	3663	0
npc	-1	Styrmir	Styrmir	1275	2657	3680	0
npc	-1	Askeladden	Askeladden	1295	2658	3660	0
npc	-1	Eldgrim	Eldgrim	1285	2658	3674	0
npc	-1	Torbrund	Torbrund	1276	2658	3679	0
npc	-1	Brundt the Chieftain	Brundt the Chieftain	1294	2659	3669	0
npc	-1	Fridgeir	Fridgeir	1277	2659	3678	0
npc	-1	Sigli the Huntsman	Sigli the Huntsman	1281	2660	3653	0
npc	-1	Guard	Guard	1297	2660	3663	0
npc	-1	Manni the Reveller	Manni the Reveller	1286	2660	3673	0
npc	-1	Ospak	Ospak	1274	2660	3680	0
npc	-1	Thora the Barkeep	Thora the Barkeep	1300	2662	3673	0
npc	-1	Skulgrimen	Skulgrimen	1303	2663	3694	0
npc	-1	Pontak	Pontak	1309	2666	3652	0
npc	-1	Warrior	Warrior	1318	2666	3678	0
npc	-1	Thorvald the Warrior	Thorvald the Warrior	1289	2666	3693	0
npc	-1	Longhall Bouncer	Longhall Bouncer	1278	2667	3684	0
npc	-1	Freygerd	Freygerd	1310	2667	3702	0
npc	-1	Warrior	Warrior	1318	2668	3658	0
npc	-1	Warrior	Warrior	1318	2668	3670	0
npc	-1	Warrior	Warrior	1318	2668	3710	0
npc	-1	Olaf the Bard	Olaf the Bard	1269	2673	3683	0
npc	-1	Warrior	Warrior	1318	2673	3695	0
npc	-1	Freidir	Freidir	1306	2674	3675	0
npc	-1	Inga	Inga	1314	2674	3677	0
npc	-1	Lanzig	Lanzig	1308	2676	3665	0
npc	-1	Chicken	Chicken	1017	2679	3663	0
npc	-1	Chicken	Chicken	41	2679	3665	0
npc	-1	Borrokar	Borrokar	1307	2679	3690	0
npc	-1	Rooster	Rooster	1018	2680	3662	0
npc	-1	Chicken	Chicken	41	2680	3664	0
npc	-1	Chicken	Chicken	1017	2681	3663	0
npc	-1	Warrior	Warrior	1318	2685	3653	0
npc	-1	Hobgoblin	Hobgoblin	123	2656	3720	0
npc	-1	Hobgoblin	Hobgoblin	123	2656	3727	0
npc	-1	Hobgoblin	Hobgoblin	123	2661	3731	0
npc	-1	Hobgoblin	Hobgoblin	123	2669	3725	0
npc	-1	Hobgoblin	Hobgoblin	123	2675	3731	0
npc	-1	Grail Maiden	Grail Maiden	210	2631	4677	0
npc	-1	Grail Maiden	Grail Maiden	210	2631	4687	0
npc	-1	Grail Maiden	Grail Maiden	210	2632	4682	0
npc	-1	Peasant	Peasant	215	2637	4722	0
npc	-1	Grail Maiden	Grail Maiden	210	2638	4680	0
npc	-1	Grail Maiden	Grail Maiden	210	2638	4690	0
npc	-1	Grail Maiden	Grail Maiden	210	2641	4686	0
npc	-1	Peasant	Peasant	215	2648	4718	0
npc	-1	Peasant	Peasant	215	2649	4703	0
npc	-1	Sheep	Sheep	43	2650	4711	0
npc	-1	Sheep	Sheep	43	2652	4714	0
npc	-1	Sheep	Sheep	43	2653	4706	0
npc	-1	Sheep	Sheep	43	2653	4709	0
npc	-1	Sheep	Sheep	43	2653	4713	0
npc	-1	Sheep	Sheep	43	2656	4714	0
npc	-1	Sheep	Sheep	43	2657	4707	0
npc	-1	Sheep	Sheep	43	2657	4710	0
npc	-1	Sheep	Sheep	43	2659	4707	0
npc	-1	Sheep	Sheep	43	2659	4714	0
npc	-1	Peasant	Peasant	215	2660	4721	0
npc	-1	Peasant	Peasant	215	2661	4698	0
npc	-1	King Percival	King Percival	212	2634	4688	1
npc	-1	Hobgoblin	Hobgoblin	123	2694	9687	0
npc	-1	Hobgoblin	Hobgoblin	123	2696	9689	0
npc	-1	Hobgoblin	Hobgoblin	123	2697	9693	0
npc	-1	Hobgoblin	Hobgoblin	123	2699	9688	0
npc	-1	Ogre	Ogre	114	2719	9668	0
npc	-1	Ogre	Ogre	114	2719	9715	0
npc	-1	Ogre	Ogre	114	2720	9702	0
npc	-1	Ogre	Ogre	114	2722	9669	0
npc	-1	Ogre	Ogre	114	2723	9707	0
npc	-1	Ogre	Ogre	114	2724	9713	0
npc	-1	Hellhound	Hellhound	49	2734	9688	0
npc	-1	Hellhound	Hellhound	49	2734	9693	0
npc	-1	Giant bat	Giant bat	78	2703	9734	0
npc	-1	Pit Scorpion	Pit Scorpion	109	2710	9753	0
npc	-1	Pit Scorpion	Pit Scorpion	109	2711	9746	0
npc	-1	Pit Scorpion	Pit Scorpion	109	2712	9741	0
npc	-1	Pit Scorpion	Pit Scorpion	109	2712	9749	0
npc	-1	Pit Scorpion	Pit Scorpion	109	2712	9754	0
npc	-1	Pit Scorpion	Pit Scorpion	109	2713	9742	0
npc	-1	Pit Scorpion	Pit Scorpion	109	2715	9749	0
npc	-1	Pit Scorpion	Pit Scorpion	109	2716	9744	0
npc	-1	Pit Scorpion	Pit Scorpion	109	2718	9751	0
npc	-1	Pit Scorpion	Pit Scorpion	109	2720	9742	0
npc	-1	Pit Scorpion	Pit Scorpion	109	2720	9759	0
npc	-1	Pit Scorpion	Pit Scorpion	109	2721	9746	0
npc	-1	Pit Scorpion	Pit Scorpion	109	2721	9754	0
npc	-1	Pit Scorpion	Pit Scorpion	109	2723	9738	0
npc	-1	Pit Scorpion	Pit Scorpion	109	2723	9744	0
npc	-1	Pit Scorpion	Pit Scorpion	109	2724	9749	0
npc	-1	Pit Scorpion	Pit Scorpion	109	2725	9758	0
npc	-1	Pit Scorpion	Pit Scorpion	109	2727	9741	0
npc	-1	Pit Scorpion	Pit Scorpion	109	2727	9747	0
npc	-1	Pit Scorpion	Pit Scorpion	109	2728	9744	0
npc	-1	Giant bat	Giant bat	78	2730	9769	0
npc	-1	Giant bat	Giant bat	78	2731	9763	0
npc	-1	Giant bat	Giant bat	78	2731	9774	0
npc	-1	Giant bat	Giant bat	78	2734	9770	0
npc	-1	King black dragon	King black dragon	50	2716	9817	0
npc	-1	Earth elemental	Earth elemental	1020	2693	9904	0
npc	-1	Earth elemental	Earth elemental	1020	2696	9908	0
npc	-1	Earth elemental	Earth elemental	1020	2699	9911	0
npc	-1	Earth elemental	Earth elemental	1020	2701	9901	0
npc	-1	Earth elemental	Earth elemental	1020	2701	9905	0
npc	-1	Fire elemental	Fire elemental	1019	2711	9877	0
npc	-1	Water elemental	Water elemental	1022	2713	9904	0
npc	-1	Fire elemental	Fire elemental	1019	2714	9875	0
npc	-1	Water elemental	Water elemental	1022	2715	9906	0
npc	-1	Fire elemental	Fire elemental	1019	2716	9878	0
npc	-1	Fire elemental	Fire elemental	1019	2717	9874	0
npc	-1	Water elemental	Water elemental	1022	2718	9902	0
npc	-1	Water elemental	Water elemental	1022	2718	9904	0
npc	-1	Fire elemental	Fire elemental	1019	2719	9878	0
npc	-1	Fire elemental	Fire elemental	1019	2720	9875	0
npc	-1	Water elemental	Water elemental	1022	2722	9903	0
npc	-1	Fire elemental	Fire elemental	1019	2723	9877	0
npc	-1	Fire elemental	Fire elemental	1019	2724	9879	0
npc	-1	Water elemental	Water elemental	1022	2726	9904	0
npc	-1	Water elemental	Water elemental	1022	2729	9904	0
npc	-1	Air elemental	Air elemental	1021	2733	9887	0
npc	-1	Air elemental	Air elemental	1021	2733	9894	0
npc	-1	Air elemental	Air elemental	1021	2734	9891	0
npc	-1	Air elemental	Air elemental	1021	2735	9893	0
npc	-1	Air elemental	Air elemental	1021	2736	9891	0
npc	-1	Air elemental	Air elemental	1021	2738	9889	0
npc	-1	Air elemental	Air elemental	1021	2738	9894	0
npc	-1	Tribesman	Tribesman	191	2723	3159	0
npc	-1	Tribesman	Tribesman	191	2724	3158	0
npc	-1	Tribesman	Tribesman	191	2724	3161	0
npc	-1	Tribesman	Tribesman	191	2725	3163	0
npc	-1	Tribesman	Tribesman	191	2728	3158	0
npc	-1	Tribesman	Tribesman	191	2729	3158	0
npc	-1	Tribesman	Tribesman	191	2729	3164	0
npc	-1	Tribesman	Tribesman	191	2730	3162	0
npc	-1	Tribesman	Tribesman	191	2731	3161	0
npc	-1	Monkey	Monkey	132	2732	3176	0
npc	-1	Snake	Snake	128	2733	3165	0
npc	-1	Snake	Snake	128	2734	3147	0
npc	-1	Snake	Snake	128	2739	3169	0
npc	-1	Monkey	Monkey	132	2742	3159	0
npc	-1	Snake	Snake	128	2749	3151	0
npc	-1	Snake	Snake	128	2751	3166	0
npc	-1	Moss giant	Moss giant	112	2691	3215	0
npc	-1	Moss giant	Moss giant	112	2692	3204	0
npc	-1	Moss giant	Moss giant	112	2695	3216	0
npc	-1	Moss giant	Moss giant	112	2698	3206	0
npc	-1	Moss giant	Moss giant	112	2699	3212	0
npc	-1	Poison Scorpion	Poison Scorpion	108	2715	3218	0
npc	-1	Poison Scorpion	Poison Scorpion	108	2719	3223	0
npc	-1	Poison Scorpion	Poison Scorpion	108	2720	3212	0
npc	-1	Poison Scorpion	Poison Scorpion	108	2722	3220	0
npc	-1	Poison Scorpion	Poison Scorpion	108	2724	3215	0
npc	-1	Poison Scorpion	Poison Scorpion	108	2729	3224	0
npc	-1	Poison Scorpion	Poison Scorpion	108	2733	3225	0
npc	-1	Chicken	Chicken	41	2691	3273	0
npc	-1	Chicken	Chicken	41	2691	3277	0
npc	-1	Chicken	Chicken	41	2692	3271	0
npc	-1	Chicken	Chicken	41	2695	3274	0
npc	-1	Caroline	Caroline	696	2716	3302	0
npc	-1	Holgart	Holgart	700	2720	3306	0
npc	-1	Bear	Bear	105	2691	3341	0
npc	-1	Bear	Bear	105	2692	3333	0
npc	-1	Bear	Bear	105	2694	3344	0
npc	-1	Bear	Bear	105	2698	3331	0
npc	-1	Bear	Bear	105	2702	3344	0
npc	-1	Bear	Bear	105	2706	3330	0
npc	-1	Bear	Bear	105	2708	3336	0
npc	-1	Bear	Bear	105	2716	3336	0
npc	-1	Bear	Bear	105	2718	3330	0
npc	-1	Radimus Erkle	Radimus Erkle	400	2724	3368	0
npc	-1	Radimus Erkle	Radimus Erkle	400	2724	3378	0
npc	-1	Legends Guard	Legends Guard	398	2726	3349	0
npc	-1	Legends Guard	Legends Guard	399	2731	3348	0
npc	-1	Fionella	Fionella	932	2725	3378	1
npc	-1	Siegfried Erkle	Siegfried Erkle	933	2725	3381	2
npc	-1	Banker	Banker	494	2731	3377	2
npc	-1	Banker	Banker	495	2732	3379	2
npc	-1	Banker	Banker	494	2732	3381	2
npc	-1	Banker	Banker	495	2733	3377	2
npc	-1	Unicorn	Unicorn	89	2700	3423	0
npc	-1	Unicorn	Unicorn	89	2700	3442	0
npc	-1	Thormac	Thormac	389	2702	3405	3
npc	-1	Woman	Woman	5	2690	3489	0
npc	-1	Bartender	Bartender	737	2690	3493	0
npc	-1	Woman	Woman	4	2691	3496	0
npc	-1	Man	Man	2	2693	3489	0
npc	-1	Man	Man	1	2694	3497	0
npc	-1	Poison Salesman	Poison Salesman	820	2695	3495	0
npc	-1	Woman	Woman	4	2696	3497	0
npc	-1	Woman	Woman	4	2697	3497	0
npc	-1	Man	Man	3	2698	3491	0
npc	-1	Woman	Woman	5	2699	3494	0
npc	-1	Seer	Seer	388	2702	3475	0
npc	-1	Man	Man	1	2713	3480	0
npc	-1	Seer	Seer	388	2714	3471	0
npc	-1	Seer	Seer	388	2716	3485	0
npc	-1	Banker	Banker	495	2722	3495	0
npc	-1	Banker	Banker	494	2722	3496	0
npc	-1	Banker	Banker	494	2724	3495	0
npc	-1	Banker	Banker	495	2726	3496	0
npc	-1	Banker	Banker	495	2727	3495	0
npc	-1	Banker	Banker	494	2727	3496	0
npc	-1	Banker	Banker	494	2729	3495	0
npc	-1	Banker	Banker	495	2729	3496	0
npc	-1	Party Pete	Party Pete	659	2733	3472	0
npc	-1	Poison Salesman	Poison Salesman	820	2737	3491	0
npc	-1	Seer	Seer	388	2705	3473	1
npc	-1	Lucy	Lucy	662	2737	3461	1
npc	-1	Megan	Megan	661	2738	3472	1
npc	-1	Wolf	Wolf	95	2706	3580	0
npc	-1	Wolf	Wolf	95	2717	3569	0
npc	-1	Stanford	Stanford	811	2731	3579	0
npc	-1	Cow	Cow	81	2733	3561	0
npc	-1	Anna	Anna	814	2734	3575	0
npc	-1	Louisa	Louisa	809	2734	3581	0
npc	-1	Highwayman	Highwayman	180	2735	3521	0
npc	-1	Chicken	Chicken	41	2735	3559	0
npc	-1	Gossip	Gossip	813	2735	3560	0
npc	-1	Chicken	Chicken	41	2736	3562	0
npc	-1	Hobbes	Hobbes	808	2736	3575	0
npc	-1	Chicken	Chicken	41	2738	3560	0
npc	-1	Guard	Guard	812	2739	3577	0
npc	-1	David	David	817	2739	3581	0
npc	-1	Guard	Guard	812	2741	3562	0
npc	-1	Gossip	Gossip	813	2742	3555	0
npc	-1	Frank	Frank	819	2742	3577	0
npc	-1	Bob	Bob	815	2748	3559	0
npc	-1	Highwayman	Highwayman	180	2749	3521	0
npc	-1	Pierre	Pierre	807	2750	3576	0
npc	-1	Sinclair Guard dog	Sinclair Guard dog	821	2750	3580	0
npc	-1	Carol	Carol	816	2734	3581	1
npc	-1	Mary	Mary	810	2736	3576	1
npc	-1	Donovan the Family Handyman	Donovan the Family Handyman	806	2745	3576	1
npc	-1	Elizabeth	Elizabeth	818	2746	3581	1
npc	-1	Bear Cub	Bear Cub	1326	2689	3612	0
npc	-1	Bear Cub	Bear Cub	1327	2691	3610	0
npc	-1	Bear	Bear	105	2691	3612	0
npc	-1	Bear Cub	Bear Cub	1326	2691	3614	0
npc	-1	Bear Cub	Bear Cub	1327	2693	3612	0
npc	-1	Bear Cub	Bear Cub	1326	2719	3643	0
npc	-1	Bear Cub	Bear Cub	1327	2721	3641	0
npc	-1	Bear	Bear	105	2721	3643	0
npc	-1	Bear Cub	Bear Cub	1327	2721	3646	0
npc	-1	Bear Cub	Bear Cub	1326	2723	3643	0
npc	-1	Fox	Fox	1319	2725	3602	0
npc	-1	Bunny	Bunny	1321	2736	3638	0
npc	-1	Bunny	Bunny	1321	2737	3635	0
npc	-1	Fox	Fox	1319	2738	3597	0
npc	-1	Bunny	Bunny	1320	2738	3635	0
npc	-1	Bunny	Bunny	1321	2738	3636	0
npc	-1	Unicorn Foal	Unicorn Foal	1328	2739	3605	0
npc	-1	Bunny	Bunny	1321	2739	3635	0
npc	-1	Bunny	Bunny	1320	2739	3636	0
npc	-1	Bunny	Bunny	1320	2740	3636	0
npc	-1	Bunny	Bunny	1321	2740	3638	0
npc	-1	Unicorn	Unicorn	89	2741	3605	0
npc	-1	Unicorn Foal	Unicorn Foal	1328	2743	3605	0
npc	-1	Black unicorn Foal	Black unicorn Foal	1329	2707	3670	0
npc	-1	Black unicorn	Black unicorn	133	2708	3672	0
npc	-1	Black unicorn Foal	Black unicorn Foal	1329	2710	3672	0
npc	-1	Black unicorn Foal	Black unicorn Foal	1329	2728	3661	0
npc	-1	Black unicorn	Black unicorn	133	2730	3659	0
npc	-1	Black unicorn Foal	Black unicorn Foal	1329	2732	3659	0
npc	-1	Ungadulu	Ungadulu	929	2792	9327	0
npc	-1	Death wing	Death wing	79	2796	9304	0
npc	-1	Death wing	Death wing	79	2799	9308	0
npc	-1	Death wing	Death wing	79	2800	9301	0
npc	-1	Death wing	Death wing	79	2803	9296	0
npc	-1	Death wing	Death wing	79	2806	9292	0
npc	-1	Death wing	Death wing	79	2808	9308	0
npc	-1	Death wing	Death wing	79	2811	9296	0
npc	-1	Death wing	Death wing	79	2811	9301	0
npc	-1	Oomlie Bird	Oomlie Bird	48	2768	2912	0
npc	-1	Oomlie Bird	Oomlie Bird	48	2771	2907	0
npc	-1	Oomlie Bird	Oomlie Bird	48	2773	2928	0
npc	-1	Jungle Wolf	Jungle Wolf	143	2775	2913	0
npc	-1	Jungle Savage	Jungle Savage	931	2776	2905	0
npc	-1	Oomlie Bird	Oomlie Bird	48	2776	2934	0
npc	-1	Oomlie Bird	Oomlie Bird	48	2778	2900	0
npc	-1	Jungle Savage	Jungle Savage	931	2783	2920	0
npc	-1	Jungle Savage	Jungle Savage	931	2784	2908	0
npc	-1	Oomlie Bird	Oomlie Bird	48	2785	2925	0
npc	-1	Oomlie Bird	Oomlie Bird	48	2785	2935	0
npc	-1	Oomlie Bird	Oomlie Bird	48	2789	2915	0
npc	-1	Jungle Wolf	Jungle Wolf	143	2789	2932	0
npc	-1	Oomlie Bird	Oomlie Bird	48	2791	2931	0
npc	-1	Oomlie Bird	Oomlie Bird	48	2794	2906	0
npc	-1	Oomlie Bird	Oomlie Bird	48	2798	2901	0
npc	-1	Oomlie Bird	Oomlie Bird	48	2799	2933	0
npc	-1	Jungle Wolf	Jungle Wolf	143	2801	2899	0
npc	-1	Jungle Savage	Jungle Savage	931	2802	2903	0
npc	-1	Jungle Savage	Jungle Savage	931	2802	2913	0
npc	-1	Oomlie Bird	Oomlie Bird	48	2802	2921	0
npc	-1	Oomlie Bird	Oomlie Bird	48	2807	2908	0
npc	-1	Jungle Savage	Jungle Savage	931	2809	2912	0
npc	-1	Jungle Wolf	Jungle Wolf	143	2813	2917	0
npc	-1	Oomlie Bird	Oomlie Bird	48	2815	2908	0
npc	-1	Jungle Forester	Jungle Forester	402	2759	2944	0
npc	-1	Jungle Forester	Jungle Forester	401	2764	2944	0
npc	-1	Tinsay	Tinsay	1165	2764	2976	0
npc	-1	Scorpion	Scorpion	107	2765	2978	0
npc	-1	Scorpion	Scorpion	107	2768	2980	0
npc	-1	Scorpion	Scorpion	107	2785	2955	0
npc	-1	Scorpion	Scorpion	107	2786	2947	0
npc	-1	Monkey	Monkey	132	2787	3002	0
npc	-1	Scorpion	Scorpion	107	2788	2948	0
npc	-1	Monkey	Monkey	132	2790	2997	0
npc	-1	Jungle Forester	Jungle Forester	402	2792	2944	0
npc	-1	Monkey	Monkey	132	2792	2994	0
npc	-1	Monkey	Monkey	132	2794	3000	0
npc	-1	Monkey	Monkey	132	2796	2993	0
npc	-1	Jungle Forester	Jungle Forester	401	2798	2944	0
npc	-1	Monkey	Monkey	132	2799	2996	0
npc	-1	Captain Shanks	Captain Shanks	518	2763	2961	1
npc	-1	Tribesman	Tribesman	191	2771	3014	0
npc	-1	Tribesman	Tribesman	191	2773	3017	0
npc	-1	Tribesman	Tribesman	191	2777	3068	0
npc	-1	Chicken	Chicken	41	2780	3064	0
npc	-1	Tiadeche	Tiadeche	1164	2781	3057	0
npc	-1	Hobgoblin	Hobgoblin	122	2787	3013	0
npc	-1	Chicken	Chicken	41	2788	3061	0
npc	-1	Tinsay	Tinsay	1166	2790	3054	0
npc	-1	Hobgoblin	Hobgoblin	122	2791	3013	0
npc	-1	Hobgoblin	Hobgoblin	122	2794	3013	0
npc	-1	Tamayu	Tamayu	1168	2800	3057	0
npc	-1	Tribesman	Tribesman	191	2801	3067	0
npc	-1	Chicken	Chicken	41	2805	3064	0
npc	-1	Chicken	Chicken	41	2808	3067	0
npc	-1	Jiminua	Jiminua	560	2767	3122	0
npc	-1	Snake	Snake	128	2772	3093	0
npc	-1	Snake	Snake	128	2775	3089	0
npc	-1	Snake	Snake	128	2784	3104	0
npc	-1	Snake	Snake	128	2785	3101	0
npc	-1	Snake	Snake	128	2804	3116	0
npc	-1	Trufitus	Trufitus	740	2809	3086	0
npc	-1	Snake	Snake	128	2811	3112	0
npc	-1	Timfraku	Timfraku	1162	2780	3087	1
npc	-1	Snake	Snake	128	2754	3171	0
npc	-1	Monkey	Monkey	132	2755	3170	0
npc	-1	Monkey	Monkey	132	2758	3178	0
npc	-1	Pirate Guard	Pirate Guard	799	2761	3191	0
npc	-1	Snake	Snake	128	2763	3180	0
npc	-1	Pirate	Pirate	183	2763	3186	0
npc	-1	Lubufu	Lubufu	1171	2770	3169	0
npc	-1	Pirate Guard	Pirate Guard	799	2770	3194	0
npc	-1	Grip	Grip	792	2774	3192	0
npc	-1	Garv	Garv	788	2776	3186	0
npc	-1	Pirate Guard	Pirate Guard	799	2776	3190	0
npc	-1	Pirate Guard	Pirate Guard	799	2776	3198	0
npc	-1	Pirate Guard	Pirate Guard	799	2778	3194	0
npc	-1	Pirate Guard	Pirate Guard	799	2778	3198	0
npc	-1	Monkey	Monkey	132	2783	3175	0
npc	-1	Guard dog	Guard dog	99	2784	3191	0
npc	-1	Guard dog	Guard dog	99	2784	3197	0
npc	-1	Thief	Thief	8	2785	3179	0
npc	-1	Snake	Snake	128	2786	3174	0
npc	-1	Guard dog	Guard dog	99	2787	3195	0
npc	-1	Pirate	Pirate	183	2789	3183	0
npc	-1	Charlie the cook	Charlie the cook	794	2790	3191	0
npc	-1	Kangai Mau	Kangai Mau	846	2791	3182	0
npc	-1	Pirate	Pirate	183	2791	3187	0
npc	-1	Pirate	Pirate	183	2792	3161	0
npc	-1	Pirate	Pirate	183	2793	3157	0
npc	-1	Pirate	Pirate	183	2793	3167	0
npc	-1	Alfonse the waiter	Alfonse the waiter	793	2793	3188	0
npc	-1	Pirate	Pirate	183	2794	3183	0
npc	-1	Pirate	Pirate	183	2795	3157	0
npc	-1	Pirate	Pirate	183	2795	3162	0
npc	-1	Pirate	Pirate	183	2796	3168	0
npc	-1	Thief	Thief	8	2796	3177	0
npc	-1	Pirate	Pirate	183	2796	3188	0
npc	-1	Bartender	Bartender	735	2797	3155	0
npc	-1	Pirate	Pirate	183	2797	3160	0
npc	-1	Pirate	Pirate	183	2797	3165	0
npc	-1	Pirate	Pirate	183	2798	3186	0
npc	-1	Pirate	Pirate	183	2799	3182	0
npc	-1	Pirate	Pirate	183	2802	3164	0
npc	-1	Pirate Guard	Pirate Guard	799	2802	3195	0
npc	-1	Davon	Davon	588	2803	3152	0
npc	-1	Thief	Thief	8	2803	3179	0
npc	-1	Trobert	Trobert	790	2806	3174	0
npc	-1	Pirate	Pirate	183	2806	3185	0
npc	-1	Cap'n Izzy No-Beard	Cap'n Izzy No-Beard	437	2807	3190	0
npc	-1	Pirate Jackie the Fruit	Pirate Jackie the Fruit	1055	2811	3192	0
npc	-1	Pirate	Pirate	183	2811	3198	0
npc	-1	Thief	Thief	8	2812	3159	0
npc	-1	Grubor	Grubor	789	2812	3171	0
npc	-1	Monkey	Monkey	132	2812	3182	0
npc	-1	Snake	Snake	128	2772	3209	0
npc	-1	Customs officer	Customs officer	380	2772	3225	0
npc	-1	Customs officer	Customs officer	380	2772	3231	0
npc	-1	Customs officer	Customs officer	380	2773	3229	0
npc	-1	Hajedy	Hajedy	510	2779	3211	0
npc	-1	Sea slug	Sea slug	1006	2761	3284	0
npc	-1	Bailey	Bailey	695	2763	3276	0
npc	-1	Sea slug	Sea slug	1006	2766	3274	0
npc	-1	Sea slug	Sea slug	1006	2766	3277	0
npc	-1	Sea slug	Sea slug	1006	2766	3286	0
npc	-1	Sea slug	Sea slug	1006	2766	3288	0
npc	-1	Fisherman	Fisherman	702	2768	3274	0
npc	-1	Sea slug	Sea slug	1006	2768	3277	0
npc	-1	Fisherman	Fisherman	703	2768	3285	0
npc	-1	Sea slug	Sea slug	1006	2768	3290	0
npc	-1	Sea slug	Sea slug	1006	2769	3279	0
npc	-1	Fisherman	Fisherman	702	2772	3273	0
npc	-1	Sea slug	Sea slug	1006	2774	3291	0
npc	-1	Fisherman	Fisherman	702	2775	3285	0
npc	-1	Sea slug	Sea slug	1006	2777	3278	0
npc	-1	Fisherman	Fisherman	703	2778	3278	0
npc	-1	Sea slug	Sea slug	1006	2778	3285	0
npc	-1	Fisherman	Fisherman	704	2778	3286	0
npc	-1	Fisherman	Fisherman	704	2778	3291	0
npc	-1	Sea slug	Sea slug	1006	2781	3278	0
npc	-1	Sea slug	Sea slug	1006	2781	3285	0
npc	-1	Fisherman	Fisherman	702	2781	3291	0
npc	-1	Holgart	Holgart	699	2782	3276	0
npc	-1	Sea slug	Sea slug	1006	2783	3275	0
npc	-1	Sea slug	Sea slug	1006	2783	3279	0
npc	-1	Sea slug	Sea slug	1006	2783	3289	0
npc	-1	Sea slug	Sea slug	1006	2784	3277	0
npc	-1	Sea slug	Sea slug	1006	2784	3279	0
npc	-1	Sea slug	Sea slug	1006	2785	3276	0
npc	-1	Sea slug	Sea slug	1006	2785	3287	0
npc	-1	Sea slug	Sea slug	1006	2788	3274	0
npc	-1	Sea slug	Sea slug	1006	2793	3275	0
npc	-1	Sea slug	Sea slug	1006	2793	3280	0
npc	-1	Kent	Kent	701	2793	3321	0
npc	-1	Fisherman	Fisherman	703	2794	3279	0
npc	-1	Holgart	Holgart	698	2799	3320	0
npc	-1	Kennith	Kennith	697	2764	3288	1
npc	-1	Sea slug	Sea slug	1006	2766	3282	1
npc	-1	Fisherman	Fisherman	703	2766	3285	1
npc	-1	Sea slug	Sea slug	1006	2767	3282	1
npc	-1	Sea slug	Sea slug	1006	2768	3282	1
npc	-1	Fisherman	Fisherman	704	2771	3282	1
npc	-1	Sea slug	Sea slug	1006	2771	3291	1
npc	-1	Sea slug	Sea slug	1006	2780	3283	1
npc	-1	Sea slug	Sea slug	1006	2780	3288	1
npc	-1	Sea slug	Sea slug	1006	2780	3290	1
npc	-1	Fisherman	Fisherman	702	2781	3290	1
npc	-1	Sea slug	Sea slug	1006	2783	3286	1
npc	-1	Fisherman	Fisherman	703	2784	3277	1
npc	-1	Sea slug	Sea slug	1006	2784	3279	1
npc	-1	Sea slug	Sea slug	1006	2785	3282	1
npc	-1	Fisherman	Fisherman	702	2785	3284	1
npc	-1	Fisherman	Fisherman	704	2787	3280	1
npc	-1	Frincos	Frincos	578	2808	3342	0
npc	-1	Bear	Bear	106	2809	3376	0
npc	-1	Giant bat	Giant bat	78	2752	3409	0
npc	-1	Giant bat	Giant bat	78	2753	3396	0
npc	-1	Giant bat	Giant bat	78	2759	3401	0
npc	-1	Renegade Knight	Renegade Knight	237	2766	3397	0
npc	-1	Renegade Knight	Renegade Knight	237	2767	3399	0
npc	-1	Renegade Knight	Renegade Knight	237	2773	3399	0
npc	-1	Candle maker	Candle maker	562	2800	3439	0
npc	-1	Arhein	Arhein	563	2803	3430	0
npc	-1	Man	Man	1	2803	3431	0
npc	-1	Man	Man	1	2805	3428	0
npc	-1	Banker	Banker	494	2807	3443	0
npc	-1	Banker	Banker	494	2808	3444	0
npc	-1	Banker	Banker	495	2809	3443	0
npc	-1	Banker	Banker	495	2811	3444	0
npc	-1	Renegade Knight	Renegade Knight	237	2766	3406	1
npc	-1	Renegade Knight	Renegade Knight	237	2767	3400	1
npc	-1	Renegade Knight	Renegade Knight	237	2770	3396	1
npc	-1	Renegade Knight	Renegade Knight	237	2771	3402	1
npc	-1	Renegade Knight	Renegade Knight	237	2774	3405	1
npc	-1	Sir Mordred	Sir Mordred	247	2769	3403	2
npc	-1	Sir Palomedes	Sir Palomedes	246	2754	3509	0
npc	-1	Sir Lucan	Sir Lucan	245	2754	3515	0
npc	-1	Sir Kay	Sir Kay	241	2761	3497	0
npc	-1	Sir Gawain	Sir Gawain	240	2763	3506	0
npc	-1	King Arthur	King Arthur	251	2764	3515	0
npc	-1	Unicorn	Unicorn	89	2783	3466	0
npc	-1	Unicorn	Unicorn	89	2791	3460	0
npc	-1	Ice giant	Ice giant	111	2804	3507	0
npc	-1	Ice giant	Ice giant	111	2811	3506	0
npc	-1	Sir Tristram	Sir Tristram	243	2755	3512	1
npc	-1	Sir Lancelot	Sir Lancelot	239	2759	3515	1
npc	-1	Sir Pelleas	Sir Pelleas	244	2761	3503	1
npc	-1	Sir Bedivere	Sir Bedivere	242	2766	3511	1
npc	-1	Golden sheep	Golden sheep	1272	2761	3608	0
npc	-1	Golden sheep	Golden sheep	1271	2763	3610	0
npc	-1	Golden sheep	Golden sheep	1272	2763	3612	0
npc	-1	Golden sheep	Golden sheep	1271	2764	3606	0
npc	-1	Golden sheep	Golden sheep	1272	2766	3605	0
npc	-1	Golden sheep	Golden sheep	1271	2768	3610	0
npc	-1	Golden sheep	Golden sheep	1272	2769	3607	0
npc	-1	Lalli	Lalli	1270	2770	3622	0
npc	-1	Grail Maiden	Grail Maiden	210	2760	4688	0
npc	-1	Grail Maiden	Grail Maiden	210	2763	4690	0
npc	-1	Peasant	Peasant	214	2765	4722	0
npc	-1	Grail Maiden	Grail Maiden	210	2766	4680	0
npc	-1	Grail Maiden	Grail Maiden	210	2769	4686	0
npc	-1	Peasant	Peasant	214	2776	4718	0
npc	-1	Peasant	Peasant	214	2777	4703	0
npc	-1	Peasant	Peasant	214	2788	4721	0
npc	-1	Peasant	Peasant	214	2789	4698	0
npc	-1	Black Knight Titan	Black Knight Titan	221	2791	4722	0
npc	-1	Fisherman	Fisherman	219	2802	4706	0
npc	-1	The Fisher King	The Fisher King	220	2762	4688	1
npc	-1	Jogre	Jogre	113	2826	9518	0
npc	-1	Jogre	Jogre	113	2834	9499	0
npc	-1	Jogre	Jogre	113	2834	9513	0
npc	-1	Jogre	Jogre	113	2836	9522	0
npc	-1	Jogre	Jogre	113	2838	9490	0
npc	-1	Jogre	Jogre	113	2848	9483	0
npc	-1	Jogre	Jogre	113	2849	9517	0
npc	-1	Jogre	Jogre	113	2857	9501	0
npc	-1	Jogre	Jogre	113	2857	9523	0
npc	-1	Jogre	Jogre	113	2860	9517	0
npc	-1	Jogre	Jogre	113	2863	9493	0
npc	-1	Jogre	Jogre	113	2866	9512	0
npc	-1	Lesser demon	Lesser demon	82	2831	9562	0
npc	-1	Giant bat	Giant bat	78	2834	9568	0
npc	-1	Deadly red spider	Deadly red spider	63	2834	9580	0
npc	-1	Deadly red spider	Deadly red spider	63	2834	9584	0
npc	-1	Lesser demon	Lesser demon	82	2836	9558	0
npc	-1	Deadly red spider	Deadly red spider	63	2836	9576	0
npc	-1	Lesser demon	Lesser demon	82	2837	9565	0
npc	-1	Deadly red spider	Deadly red spider	63	2838	9582	0
npc	-1	Lesser demon	Lesser demon	82	2840	9552	0
npc	-1	Lesser demon	Lesser demon	82	2841	9559	0
npc	-1	Deadly red spider	Deadly red spider	63	2842	9583	0
npc	-1	Lesser demon	Lesser demon	82	2843	9557	0
npc	-1	Skeleton	Skeleton	90	2848	9581	0
npc	-1	Skeleton	Skeleton	90	2853	9573	0
npc	-1	Giant bat	Giant bat	78	2856	9575	0
npc	-1	Skeleton	Skeleton	90	2859	9572	0
npc	-1	Skeleton	Skeleton	90	2860	9577	0
npc	-1	Giant bat	Giant bat	78	2861	9568	0
npc	-1	Skeleton	Skeleton	90	2864	9568	0
npc	-1	Skeleton	Skeleton	92	2830	9657	0
npc	-1	Skeleton	Skeleton	92	2832	9661	0
npc	-1	Skeleton	Skeleton	92	2834	9650	0
npc	-1	Skeleton	Skeleton	92	2834	9655	0
npc	-1	Skeleton	Skeleton	92	2834	9658	0
npc	-1	Lesser demon	Lesser demon	82	2835	9602	0
npc	-1	Lesser demon	Lesser demon	82	2837	9623	0
npc	-1	Lesser demon	Lesser demon	82	2838	9610	0
npc	-1	Skeleton	Skeleton	92	2838	9653	0
npc	-1	Lesser demon	Lesser demon	82	2839	9604	0
npc	-1	Skeleton	Skeleton	93	2840	9628	0
npc	-1	Skeleton	Skeleton	93	2840	9638	0
npc	-1	Skeleton	Skeleton	92	2840	9649	0
npc	-1	Skeleton	Skeleton	93	2841	9643	0
npc	-1	Skeleton	Skeleton	93	2842	9632	0
npc	-1	Skeleton	Skeleton	93	2843	9645	0
npc	-1	Skeleton	Skeleton	93	2844	9628	0
npc	-1	Lesser demon	Lesser demon	82	2845	9612	0
npc	-1	Skeleton	Skeleton	93	2845	9636	0
npc	-1	Elvarg	Elvarg	742	2852	9637	0
npc	-1	Zombie	Zombie	76	2842	9766	0
npc	-1	Zombie	Zombie	76	2843	9761	0
npc	-1	Zombie	Zombie	76	2846	9756	0
npc	-1	Zombie	Zombie	76	2846	9760	0
npc	-1	Zombie	Zombie	76	2849	9763	0
npc	-1	Black Demon	Black Demon	84	2854	9776	0
npc	-1	Black Demon	Black Demon	84	2860	9781	0
npc	-1	Greater demon	Greater demon	83	2861	9747	0
npc	-1	Greater demon	Greater demon	83	2862	9751	0
npc	-1	Black Demon	Black Demon	84	2863	9769	0
npc	-1	Black Demon	Black Demon	84	2869	9776	0
npc	-1	Monk of Zamorak	Monk of Zamorak	190	2825	9810	0
npc	-1	Monk of Zamorak	Monk of Zamorak	190	2828	9805	0
npc	-1	Monk of Zamorak	Monk of Zamorak	190	2829	9808	0
npc	-1	Monk of Zamorak	Monk of Zamorak	190	2829	9812	0
npc	-1	Black dragon	Black dragon	54	2829	9826	0
npc	-1	Monk of Zamorak	Monk of Zamorak	190	2833	9808	0
npc	-1	Monk of Zamorak	Monk of Zamorak	190	2834	9814	0
npc	-1	Black dragon	Black dragon	54	2835	9824	0
npc	-1	Poison spider	Poison spider	134	2850	9808	0
npc	-1	Hellhound	Hellhound	49	2856	9847	0
npc	-1	Poison spider	Poison spider	134	2857	9822	0
npc	-1	Hellhound	Hellhound	49	2857	9841	0
npc	-1	Poison spider	Poison spider	134	2859	9802	0
npc	-1	Poison spider	Poison spider	134	2859	9814	0
npc	-1	Hellhound	Hellhound	49	2861	9837	0
npc	-1	Poison spider	Poison spider	134	2864	9819	0
npc	-1	Hellhound	Hellhound	49	2864	9851	0
npc	-1	Hellhound	Hellhound	49	2867	9840	0
npc	-1	Poison spider	Poison spider	134	2870	9799	0
npc	-1	Poison spider	Poison spider	134	2871	9792	0
npc	-1	Poison spider	Poison spider	134	2876	9806	0
npc	-1	Kharid Scorpion	Kharid Scorpion	385	2877	9796	0
npc	-1	Ice warrior	Ice warrior	125	2822	9901	0
npc	-1	Ice warrior	Ice warrior	125	2836	9905	0
npc	-1	Ice warrior	Ice warrior	125	2838	9917	0
npc	-1	Ice warrior	Ice warrior	125	2847	9919	0
npc	-1	Ice warrior	Ice warrior	125	2848	9912	0
npc	-1	Dwarf	Dwarf	120	2860	9874	0
npc	-1	Dwarf	Dwarf	120	2860	9877	0
npc	-1	Dwarf	Dwarf	120	2862	9874	0
npc	-1	Dwarf	Dwarf	120	2862	9877	0
npc	-1	Dwarf	Dwarf	120	2867	9879	0
npc	-1	Dwarf	Dwarf	120	2868	9874	0
npc	-1	Dwarf	Dwarf	120	2869	9879	0
npc	-1	Dwarf	Dwarf	120	2870	9874	0
npc	-1	Ice warrior	Ice warrior	125	2834	9940	0
npc	-1	Ice warrior	Ice warrior	125	2836	9953	0
npc	-1	Ice warrior	Ice warrior	125	2844	9944	0
npc	-1	Ice warrior	Ice warrior	145	2864	9950	0
npc	-1	Ice warrior	Ice warrior	145	2865	9951	0
npc	-1	Ice warrior	Ice warrior	145	2866	9948	0
npc	-1	Ice Queen	Ice Queen	795	2866	9956	0
npc	-1	Ice warrior	Ice warrior	145	2867	9948	0
npc	-1	Ice warrior	Ice warrior	145	2867	9951	0
npc	-1	Ice warrior	Ice warrior	145	2868	9950	0
npc	-1	Godric	Godric	1114	2827	10077	0
npc	-1	Eadgar	Eadgar	1113	2829	10083	0
npc	-1	Twig	Twig	1128	2832	10079	0
npc	-1	Berry	Berry	1129	2832	10083	0
npc	-1	Guard	Guard	1145	2850	10086	0
npc	-1	Guard	Guard	1143	2850	10089	0
npc	-1	Guard	Guard	1142	2850	10092	0
npc	-1	Guard	Guard	1147	2855	10082	0
npc	-1	Guard	Guard	1144	2855	10089	0
npc	-1	Guard	Guard	1150	2857	10075	0
npc	-1	Guard	Guard	1148	2858	10076	0
npc	-1	Guard	Guard	1146	2861	10080	0
npc	-1	Guard	Guard	1149	2864	10085	0
npc	-1	Mountain Troll	Mountain Troll	1109	2825	10086	1
npc	-1	Mountain Troll	Mountain Troll	1138	2827	10081	1
npc	-1	Mountain Troll	Mountain Troll	1106	2829	10079	1
npc	-1	Mountain Troll	Mountain Troll	1110	2829	10083	1
npc	-1	Mountain Troll	Mountain Troll	1112	2830	10086	1
npc	-1	Mountain Troll	Mountain Troll	1109	2836	10077	1
npc	-1	Mountain Troll	Mountain Troll	1107	2836	10089	1
npc	-1	Mountain Troll	Mountain Troll	1111	2839	10101	1
npc	-1	Cook	Cook	1136	2840	10054	1
npc	-1	Cook	Cook	1135	2842	10056	1
npc	-1	Burntmeat	Burntmeat	1151	2844	10057	1
npc	-1	Cook	Cook	1137	2846	10055	1
npc	-1	Mountain Goat	Mountain Goat	1140	2856	10056	1
npc	-1	Mountain Goat	Mountain Goat	1141	2857	10055	1
npc	-1	Mountain Goat	Mountain Goat	1141	2857	10059	1
npc	-1	Mountain Goat	Mountain Goat	1140	2858	10058	1
npc	-1	Mountain Goat	Mountain Goat	1140	2859	10055	1
npc	-1	Troll General	Troll General	1116	2822	10073	2
npc	-1	Troll General	Troll General	1117	2829	10100	2
npc	-1	Troll General	Troll General	1115	2831	10086	2
npc	-1	Mountain Troll	Mountain Troll	1112	2836	10074	2
npc	-1	Mountain Troll	Mountain Troll	1138	2836	10082	2
npc	-1	Mountain Troll	Mountain Troll	1111	2836	10087	2
npc	-1	Mountain Troll	Mountain Troll	1110	2836	10095	2
npc	-1	Mountain Troll	Mountain Troll	1109	2838	10098	2
npc	-1	Mountain Troll	Mountain Troll	1111	2851	10052	2
npc	-1	Mountain Troll	Mountain Troll	1110	2852	10107	2
npc	-1	Mountain Troll	Mountain Troll	1108	2855	10054	2
npc	-1	Jungle Forester	Jungle Forester	402	2817	2940	0
npc	-1	Oomlie Bird	Oomlie Bird	48	2819	2900	0
npc	-1	Oomlie Bird	Oomlie Bird	48	2821	2910	0
npc	-1	Jungle Savage	Jungle Savage	931	2821	2927	0
npc	-1	Jungle Wolf	Jungle Wolf	143	2824	2896	0
npc	-1	Jungle Savage	Jungle Savage	931	2824	2907	0
npc	-1	Jungle Forester	Jungle Forester	401	2824	2940	0
npc	-1	Jungle Wolf	Jungle Wolf	143	2827	2924	0
npc	-1	Oomlie Bird	Oomlie Bird	48	2827	2927	0
npc	-1	Oomlie Bird	Oomlie Bird	48	2834	2911	0
npc	-1	Oomlie Bird	Oomlie Bird	48	2837	2897	0
npc	-1	Jungle Savage	Jungle Savage	931	2837	2918	0
npc	-1	Jungle Savage	Jungle Savage	931	2840	2899	0
npc	-1	Jungle Wolf	Jungle Wolf	143	2842	2899	0
npc	-1	Jungle Savage	Jungle Savage	931	2845	2928	0
npc	-1	Oomlie Bird	Oomlie Bird	48	2859	2904	0
npc	-1	Jungle Savage	Jungle Savage	931	2859	2923	0
npc	-1	Jungle Wolf	Jungle Wolf	143	2861	2907	0
npc	-1	Jungle Wolf	Jungle Wolf	143	2862	2899	0
npc	-1	Jungle Savage	Jungle Savage	931	2862	2904	0
npc	-1	Oomlie Bird	Oomlie Bird	48	2863	2916	0
npc	-1	Jungle Forester	Jungle Forester	401	2863	2941	0
npc	-1	Jungle Forester	Jungle Forester	402	2872	2941	0
npc	-1	Obli	Obli	516	2824	2959	0
npc	-1	Vigroy	Vigroy	511	2834	2954	0
npc	-1	Yanni Salika	Yanni Salika	515	2835	2985	0
npc	-1	Banker	Banker	499	2851	2954	0
npc	-1	Banker	Banker	499	2853	2955	0
npc	-1	Yohnus	Yohnus	513	2857	2963	0
npc	-1	Undead One	Undead One	505	2870	2954	0
npc	-1	Fernahei	Fernahei	517	2870	2972	0
npc	-1	Undead One	Undead One	504	2871	2951	0
npc	-1	Undead One	Undead One	504	2872	2954	0
npc	-1	Undead One	Undead One	505	2873	2951	0
npc	-1	Undead One	Undead One	505	2876	2947	0
npc	-1	Undead One	Undead One	504	2876	2951	0
npc	-1	Undead One	Undead One	504	2876	2955	0
npc	-1	Undead One	Undead One	504	2876	2957	0
npc	-1	Undead One	Undead One	505	2877	2959	0
npc	-1	Kaleb Paramaya	Kaleb Paramaya	512	2863	2997	1
npc	-1	Seravel	Seravel	514	2870	2974	1
npc	-1	Snake	Snake	128	2825	3030	0
npc	-1	Snake	Snake	128	2827	3013	0
npc	-1	Monkey	Monkey	132	2829	3029	0
npc	-1	Snake	Snake	128	2832	3017	0
npc	-1	Snake	Snake	128	2832	3019	0
npc	-1	Monkey	Monkey	132	2832	3029	0
npc	-1	Monkey	Monkey	132	2833	3027	0
npc	-1	Monkey	Monkey	132	2834	3035	0
npc	-1	Snake	Snake	128	2836	3043	0
npc	-1	Monkey	Monkey	132	2837	3029	0
npc	-1	Monkey	Monkey	132	2837	3034	0
npc	-1	Snake	Snake	128	2838	3039	0
npc	-1	Snake	Snake	128	2838	3047	0
npc	-1	Tribesman	Tribesman	191	2842	3017	0
npc	-1	Tamayu	Tamayu	1167	2844	3042	0
npc	-1	Snake	Snake	128	2847	3042	0
npc	-1	Tribesman	Tribesman	191	2866	3061	0
npc	-1	Monkey	Monkey	132	2868	3017	0
npc	-1	Monkey	Monkey	132	2868	3021	0
npc	-1	Tribesman	Tribesman	191	2868	3054	0
npc	-1	Monkey	Monkey	132	2869	3015	0
npc	-1	Monkey	Monkey	132	2871	3018	0
npc	-1	Monkey	Monkey	132	2871	3023	0
npc	-1	Monkey	Monkey	132	2873	3021	0
npc	-1	Snake	Snake	128	2820	3082	0
npc	-1	Snake	Snake	128	2824	3077	0
npc	-1	Snake	Snake	128	2826	3081	0
npc	-1	Snake	Snake	128	2835	3074	0
npc	-1	Snake	Snake	128	2819	3194	0
npc	-1	Monkey	Monkey	132	2820	3193	0
npc	-1	Imp	Imp	708	2832	3170	0
npc	-1	Imp	Imp	708	2832	3177	0
npc	-1	Imp	Imp	708	2837	3184	0
npc	-1	Imp	Imp	708	2841	3163	0
npc	-1	Scorpion	Scorpion	107	2843	3156	0
npc	-1	Imp	Imp	708	2849	3186	0
npc	-1	Imp	Imp	708	2850	3165	0
npc	-1	Scorpion	Scorpion	107	2853	3159	0
npc	-1	Imp	Imp	708	2857	3179	0
npc	-1	Imp	Imp	708	2859	3177	0
npc	-1	Scorpion	Scorpion	107	2861	3165	0
npc	-1	Scorpion	Scorpion	107	2862	3180	0
npc	-1	Scorpion	Scorpion	107	2863	3169	0
npc	-1	Scorpion	Scorpion	107	2865	3156	0
npc	-1	Scorpion	Scorpion	107	2870	3159	0
npc	-1	Monkey	Monkey	132	2873	3148	0
npc	-1	Snake	Snake	128	2875	3164	0
npc	-1	Monkey	Monkey	132	2877	3154	0
npc	-1	Snake	Snake	128	2879	3151	0
npc	-1	Monkey	Monkey	132	2879	3161	0
npc	-1	Skeleton	Skeleton	92	2820	3259	0
npc	-1	Skeleton	Skeleton	92	2824	3237	0
npc	-1	Moss giant	Moss giant	112	2827	3246	0
npc	-1	Moss giant	Moss giant	112	2831	3243	0
npc	-1	Skeleton	Skeleton	92	2832	3234	0
npc	-1	Moss giant	Moss giant	112	2834	3242	0
npc	-1	Skeleton	Skeleton	92	2840	3238	0
npc	-1	Skeleton	Skeleton	92	2846	3249	0
npc	-1	Skeleton	Skeleton	92	2850	3247	0
npc	-1	Skeleton	Skeleton	92	2850	3256	0
npc	-1	Skeleton	Skeleton	92	2852	3260	0
npc	-1	Ned	Ned	743	2854	3235	0
npc	-1	Skeleton	Skeleton	92	2854	3249	0
npc	-1	Hobgoblin	Hobgoblin	122	2818	3291	0
npc	-1	Hobgoblin	Hobgoblin	122	2822	3282	0
npc	-1	Hobgoblin	Hobgoblin	122	2822	3288	0
npc	-1	Hobgoblin	Hobgoblin	122	2824	3298	0
npc	-1	Lesser demon	Lesser demon	82	2832	3278	0
npc	-1	Skeleton	Skeleton	92	2834	3305	0
npc	-1	Lesser demon	Lesser demon	82	2837	3280	0
npc	-1	King Scorpion	King Scorpion	144	2842	3298	0
npc	-1	King Scorpion	King Scorpion	144	2844	3291	0
npc	-1	King Scorpion	King Scorpion	144	2851	3298	0
npc	-1	King Scorpion	King Scorpion	144	2855	3303	0
npc	-1	King Scorpion	King Scorpion	144	2859	3283	0
npc	-1	King Scorpion	King Scorpion	144	2861	3295	0
npc	-1	Cave monk	Cave monk	656	2822	3374	0
npc	-1	Monk of Entrana	Monk of Entrana	658	2830	3335	0
npc	-1	Monk of Entrana	Monk of Entrana	658	2835	3336	0
npc	-1	Unicorn	Unicorn	89	2838	3370	0
npc	-1	Monk of Entrana	Monk of Entrana	658	2839	3335	0
npc	-1	Monk	Monk	222	2843	3346	0
npc	-1	Chicken	Chicken	41	2846	3374	0
npc	-1	Entrana Fire Bird	Entrana Fire Bird	139	2847	3386	0
npc	-1	Monk	Monk	222	2850	3354	0
npc	-1	Chicken	Chicken	41	2850	3368	0
npc	-1	Chicken	Chicken	41	2850	3371	0
npc	-1	Unicorn	Unicorn	89	2850	3378	0
npc	-1	Monk	Monk	222	2851	3345	0
npc	-1	High Priest	High Priest	216	2851	3349	0
npc	-1	Chicken	Chicken	41	2852	3370	0
npc	-1	Chicken	Chicken	41	2853	3368	0
npc	-1	Chicken	Chicken	41	2853	3373	0
npc	-1	Unicorn	Unicorn	89	2860	3375	0
npc	-1	Unicorn	Unicorn	89	2863	3378	0
npc	-1	Monk	Monk	222	2851	3342	1
npc	-1	Monk	Monk	222	2854	3350	1
npc	-1	Man	Man	3	2816	3442	0
npc	-1	Woman	Woman	5	2817	3443	0
npc	-1	Caleb	Caleb	666	2819	3451	0
npc	-1	Hickton	Hickton	575	2822	3442	0
npc	-1	Harry	Harry	576	2834	3445	0
npc	-1	White wolf	White wolf	96	2842	3450	0
npc	-1	White wolf	White wolf	96	2864	3453	0
npc	-1	White wolf	White wolf	96	2870	3438	0
npc	-1	White wolf	White wolf	96	2872	3445	0
npc	-1	Ice giant	Ice giant	111	2817	3514	0
npc	-1	Mountain Dwarf	Mountain Dwarf	232	2820	3487	0
npc	-1	Mountain Dwarf	Mountain Dwarf	232	2821	3487	0
npc	-1	Ice giant	Ice giant	111	2824	3510	0
npc	-1	White wolf	White wolf	97	2831	3515	0
npc	-1	White wolf	White wolf	97	2833	3513	0
npc	-1	Wolf	Wolf	142	2836	3495	0
npc	-1	Wolf	Wolf	142	2837	3499	0
npc	-1	Wolf	Wolf	142	2839	3502	0
npc	-1	Wolf	Wolf	142	2839	3506	0
npc	-1	Big Wolf	Big Wolf	141	2840	3497	0
npc	-1	Wolf	Wolf	142	2842	3504	0
npc	-1	Wolf	Wolf	142	2844	3507	0
npc	-1	White wolf	White wolf	96	2846	3477	0
npc	-1	White wolf	White wolf	96	2847	3474	0
npc	-1	Gnome pilot	Gnome pilot	170	2847	3499	0
npc	-1	Ice warrior	Ice warrior	125	2847	3514	0
npc	-1	White wolf	White wolf	97	2848	3487	0
npc	-1	White wolf	White wolf	97	2850	3484	0
npc	-1	Ice warrior	Ice warrior	125	2850	3512	0
npc	-1	White wolf	White wolf	97	2854	3509	0
npc	-1	White wolf	White wolf	97	2856	3508	0
npc	-1	White wolf	White wolf	96	2860	3492	0
npc	-1	White wolf	White wolf	96	2865	3509	0
npc	-1	Mountain Dwarf	Mountain Dwarf	232	2876	3483	0
npc	-1	Mountain Dwarf	Mountain Dwarf	232	2877	3483	0
npc	-1	Billy	Billy	1093	2816	3559	0
npc	-1	Rooster	Rooster	1018	2816	3560	0
npc	-1	Chicken	Chicken	41	2816	3561	0
npc	-1	Chicken	Chicken	1017	2818	3559	0
npc	-1	Chicken	Chicken	41	2819	3561	0
npc	-1	Chicken	Chicken	1017	2819	3562	0
npc	-1	Tenzing	Tenzing	1071	2820	3556	0
npc	-1	Mountain Goat	Mountain Goat	1094	2832	3597	0
npc	-1	Soldier	Soldier	1069	2840	3589	0
npc	-1	Thrower Troll	Thrower Troll	1105	2851	3598	0
npc	-1	Mountain Troll	Mountain Troll	1106	2852	3591	0
npc	-1	Thrower Troll	Thrower Troll	1101	2854	3600	0
npc	-1	Rock	Rock	1095	2855	3591	0
npc	-1	Mountain Goat	Mountain Goat	1094	2856	3610	0
npc	-1	Stick	Stick	1096	2857	3591	0
npc	-1	Mountain Troll	Mountain Troll	1108	2858	3586	0
npc	-1	Thrower Troll	Thrower Troll	1102	2859	3600	0
npc	-1	Dung	Dung	1099	2862	3588	0
npc	-1	Mountain Troll	Mountain Troll	1106	2863	3595	0
npc	-1	Thrower Troll	Thrower Troll	1103	2863	3600	0
npc	-1	Ash	Ash	1100	2864	3588	0
npc	-1	Mountain Troll	Mountain Troll	1107	2864	3595	0
npc	-1	Mountain Troll	Mountain Troll	1108	2865	3595	0
npc	-1	Mountain Troll	Mountain Troll	1109	2866	3595	0
npc	-1	Mountain Troll	Mountain Troll	1110	2867	3595	0
npc	-1	Thrower Troll	Thrower Troll	1104	2867	3600	0
npc	-1	Mountain Troll	Mountain Troll	1111	2868	3595	0
npc	-1	Mountain Troll	Mountain Troll	1112	2869	3595	0
npc	-1	Thrower Troll	Thrower Troll	1105	2870	3600	0
npc	-1	Mountain Troll	Mountain Troll	1106	2871	3584	0
npc	-1	Mountain Troll	Mountain Troll	1110	2871	3587	0
npc	-1	Mountain Troll	Mountain Troll	1107	2872	3584	0
npc	-1	Pee Hat	Pee Hat	1097	2872	3598	0
npc	-1	Mountain Troll	Mountain Troll	1112	2873	3590	0
npc	-1	Kraka	Kraka	1098	2875	3598	0
npc	-1	Mountain Troll	Mountain Troll	1111	2876	3586	0
npc	-1	Mountain Troll	Mountain Troll	1109	2876	3589	0
npc	-1	Mountain Troll	Mountain Troll	1107	2843	3675	0
npc	-1	Mountain Troll	Mountain Troll	1112	2843	3682	0
npc	-1	Mountain Troll	Mountain Troll	1111	2845	3684	0
npc	-1	Mountain Troll	Mountain Troll	1109	2847	3676	0
npc	-1	Mountain Troll	Mountain Troll	1110	2850	3673	0
npc	-1	Mountain Troll	Mountain Troll	1107	2850	3682	0
npc	-1	Mountain Troll	Mountain Troll	1108	2852	3677	0
npc	-1	Mushroom	Mushroom	1139	2854	3689	0
npc	-1	Mountain Troll	Mountain Troll	1106	2856	3683	0
npc	-1	Undead One	Undead One	503	2886	9293	0
npc	-1	Undead One	Undead One	502	2886	9294	0
npc	-1	Undead One	Undead One	504	2887	9312	0
npc	-1	Undead One	Undead One	505	2892	9312	0
npc	-1	Undead One	Undead One	505	2897	9321	0
npc	-1	Undead One	Undead One	505	2897	9322	0
npc	-1	Undead One	Undead One	503	2917	9304	0
npc	-1	Undead One	Undead One	502	2917	9305	0
npc	-1	Undead One	Undead One	505	2924	9292	0
npc	-1	Undead One	Undead One	505	2930	9294	0
npc	-1	Undead One	Undead One	502	2931	9317	0
npc	-1	Undead One	Undead One	504	2933	9283	0
npc	-1	Undead One	Undead One	505	2933	9294	0
npc	-1	Undead One	Undead One	505	2934	9285	0
npc	-1	Undead One	Undead One	505	2934	9309	0
npc	-1	Undead One	Undead One	505	2934	9317	0
npc	-1	Undead One	Undead One	504	2937	9299	0
npc	-1	Undead One	Undead One	505	2937	9301	0
npc	-1	Undead One	Undead One	502	2886	9356	0
npc	-1	Undead One	Undead One	505	2886	9360	0
npc	-1	Undead One	Undead One	504	2888	9376	0
npc	-1	Undead One	Undead One	502	2888	9381	0
npc	-1	Undead One	Undead One	504	2889	9363	0
npc	-1	Undead One	Undead One	503	2891	9366	0
npc	-1	Undead One	Undead One	503	2892	9384	0
npc	-1	Undead One	Undead One	504	2894	9358	0
npc	-1	Undead One	Undead One	502	2895	9349	0
npc	-1	Undead One	Undead One	503	2896	9362	0
npc	-1	Undead One	Undead One	505	2898	9365	0
npc	-1	Undead One	Undead One	502	2899	9368	0
npc	-1	Undead One	Undead One	505	2901	9355	0
npc	-1	Undead One	Undead One	504	2908	9354	0
npc	-1	Undead One	Undead One	503	2910	9349	0
npc	-1	Undead One	Undead One	505	2916	9347	0
npc	-1	Undead One	Undead One	505	2917	9353	0
npc	-1	Undead One	Undead One	504	2923	9355	0
npc	-1	Undead One	Undead One	504	2928	9348	0
npc	-1	Undead One	Undead One	505	2928	9354	0
npc	-1	Undead One	Undead One	505	2901	9481	0
npc	-1	Undead One	Undead One	503	2902	9482	0
npc	-1	Undead One	Undead One	502	2903	9508	0
npc	-1	Undead One	Undead One	505	2905	9509	0
npc	-1	Undead One	Undead One	503	2911	9475	0
npc	-1	Undead One	Undead One	504	2911	9476	0
npc	-1	Undead One	Undead One	505	2911	9488	0
npc	-1	Undead One	Undead One	505	2912	9475	0
npc	-1	Undead One	Undead One	502	2912	9488	0
npc	-1	Undead One	Undead One	504	2914	9529	0
npc	-1	Undead One	Undead One	505	2915	9528	0
npc	-1	Undead One	Undead One	502	2915	9529	0
npc	-1	Spider	Spider	61	2920	9486	0
npc	-1	Undead One	Undead One	504	2923	9507	0
npc	-1	Undead One	Undead One	504	2925	9482	0
npc	-1	Undead One	Undead One	505	2932	9480	0
npc	-1	Undead One	Undead One	505	2932	9507	0
npc	-1	Undead One	Undead One	502	2936	9487	0
npc	-1	Undead One	Undead One	503	2937	9491	0
npc	-1	Undead One	Undead One	502	2937	9503	0
npc	-1	Melzar the mad	Melzar the mad	753	2929	9649	0
npc	-1	Spider	Spider	61	2929	9659	0
npc	-1	Spider	Spider	61	2930	9648	0
npc	-1	Zombie	Zombie	751	2932	9642	0
npc	-1	Zombie	Zombie	76	2933	9640	0
npc	-1	Lesser demon	Lesser demon	752	2936	9650	0
npc	-1	Spider	Spider	61	2936	9654	0
npc	-1	Black Knight	Black Knight	179	2891	9701	0
npc	-1	Lord Daquarius	Lord Daquarius	200	2892	9680	0
npc	-1	Black Knight	Black Knight	179	2892	9710	0
npc	-1	Black Knight	Black Knight	179	2897	9675	0
npc	-1	Black Knight	Black Knight	179	2898	9688	0
npc	-1	Black Knight	Black Knight	179	2899	9709	0
npc	-1	Black Knight	Black Knight	179	2900	9701	0
npc	-1	Black Knight	Black Knight	179	2902	9693	0
npc	-1	Black Knight	Black Knight	179	2906	9687	0
npc	-1	Black Knight	Black Knight	179	2907	9676	0
npc	-1	Black Knight	Black Knight	179	2907	9711	0
npc	-1	Black Knight	Black Knight	179	2915	9703	0
npc	-1	Black Knight	Black Knight	179	2916	9677	0
npc	-1	Black Knight	Black Knight	179	2917	9682	0
npc	-1	Black Knight	Black Knight	179	2917	9695	0
npc	-1	Black Knight	Black Knight	179	2920	9703	0
npc	-1	Black Knight	Black Knight	179	2923	9710	0
npc	-1	Dwarf	Dwarf	118	2930	9699	0
npc	-1	Velrak the explorer	Velrak the explorer	798	2931	9685	0
npc	-1	Dwarf	Dwarf	118	2931	9703	0
npc	-1	Jailer	Jailer	201	2933	9693	0
npc	-1	Baby blue dragon	Baby blue dragon	52	2895	9765	0
npc	-1	Baby blue dragon	Baby blue dragon	52	2895	9769	0
npc	-1	Baby blue dragon	Baby blue dragon	52	2900	9763	0
npc	-1	Chaos dwarf	Chaos dwarf	119	2915	9760	0
npc	-1	Chaos dwarf	Chaos dwarf	119	2922	9757	0
npc	-1	Chaos dwarf	Chaos dwarf	119	2925	9769	0
npc	-1	Chaos dwarf	Chaos dwarf	119	2928	9761	0
npc	-1	Poison Scorpion	Poison Scorpion	108	2929	9752	0
npc	-1	Chaos dwarf	Chaos dwarf	119	2932	9784	0
npc	-1	Poison Scorpion	Poison Scorpion	108	2934	9775	0
npc	-1	Poison Scorpion	Poison Scorpion	108	2935	9758	0
npc	-1	Poison Scorpion	Poison Scorpion	108	2935	9769	0
npc	-1	Chaos dwarf	Chaos dwarf	119	2938	9788	0
npc	-1	Poison Scorpion	Poison Scorpion	108	2941	9779	0
npc	-1	Skeleton	Skeleton	90	2882	9826	0
npc	-1	Skeleton	Skeleton	92	2884	9836	0
npc	-1	Skeleton	Skeleton	90	2885	9819	0
npc	-1	Skeleton	Skeleton	90	2885	9823	0
npc	-1	Skeleton	Skeleton	90	2886	9812	0
npc	-1	Skeleton	Skeleton	90	2886	9816	0
npc	-1	Skeleton	Skeleton	90	2887	9821	0
npc	-1	Ghost	Ghost	103	2888	9849	0
npc	-1	Spider	Spider	61	2891	9834	0
npc	-1	Baby blue dragon	Baby blue dragon	52	2892	9799	0
npc	-1	Spider	Spider	61	2893	9828	0
npc	-1	Ghost	Ghost	103	2894	9849	0
npc	-1	Spider	Spider	61	2896	9833	0
npc	-1	Blue dragon	Blue dragon	55	2897	9797	0
npc	-1	Blue dragon	Blue dragon	55	2899	9802	0
npc	-1	Ghost	Ghost	103	2900	9819	0
npc	-1	Ghost	Ghost	103	2901	9848	0
npc	-1	Baby blue dragon	Baby blue dragon	52	2904	9796	0
npc	-1	Blue dragon	Blue dragon	55	2904	9802	0
npc	-1	Giant bat	Giant bat	78	2904	9832	0
npc	-1	Ghost	Ghost	103	2905	9851	0
npc	-1	Ghost	Ghost	103	2907	9818	0
npc	-1	Giant bat	Giant bat	78	2908	9830	0
npc	-1	Baby blue dragon	Baby blue dragon	52	2909	9806	0
npc	-1	Giant bat	Giant bat	78	2909	9837	0
npc	-1	Ghost	Ghost	103	2909	9848	0
npc	-1	Baby blue dragon	Baby blue dragon	52	2911	9797	0
npc	-1	Baby blue dragon	Baby blue dragon	52	2911	9808	0
npc	-1	Ghost	Ghost	103	2912	9820	0
npc	-1	Giant bat	Giant bat	78	2914	9828	0
npc	-1	Giant bat	Giant bat	78	2914	9840	0
npc	-1	Ghost	Ghost	103	2915	9851	0
npc	-1	Baby blue dragon	Baby blue dragon	52	2917	9801	0
npc	-1	Giant bat	Giant bat	78	2919	9831	0
npc	-1	Ghost	Ghost	103	2920	9818	0
npc	-1	Ghost	Ghost	103	2920	9848	0
npc	-1	Giant bat	Giant bat	78	2921	9826	0
npc	-1	Giant bat	Giant bat	78	2922	9834	0
npc	-1	Giant bat	Giant bat	78	2925	9830	0
npc	-1	Lesser demon	Lesser demon	82	2926	9802	0
npc	-1	Chaos druid	Chaos druid	181	2929	9848	0
npc	-1	Black Knight	Black Knight	179	2930	9822	0
npc	-1	Lesser demon	Lesser demon	82	2931	9798	0
npc	-1	Lesser demon	Lesser demon	82	2931	9807	0
npc	-1	Chaos druid	Chaos druid	181	2931	9846	0
npc	-1	Lesser demon	Lesser demon	82	2932	9810	0
npc	-1	Chaos druid	Chaos druid	181	2932	9852	0
npc	-1	Ghost	Ghost	103	2933	9838	0
npc	-1	Lesser demon	Lesser demon	82	2936	9793	0
npc	-1	Ghost	Ghost	103	2936	9829	0
npc	-1	Chaos druid	Chaos druid	181	2936	9846	0
npc	-1	Chaos druid	Chaos druid	181	2936	9852	0
npc	-1	Chaos druid	Chaos druid	181	2937	9849	0
npc	-1	Ghost	Ghost	103	2938	9836	0
npc	-1	Black Knight	Black Knight	179	2939	9812	0
npc	-1	Black Knight	Black Knight	179	2943	9801	0
npc	-1	Giant bat	Giant bat	78	2889	9907	0
npc	-1	Giant bat	Giant bat	78	2896	9911	0
npc	-1	Blue dragon	Blue dragon	55	2908	9905	0
npc	-1	Giant bat	Giant bat	78	2934	9887	0
npc	-1	Giant bat	Giant bat	78	2936	9896	0
npc	-1	Giant bat	Giant bat	78	2939	9892	0
npc	-1	Ice giant	Ice giant	111	2880	9927	0
npc	-1	Ice giant	Ice giant	111	2883	9932	0
npc	-1	Ice giant	Ice giant	111	2883	9965	0
npc	-1	Ice giant	Ice giant	111	2884	9959	0
npc	-1	Ice giant	Ice giant	111	2887	9955	0
npc	-1	Ice giant	Ice giant	111	2890	9950	0
npc	-1	Ice giant	Ice giant	111	2891	9941	0
npc	-1	Mountain Troll	Mountain Troll	1138	2921	10027	0
npc	-1	Mountain Troll	Mountain Troll	1109	2921	10032	0
npc	-1	Mountain Troll	Mountain Troll	1112	2924	10031	0
npc	-1	Mountain Troll	Mountain Troll	1111	2925	10034	0
npc	-1	Eadgar	Eadgar	1113	2890	10086	2
npc	-1	Snake	Snake	128	2880	2922	0
npc	-1	Snake	Snake	128	2881	2919	0
npc	-1	Snake	Snake	128	2884	2921	0
npc	-1	Oomlie Bird	Oomlie Bird	48	2885	2926	0
npc	-1	Jungle Savage	Jungle Savage	931	2887	2914	0
npc	-1	Jungle Wolf	Jungle Wolf	143	2887	2929	0
npc	-1	Oomlie Bird	Oomlie Bird	48	2888	2896	0
npc	-1	Oomlie Bird	Oomlie Bird	48	2890	2907	0
npc	-1	Jungle Wolf	Jungle Wolf	143	2893	2893	0
npc	-1	Oomlie Bird	Oomlie Bird	48	2898	2926	0
npc	-1	Jungle Savage	Jungle Savage	931	2901	2907	0
npc	-1	Oomlie Bird	Oomlie Bird	48	2904	2892	0
npc	-1	Oomlie Bird	Oomlie Bird	48	2910	2906	0
npc	-1	Snake	Snake	128	2910	2919	0
npc	-1	Jungle Wolf	Jungle Wolf	143	2911	2894	0
npc	-1	Snake	Snake	128	2912	2916	0
npc	-1	Snake	Snake	128	2913	2913	0
npc	-1	Jungle Wolf	Jungle Wolf	143	2915	2906	0
npc	-1	Jungle Savage	Jungle Savage	931	2916	2914	0
npc	-1	Oomlie Bird	Oomlie Bird	48	2918	2896	0
npc	-1	Jungle Wolf	Jungle Wolf	143	2918	2927	0
npc	-1	Jungle Wolf	Jungle Wolf	143	2919	2907	0
npc	-1	Oomlie Bird	Oomlie Bird	48	2921	2924	0
npc	-1	Jungle Savage	Jungle Savage	931	2925	2923	0
npc	-1	Jungle Savage	Jungle Savage	931	2930	2903	0
npc	-1	Oomlie Bird	Oomlie Bird	48	2936	2910	0
npc	-1	Oomlie Bird	Oomlie Bird	48	2937	2893	0
npc	-1	Jungle Savage	Jungle Savage	931	2939	2914	0
npc	-1	Jungle Wolf	Jungle Wolf	143	2941	2887	0
npc	-1	Mosol Rei	Mosol Rei	500	2883	2951	0
npc	-1	Jogre	Jogre	113	2896	2945	0
npc	-1	Jogre	Jogre	113	2903	2945	0
npc	-1	Jogre	Jogre	113	2918	2963	0
npc	-1	Tribesman	Tribesman	191	2918	2987	0
npc	-1	Jogre	Jogre	113	2921	2959	0
npc	-1	Jogre	Jogre	113	2923	2985	0
npc	-1	Snake	Snake	128	2924	2979	0
npc	-1	Jogre	Jogre	113	2925	2956	0
npc	-1	Snake	Snake	128	2927	2977	0
npc	-1	Snake	Snake	128	2928	2973	0
npc	-1	Jogre	Jogre	113	2931	2987	0
npc	-1	Snake	Snake	128	2933	2981	0
npc	-1	Jungle Forester	Jungle Forester	402	2935	2945	0
npc	-1	Snake	Snake	128	2935	2973	0
npc	-1	Snake	Snake	128	2936	2986	0
npc	-1	Snake	Snake	128	2937	2978	0
npc	-1	Tribesman	Tribesman	191	2937	2993	0
npc	-1	Tribesman	Tribesman	191	2938	2995	0
npc	-1	Snake	Snake	128	2939	2985	0
npc	-1	Tribesman	Tribesman	191	2940	2991	0
npc	-1	Tribesman	Tribesman	191	2942	2995	0
npc	-1	Monkey	Monkey	132	2909	3023	0
npc	-1	Monkey	Monkey	132	2912	3019	0
npc	-1	Jogre	Jogre	113	2916	3055	0
npc	-1	Jogre	Jogre	113	2916	3062	0
npc	-1	Gnome pilot	Gnome pilot	170	2918	3057	0
npc	-1	Jogre	Jogre	113	2919	3052	0
npc	-1	Monkey	Monkey	132	2920	3027	0
npc	-1	Monkey	Monkey	132	2921	3024	0
npc	-1	Monkey	Monkey	132	2922	3018	0
npc	-1	Monkey	Monkey	132	2923	3027	0
npc	-1	Monkey	Monkey	132	2924	3018	0
npc	-1	Monkey	Monkey	132	2924	3022	0
npc	-1	Jogre	Jogre	113	2924	3060	0
npc	-1	Jogre	Jogre	113	2927	3056	0
npc	-1	Monkey	Monkey	132	2928	3018	0
npc	-1	Monkey	Monkey	132	2928	3022	0
npc	-1	Jogre	Jogre	113	2928	3058	0
npc	-1	Jogre	Jogre	113	2932	3043	0
npc	-1	Jogre	Jogre	113	2935	3046	0
npc	-1	Monkey	Monkey	132	2893	3078	0
npc	-1	Monkey	Monkey	132	2897	3081	0
npc	-1	Monkey	Monkey	132	2900	3080	0
npc	-1	Monkey	Monkey	132	2902	3073	0
npc	-1	Monkey	Monkey	132	2906	3084	0
npc	-1	Monkey	Monkey	132	2908	3080	0
npc	-1	Monkey	Monkey	132	2909	3077	0
npc	-1	Tiadeche	Tiadeche	1163	2912	3118	0
npc	-1	Snake	Snake	128	2881	3157	0
npc	-1	Snake	Snake	128	2889	3146	0
npc	-1	Man	Man	1	2889	3173	0
npc	-1	Shop keeper	Shop keeper	532	2902	3146	0
npc	-1	Shop assistant	Shop assistant	533	2902	3150	0
npc	-1	Zambo	Zambo	568	2925	3143	0
npc	-1	Luthas	Luthas	379	2939	3154	0
npc	-1	Giant rat	Giant rat	87	2925	3256	0
npc	-1	Giant rat	Giant rat	87	2928	3244	0
npc	-1	Giant rat	Giant rat	748	2930	3252	0
npc	-1	Hops	Hops	340	2931	3219	0
npc	-1	Giant rat	Giant rat	87	2931	3249	0
npc	-1	DeVinci	DeVinci	336	2933	3219	0
npc	-1	Giant rat	Giant rat	87	2933	3244	0
npc	-1	Chemist	Chemist	367	2934	3210	0
npc	-1	Giant rat	Giant rat	87	2934	3254	0
npc	-1	Chancy	Chancy	338	2935	3219	0
npc	-1	Giant rat	Giant rat	87	2935	3248	0
npc	-1	Imp	Imp	708	2941	3236	0
npc	-1	Ghost	Ghost	103	2925	3255	1
npc	-1	Ghost	Ghost	103	2926	3254	1
npc	-1	Ghost	Ghost	103	2927	3251	1
npc	-1	Ghost	Ghost	749	2929	3249	1
npc	-1	Ghost	Ghost	103	2930	3253	1
npc	-1	Skeleton	Skeleton	750	2923	3251	2
npc	-1	Skeleton	Skeleton	92	2926	3255	2
npc	-1	Skeleton	Skeleton	92	2928	3253	2
npc	-1	Skeleton	Skeleton	92	2929	3251	2
npc	-1	Skeleton	Skeleton	92	2930	3254	2
npc	-1	Skeleton	Skeleton	92	2933	3256	2
npc	-1	Hobgoblin	Hobgoblin	122	2905	3295	0
npc	-1	Hobgoblin	Hobgoblin	122	2906	3288	0
npc	-1	Hobgoblin	Hobgoblin	122	2908	3291	0
npc	-1	Hobgoblin	Hobgoblin	122	2909	3282	0
npc	-1	Hobgoblin	Hobgoblin	122	2909	3285	0
npc	-1	Hobgoblin	Hobgoblin	123	2909	3294	0
npc	-1	Hobgoblin	Hobgoblin	122	2912	3279	0
npc	-1	Hobgoblin	Hobgoblin	122	2915	3273	0
npc	-1	Make-over mage	Make-over mage	599	2916	3323	0
npc	-1	Hobgoblin	Hobgoblin	122	2917	3269	0
npc	-1	Cow	Cow	81	2917	3289	0
npc	-1	Hobgoblin	Hobgoblin	122	2920	3266	0
npc	-1	Cow	Cow	81	2920	3285	0
npc	-1	Cow	Cow	81	2921	3287	0
npc	-1	Sheep	Sheep	43	2923	3325	0
npc	-1	Cow	Cow	81	2924	3277	0
npc	-1	Cow	Cow	81	2924	3288	0
npc	-1	Cow	Cow	81	2925	3282	0
npc	-1	Sheep	Sheep	43	2925	3324	0
npc	-1	Cow	Cow	81	2926	3271	0
npc	-1	Sheep	Sheep	43	2926	3322	0
npc	-1	Cow	Cow	81	2930	3269	0
npc	-1	 Master crafter	 Master crafter	805	2931	3280	0
npc	-1	 Master crafter	 Master crafter	805	2932	3287	0
npc	-1	Cow	Cow	81	2933	3274	0
npc	-1	Cow	Cow	81	2936	3274	0
npc	-1	 Master crafter	 Master crafter	805	2937	3290	0
npc	-1	Tanner	Tanner	804	2934	3284	1
npc	-1	Dark wizard	Dark wizard	172	2905	3335	0
npc	-1	Dark wizard	Dark wizard	174	2906	3334	0
npc	-1	Dark wizard	Dark wizard	172	2907	3337	0
npc	-1	Dark wizard	Dark wizard	174	2908	3333	0
npc	-1	Dark wizard	Dark wizard	172	2909	3331	0
npc	-1	Dark wizard	Dark wizard	172	2909	3334	0
npc	-1	Dark wizard	Dark wizard	172	2910	3337	0
npc	-1	Dark wizard	Dark wizard	172	2906	3333	1
npc	-1	Dark wizard	Dark wizard	174	2906	3336	1
npc	-1	Dark wizard	Dark wizard	174	2909	3333	1
npc	-1	Dark wizard	Dark wizard	172	2909	3336	1
npc	-1	Dark wizard	Dark wizard	172	2906	3336	2
npc	-1	Dark wizard	Dark wizard	174	2908	3332	2
npc	-1	Dark wizard	Dark wizard	172	2909	3334	2
npc	-1	Dark wizard	Dark wizard	174	2910	3336	2
npc	-1	Druid	Druid	14	2883	3431	0
npc	-1	Druid	Druid	14	2884	3434	0
npc	-1	Druid	Druid	14	2885	3418	0
npc	-1	Gaius	Gaius	586	2885	3449	0
npc	-1	Druid	Druid	14	2888	3440	0
npc	-1	Druid	Druid	14	2889	3448	0
npc	-1	Druid	Druid	14	2890	3435	0
npc	-1	Druid	Druid	14	2893	3419	0
npc	-1	Druid	Druid	14	2893	3440	0
npc	-1	Druid	Druid	14	2896	3442	0
npc	-1	Druid	Druid	14	2897	3429	0
npc	-1	Druid	Druid	14	2897	3436	0
npc	-1	Druid	Druid	14	2898	3419	0
npc	-1	Jatix	Jatix	587	2899	3427	0
npc	-1	Druid	Druid	14	2900	3449	0
npc	-1	Druid	Druid	14	2902	3449	0
npc	-1	Druid	Druid	14	2906	3441	0
npc	-1	Tegid	Tegid	1213	2913	3417	0
npc	-1	Druid	Druid	14	2913	3450	0
npc	-1	Druid	Druid	14	2915	3446	0
npc	-1	The Lady of the Lake	The Lady of the Lake	250	2924	3405	0
npc	-1	Sanfew	Sanfew	454	2897	3426	1
npc	-1	Druid	Druid	14	2898	3432	1
npc	-1	Druid	Druid	14	2906	3451	1
npc	-1	Achietties	Achietties	796	2903	3510	0
npc	-1	Nora T. Hagg	Nora T. Hagg	896	2904	3463	0
npc	-1	Druid	Druid	14	2919	3486	0
npc	-1	White Knight	White Knight	1092	2921	3514	0
npc	-1	Kaqemeex	Kaqemeex	455	2924	3486	0
npc	-1	Druid	Druid	14	2925	3480	0
npc	-1	Boy	Boy	895	2928	3456	0
npc	-1	Druid	Druid	14	2928	3490	0
npc	-1	Druid	Druid	14	2929	3484	0
npc	-1	Druid	Druid	14	2931	3480	0
npc	-1	Monk of Zamorak	Monk of Zamorak	189	2931	3516	0
npc	-1	Monk of Zamorak	Monk of Zamorak	189	2933	3514	0
npc	-1	Monk of Zamorak	Monk of Zamorak	188	2934	3515	0
npc	-1	Monk of Zamorak	Monk of Zamorak	188	2934	3516	0
npc	-1	Monk of Zamorak	Monk of Zamorak	189	2936	3515	0
npc	-1	Monk of Zamorak	Monk of Zamorak	189	2940	3517	0
npc	-1	Helemos	Helemos	797	2894	3510	1
npc	-1	Soldier	Soldier	1065	2885	3528	0
npc	-1	Soldier	Soldier	1065	2885	3533	0
npc	-1	Soldier	Soldier	1063	2891	3537	0
npc	-1	Soldier	Soldier	1063	2891	3539	0
npc	-1	Soldier	Soldier	1066	2892	3532	0
npc	-1	Soldier	Soldier	1063	2892	3537	0
npc	-1	Soldier	Soldier	1063	2892	3539	0
npc	-1	Soldier	Soldier	1067	2893	3533	0
npc	-1	Soldier	Soldier	1063	2893	3537	0
npc	-1	Soldier	Soldier	1063	2893	3539	0
npc	-1	Sergeant	Sergeant	1061	2893	3541	0
npc	-1	Eadburg	Eadburg	1072	2893	3558	0
npc	-1	Soldier	Soldier	1068	2894	3532	0
npc	-1	Soldier	Soldier	1063	2894	3537	0
npc	-1	Soldier	Soldier	1063	2894	3539	0
npc	-1	Soldier	Soldier	1063	2895	3537	0
npc	-1	Soldier	Soldier	1063	2895	3539	0
npc	-1	Denulth	Denulth	1060	2896	3528	0
npc	-1	Guard	Guard	1076	2896	3566	0
npc	-1	Archer	Archer	1073	2897	3549	0
npc	-1	Guard	Guard	1076	2897	3556	0
npc	-1	Soldier	Soldier	1064	2900	3531	0
npc	-1	Sergeant	Sergeant	1062	2900	3532	0
npc	-1	Soldier	Soldier	1064	2900	3533	0
npc	-1	Soldier	Soldier	1065	2900	3539	0
npc	-1	Archer	Archer	1074	2900	3549	0
npc	-1	Guard	Guard	1077	2900	3556	0
npc	-1	Servant	Servant	1081	2901	3564	0
npc	-1	Tostig	Tostig	1079	2906	3537	0
npc	-1	Soldier	Soldier	1065	2907	3542	0
npc	-1	Penda	Penda	1087	2910	3539	0
npc	-1	Soldier	Soldier	1065	2911	3542	0
npc	-1	Ceolburg	Ceolburg	1089	2916	3523	0
npc	-1	Unferth	Unferth	1086	2918	3558	0
npc	-1	Breoca	Breoca	1084	2919	3550	0
npc	-1	Dunstan	Dunstan	1082	2919	3574	0
npc	-1	Bob	Bob	1091	2924	3565	0
npc	-1	Hygd	Hygd	1088	2926	3536	0
npc	-1	Ocga	Ocga	1085	2927	3559	0
npc	-1	Wistan	Wistan	1083	2928	3546	0
npc	-1	Hild	Hild	1090	2930	3566	0
npc	-1	Archer	Archer	1073	2892	3558	1
npc	-1	Archer	Archer	1074	2893	3559	1
npc	-1	Archer	Archer	1075	2893	3569	1
npc	-1	Eohric	Eohric	1080	2902	3565	1
npc	-1	Archer	Archer	1073	2903	3559	1
npc	-1	Archer	Archer	1074	2904	3568	1
npc	-1	Archer	Archer	1073	2904	3570	1
npc	-1	Harold	Harold	1078	2905	3539	1
npc	-1	Archer	Archer	1074	2905	3557	1
npc	-1	Troll Spectator	Troll Spectator	1124	2902	3604	0
npc	-1	Mountain Troll	Mountain Troll	1138	2904	3642	0
npc	-1	Troll Spectator	Troll Spectator	1118	2906	3623	0
npc	-1	Mountain Troll	Mountain Troll	1109	2909	3641	0
npc	-1	Dad	Dad	1125	2911	3612	0
npc	-1	Troll Spectator	Troll Spectator	1123	2916	3601	0
npc	-1	Mountain Troll	Mountain Troll	1106	2916	3631	0
npc	-1	Mountain Troll	Mountain Troll	1107	2917	3634	0
npc	-1	Troll Spectator	Troll Spectator	1119	2920	3622	0
npc	-1	Troll Spectator	Troll Spectator	1122	2922	3606	0
npc	-1	Troll Spectator	Troll Spectator	1121	2923	3612	0
npc	-1	Troll Spectator	Troll Spectator	1120	2923	3616	0
npc	-1	Mountain Goat	Mountain Goat	1140	2885	3670	0
npc	-1	Thrower Troll	Thrower Troll	1134	2886	3698	0
npc	-1	Mountain Goat	Mountain Goat	1140	2888	3675	0
npc	-1	Thrower Troll	Thrower Troll	1133	2889	3699	0
npc	-1	Mountain Goat	Mountain Goat	1140	2892	3685	0
npc	-1	Mountain Goat	Mountain Goat	1140	2893	3678	0
npc	-1	Thrower Troll	Thrower Troll	1132	2893	3700	0
npc	-1	Thrower Troll	Thrower Troll	1131	2898	3698	0
npc	-1	Mountain Goat	Mountain Goat	1140	2900	3671	0
npc	-1	Thrower Troll	Thrower Troll	1130	2902	3696	0
npc	-1	Bartender	Bartender	739	2940	4678	0
npc	-1	Watchtower wizard	Watchtower wizard	872	2928	4712	2
npc	-1	Watchtower wizard	Watchtower wizard	872	2928	4717	2
npc	-1	Watchtower wizard	Watchtower wizard	872	2933	4712	2
npc	-1	Watchtower wizard	Watchtower wizard	872	2933	4716	2
npc	-1	Pirate	Pirate	184	2984	9575	0
npc	-1	Pirate	Pirate	184	2986	9582	0
npc	-1	Pirate	Pirate	184	2990	9571	0
npc	-1	Pirate	Pirate	184	2991	9583	0
npc	-1	Mugger	Mugger	175	2993	9545	0
npc	-1	Mugger	Mugger	175	2995	9548	0
npc	-1	Pirate	Pirate	184	2995	9576	0
npc	-1	Mugger	Mugger	175	2997	9544	0
npc	-1	Pirate	Pirate	184	2997	9569	0
npc	-1	Pirate	Pirate	184	2998	9572	0
npc	-1	Mugger	Mugger	175	2999	9550	0
npc	-1	Pirate	Pirate	184	2999	9584	0
npc	-1	Pirate	Pirate	184	3000	9579	0
npc	-1	Magic axe	Magic axe	127	2955	9775	0
npc	-1	Magic axe	Magic axe	127	2956	9790	0
npc	-1	Magic axe	Magic axe	127	2957	9780	0
npc	-1	Magic axe	Magic axe	127	2962	9791	0
npc	-1	Magic axe	Magic axe	127	2966	9775	0
npc	-1	Magic axe	Magic axe	127	2966	9787	0
npc	-1	Magic axe	Magic axe	127	2955	9795	0
npc	-1	Boot	Boot	665	2965	9811	0
npc	-1	Dwarf	Dwarf	118	2984	9807	0
npc	-1	Dwarf	Dwarf	118	2992	9844	0
npc	-1	Dwarf	Dwarf	582	2993	9828	0
npc	-1	Dwarf	Dwarf	118	2994	9826	0
npc	-1	Dwarf	Dwarf	118	2995	9805	0
npc	-1	Dwarf	Dwarf	118	2998	9841	0
npc	-1	Nurmof	Nurmof	594	2998	9844	0
npc	-1	Dwarf	Dwarf	118	2999	9817	0
npc	-1	Dwarf	Dwarf	118	3000	9809	0
npc	-1	Dwarf	Dwarf	118	3000	9826	0
npc	-1	Dwarf	Dwarf	118	3001	9796	0
npc	-1	Dwarf	Dwarf	118	3001	9844	0
npc	-1	Dwarf	Dwarf	118	3002	9829	0
npc	-1	Dwarf	Dwarf	118	3005	9799	0
npc	-1	Skeleton	Skeleton	92	2994	10346	0
npc	-1	Skeleton	Skeleton	92	2998	10342	0
npc	-1	Skeleton	Skeleton	92	2998	10350	0
npc	-1	Skeleton	Skeleton	92	3002	10356	0
npc	-1	Skeleton	Skeleton	92	3003	10347	0
npc	-1	Skeleton	Skeleton	92	3004	10362	0
npc	-1	Skeleton	Skeleton	92	3006	10352	0
npc	-1	Skeleton	Skeleton	92	3006	10357	0
npc	-1	Monkey	Monkey	132	2954	2904	0
npc	-1	Monkey	Monkey	132	2958	2900	0
npc	-1	Monkey	Monkey	132	2958	2903	0
npc	-1	Monkey	Monkey	132	2961	2896	0
npc	-1	Monkey	Monkey	132	2948	2970	0
npc	-1	Monkey	Monkey	132	2948	3001	0
npc	-1	Monkey	Monkey	132	2950	2997	0
npc	-1	Monkey	Monkey	132	2952	2973	0
npc	-1	Monkey	Monkey	132	2953	2965	0
npc	-1	Gnome pilot	Gnome pilot	170	2970	2973	0
npc	-1	Shipyard worker	Shipyard worker	675	2944	3040	0
npc	-1	Shipyard worker	Shipyard worker	38	2953	3056	0
npc	-1	Shipyard worker	Shipyard worker	38	2953	3061	0
npc	-1	Shipyard worker	Shipyard worker	39	2955	3029	0
npc	-1	Shipyard worker	Shipyard worker	38	2957	3032	0
npc	-1	Shipyard worker	Shipyard worker	39	2957	3055	0
npc	-1	Shipyard worker	Shipyard worker	38	2969	3034	0
npc	-1	Shipyard worker	Shipyard worker	39	2969	3042	0
npc	-1	Shipyard worker	Shipyard worker	39	2976	3064	0
npc	-1	Shipyard worker	Shipyard worker	38	2983	3049	0
npc	-1	Shipyard worker	Shipyard worker	39	2983	3061	0
npc	-1	Shipyard worker	Shipyard worker	39	2987	3049	0
npc	-1	Shipyard worker	Shipyard worker	39	2988	3058	0
npc	-1	Shipyard worker	Shipyard worker	39	2995	3061	0
npc	-1	Foreman	Foreman	674	2999	3043	0
npc	-1	Shipyard worker	Shipyard worker	39	3001	3049	0
npc	-1	Shark	Shark	40	3003	3069	0
npc	-1	Shark	Shark	40	3007	3063	0
npc	-1	Man	Man	1	2948	3146	0
npc	-1	Customs officer	Customs officer	380	2953	3147	0
npc	-1	Customs officer	Customs officer	380	2955	3146	0
npc	-1	Giant rat	Giant rat	87	2995	3191	0
npc	-1	Giant rat	Giant rat	87	2999	3194	0
npc	-1	Thurgo	Thurgo	604	3001	3144	0
npc	-1	Rommik	Rommik	585	2946	3205	0
npc	-1	Shop keeper	Shop keeper	530	2947	3216	0
npc	-1	Shop assistant	Shop assistant	531	2948	3216	0
npc	-1	Hetty	Hetty	307	2968	3206	0
npc	-1	Goblin	Goblin	100	2995	3209	0
npc	-1	Goblin	Goblin	100	2996	3201	0
npc	-1	Goblin	Goblin	100	2997	3216	0
npc	-1	Goblin	Goblin	100	2998	3205	0
npc	-1	Goblin	Goblin	100	2999	3208	0
npc	-1	Goblin	Goblin	100	2999	3211	0
npc	-1	Goblin	Goblin	100	3001	3202	0
npc	-1	Goblin	Goblin	100	3002	3206	0
npc	-1	Goblin	Goblin	100	3002	3210	0
npc	-1	Goblin	Goblin	100	3003	3205	0
npc	-1	Goblin	Goblin	100	3004	3201	0
npc	-1	Goblin	Goblin	100	3004	3209	0
npc	-1	Man	Man	1	2967	3210	1
npc	-1	Woman	Woman	4	2967	3213	1
npc	-1	Man	Man	2	2959	3307	0
npc	-1	Wayne	Wayne	581	2973	3312	0
npc	-1	Guard	Guard	9	3006	3321	0
npc	-1	Guard	Guard	9	3006	3323	0
npc	-1	Highwayman	Highwayman	180	3007	3273	0
npc	-1	Guard	Guard	9	3007	3323	0
npc	-1	Herquin	Herquin	584	2944	3334	0
npc	-1	Banker	Banker	494	2945	3366	0
npc	-1	Banker	Banker	494	2946	3366	0
npc	-1	Hairdresser	Hairdresser	598	2946	3379	0
npc	-1	Imp	Imp	708	2947	3329	0
npc	-1	Banker	Banker	495	2947	3366	0
npc	-1	Banker	Banker	494	2948	3366	0
npc	-1	Banker	Banker	494	2949	3366	0
npc	-1	Guard	Guard	9	2950	3379	0
npc	-1	Imp	Imp	708	2951	3360	0
npc	-1	Flynn	Flynn	580	2951	3386	0
npc	-1	Guard	Guard	9	2953	3382	0
npc	-1	Shop assistant	Shop assistant	527	2955	3389	0
npc	-1	White Knight	White Knight	19	2956	3337	0
npc	-1	Barmaid	Barmaid	736	2957	3370	0
npc	-1	Shop keeper	Shop keeper	526	2957	3386	0
npc	-1	White Knight	White Knight	19	2962	3338	0
npc	-1	Guard	Guard	9	2962	3381	0
npc	-1	Guard	Guard	9	2965	3384	0
npc	-1	Chicken	Chicken	41	2966	3346	0
npc	-1	Man	Man	1	2967	3373	0
npc	-1	Guard	Guard	9	2968	3379	0
npc	-1	Woman	Woman	6	2970	3389	0
npc	-1	White Knight	White Knight	19	2972	3345	0
npc	-1	White Knight	White Knight	19	2973	3347	0
npc	-1	White Knight	White Knight	19	2976	3339	0
npc	-1	Squire	Squire	606	2977	3342	0
npc	-1	White Knight	White Knight	19	2978	3348	0
npc	-1	Cassie	Cassie	577	2979	3383	0
npc	-1	Man	Man	3	2981	3378	0
npc	-1	White Knight	White Knight	19	2983	3330	0
npc	-1	White Knight	White Knight	19	2983	3334	0
npc	-1	White Knight	White Knight	19	2983	3343	0
npc	-1	White Knight	White Knight	19	2987	3341	0
npc	-1	White Knight	White Knight	19	2996	3342	0
npc	-1	Gardener	Gardener	1217	2996	3381	0
npc	-1	Barmaid	Barmaid	736	2956	3373	1
npc	-1	White Knight	White Knight	19	2958	3341	1
npc	-1	White Knight	White Knight	19	2961	3351	1
npc	-1	White Knight	White Knight	19	2963	3336	1
npc	-1	White Knight	White Knight	19	2969	3329	1
npc	-1	White Knight	White Knight	19	2969	3338	1
npc	-1	White Knight	White Knight	19	2974	3337	1
npc	-1	White Knight	White Knight	19	2978	3329	1
npc	-1	White Knight	White Knight	19	2982	3345	1
npc	-1	White Knight	White Knight	19	2983	3335	1
npc	-1	White Knight	White Knight	19	2987	3345	1
npc	-1	White Knight	White Knight	19	2989	3338	1
npc	-1	White Knight	White Knight	19	2957	3341	2
npc	-1	Sir Amik Varze	Sir Amik Varze	608	2960	3336	2
npc	-1	White Knight	White Knight	19	2964	3352	2
npc	-1	White Knight	White Knight	19	2966	3328	2
npc	-1	White Knight	White Knight	19	2972	3329	2
npc	-1	White Knight	White Knight	19	2975	3328	2
npc	-1	White Knight	White Knight	19	2981	3339	2
npc	-1	Sir Vyvin	Sir Vyvin	605	2983	3335	2
npc	-1	White Knight	White Knight	19	2984	3350	2
npc	-1	White Knight	White Knight	19	2985	3343	2
npc	-1	White Knight	White Knight	19	2990	3346	2
npc	-1	White Knight	White Knight	19	2960	3338	3
npc	-1	White Knight	White Knight	19	2963	3340	3
npc	-1	White Knight	White Knight	19	2982	3352	3
npc	-1	Doric	Doric	284	2952	3451	0
npc	-1	Man	Man	2	2955	3451	0
npc	-1	Guard	Guard	9	2964	3396	0
npc	-1	Guard	Guard	9	2966	3398	0
npc	-1	Guard	Guard	9	2968	3396	0
npc	-1	Man	Man	2	2987	3426	0
npc	-1	Dwarf	Dwarf	118	2998	3445	0
npc	-1	Dwarf	Dwarf	118	2999	3453	0
npc	-1	Goblin	Goblin	299	2951	3481	0
npc	-1	Goblin	Goblin	299	2951	3483	0
npc	-1	Goblin	Goblin	298	2951	3497	0
npc	-1	Goblin	Goblin	299	2951	3501	0
npc	-1	Goblin	Goblin	299	2952	3507	0
npc	-1	Goblin	Goblin	298	2952	3510	0
npc	-1	Goblin	Goblin	299	2953	3487	0
npc	-1	Goblin	Goblin	298	2954	3491	0
npc	-1	Goblin	Goblin	299	2954	3500	0
npc	-1	Goblin	Goblin	298	2954	3503	0
npc	-1	Goblin	Goblin	299	2955	3507	0
npc	-1	Goblin	Goblin	298	2956	3500	0
npc	-1	Goblin	Goblin	298	2957	3482	0
npc	-1	Goblin	Goblin	298	2957	3484	0
npc	-1	Goblin	Goblin	299	2957	3492	0
npc	-1	Goblin	Goblin	298	2957	3508	0
npc	-1	General Wartface	General Wartface	297	2957	3511	0
npc	-1	Goblin	Goblin	298	2958	3507	0
npc	-1	General Bentnoze	General Bentnoze	296	2958	3511	0
npc	-1	Goblin	Goblin	299	2959	3499	0
npc	-1	Goblin	Goblin	299	2962	3503	0
npc	-1	Goblin	Goblin	298	2963	3514	0
npc	-1	Goblin	Goblin	299	2964	3511	0
npc	-1	Bear	Bear	106	2965	3465	0
npc	-1	Bear	Bear	106	2966	3474	0
npc	-1	Bear	Bear	106	2967	3480	0
npc	-1	Bear	Bear	106	2979	3501	0
npc	-1	Man	Man	1	3006	3458	0
npc	-1	Dark wizard	Dark wizard	174	2976	3570	0
npc	-1	Dark wizard	Dark wizard	174	2977	3565	0
npc	-1	Dark wizard	Dark wizard	174	2980	3575	0
npc	-1	Dark wizard	Dark wizard	172	2981	3562	0
npc	-1	Dark wizard	Dark wizard	174	2984	3568	0
npc	-1	Dark wizard	Dark wizard	174	2985	3575	0
npc	-1	Dark wizard	Dark wizard	172	2987	3569	0
npc	-1	Dark wizard	Dark wizard	172	2988	3563	0
npc	-1	Giant rat	Giant rat	87	2962	3689	0
npc	-1	Giant rat	Giant rat	86	2967	3694	0
npc	-1	Giant rat	Giant rat	87	2969	3686	0
npc	-1	Giant rat	Giant rat	87	2971	3690	0
npc	-1	Giant rat	Giant rat	86	2973	3694	0
npc	-1	Giant rat	Giant rat	86	2977	3700	0
npc	-1	Spider	Spider	61	2982	3683	0
npc	-1	Giant spider	Giant spider	59	2985	3677	0
npc	-1	Spider	Spider	61	2987	3683	0
npc	-1	Giant spider	Giant spider	59	2987	3687	0
npc	-1	Bear	Bear	105	2988	3671	0
npc	-1	Spider	Spider	61	2988	3679	0
npc	-1	Giant spider	Giant spider	59	2989	3684	0
npc	-1	Spider	Spider	61	2989	3686	0
npc	-1	Giant spider	Giant spider	59	2990	3688	0
npc	-1	Spider	Spider	61	2991	3692	0
npc	-1	Giant spider	Giant spider	59	2992	3689	0
npc	-1	Spider	Spider	61	2993	3684	0
npc	-1	Bear	Bear	105	3001	3674	0
npc	-1	Ghost	Ghost	103	2962	3755	0
npc	-1	Ghost	Ghost	103	2968	3749	0
npc	-1	Ghost	Ghost	103	2968	3761	0
npc	-1	Man	Man	1	2974	3742	0
npc	-1	Skeleton	Skeleton	92	2977	3753	0
npc	-1	Skeleton	Skeleton	92	2980	3763	0
npc	-1	Ghost	Ghost	103	2985	3749	0
npc	-1	Ghost	Ghost	103	2985	3761	0
npc	-1	Ghost	Ghost	103	2990	3755	0
npc	-1	Ice warrior	Ice warrior	125	2945	3866	0
npc	-1	Ice warrior	Ice warrior	125	2946	3857	0
npc	-1	Ice giant	Ice giant	111	2947	3895	0
npc	-1	Ice warrior	Ice warrior	125	2948	3878	0
npc	-1	Ice warrior	Ice warrior	125	2948	3886	0
npc	-1	Ice warrior	Ice warrior	125	2952	3874	0
npc	-1	Ice giant	Ice giant	111	2952	3902	0
npc	-1	Ice warrior	Ice warrior	125	2953	3858	0
npc	-1	Ice giant	Ice giant	111	2953	3889	0
npc	-1	Ice warrior	Ice warrior	125	2954	3877	0
npc	-1	Ice warrior	Ice warrior	125	2954	3883	0
npc	-1	Ice giant	Ice giant	111	2954	3894	0
npc	-1	Ice warrior	Ice warrior	125	2957	3887	0
npc	-1	Ice warrior	Ice warrior	125	2958	3866	0
npc	-1	Ice giant	Ice giant	111	2958	3898	0
npc	-1	Ice warrior	Ice warrior	125	2959	3876	0
npc	-1	Ice warrior	Ice warrior	125	2962	3883	0
npc	-1	Ice warrior	Ice warrior	125	2963	3874	0
npc	-1	Ice giant	Ice giant	111	2947	3921	0
npc	-1	Ice warrior	Ice warrior	125	2947	3934	0
npc	-1	Ice warrior	Ice warrior	125	2948	3917	0
npc	-1	Ice warrior	Ice warrior	125	2949	3926	0
npc	-1	Ice giant	Ice giant	111	2950	3932	0
npc	-1	Ice warrior	Ice warrior	125	2952	3913	0
npc	-1	Ice warrior	Ice warrior	125	2952	3936	0
npc	-1	Ice warrior	Ice warrior	125	2954	3921	0
npc	-1	Ice giant	Ice giant	111	2955	3945	0
npc	-1	Ice warrior	Ice warrior	125	2956	3930	0
npc	-1	Ice warrior	Ice warrior	125	2964	3944	0
npc	-1	Ice warrior	Ice warrior	125	2970	3947	0
npc	-1	Ice warrior	Ice warrior	125	2971	3938	0
npc	-1	Ice warrior	Ice warrior	125	2977	3953	0
npc	-1	Ice warrior	Ice warrior	125	2978	3942	0
npc	-1	Ice giant	Ice giant	111	2978	3956	0
npc	-1	Skeleton	Skeleton	92	2982	3947	0
npc	-1	Ice warrior	Ice warrior	125	2984	3933	0
npc	-1	White wolf	White wolf	97	2988	3921	0
npc	-1	Skeleton	Skeleton	92	2989	3944	0
npc	-1	White wolf	White wolf	97	2991	3924	0
npc	-1	White wolf	White wolf	97	2992	3917	0
npc	-1	Skeleton	Skeleton	92	2992	3942	0
npc	-1	White wolf	White wolf	97	2994	3921	0
npc	-1	White wolf	White wolf	97	3002	3924	0
npc	-1	White wolf	White wolf	97	3004	3917	0
npc	-1	White wolf	White wolf	97	3005	3926	0
npc	-1	White wolf	White wolf	97	3006	3921	0
npc	-1	Hobgoblin	Hobgoblin	122	3010	9578	0
npc	-1	Hobgoblin	Hobgoblin	122	3010	9593	0
npc	-1	Hobgoblin	Hobgoblin	122	3010	9595	0
npc	-1	Hobgoblin	Hobgoblin	122	3011	9579	0
npc	-1	Hobgoblin	Hobgoblin	122	3016	9578	0
npc	-1	Hobgoblin	Hobgoblin	122	3016	9594	0
npc	-1	Hobgoblin	Hobgoblin	123	3019	9591	0
npc	-1	Ice warrior	Ice warrior	125	3044	9581	0
npc	-1	Ice warrior	Ice warrior	125	3046	9575	0
npc	-1	Ice warrior	Ice warrior	125	3048	9583	0
npc	-1	Ice warrior	Ice warrior	125	3049	9590	0
npc	-1	Ice warrior	Ice warrior	125	3052	9568	0
npc	-1	Ice warrior	Ice warrior	125	3053	9576	0
npc	-1	Ice giant	Ice giant	111	3054	9564	0
npc	-1	Ice warrior	Ice warrior	125	3056	9583	0
npc	-1	Ice warrior	Ice warrior	125	3056	9587	0
npc	-1	Ice warrior	Ice warrior	125	3057	9566	0
npc	-1	Ice giant	Ice giant	111	3057	9568	0
npc	-1	Ice warrior	Ice warrior	125	3062	9576	0
npc	-1	Ice warrior	Ice warrior	125	3062	9581	0
npc	-1	Ice giant	Ice giant	111	3065	9571	0
npc	-1	Ned	Ned	743	3046	9640	3
npc	-1	Scorpion	Scorpion	107	3038	9771	0
npc	-1	Scorpion	Scorpion	107	3039	9790	0
npc	-1	King Scorpion	King Scorpion	144	3040	9775	0
npc	-1	Scorpion	Scorpion	107	3041	9781	0
npc	-1	Scorpion	Scorpion	107	3044	9787	0
npc	-1	Dwarf	Dwarf	382	3045	9758	0
npc	-1	Scorpion	Scorpion	107	3045	9777	0
npc	-1	Scorpion	Scorpion	107	3046	9767	0
npc	-1	Dwarf	Dwarf	382	3047	9758	0
npc	-1	Scorpion	Scorpion	107	3047	9784	0
npc	-1	King Scorpion	King Scorpion	144	3048	9770	0
npc	-1	Scorpion	Scorpion	107	3049	9777	0
npc	-1	Scorpion	Scorpion	107	3054	9773	0
npc	-1	Scorpion	Scorpion	107	3056	9778	0
npc	-1	Dwarf	Dwarf	118	3010	9813	0
npc	-1	Dwarf	Dwarf	118	3013	9811	0
npc	-1	Dwarf	Dwarf	118	3014	9814	0
npc	-1	Dwarf	Dwarf	118	3017	9819	0
npc	-1	Dwarf	Dwarf	118	3017	9851	0
npc	-1	Dwarf	Dwarf	118	3018	9809	0
npc	-1	Dwarf	Dwarf	118	3018	9814	0
npc	-1	Dwarf	Dwarf	118	3018	9835	0
npc	-1	Dwarf	Dwarf	118	3019	9845	0
npc	-1	Dwarf	Dwarf	118	3020	9849	0
npc	-1	Dwarf	Dwarf	118	3022	9851	0
npc	-1	Dwarf	Dwarf	118	3023	9820	0
npc	-1	Dwarf	Dwarf	118	3025	9828	0
npc	-1	Dwarf	Dwarf	118	3026	9833	0
npc	-1	Dwarf	Dwarf	118	3028	9816	0
npc	-1	Dwarf	Dwarf	118	3034	9848	0
npc	-1	Drogo dwarf	Drogo dwarf	579	3036	9846	0
npc	-1	Dwarf	Dwarf	118	3037	9844	0
npc	-1	Scorpion	Scorpion	107	3039	9802	0
npc	-1	Scorpion	Scorpion	107	3042	9793	0
npc	-1	Scorpion	Scorpion	107	3042	9800	0
npc	-1	Dwarf	Dwarf	118	3044	9830	0
npc	-1	Dwarf	Dwarf	118	3048	9823	0
npc	-1	Dwarf	Dwarf	118	3050	9813	0
npc	-1	Dwarf	Dwarf	118	3050	9827	0
npc	-1	Dwarf	Dwarf	118	3051	9817	0
npc	-1	Dwarf	Dwarf	118	3053	9826	0
npc	-1	Dwarf	Dwarf	118	3054	9821	0
npc	-1	Greater demon	Greater demon	83	3028	10250	0
npc	-1	Greater demon	Greater demon	83	3030	10259	0
npc	-1	Greater demon	Greater demon	83	3035	10245	0
npc	-1	Poison spider	Poison spider	134	3037	10263	0
npc	-1	Poison spider	Poison spider	134	3043	10262	0
npc	-1	Poison spider	Poison spider	134	3044	10252	0
npc	-1	Black dragon	Black dragon	54	3048	10266	0
npc	-1	Poison spider	Poison spider	134	3051	10257	0
npc	-1	Black dragon	Black dragon	54	3054	10269	0
npc	-1	Poison spider	Poison spider	134	3055	10253	0
npc	-1	Poison spider	Poison spider	134	3067	10255	0
npc	-1	Poison spider	Poison spider	134	3067	10257	0
npc	-1	Poison spider	Poison spider	134	3068	10253	0
npc	-1	Poison spider	Poison spider	134	3069	10257	0
npc	-1	Poison spider	Poison spider	134	3069	10259	0
npc	-1	Chaos dwarf	Chaos dwarf	119	3029	10313	0
npc	-1	Chaos dwarf	Chaos dwarf	119	3030	10308	0
npc	-1	Chaos dwarf	Chaos dwarf	119	3034	10310	0
npc	-1	Chaos dwarf	Chaos dwarf	119	3036	10311	0
npc	-1	Giant	Giant	117	3042	10317	0
npc	-1	Giant	Giant	117	3044	10306	0
npc	-1	Giant	Giant	117	3045	10308	0
npc	-1	Giant	Giant	117	3045	10311	0
npc	-1	Giant	Giant	117	3045	10321	0
npc	-1	Giant	Giant	117	3046	10315	0
npc	-1	Fire giant	Fire giant	110	3046	10341	0
npc	-1	Fire giant	Fire giant	110	3047	10344	0
npc	-1	Fire giant	Fire giant	110	3049	10338	0
npc	-1	Fire giant	Fire giant	110	3052	10347	0
npc	-1	Fire giant	Fire giant	110	3054	10338	0
npc	-1	Wormbrain	Wormbrain	745	3014	3186	0
npc	-1	Pirate	Pirate	182	3014	3191	0
npc	-1	Thief	Thief	8	3014	3195	0
npc	-1	Mugger	Mugger	175	3018	3185	0
npc	-1	Black Knight	Black Knight	178	3019	3182	0
npc	-1	Woman	Woman	4	3011	3236	0
npc	-1	Betty	Betty	583	3012	3259	0
npc	-1	Gerrant	Gerrant	558	3013	3225	0
npc	-1	Grum	Grum	556	3013	3248	0
npc	-1	Wydin	Wydin	557	3014	3204	0
npc	-1	Thief	Thief	8	3014	3232	0
npc	-1	Thief	Thief	8	3016	3232	0
npc	-1	Man	Man	1	3017	3238	0
npc	-1	Seaman Thresnor	Seaman Thresnor	378	3026	3217	0
npc	-1	Captain Tobias	Captain Tobias	376	3028	3216	0
npc	-1	Seaman Lorris	Seaman Lorris	377	3028	3221	0
npc	-1	Brian	Brian	559	3028	3250	0
npc	-1	Monk of Entrana	Monk of Entrana	657	3045	3236	0
npc	-1	Bartender	Bartender	734	3045	3257	0
npc	-1	Monk of Entrana	Monk of Entrana	657	3046	3234	0
npc	-1	Klarense	Klarense	744	3047	3204	0
npc	-1	Monk of Entrana	Monk of Entrana	657	3049	3235	0
npc	-1	Redbeard Frank	Redbeard Frank	375	3053	3250	0
npc	-1	Cabin Boy Jenkins	Cabin Boy Jenkins	754	3046	3207	1
npc	-1	Highwayman	Highwayman	180	3009	3280	0
npc	-1	Imp	Imp	708	3009	3307	0
npc	-1	Imp	Imp	708	3011	3314	0
npc	-1	Chicken	Chicken	41	3015	3287	0
npc	-1	Imp	Imp	708	3015	3314	0
npc	-1	Chicken	Chicken	41	3016	3294	0
npc	-1	Chicken	Chicken	41	3018	3283	0
npc	-1	Chicken	Chicken	41	3018	3289	0
npc	-1	Dog	Dog	98	3018	3291	0
npc	-1	Chicken	Chicken	41	3018	3294	0
npc	-1	Chicken	Chicken	41	3019	3285	0
npc	-1	Cow	Cow	81	3027	3307	0
npc	-1	Cow	Cow	81	3029	3305	0
npc	-1	Cow	Cow	81	3029	3312	0
npc	-1	Cow	Cow	81	3030	3300	0
npc	-1	Cow	Cow	81	3033	3305	0
npc	-1	Farmer	Farmer	7	3035	3296	0
npc	-1	Cow	Cow	81	3037	3306	0
npc	-1	Cow	Cow	81	3040	3310	0
npc	-1	Banker	Banker	494	3011	3353	0
npc	-1	Dwarf	Dwarf	118	3012	3337	0
npc	-1	Banker	Banker	495	3012	3353	0
npc	-1	Gardener	Gardener	1217	3012	3372	0
npc	-1	Banker	Banker	494	3013	3353	0
npc	-1	Banker	Banker	494	3014	3353	0
npc	-1	Banker	Banker	495	3015	3353	0
npc	-1	Dwarf	Dwarf	382	3017	3340	0
npc	-1	Dwarf	Dwarf	382	3018	3337	0
npc	-1	Dwarf	Dwarf	118	3019	3333	0
npc	-1	Dwarf	Dwarf	382	3021	3338	0
npc	-1	Dwarf	Dwarf	118	3025	3347	0
npc	-1	Wyson the gardener	Wyson the gardener	36	3027	3379	0
npc	-1	Dwarf	Dwarf	118	3008	3436	0
npc	-1	Nulodion	Nulodion	209	3011	3453	0
npc	-1	Dwarf	Dwarf	118	3015	3435	0
npc	-1	Dwarf	Dwarf	206	3016	3448	0
npc	-1	Dwarf	Dwarf	206	3016	3450	0
npc	-1	Dwarf	Dwarf	206	3017	3447	0
npc	-1	Dwarf	Dwarf	118	3021	3437	0
npc	-1	Dwarf	Dwarf	206	3021	3447	0
npc	-1	Dwarf	Dwarf	118	3029	3445	0
npc	-1	Fortress Guard	Fortress Guard	609	3008	3517	0
npc	-1	Dwarf	Dwarf	206	3009	3458	0
npc	-1	Fortress Guard	Fortress Guard	609	3013	3515	0
npc	-1	Dwarf	Dwarf	206	3015	3459	0
npc	-1	Oracle	Oracle	746	3015	3504	0
npc	-1	Fortress Guard	Fortress Guard	609	3015	3514	0
npc	-1	Fortress Guard	Fortress Guard	609	3016	3513	0
npc	-1	Fortress Guard	Fortress Guard	609	3017	3514	0
npc	-1	Dwarf	Dwarf	206	3018	3456	0
npc	-1	Fortress Guard	Fortress Guard	609	3018	3516	0
npc	-1	Black Knight	Black Knight	179	3022	3513	0
npc	-1	Black Knight	Black Knight	179	3023	3517	0
npc	-1	Dwarf	Dwarf	206	3027	3457	0
npc	-1	Witch	Witch	611	3027	3506	0
npc	-1	Black Knight	Black Knight	179	3027	3512	0
npc	-1	Black Knight	Black Knight	610	3028	3508	0
npc	-1	Black Knight	Black Knight	179	3028	3514	0
npc	-1	Black Knight	Black Knight	179	3029	3517	0
npc	-1	Black Knight	Black Knight	179	3030	3502	0
npc	-1	Greldo	Greldo	612	3030	3505	0
npc	-1	Black Knight	Black Knight	179	3031	3502	0
npc	-1	Black Knight	Black Knight	179	3032	3503	0
npc	-1	Monk	Monk	803	3045	3484	0
npc	-1	Monk	Monk	803	3045	3497	0
npc	-1	Monk	Monk	803	3050	3491	0
npc	-1	Sheep	Sheep	43	3050	3518	0
npc	-1	Sheep	Sheep	43	3052	3519	0
npc	-1	Monk	Monk	803	3054	3491	0
npc	-1	Sheep	Sheep	43	3054	3517	0
npc	-1	Abbot Langley	Abbot Langley	801	3058	3484	0
npc	-1	Oziach	Oziach	747	3069	3517	0
npc	-1	Black Knight	Black Knight	179	3015	3515	1
npc	-1	Black Knight	Black Knight	179	3023	3512	1
npc	-1	Black Knight	Black Knight	179	3023	3516	1
npc	-1	Black Knight	Black Knight	179	3024	3510	1
npc	-1	Monk	Monk	803	3045	3492	1
npc	-1	Brother Jered	Brother Jered	802	3046	3488	1
npc	-1	Monk	Monk	803	3056	3497	1
npc	-1	Kharid Scorpion	Kharid Scorpion	387	3058	3488	1
npc	-1	Black Knight	Black Knight	179	3014	3516	2
npc	-1	Black Knight	Black Knight	179	3023	3514	2
npc	-1	Black Knight	Black Knight	179	3026	3507	2
npc	-1	Scorpion	Scorpion	107	3025	3568	0
npc	-1	Scorpion	Scorpion	107	3028	3577	0
npc	-1	Scorpion	Scorpion	107	3032	3570	0
npc	-1	Scorpion	Scorpion	107	3040	3581	0
npc	-1	Scorpion	Scorpion	107	3041	3572	0
npc	-1	Scorpion	Scorpion	107	3047	3567	0
npc	-1	Scorpion	Scorpion	107	3055	3574	0
npc	-1	Scorpion	Scorpion	107	3056	3566	0
npc	-1	Scorpion	Scorpion	107	3062	3555	0
npc	-1	Scorpion	Scorpion	107	3062	3570	0
npc	-1	Skeleton	Skeleton	90	3008	3595	0
npc	-1	Skeleton	Skeleton	90	3011	3590	0
npc	-1	Skeleton	Skeleton	90	3012	3597	0
npc	-1	Skeleton	Skeleton	90	3013	3586	0
npc	-1	Skeleton	Skeleton	90	3013	3602	0
npc	-1	Skeleton	Skeleton	90	3016	3596	0
npc	-1	Skeleton	Skeleton	90	3018	3584	0
npc	-1	Skeleton	Skeleton	90	3018	3592	0
npc	-1	Skeleton	Skeleton	90	3018	3599	0
npc	-1	Skeleton	Skeleton	90	3022	3586	0
npc	-1	Skeleton	Skeleton	90	3022	3595	0
npc	-1	Dark warrior	Dark warrior	192	3022	3624	0
npc	-1	Dark warrior	Dark warrior	192	3022	3639	0
npc	-1	Skeleton	Skeleton	90	3025	3590	0
npc	-1	Skeleton	Skeleton	90	3025	3597	0
npc	-1	Dark warrior	Dark warrior	192	3029	3638	0
npc	-1	Dark warrior	Dark warrior	192	3030	3626	0
npc	-1	Dark warrior	Dark warrior	192	3035	3632	0
npc	-1	Dark warrior	Dark warrior	192	3036	3624	0
npc	-1	Dark warrior	Dark warrior	192	3036	3639	0
npc	-1	Dark warrior	Dark warrior	192	3022	3624	1
npc	-1	Dark warrior	Dark warrior	192	3022	3639	1
npc	-1	Dark warrior	Dark warrior	192	3023	3632	1
npc	-1	Dark warrior	Dark warrior	192	3028	3626	1
npc	-1	Dark warrior	Dark warrior	192	3029	3637	1
npc	-1	Dark warrior	Dark warrior	192	3035	3631	1
npc	-1	Dark warrior	Dark warrior	192	3036	3624	1
npc	-1	Dark warrior	Dark warrior	192	3036	3639	1
npc	-1	Noterazzo	Noterazzo	597	3025	3701	0
npc	-1	Bandit	Bandit	195	3029	3701	0
npc	-1	Bandit	Bandit	195	3031	3685	0
npc	-1	Bandit	Bandit	195	3032	3695	0
npc	-1	Bandit	Bandit	195	3033	3705	0
npc	-1	Speedy Keith	Speedy Keith	204	3035	3696	0
npc	-1	Guard Bandit	Guard Bandit	196	3036	3672	0
npc	-1	Fat tony	Fat tony	596	3036	3707	0
npc	-1	Guard Bandit	Guard Bandit	196	3037	3661	0
npc	-1	Bandit	Bandit	195	3037	3683	0
npc	-1	Guard Bandit	Guard Bandit	196	3038	3670	0
npc	-1	Donny the lad	Donny the lad	203	3038	3695	0
npc	-1	Guard Bandit	Guard Bandit	196	3039	3660	0
npc	-1	Black Heather	Black Heather	202	3039	3700	0
npc	-1	Bandit	Bandit	195	3040	3703	0
npc	-1	Giant rat	Giant rat	86	3049	3691	0
npc	-1	Giant rat	Giant rat	87	3049	3695	0
npc	-1	Chaos dwarf	Chaos dwarf	119	3019	3760	0
npc	-1	Chaos dwarf	Chaos dwarf	119	3019	3766	0
npc	-1	Chaos dwarf	Chaos dwarf	119	3021	3755	0
npc	-1	Chaos dwarf	Chaos dwarf	119	3025	3763	0
npc	-1	King Scorpion	King Scorpion	144	3070	3829	0
npc	-1	King Scorpion	King Scorpion	144	3070	3836	0
npc	-1	Lesser demon	Lesser demon	82	3014	3848	0
npc	-1	Lesser demon	Lesser demon	82	3015	3851	0
npc	-1	Lesser demon	Lesser demon	82	3016	3845	0
npc	-1	Lesser demon	Lesser demon	82	3017	3852	0
npc	-1	Black Knight	Black Knight	179	3023	3849	0
npc	-1	Black Knight	Black Knight	179	3029	3852	0
npc	-1	Black Knight	Black Knight	179	3032	3851	0
npc	-1	Black Knight	Black Knight	179	3038	3854	0
npc	-1	Black Knight	Black Knight	179	3042	3856	0
npc	-1	Deadly red spider	Deadly red spider	63	3046	3882	0
npc	-1	Deadly red spider	Deadly red spider	63	3046	3884	0
npc	-1	Deadly red spider	Deadly red spider	63	3047	3874	0
npc	-1	Deadly red spider	Deadly red spider	63	3047	3876	0
npc	-1	Deadly red spider	Deadly red spider	63	3047	3890	0
npc	-1	Deadly red spider	Deadly red spider	63	3047	3892	0
npc	-1	Deadly red spider	Deadly red spider	63	3049	3896	0
npc	-1	Black Knight	Black Knight	179	3050	3849	0
npc	-1	Deadly red spider	Deadly red spider	63	3050	3871	0
npc	-1	Deadly red spider	Deadly red spider	63	3052	3871	0
npc	-1	Deadly red spider	Deadly red spider	63	3052	3896	0
npc	-1	Black Knight	Black Knight	179	3054	3852	0
npc	-1	Black Knight	Black Knight	179	3057	3842	0
npc	-1	Black Knight	Black Knight	179	3058	3854	0
npc	-1	Deadly red spider	Deadly red spider	63	3058	3897	0
npc	-1	Deadly red spider	Deadly red spider	63	3061	3897	0
npc	-1	Deadly red spider	Deadly red spider	63	3067	3896	0
npc	-1	Deadly red spider	Deadly red spider	63	3070	3896	0
npc	-1	Pirate	Pirate	184	3039	3950	0
npc	-1	Pirate	Pirate	184	3039	3955	0
npc	-1	Pirate	Pirate	184	3039	3958	0
npc	-1	Pirate	Pirate	184	3040	3955	0
npc	-1	Pirate	Pirate	184	3041	3950	0
npc	-1	Pirate	Pirate	184	3041	3951	0
npc	-1	Pirate	Pirate	184	3041	3953	0
npc	-1	Pirate	Pirate	184	3041	3956	0
npc	-1	Pirate	Pirate	184	3043	3950	0
npc	-1	Pirate	Pirate	184	3043	3951	0
npc	-1	Pirate	Pirate	184	3043	3956	0
npc	-1	Pirate	Pirate	184	3043	3958	0
npc	-1	Mining Instructor	Mining Instructor	948	3081	9504	0
npc	-1	Giant rat	Giant rat	950	3098	9519	0
npc	-1	Giant rat	Giant rat	950	3099	9514	0
npc	-1	Giant rat	Giant rat	950	3100	9517	0
npc	-1	Giant rat	Giant rat	950	3100	9521	0
npc	-1	Giant rat	Giant rat	950	3102	9513	0
npc	-1	Giant rat	Giant rat	950	3103	9518	0
npc	-1	Giant rat	Giant rat	950	3103	9521	0
npc	-1	Giant rat	Giant rat	950	3104	9512	0
npc	-1	Giant rat	Giant rat	950	3105	9514	0
npc	-1	Giant rat	Giant rat	950	3105	9518	0
npc	-1	Combat Instructor	Combat Instructor	944	3106	9509	0
npc	-1	Giant rat	Giant rat	950	3107	9516	0
npc	-1	Giant rat	Giant rat	950	3107	9521	0
npc	-1	Giant rat	Giant rat	950	3109	9518	0
npc	-1	Sedridor	Sedridor	300	3103	9571	0
npc	-1	Wizard	Wizard	13	3109	9558	0
npc	-1	Chicken	Chicken	41	3109	9569	0
npc	-1	Spider	Spider	61	3110	9745	0
npc	-1	Spider	Spider	61	3111	9746	0
npc	-1	Spider	Spider	61	3112	9748	0
npc	-1	Spider	Spider	61	3112	9749	0
npc	-1	Giant	Giant	117	3099	9832	0
npc	-1	Giant	Giant	117	3100	9836	0
npc	-1	Giant	Giant	117	3106	9827	0
npc	-1	Giant	Giant	117	3107	9835	0
npc	-1	Giant	Giant	117	3110	9845	0
npc	-1	Giant	Giant	117	3111	9841	0
npc	-1	Giant	Giant	117	3113	9831	0
npc	-1	Giant	Giant	117	3116	9832	0
npc	-1	Giant	Giant	117	3117	9835	0
npc	-1	Giant	Giant	117	3117	9843	0
npc	-1	Giant	Giant	117	3117	9850	0
npc	-1	Giant	Giant	117	3122	9844	0
npc	-1	Giant rat	Giant rat	87	3089	9895	0
npc	-1	Giant rat	Giant rat	86	3091	9897	0
npc	-1	Skeleton	Skeleton	91	3094	9889	0
npc	-1	Skeleton	Skeleton	91	3095	9899	0
npc	-1	Skeleton	Skeleton	91	3095	9909	0
npc	-1	Giant spider	Giant spider	59	3096	9878	0
npc	-1	Skeleton	Skeleton	91	3096	9893	0
npc	-1	Giant spider	Giant spider	59	3097	9878	0
npc	-1	Skeleton	Skeleton	91	3098	9906	0
npc	-1	Skeleton	Skeleton	91	3099	9912	0
npc	-1	Giant rat	Giant rat	86	3102	9880	0
npc	-1	Skeleton	Skeleton	90	3114	9910	0
npc	-1	Giant rat	Giant rat	87	3117	9889	0
npc	-1	Hobgoblin	Hobgoblin	123	3118	9871	0
npc	-1	Zombie	Zombie	75	3119	9862	0
npc	-1	Giant rat	Giant rat	86	3121	9893	0
npc	-1	Skeleton	Skeleton	92	3121	9908	0
npc	-1	Hobgoblin	Hobgoblin	122	3122	9874	0
npc	-1	Giant rat	Giant rat	87	3122	9889	0
npc	-1	Hobgoblin	Hobgoblin	123	3123	9879	0
npc	-1	Zombie	Zombie	75	3124	9861	0
npc	-1	Zombie	Zombie	75	3126	9865	0
npc	-1	Hobgoblin	Hobgoblin	122	3126	9875	0
npc	-1	Hobgoblin	Hobgoblin	123	3128	9876	0
npc	-1	Skeleton	Skeleton	90	3128	9909	0
npc	-1	Zombie	Zombie	75	3130	9860	0
npc	-1	Skeleton	Skeleton	90	3132	9904	0
npc	-1	Skeleton	Skeleton	90	3132	9908	0
npc	-1	Skeleton	Skeleton	90	3132	9914	0
npc	-1	Skeleton	Skeleton	92	3134	9911	0
npc	-1	Black Demon	Black Demon	84	3084	9957	0
npc	-1	Chronozon	Chronozon	667	3087	9937	0
npc	-1	Poison spider	Poison spider	134	3088	9945	0
npc	-1	Black Demon	Black Demon	84	3088	9961	0
npc	-1	Poison spider	Poison spider	134	3089	9943	0
npc	-1	Poison spider	Poison spider	134	3090	9944	0
npc	-1	Black Demon	Black Demon	84	3092	9958	0
npc	-1	Skeleton	Skeleton	93	3101	9956	0
npc	-1	Chaos druid	Chaos druid	181	3104	9942	0
npc	-1	Skeleton	Skeleton	93	3104	9948	0
npc	-1	Skeleton	Skeleton	93	3104	9955	0
npc	-1	Chaos druid	Chaos druid	181	3105	9936	0
npc	-1	Chaos druid	Chaos druid	181	3106	9940	0
npc	-1	Chaos druid	Chaos druid	181	3107	9943	0
npc	-1	Skeleton	Skeleton	93	3108	9951	0
npc	-1	Skeleton	Skeleton	93	3108	9954	0
npc	-1	Chaos druid	Chaos druid	181	3109	9931	0
npc	-1	Chaos druid	Chaos druid	181	3110	9941	0
npc	-1	Chaos druid	Chaos druid	181	3111	9936	0
npc	-1	Chaos druid	Chaos druid	181	3111	9939	0
npc	-1	Skeleton	Skeleton	93	3111	9954	0
npc	-1	Skeleton	Skeleton	93	3112	9958	0
npc	-1	Chaos druid	Chaos druid	181	3114	9929	0
npc	-1	Chaos druid	Chaos druid	181	3115	9925	0
npc	-1	Chaos druid	Chaos druid	181	3115	9932	0
npc	-1	Deadly red spider	Deadly red spider	63	3118	9950	0
npc	-1	Deadly red spider	Deadly red spider	63	3118	9956	0
npc	-1	Earth warrior	Earth warrior	124	3118	9974	0
npc	-1	Earth warrior	Earth warrior	124	3119	9971	0
npc	-1	Deadly red spider	Deadly red spider	63	3120	9952	0
npc	-1	Earth warrior	Earth warrior	124	3120	9976	0
npc	-1	Deadly red spider	Deadly red spider	63	3122	9955	0
npc	-1	Thug	Thug	186	3123	9929	0
npc	-1	Deadly red spider	Deadly red spider	63	3124	9951	0
npc	-1	Earth warrior	Earth warrior	124	3124	9974	0
npc	-1	Deadly red spider	Deadly red spider	63	3125	9958	0
npc	-1	Deadly red spider	Deadly red spider	63	3126	9948	0
npc	-1	Thug	Thug	186	3127	9929	0
npc	-1	Thug	Thug	186	3127	9933	0
npc	-1	Deadly red spider	Deadly red spider	63	3127	9956	0
npc	-1	Deadly red spider	Deadly red spider	63	3128	9954	0
npc	-1	Thug	Thug	186	3130	9930	0
npc	-1	Thug	Thug	186	3131	9934	0
npc	-1	Thug	Thug	186	3132	9921	0
npc	-1	Thug	Thug	186	3132	9926	0
npc	-1	Thug	Thug	186	3133	9928	0
npc	-1	Thug	Thug	186	3134	9935	0
npc	-1	Earth warrior	Earth warrior	124	3116	9992	0
npc	-1	Earth warrior	Earth warrior	124	3118	9989	0
npc	-1	Earth warrior	Earth warrior	124	3121	9992	0
npc	-1	Earth warrior	Earth warrior	124	3122	9996	0
npc	-1	Earth warrior	Earth warrior	124	3123	9988	0
npc	-1	Earth warrior	Earth warrior	124	3125	9994	0
npc	-1	Earth warrior	Earth warrior	124	3126	9992	0
npc	-1	Master Chef	Master Chef	942	3075	3085	0
npc	-1	Quest Guide	Quest Guide	949	3085	3122	0
npc	-1	RuneScape Guide	RuneScape Guide	945	3094	3107	0
npc	-1	Survival Expert	Survival Expert	943	3103	3095	0
npc	-1	Banker	Banker	953	3120	3125	0
npc	-1	Banker	Banker	953	3122	3125	0
npc	-1	Brother Brace	Brother Brace	954	3125	3106	0
npc	-1	Financial Advisor	Financial Advisor	947	3127	3124	0
npc	-1	Wizard	Wizard	13	3107	3158	0
npc	-1	Wizard	Wizard	13	3110	3158	0
npc	-1	Wizard	Wizard	13	3111	3166	0
npc	-1	Wizard	Wizard	13	3111	3168	0
npc	-1	Wizard	Wizard	13	3107	3157	1
npc	-1	Wizard	Wizard	1263	3108	3161	1
npc	-1	Wizard	Wizard	13	3112	3157	1
npc	-1	Traiborn	Traiborn	881	3112	3162	1
npc	-1	Wizard Mizgog	Wizard Mizgog	706	3103	3163	2
npc	-1	Lesser demon	Lesser demon	82	3110	3157	2
npc	-1	Wizard Grayzag	Wizard Grayzag	707	3110	3161	2
npc	-1	Imp	Imp	708	3073	3250	0
npc	-1	Diango	Diango	970	3079	3250	0
npc	-1	Dark wizard	Dark wizard	174	3084	3236	0
npc	-1	Dark wizard	Dark wizard	174	3085	3238	0
npc	-1	Aggie	Aggie	922	3086	3259	0
npc	-1	Banker	Banker	494	3088	3242	0
npc	-1	Banker	Banker	495	3090	3242	0
npc	-1	Banker	Banker	495	3090	3243	0
npc	-1	Banker	Banker	494	3090	3245	0
npc	-1	Ned	Ned	918	3100	3258	0
npc	-1	Black Knight	Black Knight	178	3101	3220	0
npc	-1	Jail guard	Jail guard	917	3109	3237	0
npc	-1	Leela	Leela	915	3113	3263	0
npc	-1	Jail guard	Jail guard	917	3120	3238	0
npc	-1	Jail guard	Jail guard	917	3121	3249	0
npc	-1	Prince Ali	Prince Ali	920	3123	3242	0
npc	-1	Joe	Joe	916	3123	3245	0
npc	-1	Jail guard	Jail guard	917	3127	3248	0
npc	-1	Lady Keli	Lady Keli	919	3128	3244	0
npc	-1	Morgan	Morgan	755	3098	3268	0
npc	-1	Man	Man	1	3100	3279	0
npc	-1	Goblin	Goblin	101	3110	3281	0
npc	-1	Highwayman	Highwayman	180	3110	3295	0
npc	-1	Goblin	Goblin	101	3114	3310	0
npc	-1	Woman	Woman	4	3097	3269	1
npc	-1	Giant spider	Giant spider	59	3075	3366	0
npc	-1	Witch	Witch	176	3099	3370	0
npc	-1	Veronica	Veronica	285	3110	3330	0
npc	-1	Skeleton	Skeleton	90	3110	3367	0
npc	-1	Giant spider	Giant spider	59	3135	3340	0
npc	-1	Ghost	Ghost	104	3094	3356	1
npc	-1	Ghost	Ghost	104	3098	3359	1
npc	-1	Ghost	Ghost	104	3101	3356	1
npc	-1	Ghost	Ghost	104	3108	3358	1
npc	-1	Ghost	Ghost	104	3123	3356	1
npc	-1	Ernest	Ernest	288	3110	3366	2
npc	-1	Professor Oddenstein	Professor Oddenstein	286	3110	3367	2
npc	-1	Barbarian woman	Barbarian woman	17	3075	3420	0
npc	-1	Barbarian woman	Barbarian woman	17	3075	3445	0
npc	-1	Barbarian	Barbarian	12	3076	3414	0
npc	-1	Peksa	Peksa	538	3076	3429	0
npc	-1	Barbarian	Barbarian	12	3078	3419	0
npc	-1	Barbarian	Barbarian	12	3078	3436	0
npc	-1	Barbarian woman	Barbarian woman	17	3078	3440	0
npc	-1	Barbarian	Barbarian	12	3078	3442	0
npc	-1	Barbarian	Barbarian	12	3079	3409	0
npc	-1	Barbarian	Barbarian	12	3079	3437	0
npc	-1	Barbarian	Barbarian	12	3079	3444	0
npc	-1	Barbarian	Barbarian	12	3080	3423	0
npc	-1	Gunthor the brave	Gunthor the brave	199	3081	3444	0
npc	-1	Barbarian	Barbarian	12	3083	3429	0
npc	-1	Barbarian woman	Barbarian woman	17	3084	3426	0
npc	-1	Unicorn	Unicorn	89	3084	3454	0
npc	-1	Barbarian	Barbarian	12	3085	3409	0
npc	-1	Barbarian woman	Barbarian woman	17	3086	3419	0
npc	-1	Barbarian	Barbarian	12	3086	3440	0
npc	-1	Unicorn	Unicorn	89	3090	3450	0
npc	-1	Barbarian	Barbarian	12	3096	3432	0
npc	-1	Goblin	Goblin	101	3118	3432	0
npc	-1	Goblin	Goblin	101	3119	3444	0
npc	-1	Goblin	Goblin	101	3121	3422	0
npc	-1	Goblin	Goblin	101	3126	3431	0
npc	-1	Goblin	Goblin	101	3126	3450	0
npc	-1	Barbarian	Barbarian	12	3096	3428	2
npc	-1	Imp	Imp	708	3073	3498	0
npc	-1	Imp	Imp	708	3078	3461	0
npc	-1	Imp	Imp	708	3078	3499	0
npc	-1	Shop keeper	Shop keeper	528	3080	3511	0
npc	-1	Shop assistant	Shop assistant	529	3081	3511	0
npc	-1	Guard	Guard	9	3085	3518	0
npc	-1	Man	Man	3	3092	3510	0
npc	-1	Man	Man	1	3093	3512	0
npc	-1	Guard	Guard	9	3093	3518	0
npc	-1	Banker	Banker	494	3096	3489	0
npc	-1	Banker	Banker	495	3096	3491	0
npc	-1	Banker	Banker	495	3096	3492	0
npc	-1	Man	Man	3	3097	3508	0
npc	-1	Man	Man	1	3097	3512	0
npc	-1	Banker	Banker	494	3098	3492	0
npc	-1	Man	Man	1	3100	3509	0
npc	-1	Man	Man	2	3100	3511	0
npc	-1	Man	Man	3	3101	3509	0
npc	-1	Guard	Guard	9	3109	3513	0
npc	-1	Guard	Guard	9	3110	3515	0
npc	-1	Guard	Guard	9	3114	3512	0
npc	-1	Guard	Guard	9	3114	3517	0
npc	-1	Imp	Imp	708	3134	3487	0
npc	-1	Skeleton	Skeleton	90	3072	3531	0
npc	-1	Skeleton	Skeleton	90	3074	3532	0
npc	-1	Skeleton	Skeleton	92	3081	3551	0
npc	-1	Skeleton	Skeleton	90	3096	3559	0
npc	-1	Skeleton	Skeleton	92	3102	3569	0
npc	-1	Skeleton	Skeleton	92	3103	3567	0
npc	-1	Skeleton	Skeleton	92	3104	3566	0
npc	-1	Skeleton	Skeleton	90	3106	3548	0
npc	-1	Skeleton	Skeleton	92	3106	3567	0
npc	-1	Skeleton	Skeleton	92	3106	3570	0
npc	-1	Skeleton	Skeleton	90	3107	3528	0
npc	-1	Skeleton	Skeleton	90	3112	3538	0
npc	-1	Skeleton	Skeleton	90	3116	3524	0
npc	-1	Skeleton	Skeleton	90	3117	3532	0
npc	-1	Bear	Bear	105	3099	3602	0
npc	-1	Bear	Bear	105	3100	3594	0
npc	-1	Bear	Bear	105	3107	3608	0
npc	-1	Ghost	Ghost	103	3088	3700	0
npc	-1	Ghost	Ghost	103	3092	3692	0
npc	-1	Ghost	Ghost	103	3097	3700	0
npc	-1	Bear	Bear	105	3098	3652	0
npc	-1	Ghost	Ghost	103	3105	3696	0
npc	-1	Bear	Bear	105	3106	3677	0
npc	-1	Bear	Bear	105	3110	3664	0
npc	-1	Ghost	Ghost	103	3113	3689	0
npc	-1	Bear	Bear	105	3119	3673	0
npc	-1	Bear	Bear	105	3120	3653	0
npc	-1	Bear	Bear	105	3125	3693	0
npc	-1	Hobgoblin	Hobgoblin	122	3075	3748	0
npc	-1	Hobgoblin	Hobgoblin	122	3076	3774	0
npc	-1	Hobgoblin	Hobgoblin	122	3078	3742	0
npc	-1	Hobgoblin	Hobgoblin	122	3078	3754	0
npc	-1	Hobgoblin	Hobgoblin	122	3078	3764	0
npc	-1	Hobgoblin	Hobgoblin	122	3080	3750	0
npc	-1	Hobgoblin	Hobgoblin	122	3080	3759	0
npc	-1	Hobgoblin	Hobgoblin	122	3081	3770	0
npc	-1	Hobgoblin	Hobgoblin	122	3083	3766	0
npc	-1	Hobgoblin	Hobgoblin	122	3085	3742	0
npc	-1	Hobgoblin	Hobgoblin	122	3085	3757	0
npc	-1	Hobgoblin	Hobgoblin	122	3085	3773	0
npc	-1	Hobgoblin	Hobgoblin	122	3087	3752	0
npc	-1	Hobgoblin	Hobgoblin	122	3088	3758	0
npc	-1	Hobgoblin	Hobgoblin	122	3088	3765	0
npc	-1	Hobgoblin	Hobgoblin	122	3089	3770	0
npc	-1	Hobgoblin	Hobgoblin	122	3092	3756	0
npc	-1	Hobgoblin	Hobgoblin	122	3092	3763	0
npc	-1	Hobgoblin	Hobgoblin	122	3094	3746	0
npc	-1	Hobgoblin	Hobgoblin	122	3094	3772	0
npc	-1	Hobgoblin	Hobgoblin	122	3096	3767	0
npc	-1	Hobgoblin	Hobgoblin	122	3097	3756	0
npc	-1	Hobgoblin	Hobgoblin	122	3097	3761	0
npc	-1	Hobgoblin	Hobgoblin	122	3099	3770	0
npc	-1	Hobgoblin	Hobgoblin	122	3105	3763	0
npc	-1	Hobgoblin	Hobgoblin	122	3107	3758	0
npc	-1	Green dragon	Green dragon	941	3078	3810	0
npc	-1	Green dragon	Green dragon	941	3092	3810	0
npc	-1	Green dragon	Green dragon	941	3098	3821	0
npc	-1	Green dragon	Green dragon	941	3107	3812	0
npc	-1	Green dragon	Green dragon	941	3118	3820	0
npc	-1	King Scorpion	King Scorpion	144	3075	3848	0
npc	-1	King Scorpion	King Scorpion	144	3090	3841	0
npc	-1	Lesser demon	Lesser demon	82	3091	3861	0
npc	-1	Giant	Giant	117	3094	3849	0
npc	-1	Lesser demon	Lesser demon	82	3094	3869	0
npc	-1	Giant	Giant	117	3104	3875	0
npc	-1	Giant	Giant	117	3110	3854	0
npc	-1	Giant	Giant	117	3117	3854	0
npc	-1	Giant bat	Giant bat	78	3073	3961	0
npc	-1	Giant bat	Giant bat	78	3074	3952	0
npc	-1	Giant bat	Giant bat	78	3075	3955	0
npc	-1	Rogue	Rogue	187	3076	3916	0
npc	-1	Giant bat	Giant bat	78	3076	3961	0
npc	-1	Giant bat	Giant bat	78	3077	3949	0
npc	-1	Rogue	Rogue	187	3079	3909	0
npc	-1	Giant bat	Giant bat	78	3079	3957	0
npc	-1	Giant bat	Giant bat	78	3080	3961	0
npc	-1	Battle mage	Battle mage	913	3098	3925	0
npc	-1	Battle mage	Battle mage	914	3098	3942	0
npc	-1	Battle mage	Battle mage	912	3100	3927	0
npc	-1	Battle mage	Battle mage	913	3100	3940	0
npc	-1	Battle mage	Battle mage	914	3102	3929	0
npc	-1	Battle mage	Battle mage	912	3102	3938	0
npc	-1	Battle mage	Battle mage	913	3110	3934	0
npc	-1	Battle mage	Battle mage	914	3113	3934	0
npc	-1	Battle mage	Battle mage	912	3116	3934	0
npc	-1	Fairy	Fairy	57	3141	9567	0
npc	-1	Fairy	Fairy	57	3143	9568	0
npc	-1	Fairy	Fairy	57	3144	9565	0
npc	-1	Fairy shop assistant	Fairy shop assistant	535	3144	9567	0
npc	-1	Fairy	Fairy	57	3145	9570	0
npc	-1	Fairy shop keeper	Fairy shop keeper	534	3146	9567	0
npc	-1	Otherworldly being	Otherworldly being	126	3149	9545	0
npc	-1	Fairy	Fairy	57	3149	9579	0
npc	-1	Otherworldly being	Otherworldly being	126	3150	9541	0
npc	-1	Otherworldly being	Otherworldly being	126	3150	9549	0
npc	-1	Banker	Banker	498	3150	9577	0
npc	-1	Fairy	Fairy	57	3151	9544	0
npc	-1	Fairy	Fairy	57	3151	9575	0
npc	-1	Banker	Banker	498	3153	9577	0
npc	-1	Fairy	Fairy	57	3153	9578	0
npc	-1	Banker	Banker	498	3153	9579	0
npc	-1	Otherworldly being	Otherworldly being	126	3154	9539	0
npc	-1	Fairy	Fairy	57	3154	9551	0
npc	-1	Banker	Banker	498	3154	9580	0
npc	-1	Fairy	Fairy	57	3156	9545	0
npc	-1	Otherworldly being	Otherworldly being	126	3156	9548	0
npc	-1	Otherworldly being	Otherworldly being	126	3157	9542	0
npc	-1	Fairy	Fairy	57	3159	9573	0
npc	-1	Fairy	Fairy	57	3161	9567	0
npc	-1	Fairy	Fairy	57	3162	9560	0
npc	-1	Fairy	Fairy	57	3163	9581	0
npc	-1	Fairy	Fairy	57	3164	9577	0
npc	-1	Fairy	Fairy	57	3166	9568	0
npc	-1	Fairy	Fairy	57	3176	9565	0
npc	-1	Sheep	Sheep	43	3178	9576	0
npc	-1	Fairy	Fairy	57	3180	9557	0
npc	-1	Sheep	Sheep	43	3183	9549	0
npc	-1	Fairy	Fairy	57	3183	9558	0
npc	-1	Sheep	Sheep	43	3183	9571	0
npc	-1	Sheep	Sheep	43	3184	9555	0
npc	-1	Fairy	Fairy	57	3186	9557	0
npc	-1	Fairy	Fairy	57	3186	9567	0
npc	-1	Fairy	Fairy	57	3187	9585	0
npc	-1	Sheep	Sheep	43	3191	9552	0
npc	-1	Fairy	Fairy	57	3191	9581	0
npc	-1	Fairy	Fairy	57	3194	9553	0
npc	-1	Fairy	Fairy	57	3195	9581	0
npc	-1	Fairy	Fairy	57	3199	9577	0
npc	-1	Skeleton	Skeleton	92	3137	9871	0
npc	-1	Skeleton	Skeleton	90	3138	9874	0
npc	-1	Skeleton	Skeleton	92	3139	9877	0
npc	-1	Zombie	Zombie	74	3139	9885	0
npc	-1	Zombie	Zombie	74	3140	9893	0
npc	-1	Skeleton	Skeleton	92	3141	9869	0
npc	-1	Skeleton	Skeleton	92	3141	9873	0
npc	-1	Zombie	Zombie	74	3143	9904	0
npc	-1	Skeleton	Skeleton	92	3144	9869	0
npc	-1	Zombie	Zombie	74	3146	9892	0
npc	-1	Zombie	Zombie	74	3147	9883	0
npc	-1	Zombie	Zombie	74	3147	9899	0
npc	-1	Zombie	Zombie	74	3148	9904	0
npc	-1	Zombie	Zombie	74	3150	9889	0
npc	-1	Zombie	Zombie	74	3150	9907	0
npc	-1	Zombie	Zombie	74	3151	9884	0
npc	-1	Moss giant	Moss giant	112	3157	9905	0
npc	-1	Moss giant	Moss giant	112	3159	9900	0
npc	-1	Moss giant	Moss giant	112	3163	9878	0
npc	-1	Moss giant	Moss giant	112	3167	9879	0
npc	-1	Deadly red spider	Deadly red spider	63	3171	9884	0
npc	-1	Deadly red spider	Deadly red spider	63	3174	9891	0
npc	-1	Deadly red spider	Deadly red spider	63	3175	9881	0
npc	-1	Deadly red spider	Deadly red spider	63	3176	9883	0
npc	-1	Deadly red spider	Deadly red spider	63	3178	9880	0
npc	-1	Deadly red spider	Deadly red spider	63	3178	9888	0
npc	-1	Deadly red spider	Deadly red spider	63	3180	9883	0
npc	-1	Deadly red spider	Deadly red spider	63	3183	9885	0
npc	-1	Deadly red spider	Deadly red spider	63	3186	9892	0
npc	-1	Desert Wolf	Desert Wolf	839	3150	3044	0
npc	-1	Desert Wolf	Desert Wolf	839	3153	3047	0
npc	-1	Bedabin Nomad	Bedabin Nomad	833	3159	3042	0
npc	-1	Bedabin Nomad Fighter	Bedabin Nomad Fighter	1239	3160	3031	0
npc	-1	Bedabin Nomad	Bedabin Nomad	833	3160	3039	0
npc	-1	Bedabin Nomad Fighter	Bedabin Nomad Fighter	1239	3162	3033	0
npc	-1	Bedabin Nomad	Bedabin Nomad	833	3163	3035	0
npc	-1	Bedabin Nomad Fighter	Bedabin Nomad Fighter	1239	3164	3031	0
npc	-1	Bedabin Nomad	Bedabin Nomad	833	3169	3030	0
npc	-1	Bedabin Nomad Guard	Bedabin Nomad Guard	834	3170	3045	0
npc	-1	Al Shabim	Al Shabim	832	3171	3025	0
npc	-1	Desert Wolf	Desert Wolf	839	3172	3009	0
npc	-1	Bedabin Nomad	Bedabin Nomad	833	3172	3031	0
npc	-1	Bedabin Nomad	Bedabin Nomad	833	3173	3035	0
npc	-1	Camel	Camel	80	3173	3039	0
npc	-1	Desert Wolf	Desert Wolf	839	3174	3010	0
npc	-1	Bedabin Nomad	Bedabin Nomad	833	3176	3038	0
npc	-1	Bedabin Nomad	Bedabin Nomad	833	3176	3043	0
npc	-1	Bedabin Nomad Fighter	Bedabin Nomad Fighter	1239	3177	3033	0
npc	-1	Bedabin Nomad Fighter	Bedabin Nomad Fighter	1239	3178	3030	0
npc	-1	Bedabin Nomad Fighter	Bedabin Nomad Fighter	1239	3180	3033	0
npc	-1	Ugthanki	Ugthanki	840	3190	3054	0
npc	-1	Ugthanki	Ugthanki	840	3192	3016	0
npc	-1	Desert Wolf	Desert Wolf	839	3196	3063	0
npc	-1	Desert Wolf	Desert Wolf	839	3197	3012	0
npc	-1	Desert Wolf	Desert Wolf	839	3198	3040	0
npc	-1	Desert Wolf	Desert Wolf	839	3198	3061	0
npc	-1	Desert Wolf	Desert Wolf	839	3199	3016	0
npc	-1	Desert Wolf	Desert Wolf	839	3199	3036	0
npc	-1	Chicken	Chicken	951	3138	3093	0
npc	-1	Chicken	Chicken	951	3138	3095	0
npc	-1	Chicken	Chicken	951	3140	3093	0
npc	-1	Chicken	Chicken	951	3140	3094	0
npc	-1	Chicken	Chicken	951	3140	3096	0
npc	-1	Magic Instructor	Magic Instructor	946	3141	3088	0
npc	-1	Unicorn	Unicorn	89	3140	3209	0
npc	-1	Goblin	Goblin	100	3141	3258	0
npc	-1	Goblin	Goblin	100	3141	3261	0
npc	-1	Goblin	Goblin	100	3142	3230	0
npc	-1	Goblin	Goblin	100	3142	3260	0
npc	-1	Goblin	Goblin	100	3143	3227	0
npc	-1	Goblin	Goblin	100	3144	3231	0
npc	-1	Goblin	Goblin	100	3144	3233	0
npc	-1	Goblin	Goblin	100	3144	3259	0
npc	-1	Archer	Archer	649	3145	3200	0
npc	-1	Warrior	Warrior	650	3145	3202	0
npc	-1	Goblin	Goblin	100	3145	3229	0
npc	-1	Goblin	Goblin	100	3146	3234	0
npc	-1	Goblin	Goblin	100	3146	3260	0
npc	-1	Monk	Monk	651	3147	3202	0
npc	-1	Wizard	Wizard	652	3148	3200	0
npc	-1	Bear	Bear	105	3159	3233	0
npc	-1	Spider	Spider	61	3165	3247	0
npc	-1	Giant spider	Giant spider	59	3165	3249	0
npc	-1	Giant spider	Giant spider	59	3166	3242	0
npc	-1	Spider	Spider	61	3166	3248	0
npc	-1	Goblin	Goblin	101	3167	3205	0
npc	-1	Giant spider	Giant spider	59	3167	3247	0
npc	-1	Spider	Spider	61	3168	3245	0
npc	-1	Spider	Spider	61	3169	3243	0
npc	-1	Giant spider	Giant spider	59	3170	3245	0
npc	-1	Giant spider	Giant spider	59	3170	3248	0
npc	-1	Goblin	Goblin	101	3173	3204	0
npc	-1	Bear	Bear	105	3176	3223	0
npc	-1	Goblin	Goblin	100	3183	3244	0
npc	-1	Goblin	Goblin	100	3183	3246	0
npc	-1	Goblin	Goblin	100	3185	3244	0
npc	-1	Goblin	Goblin	100	3185	3246	0
npc	-1	Goblin	Goblin	100	3187	3244	0
npc	-1	Goblin	Goblin	100	3187	3246	0
npc	-1	Giant rat	Giant rat	86	3192	3207	0
npc	-1	Sheep	Sheep	43	3193	3262	0
npc	-1	Giant rat	Giant rat	86	3194	3203	0
npc	-1	Giant rat	Giant rat	86	3195	3207	0
npc	-1	Sheep	Sheep	43	3196	3259	0
npc	-1	Giant rat	Giant rat	86	3197	3201	0
npc	-1	Sheep	Sheep	43	3198	3261	0
npc	-1	Goblin	Goblin	101	3142	3297	0
npc	-1	Farmer	Farmer	7	3154	3293	0
npc	-1	Cow	Cow	81	3154	3325	0
npc	-1	Cow	Cow	81	3160	3318	0
npc	-1	Goblin	Goblin	101	3162	3277	0
npc	-1	Farmer	Farmer	7	3165	3324	0
npc	-1	Cow	Cow	81	3173	3323	0
npc	-1	Chicken	Chicken	41	3185	3277	0
npc	-1	Chicken	Chicken	41	3186	3279	0
npc	-1	Chicken	Chicken	41	3187	3278	0
npc	-1	Fred the Farmer	Fred the Farmer	758	3189	3273	0
npc	-1	Chicken	Chicken	41	3189	3278	0
npc	-1	Chicken	Chicken	41	3191	3277	0
npc	-1	Sheep	Sheep	43	3194	3267	0
npc	-1	Sheep	Sheep	43	3195	3272	0
npc	-1	Sheep	Sheep	43	3197	3269	0
npc	-1	Cow	Cow	81	3197	3320	0
npc	-1	Sheep	Sheep	43	3198	3265	0
npc	-1	Sheep	Sheep	43	3198	3272	0
npc	-1	Cow	Cow	81	3156	3342	0
npc	-1	Mugger	Mugger	175	3175	3361	0
npc	-1	Cow	Cow	81	3182	3329	0
npc	-1	Thief	Thief	8	3184	3385	0
npc	-1	Thief	Thief	8	3184	3389	0
npc	-1	Thief	Thief	8	3185	3390	0
npc	-1	Katrine	Katrine	642	3186	3385	0
npc	-1	Guild master	Guild master	198	3191	3362	0
npc	-1	Chicken	Chicken	41	3196	3352	0
npc	-1	Cow	Cow	81	3197	3331	0
npc	-1	Chicken	Chicken	41	3197	3352	0
npc	-1	Chicken	Chicken	41	3197	3353	0
npc	-1	Chicken	Chicken	41	3198	3354	0
npc	-1	Chicken	Chicken	41	3198	3355	0
npc	-1	Scavvo	Scavvo	537	3191	3351	1
npc	-1	Valaine	Valaine	536	3193	3361	1
npc	-1	Head chef	Head chef	847	3143	3444	0
npc	-1	Philop	Philop	782	3150	3407	0
npc	-1	Gertrude	Gertrude	780	3151	3410	0
npc	-1	Man	Man	1	3154	3428	0
npc	-1	Kanel	Kanel	784	3155	3406	0
npc	-1	Guard	Guard	9	3173	3429	0
npc	-1	Guard	Guard	9	3175	3423	0
npc	-1	Guard	Guard	9	3175	3428	0
npc	-1	Imp	Imp	708	3177	3405	0
npc	-1	Guard	Guard	9	3180	3401	0
npc	-1	Banker	Banker	494	3187	3436	0
npc	-1	Banker	Banker	495	3187	3438	0
npc	-1	Banker	Banker	495	3187	3440	0
npc	-1	Banker	Banker	494	3187	3442	0
npc	-1	Banker	Banker	494	3187	3444	0
npc	-1	Banker	Banker	495	3187	3446	0
npc	-1	Man	Man	3	3194	3396	0
npc	-1	Apothecary	Apothecary	638	3195	3404	0
npc	-1	Juliet	Juliet	637	3158	3425	1
npc	-1	Guard	Guard	9	3175	3403	1
npc	-1	Guard	Guard	9	3175	3414	1
npc	-1	Giant spider	Giant spider	59	3145	3481	0
npc	-1	Giant spider	Giant spider	59	3148	3478	0
npc	-1	Giant spider	Giant spider	59	3149	3482	0
npc	-1	Bear	Bear	106	3150	3507	0
npc	-1	Bear	Bear	106	3162	3514	0
npc	-1	Lucien	Lucien	272	3176	3476	0
npc	-1	Thug	Thug	186	3160	3568	0
npc	-1	Thug	Thug	186	3167	3576	0
npc	-1	Thug	Thug	186	3171	3579	0
npc	-1	Thug	Thug	186	3172	3561	0
npc	-1	Thug	Thug	186	3175	3572	0
npc	-1	Thug	Thug	186	3179	3564	0
npc	-1	Thug	Thug	186	3184	3580	0
npc	-1	Thug	Thug	186	3189	3563	0
npc	-1	Thug	Thug	186	3190	3570	0
npc	-1	Zombie	Zombie	74	3152	3674	0
npc	-1	Zombie	Zombie	74	3153	3658	0
npc	-1	Zombie	Zombie	75	3153	3676	0
npc	-1	Zombie	Zombie	74	3157	3681	0
npc	-1	Zombie	Zombie	74	3158	3676	0
npc	-1	Zombie	Zombie	75	3162	3665	0
npc	-1	Zombie	Zombie	75	3163	3685	0
npc	-1	Zombie	Zombie	74	3165	3678	0
npc	-1	Zombie	Zombie	74	3166	3663	0
npc	-1	Zombie	Zombie	75	3168	3668	0
npc	-1	Zombie	Zombie	75	3171	3675	0
npc	-1	Zombie	Zombie	74	3172	3669	0
npc	-1	Zombie	Zombie	74	3173	3685	0
npc	-1	Zombie	Zombie	74	3175	3680	0
npc	-1	Zombie	Zombie	74	3176	3677	0
npc	-1	Zombie	Zombie	75	3176	3682	0
npc	-1	Zombie	Zombie	74	3177	3686	0
npc	-1	Zombie	Zombie	74	3179	3680	0
npc	-1	Zombie	Zombie	74	3180	3684	0
npc	-1	Zombie	Zombie	74	3181	3675	0
npc	-1	Zombie	Zombie	74	3182	3682	0
npc	-1	Deadly red spider	Deadly red spider	63	3145	3730	0
npc	-1	Deadly red spider	Deadly red spider	63	3149	3734	0
npc	-1	Deadly red spider	Deadly red spider	63	3150	3744	0
npc	-1	Deadly red spider	Deadly red spider	63	3157	3740	0
npc	-1	Deadly red spider	Deadly red spider	63	3164	3734	0
npc	-1	Deadly red spider	Deadly red spider	63	3168	3736	0
npc	-1	Deadly red spider	Deadly red spider	63	3170	3739	0
npc	-1	Deadly red spider	Deadly red spider	63	3174	3733	0
npc	-1	Deadly red spider	Deadly red spider	63	3178	3737	0
npc	-1	Deadly red spider	Deadly red spider	63	3182	3744	0
npc	-1	Deadly red spider	Deadly red spider	63	3183	3742	0
npc	-1	Moss giant	Moss giant	112	3139	3818	0
npc	-1	Moss giant	Moss giant	112	3140	3805	0
npc	-1	Moss giant	Moss giant	112	3141	3826	0
npc	-1	Skeleton	Skeleton	92	3143	3802	0
npc	-1	Skeleton	Skeleton	92	3145	3779	0
npc	-1	Skeleton	Skeleton	92	3179	3786	0
npc	-1	Red dragon	Red dragon	53	3190	3834	0
npc	-1	Giant spider	Giant spider	60	3162	3882	0
npc	-1	Spider	Spider	61	3162	3887	0
npc	-1	Spider	Spider	61	3163	3879	0
npc	-1	Giant spider	Giant spider	60	3163	3892	0
npc	-1	Spider	Spider	61	3164	3881	0
npc	-1	Spider	Spider	61	3164	3887	0
npc	-1	Giant spider	Giant spider	60	3165	3889	0
npc	-1	Giant spider	Giant spider	60	3165	3895	0
npc	-1	Giant spider	Giant spider	60	3166	3883	0
npc	-1	Spider	Spider	61	3166	3886	0
npc	-1	Spider	Spider	61	3167	3889	0
npc	-1	Giant spider	Giant spider	60	3168	3877	0
npc	-1	Spider	Spider	61	3168	3886	0
npc	-1	Spider	Spider	61	3168	3893	0
npc	-1	Spider	Spider	61	3169	3883	0
npc	-1	Giant spider	Giant spider	60	3169	3888	0
npc	-1	Spider	Spider	61	3171	3881	0
npc	-1	Giant spider	Giant spider	60	3171	3883	0
npc	-1	Spider	Spider	61	3171	3889	0
npc	-1	Giant spider	Giant spider	60	3171	3894	0
npc	-1	Spider	Spider	61	3173	3882	0
npc	-1	Spider	Spider	61	3173	3885	0
npc	-1	Giant spider	Giant spider	60	3173	3888	0
npc	-1	Spider	Spider	61	3174	3879	0
npc	-1	Spider	Spider	61	3176	3887	0
npc	-1	Giant spider	Giant spider	60	3177	3877	0
npc	-1	Spider	Spider	61	3177	3883	0
npc	-1	Spider	Spider	61	3178	3885	0
npc	-1	Red dragon	Red dragon	53	3181	3850	0
npc	-1	Giant spider	Giant spider	60	3181	3887	0
npc	-1	Magic axe	Magic axe	127	3187	3959	0
npc	-1	Magic axe	Magic axe	127	3188	3961	0
npc	-1	Magic axe	Magic axe	127	3189	3960	0
npc	-1	Magic axe	Magic axe	127	3190	3959	0
npc	-1	Magic axe	Magic axe	127	3191	3959	0
npc	-1	Magic axe	Magic axe	127	3191	3961	0
npc	-1	Magic axe	Magic axe	127	3192	3960	0
npc	-1	Magic axe	Magic axe	127	3193	3958	0
npc	-1	Magic axe	Magic axe	127	3194	3960	0
npc	-1	Cow	Cow	81	3203	9562	0
npc	-1	Cow	Cow	81	3207	9577	0
npc	-1	Fairy	Fairy	57	3208	9545	0
npc	-1	Fairy	Fairy	57	3209	9549	0
npc	-1	Cow	Cow	81	3209	9568	0
npc	-1	Fairy Queen	Fairy Queen	653	3213	9547	0
npc	-1	Fairy	Fairy	57	3214	9552	0
npc	-1	Fairy	Fairy	57	3219	9543	0
npc	-1	Fairy	Fairy	57	3219	9547	0
npc	-1	Fairy	Fairy	57	3220	9551	0
npc	-1	Door man	Door man	33	3232	9556	0
npc	-1	Door man	Door man	33	3234	9552	0
npc	-1	Door man	Door man	33	3235	9558	0
npc	-1	Door man	Door man	33	3239	9556	0
npc	-1	Fairy	Fairy	57	3242	9575	0
npc	-1	Lunderwin	Lunderwin	565	3243	9585	0
npc	-1	Fairy	Fairy	57	3244	9561	0
npc	-1	Irksol	Irksol	566	3247	9589	0
npc	-1	Fairy	Fairy	57	3249	9570	0
npc	-1	Jakut	Jakut	564	3252	9572	0
npc	-1	Fairy	Fairy	57	3252	9583	0
npc	-1	Fairy	Fairy	567	3253	9590	0
npc	-1	Fairy	Fairy	57	3256	9577	0
npc	-1	Fairy	Fairy	57	3257	9548	0
npc	-1	Fairy	Fairy	57	3240	9573	2
npc	-1	Fairy	Fairy	57	3248	9574	2
npc	-1	Fairy	Fairy	57	3251	9584	2
npc	-1	Fairy	Fairy	57	3258	9571	2
npc	-1	Spider	Spider	61	3209	9618	0
npc	-1	Spider	Spider	61	3211	9621	0
npc	-1	Spider	Spider	61	3216	9616	0
npc	-1	Spider	Spider	61	3216	9624	0
npc	-1	Thief	Thief	8	3237	9769	0
npc	-1	Thief	Thief	8	3238	9764	0
npc	-1	Thief	Thief	8	3245	9769	0
npc	-1	Thief	Thief	8	3245	9772	0
npc	-1	Straven	Straven	644	3246	9780	0
npc	-1	Thief	Thief	8	3247	9776	0
npc	-1	Thief	Thief	8	3251	9768	0
npc	-1	Spider	Spider	61	3205	9877	0
npc	-1	Spider	Spider	61	3206	9880	0
npc	-1	Spider	Spider	61	3210	9887	0
npc	-1	Spider	Spider	61	3210	9893	0
npc	-1	Skeleton	Skeleton	92	3210	9908	0
npc	-1	Skeleton	Skeleton	92	3211	9906	0
npc	-1	Spider	Spider	61	3212	9888	0
npc	-1	Spider	Spider	61	3212	9891	0
npc	-1	Giant spider	Giant spider	60	3217	9886	0
npc	-1	Giant spider	Giant spider	60	3217	9889	0
npc	-1	Giant spider	Giant spider	59	3219	9886	0
npc	-1	Giant rat	Giant rat	86	3220	9863	0
npc	-1	Giant spider	Giant spider	60	3220	9888	0
npc	-1	Giant spider	Giant spider	59	3221	9886	0
npc	-1	Giant rat	Giant rat	87	3223	9860	0
npc	-1	Zombie	Zombie	75	3224	9906	0
npc	-1	Zombie	Zombie	75	3226	9903	0
npc	-1	Zombie	Zombie	75	3230	9903	0
npc	-1	Zombie	Zombie	75	3230	9906	0
npc	-1	Giant rat	Giant rat	86	3233	9866	0
npc	-1	Giant rat	Giant rat	87	3237	9868	0
npc	-1	Giant rat	Giant rat	87	3239	9864	0
npc	-1	Ghost	Ghost	103	3239	9915	0
npc	-1	Ghost	Ghost	103	3241	9913	0
npc	-1	Zombie	Zombie	73	3243	9893	0
npc	-1	Ghost	Ghost	103	3243	9915	0
npc	-1	Giant rat	Giant rat	86	3244	9866	0
npc	-1	Giant rat	Giant rat	87	3248	9867	0
npc	-1	Skeleton	Skeleton	91	3248	9914	0
npc	-1	Scorpion	Scorpion	107	3251	9908	0
npc	-1	Skeleton	Skeleton	91	3251	9916	0
npc	-1	Giant rat	Giant rat	86	3252	9870	0
npc	-1	Scorpion	Scorpion	107	3253	9903	0
npc	-1	Skeleton	Skeleton	91	3254	9916	0
npc	-1	Zombie	Zombie	73	3259	9891	0
npc	-1	Spider	Spider	61	3261	9869	0
npc	-1	Spider	Spider	61	3262	9868	0
npc	-1	Spider	Spider	61	3262	9870	0
npc	-1	Ugthanki	Ugthanki	840	3208	3032	0
npc	-1	Ugthanki	Ugthanki	840	3217	3064	0
npc	-1	Desert Wolf	Desert Wolf	839	3223	3011	0
npc	-1	Desert Wolf	Desert Wolf	839	3223	3035	0
npc	-1	Desert Wolf	Desert Wolf	839	3224	3013	0
npc	-1	Desert Wolf	Desert Wolf	839	3225	3011	0
npc	-1	Desert Wolf	Desert Wolf	839	3225	3034	0
npc	-1	Desert Wolf	Desert Wolf	839	3226	3060	0
npc	-1	Desert Wolf	Desert Wolf	839	3228	3060	0
npc	-1	Ugthanki	Ugthanki	840	3238	3015	0
npc	-1	Desert Wolf	Desert Wolf	839	3250	3057	0
npc	-1	Desert Wolf	Desert Wolf	839	3251	3059	0
npc	-1	Ugthanki	Ugthanki	840	3258	3063	0
npc	-1	Desert Wolf	Desert Wolf	839	3215	3092	0
npc	-1	Desert Wolf	Desert Wolf	839	3217	3092	0
npc	-1	Ugthanki	Ugthanki	840	3217	3111	0
npc	-1	Desert Wolf	Desert Wolf	839	3217	3124	0
npc	-1	Desert Wolf	Desert Wolf	839	3219	3125	0
npc	-1	Ugthanki	Ugthanki	840	3222	3086	0
npc	-1	Weird Old Man	Weird Old Man	1152	3227	3106	0
npc	-1	Desert Wolf	Desert Wolf	839	3233	3075	0
npc	-1	Desert Wolf	Desert Wolf	839	3235	3074	0
npc	-1	Ugthanki	Ugthanki	840	3238	3101	0
npc	-1	Ugthanki	Ugthanki	840	3244	3080	0
npc	-1	Desert Wolf	Desert Wolf	839	3250	3126	0
npc	-1	Desert Wolf	Desert Wolf	839	3252	3125	0
npc	-1	Ugthanki	Ugthanki	840	3253	3116	0
npc	-1	Ugthanki	Ugthanki	840	3255	3095	0
npc	-1	Desert Wolf	Desert Wolf	839	3258	3078	0
npc	-1	Desert Wolf	Desert Wolf	839	3260	3077	0
npc	-1	Giant rat	Giant rat	87	3200	3174	0
npc	-1	Giant rat	Giant rat	87	3206	3175	0
npc	-1	Giant rat	Giant rat	87	3211	3187	0
npc	-1	Giant rat	Giant rat	87	3211	3195	0
npc	-1	Giant rat	Giant rat	87	3214	3181	0
npc	-1	Giant rat	Giant rat	87	3215	3172	0
npc	-1	Giant rat	Giant rat	87	3215	3177	0
npc	-1	Father Urhney	Father Urhney	458	3235	3153	0
npc	-1	Giant spider	Giant spider	59	3200	3238	0
npc	-1	Goblin	Goblin	100	3202	3253	0
npc	-1	Sheep	Sheep	43	3202	3262	0
npc	-1	Giant spider	Giant spider	59	3203	3239	0
npc	-1	Sheep	Sheep	43	3204	3259	0
npc	-1	Sheep	Sheep	43	3204	3261	0
npc	-1	Goblin	Goblin	100	3206	3252	0
npc	-1	Man	Man	1	3207	3227	0
npc	-1	Hans	Hans	0	3207	3233	0
npc	-1	Sheep	Sheep	43	3207	3260	0
npc	-1	Cook	Cook	278	3209	3215	0
npc	-1	Shop keeper	Shop keeper	520	3209	3247	0
npc	-1	Sheep	Sheep	43	3210	3262	0
npc	-1	Shop assistant	Shop assistant	521	3212	3247	0
npc	-1	Man	Man	1	3216	3219	0
npc	-1	Woman	Woman	4	3217	3205	0
npc	-1	Imp	Imp	708	3217	3226	0
npc	-1	Man	Man	3	3217	3236	0
npc	-1	Man	Man	3	3221	3219	0
npc	-1	Man	Man	1	3223	3240	0
npc	-1	Goblin	Goblin	100	3224	3262	0
npc	-1	Man	Man	2	3229	3239	0
npc	-1	Man	Man	1	3231	3207	0
npc	-1	Woman	Woman	6	3231	3240	0
npc	-1	Bob	Bob	519	3232	3203	0
npc	-1	Woman	Woman	4	3235	3206	0
npc	-1	Man	Man	2	3235	3219	0
npc	-1	Giant spider	Giant spider	59	3243	3236	0
npc	-1	Father Aereck	Father Aereck	456	3244	3206	0
npc	-1	Woman	Woman	6	3244	3211	0
npc	-1	Goblin	Goblin	100	3244	3245	0
npc	-1	Goblin	Goblin	100	3244	3247	0
npc	-1	Giant spider	Giant spider	59	3245	3232	0
npc	-1	Goblin	Goblin	100	3246	3244	0
npc	-1	Goblin	Goblin	100	3246	3245	0
npc	-1	Goblin	Goblin	100	3247	3245	0
npc	-1	Goblin	Goblin	100	3247	3247	0
npc	-1	Goblin	Goblin	100	3249	3243	0
npc	-1	Goblin	Goblin	100	3250	3238	0
npc	-1	Goblin	Goblin	100	3252	3228	0
npc	-1	Goblin	Goblin	100	3253	3234	0
npc	-1	Cow	Cow	81	3254	3258	0
npc	-1	Goblin	Goblin	100	3255	3222	0
npc	-1	Goblin	Goblin	100	3255	3249	0
npc	-1	Goblin	Goblin	100	3255	3252	0
npc	-1	Goblin	Goblin	100	3258	3220	0
npc	-1	Goblin	Goblin	100	3258	3228	0
npc	-1	Goblin	Goblin	100	3258	3245	0
npc	-1	Goblin	Goblin	100	3258	3249	0
npc	-1	Cow	Cow	81	3258	3260	0
npc	-1	Goblin	Goblin	100	3260	3233	0
npc	-1	Goblin	Goblin	100	3260	3237	0
npc	-1	Goblin	Goblin	100	3260	3240	0
npc	-1	Cow	Cow	81	3261	3259	0
npc	-1	Goblin	Goblin	100	3262	3218	0
npc	-1	Man	Man	1	3206	3219	1
npc	-1	Duke Horacio	Duke Horacio	741	3212	3220	1
npc	-1	Sheep	Sheep	43	3202	3271	0
npc	-1	Sheep	Sheep	43	3205	3266	0
npc	-1	Sheep	Sheep	43	3210	3274	0
npc	-1	Imp	Imp	708	3214	3281	0
npc	-1	Goblin	Goblin	101	3215	3276	0
npc	-1	Goblin	Goblin	101	3217	3278	0
npc	-1	Chicken	Chicken	41	3225	3300	0
npc	-1	Farmer	Farmer	7	3227	3290	0
npc	-1	Chicken	Chicken	41	3228	3297	0
npc	-1	Chicken	Chicken	41	3228	3299	0
npc	-1	Chicken	Chicken	41	3230	3298	0
npc	-1	Chicken	Chicken	41	3230	3299	0
npc	-1	Chicken	Chicken	41	3231	3297	0
npc	-1	Chicken	Chicken	41	3231	3300	0
npc	-1	Chicken	Chicken	41	3232	3299	0
npc	-1	Farmer	Farmer	7	3233	3308	0
npc	-1	Chicken	Chicken	41	3235	3298	0
npc	-1	Imp	Imp	708	3240	3307	0
npc	-1	Cow	Cow	81	3243	3295	0
npc	-1	Cow	Cow	81	3244	3289	0
npc	-1	Cow	Cow	81	3247	3284	0
npc	-1	Cow	Cow	81	3255	3278	0
npc	-1	Cow	Cow	81	3256	3292	0
npc	-1	Cow	Cow	81	3261	3270	0
npc	-1	Cow	Cow	81	3261	3292	0
npc	-1	Farmer	Farmer	7	3262	3325	0
npc	-1	Imp	Imp	708	3205	3355	0
npc	-1	Guard	Guard	9	3205	3379	0
npc	-1	Tramp	Tramp	641	3208	3391	0
npc	-1	Guard	Guard	9	3211	3378	0
npc	-1	Guard	Guard	9	3211	3381	0
npc	-1	Dark wizard	Dark wizard	174	3223	3367	0
npc	-1	Dark wizard	Dark wizard	174	3223	3372	0
npc	-1	Dark wizard	Dark wizard	174	3224	3370	0
npc	-1	Dark wizard	Dark wizard	174	3225	3365	0
npc	-1	Dark wizard	Dark wizard	172	3225	3374	0
npc	-1	Dark wizard	Dark wizard	174	3228	3373	0
npc	-1	Delrith	Delrith	879	3229	3369	0
npc	-1	Sheep	Sheep	42	3230	3346	0
npc	-1	Dark wizard	Dark wizard	174	3230	3363	0
npc	-1	Dark wizard	Dark wizard	172	3230	3365	0
npc	-1	Dark wizard	Dark wizard	174	3230	3374	0
npc	-1	Thief	Thief	8	3230	3391	0
npc	-1	Dark wizard	Dark wizard	174	3232	3367	0
npc	-1	Dark wizard	Dark wizard	174	3232	3372	0
npc	-1	Sheep	Sheep	43	3233	3343	0
npc	-1	Sheep	Sheep	42	3234	3349	0
npc	-1	Sheep	Sheep	42	3238	3345	0
npc	-1	Sheep	Sheep	43	3238	3349	0
npc	-1	Imp	Imp	708	3238	3390	0
npc	-1	Sheep	Sheep	42	3240	3342	0
npc	-1	Farmer	Farmer	7	3240	3345	0
npc	-1	Sheep	Sheep	43	3246	3343	0
npc	-1	Sheep	Sheep	43	3246	3350	0
npc	-1	Mugger	Mugger	175	3249	3391	0
npc	-1	Sheep	Sheep	42	3253	3355	0
npc	-1	Goblin	Goblin	101	3259	3338	0
npc	-1	Sheep	Sheep	43	3262	3348	0
npc	-1	Man	Man	2	3234	3385	1
npc	-1	Weaponsmaster	Weaponsmaster	643	3246	3384	1
npc	-1	Shop keeper	Shop keeper	551	3203	3397	0
npc	-1	Gypsy	Gypsy	882	3203	3424	0
npc	-1	Zaff	Zaff	546	3203	3433	0
npc	-1	Thessalia	Thessalia	548	3204	3417	0
npc	-1	Shop assistant	Shop assistant	552	3205	3399	0
npc	-1	Romeo	Romeo	639	3211	3425	0
npc	-1	Shop assistant	Shop assistant	523	3217	3411	0
npc	-1	Shop keeper	Shop keeper	522	3218	3415	0
npc	-1	Baraek	Baraek	547	3218	3435	0
npc	-1	Shilop	Shilop	781	3221	3434	0
npc	-1	Wilough	Wilough	783	3221	3435	0
npc	-1	Jonny the beard	Jonny the beard	645	3223	3395	0
npc	-1	Man	Man	1	3223	3398	0
npc	-1	Woman	Woman	5	3223	3401	0
npc	-1	Barbarian woman	Barbarian woman	17	3225	3395	0
npc	-1	Bartender	Bartender	733	3226	3399	0
npc	-1	Horvik	Horvik	549	3229	3438	0
npc	-1	Lowe	Lowe	550	3232	3423	0
npc	-1	Tramp	Tramp	11	3235	3401	0
npc	-1	Man	Man	1	3237	3406	0
npc	-1	Spider	Spider	61	3238	3392	0
npc	-1	Man	Man	3	3238	3406	0
npc	-1	Man	Man	1	3245	3395	0
npc	-1	Banker	Banker	495	3252	3418	0
npc	-1	Aubury	Aubury	553	3253	3402	0
npc	-1	Banker	Banker	494	3253	3418	0
npc	-1	Banker	Banker	495	3254	3417	0
npc	-1	Banker	Banker	494	3254	3418	0
npc	-1	Curator	Curator	646	3255	3445	0
npc	-1	Banker	Banker	494	3256	3418	0
npc	-1	Man	Man	2	3261	3402	0
npc	-1	Guard	Guard	368	3263	3407	0
npc	-1	Man	Man	3	3231	3399	1
npc	-1	Warrior woman	Warrior woman	15	3202	3487	0
npc	-1	Sir Prysin	Sir Prysin	883	3204	3473	0
npc	-1	Guard	Guard	9	3204	3496	0
npc	-1	Warrior woman	Warrior woman	15	3205	3487	0
npc	-1	Guard	Guard	9	3206	3462	0
npc	-1	Reldo	Reldo	647	3209	3495	0
npc	-1	Guard	Guard	9	3211	3463	0
npc	-1	Guard	Guard	9	3212	3462	0
npc	-1	Guard	Guard	9	3213	3465	0
npc	-1	Monk of Zamorak	Monk of Zamorak	189	3213	3476	0
npc	-1	Imp	Imp	708	3213	3502	0
npc	-1	Guard	Guard	9	3215	3464	0
npc	-1	Guard	Guard	9	3217	3461	0
npc	-1	King Roald	King Roald	648	3222	3476	0
npc	-1	Black Knight	Black Knight	178	3226	3515	0
npc	-1	Bear	Bear	105	3230	3500	0
npc	-1	Imp	Imp	708	3234	3506	0
npc	-1	Black Knight	Black Knight	178	3234	3518	0
npc	-1	Guard	Guard	9	3240	3500	0
npc	-1	Imp	Imp	708	3246	3458	0
npc	-1	Guard	Guard	9	3246	3501	0
npc	-1	Father Lawrence	Father Lawrence	640	3254	3475	0
npc	-1	Imp	Imp	708	3261	3514	0
npc	-1	Guard	Guard	9	3201	3495	1
npc	-1	Guard	Guard	9	3204	3491	1
npc	-1	Guard	Guard	9	3205	3494	1
npc	-1	Guard	Guard	9	3205	3498	1
npc	-1	Captain Rovin	Captain Rovin	884	3204	3496	2
npc	-1	Giant rat	Giant rat	87	3227	3533	0
npc	-1	Giant rat	Giant rat	87	3227	3547	0
npc	-1	Giant rat	Giant rat	87	3236	3549	0
npc	-1	Giant rat	Giant rat	87	3242	3530	0
npc	-1	Giant rat	Giant rat	87	3248	3553	0
npc	-1	Giant rat	Giant rat	87	3251	3528	0
npc	-1	Giant rat	Giant rat	87	3256	3541	0
npc	-1	Black unicorn	Black unicorn	133	3209	3672	0
npc	-1	Black unicorn	Black unicorn	133	3213	3673	0
npc	-1	Black unicorn	Black unicorn	133	3214	3670	0
npc	-1	Black unicorn	Black unicorn	133	3215	3677	0
npc	-1	Black unicorn	Black unicorn	133	3216	3683	0
npc	-1	Black unicorn	Black unicorn	133	3218	3675	0
npc	-1	Black unicorn	Black unicorn	133	3220	3681	0
npc	-1	Black unicorn	Black unicorn	133	3222	3685	0
npc	-1	Black unicorn	Black unicorn	133	3238	3668	0
npc	-1	Black unicorn	Black unicorn	133	3240	3670	0
npc	-1	Black unicorn	Black unicorn	133	3240	3673	0
npc	-1	Black unicorn	Black unicorn	133	3244	3670	0
npc	-1	Skeleton	Skeleton	92	3211	3741	0
npc	-1	Skeleton	Skeleton	92	3217	3738	0
npc	-1	Skeleton	Skeleton	92	3221	3742	0
npc	-1	Skeleton	Skeleton	92	3227	3746	0
npc	-1	Skeleton	Skeleton	92	3228	3739	0
npc	-1	Skeleton	Skeleton	92	3240	3741	0
npc	-1	Skeleton	Skeleton	92	3246	3745	0
npc	-1	Skeleton	Skeleton	92	3252	3737	0
npc	-1	Skeleton	Skeleton	92	3261	3736	0
npc	-1	Red dragon	Red dragon	53	3213	3819	0
npc	-1	Red dragon	Red dragon	53	3223	3830	0
npc	-1	Chaos dwarf	Chaos dwarf	119	3233	3783	0
npc	-1	Chaos dwarf	Chaos dwarf	119	3241	3796	0
npc	-1	Chaos dwarf	Chaos dwarf	119	3253	3782	0
npc	-1	Wolf	Wolf	95	3207	3919	0
npc	-1	Wolf	Wolf	95	3218	3924	0
npc	-1	Scorpion	Scorpion	107	3225	3943	0
npc	-1	Wolf	Wolf	95	3229	3917	0
npc	-1	Scorpion	Scorpion	107	3231	3940	0
npc	-1	Scorpion	Scorpion	107	3235	3946	0
npc	-1	Scorpion	Scorpion	107	3239	3942	0
npc	-1	Wolf	Wolf	95	3241	3921	0
npc	-1	Scorpion	Scorpion	107	3246	3945	0
npc	-1	Scorpion	Scorpion	107	3249	3949	0
npc	-1	Scorpion	Scorpion	107	3256	3954	0
npc	-1	Male slave	Male slave	825	3266	9457	0
npc	-1	Male slave	Male slave	825	3266	9459	0
npc	-1	Female slave	Female slave	824	3267	9428	0
npc	-1	Male slave	Male slave	825	3267	9431	0
npc	-1	Female slave	Female slave	824	3267	9441	0
npc	-1	Male slave	Male slave	825	3267	9443	0
npc	-1	Rowdy Guard	Rowdy Guard	842	3268	9417	0
npc	-1	Male slave	Male slave	825	3269	9420	0
npc	-1	Female slave	Female slave	824	3270	9415	0
npc	-1	Male slave	Male slave	825	3271	9450	0
npc	-1	Male slave	Male slave	825	3272	9429	0
npc	-1	Female slave	Female slave	824	3272	9433	0
npc	-1	Female slave	Female slave	824	3272	9452	0
npc	-1	Rowdy slave	Rowdy slave	827	3273	9420	0
npc	-1	Female slave	Female slave	824	3273	9422	0
npc	-1	Male slave	Male slave	825	3273	9430	0
npc	-1	Female slave	Female slave	824	3273	9460	0
npc	-1	Male slave	Male slave	825	3274	9465	0
npc	-1	Female slave	Female slave	824	3275	9459	0
npc	-1	Female slave	Female slave	824	3276	9434	0
npc	-1	Male slave	Male slave	825	3276	9464	0
npc	-1	Rowdy Guard	Rowdy Guard	842	3277	9452	0
npc	-1	Female slave	Female slave	824	3277	9454	0
npc	-1	Mercenary	Mercenary	829	3279	9414	0
npc	-1	Mercenary	Mercenary	829	3279	9416	0
npc	-1	Male slave	Male slave	825	3281	9438	0
npc	-1	Male slave	Male slave	825	3282	9446	0
npc	-1	Rowdy Guard	Rowdy Guard	842	3286	9466	0
npc	-1	Rowdy Guard	Rowdy Guard	842	3287	9414	0
npc	-1	Mercenary	Mercenary	828	3287	9416	0
npc	-1	Rowdy slave	Rowdy slave	827	3288	9446	0
npc	-1	Female slave	Female slave	824	3289	9459	0
npc	-1	Female slave	Female slave	824	3289	9468	0
npc	-1	Male slave	Male slave	825	3290	9466	0
npc	-1	Mercenary	Mercenary	829	3291	9423	0
npc	-1	Male slave	Male slave	825	3292	9460	0
npc	-1	Mercenary	Mercenary	829	3293	9435	0
npc	-1	Male slave	Male slave	825	3295	9468	0
npc	-1	Female slave	Female slave	824	3297	9426	0
npc	-1	Male slave	Male slave	825	3297	9463	0
npc	-1	Female slave	Female slave	824	3297	9468	0
npc	-1	Rowdy Guard	Rowdy Guard	842	3298	9432	0
npc	-1	Male slave	Male slave	825	3298	9438	0
npc	-1	Male slave	Male slave	825	3299	9425	0
npc	-1	Mercenary	Mercenary	828	3299	9467	0
npc	-1	Male slave	Male slave	825	3300	9453	0
npc	-1	Female slave	Female slave	824	3301	9425	0
npc	-1	Ana	Ana	822	3302	9466	0
npc	-1	Male slave	Male slave	825	3303	9425	0
npc	-1	Male slave	Male slave	825	3304	9451	0
npc	-1	Female slave	Female slave	824	3305	9443	0
npc	-1	Male slave	Male slave	825	3307	9457	0
npc	-1	Female slave	Female slave	824	3314	9458	0
npc	-1	Rowdy Guard	Rowdy Guard	842	3317	9441	0
npc	-1	Male slave	Male slave	825	3320	9465	0
npc	-1	Female slave	Female slave	824	3322	9426	0
npc	-1	Male slave	Male slave	825	3323	9432	0
npc	-1	Male slave	Male slave	825	3323	9439	0
npc	-1	Skeleton	Skeleton	91	3270	9914	0
npc	-1	Skeleton	Skeleton	91	3274	9913	0
npc	-1	Skeleton	Skeleton	91	3275	9909	0
npc	-1	Skeleton	Skeleton	91	3275	9911	0
npc	-1	Giant rat	Giant rat	87	3279	9894	0
npc	-1	Giant rat	Giant rat	87	3283	9896	0
npc	-1	Desert Wolf	Desert Wolf	839	3264	3008	0
npc	-1	Mercenary	Mercenary	828	3265	3031	0
npc	-1	Desert Wolf	Desert Wolf	839	3265	3066	0
npc	-1	Desert Wolf	Desert Wolf	839	3266	3008	0
npc	-1	Desert Wolf	Desert Wolf	839	3266	3010	0
npc	-1	Mercenary	Mercenary	828	3266	3027	0
npc	-1	Desert Wolf	Desert Wolf	839	3267	3066	0
npc	-1	Desert Wolf	Desert Wolf	839	3267	3068	0
npc	-1	Ugthanki	Ugthanki	840	3268	3052	0
npc	-1	Mercenary	Mercenary	828	3269	3031	0
npc	-1	Mercenary	Mercenary	828	3270	3027	0
npc	-1	Mercenary Captain	Mercenary Captain	830	3270	3029	0
npc	-1	Mercenary	Mercenary	829	3276	3026	0
npc	-1	Mercenary	Mercenary	829	3277	3030	0
npc	-1	Rowdy Guard	Rowdy Guard	842	3280	3026	0
npc	-1	Ugthanki	Ugthanki	840	3281	3056	0
npc	-1	Desert Wolf	Desert Wolf	839	3285	3066	0
npc	-1	Male slave	Male slave	825	3287	3016	0
npc	-1	Mine cart driver	Mine cart driver	841	3287	3022	0
npc	-1	Rowdy Guard	Rowdy Guard	842	3287	3030	0
npc	-1	Desert Wolf	Desert Wolf	839	3287	3065	0
npc	-1	Desert Wolf	Desert Wolf	839	3287	3067	0
npc	-1	Mercenary	Mercenary	828	3288	3018	0
npc	-1	Mercenary	Mercenary	828	3291	3035	0
npc	-1	Male slave	Male slave	825	3293	3016	0
npc	-1	Mercenary	Mercenary	828	3296	3018	0
npc	-1	Rowdy Guard	Rowdy Guard	842	3296	3026	0
npc	-1	Female slave	Female slave	824	3300	3016	0
npc	-1	Mercenary	Mercenary	828	3301	3022	0
npc	-1	Male slave	Male slave	825	3302	3016	0
npc	-1	Male slave	Male slave	825	3302	3030	0
npc	-1	Female slave	Female slave	824	3303	3023	0
npc	-1	Male slave	Male slave	825	3303	3025	0
npc	-1	Mercenary	Mercenary	828	3303	3035	0
npc	-1	Ugthanki	Ugthanki	840	3307	3055	0
npc	-1	Desert Wolf	Desert Wolf	839	3310	3068	0
npc	-1	Desert Wolf	Desert Wolf	839	3310	3070	0
npc	-1	Desert Wolf	Desert Wolf	839	3312	3068	0
npc	-1	Ugthanki	Ugthanki	840	3318	3020	0
npc	-1	Ugthanki	Ugthanki	840	3318	3040	0
npc	-1	Desert Wolf	Desert Wolf	839	3320	3054	0
npc	-1	Desert Wolf	Desert Wolf	839	3322	3011	0
npc	-1	Desert Wolf	Desert Wolf	839	3322	3032	0
npc	-1	Desert Wolf	Desert Wolf	839	3322	3052	0
npc	-1	Desert Wolf	Desert Wolf	839	3323	3055	0
npc	-1	Desert Wolf	Desert Wolf	839	3324	3013	0
npc	-1	Desert Wolf	Desert Wolf	839	3324	3030	0
npc	-1	Desert Wolf	Desert Wolf	839	3325	3010	0
npc	-1	Desert Wolf	Desert Wolf	839	3325	3033	0
npc	-1	Mercenary	Mercenary	828	3286	3036	1
npc	-1	Captain Siad	Captain Siad	831	3291	3032	1
npc	-1	Ugthanki	Ugthanki	840	3267	3077	0
npc	-1	Ugthanki	Ugthanki	840	3269	3110	0
npc	-1	Ugthanki	Ugthanki	840	3275	3094	0
npc	-1	Desert Wolf	Desert Wolf	839	3283	3084	0
npc	-1	Desert Wolf	Desert Wolf	839	3283	3108	0
npc	-1	Ugthanki	Ugthanki	840	3291	3078	0
npc	-1	Ugthanki	Ugthanki	840	3291	3100	0
npc	-1	Shantay Guard	Shantay Guard	837	3299	3124	0
npc	-1	Irena	Irena	835	3303	3113	0
npc	-1	Shantay Guard	Shantay Guard	838	3303	3118	0
npc	-1	Camel	Camel	80	3304	3109	0
npc	-1	Shantay	Shantay	836	3304	3123	0
npc	-1	Ugthanki	Ugthanki	840	3305	3089	0
npc	-1	Shantay Guard	Shantay Guard	837	3305	3129	0
npc	-1	Shantay Guard	Shantay Guard	837	3307	3123	0
npc	-1	Desert Wolf	Desert Wolf	839	3310	3076	0
npc	-1	Ugthanki	Ugthanki	840	3318	3078	0
npc	-1	Ugthanki	Ugthanki	840	3321	3104	0
npc	-1	Desert Wolf	Desert Wolf	839	3323	3094	0
npc	-1	Banker	Banker	496	3267	3164	0
npc	-1	Banker	Banker	497	3267	3166	0
npc	-1	Banker	Banker	496	3267	3167	0
npc	-1	Banker	Banker	497	3267	3168	0
npc	-1	Banker	Banker	496	3267	3169	0
npc	-1	Kebab Seller	Kebab seller	543	3272	3182	0
npc	-1	Camel	Camel	80	3274	3167	0
npc	-1	Tanner	Tanner	804	3276	3193	0
npc	-1	Man	Man	16	3277	3187	0
npc	-1	Scorpion	Scorpion	107	3280	3145	0
npc	-1	Al-Kharid warrior	Al-Kharid warrior	18	3282	3176	0
npc	-1	Al-Kharid warrior	Al-Kharid warrior	18	3284	3170	0
npc	-1	Al-Kharid warrior	Al-Kharid warrior	18	3284	3174	0
npc	-1	Man	Man	16	3284	3199	0
npc	-1	Osman	Osman	924	3286	3180	0
npc	-1	Al-Kharid warrior	Al-Kharid warrior	18	3288	3168	0
npc	-1	Zeke	Zeke	541	3288	3190	0
npc	-1	Al-Kharid warrior	Al-Kharid warrior	18	3292	3169	0
npc	-1	Man	Man	16	3294	3196	0
npc	-1	Al-Kharid warrior	Al-Kharid warrior	18	3295	3168	0
npc	-1	Al-Kharid warrior	Al-Kharid warrior	18	3301	3170	0
npc	-1	Al-Kharid warrior	Al-Kharid warrior	18	3301	3174	0
npc	-1	Al-Kharid warrior	Al-Kharid warrior	18	3301	3177	0
npc	-1	Hassan	Hassan	923	3302	3163	0
npc	-1	Man	Man	16	3303	3199	0
npc	-1	Ranael	Ranael	544	3316	3164	0
npc	-1	Louie legs	Louie legs	542	3316	3175	0
npc	-1	Shop assistant	Shop assistant	525	3316	3182	0
npc	-1	Shop keeper	Shop keeper	524	3316	3184	0
npc	-1	Spider	Spider	61	3319	3139	0
npc	-1	Witch	Witch	177	3321	3139	0
npc	-1	Spider	Spider	61	3322	3141	0
npc	-1	Dommik	Dommik	545	3322	3194	0
npc	-1	Spider	Spider	61	3324	3138	0
npc	-1	Border Guard	Border Guard	925	3267	3226	0
npc	-1	Border Guard	Border Guard	925	3267	3229	0
npc	-1	Border Guard	Border Guard	926	3268	3226	0
npc	-1	Border Guard	Border Guard	926	3268	3229	0
npc	-1	Gnome pilot	Gnome pilot	170	3284	3212	0
npc	-1	Camel	Camel	80	3285	3201	0
npc	-1	Gem trader	Gem trader	540	3288	3212	0
npc	-1	Camel	Camel	80	3290	3209	0
npc	-1	Man	Man	16	3293	3205	0
npc	-1	Camel	Camel	80	3296	3227	0
npc	-1	Man	Man	16	3298	3206	0
npc	-1	Silk Trader	Silk trader	539	3299	3204	0
npc	-1	Camel	Camel	80	3311	3208	0
npc	-1	Mubariz	Mubariz	957	3314	3240	0
npc	-1	Scorpion	Scorpion	107	3292	3297	0
npc	-1	Man	Man	663	3295	3285	0
npc	-1	Scorpion	Scorpion	107	3298	3299	0
npc	-1	Scorpion	Scorpion	107	3298	3304	0
npc	-1	Scorpion	Scorpion	107	3298	3311	0
npc	-1	Imp	Imp	708	3299	3273	0
npc	-1	Scorpion	Scorpion	107	3299	3288	0
npc	-1	Scorpion	Scorpion	107	3300	3315	0
npc	-1	Scorpion	Scorpion	107	3301	3278	0
npc	-1	Scorpion	Scorpion	107	3302	3306	0
npc	-1	Scorpion	Scorpion	107	3303	3292	0
npc	-1	Camel	Camel	80	3310	3269	0
npc	-1	Giant rat	Giant rat	87	3264	3383	0
npc	-1	Giant rat	Giant rat	87	3266	3381	0
npc	-1	Hops	Hops	341	3268	3389	0
npc	-1	Chancy	Chancy	339	3270	3391	0
npc	-1	DeVinci	DeVinci	337	3274	3390	0
npc	-1	Guidor's wife	Guidor's wife	342	3281	3383	0
npc	-1	Unicorn	Unicorn	89	3283	3355	0
npc	-1	Guidor	Guidor	343	3285	3381	0
npc	-1	Unicorn	Unicorn	89	3286	3349	0
npc	-1	Giant rat	Giant rat	87	3292	3377	0
npc	-1	Bear	Bear	106	3296	3347	0
npc	-1	Goblin	Goblin	101	3311	3375	0
npc	-1	Bartender	Bartender	732	3268	3393	0
npc	-1	Tea seller	Tea seller	595	3271	3411	0
npc	-1	Guard	Guard	9	3271	3428	0
npc	-1	Guard	Guard	9	3273	3430	0
npc	-1	Guard	Guard	9	3275	3422	0
npc	-1	Guard	Guard	9	3275	3428	0
npc	-1	Dimintheis	Dimintheis	664	3279	3404	0
npc	-1	Fancy dress shop owner	Fancy dress shop owner	554	3281	3398	0
npc	-1	Gnome pilot	Gnome pilot	170	3321	3431	0
npc	-1	Bartender	Bartender	731	3277	3488	0
npc	-1	Dr Harlow	Dr Harlow	756	3277	3492	0
npc	-1	Black Knight	Black Knight	178	3277	3505	0
npc	-1	Woman	Woman	5	3278	3502	0
npc	-1	Woman	Woman	4	3279	3496	0
npc	-1	Man	Man	3	3283	3501	0
npc	-1	Thief	Thief	8	3285	3501	0
npc	-1	Johnathon	Johnathon	668	3279	3503	1
npc	-1	Gertrudes cat	Gertrudes cat	759	3306	3512	1
npc	-1	Ghost	Ghost	103	3272	3664	0
npc	-1	Ghost	Ghost	103	3278	3663	0
npc	-1	Ghost	Ghost	103	3279	3654	0
npc	-1	Ghost	Ghost	103	3282	3662	0
npc	-1	Ghost	Ghost	103	3288	3650	0
npc	-1	Ghost	Ghost	103	3290	3653	0
npc	-1	Giant	Giant	117	3300	3649	0
npc	-1	Giant	Giant	117	3308	3661	0
npc	-1	Skeleton	Skeleton	92	3264	3727	0
npc	-1	Skeleton	Skeleton	92	3267	3729	0
npc	-1	Skeleton	Skeleton	92	3272	3731	0
npc	-1	Skeleton	Skeleton	92	3274	3726	0
npc	-1	Skeleton	Skeleton	92	3280	3727	0
npc	-1	Black Knight	Black Knight	179	3310	3769	0
npc	-1	Black Knight	Black Knight	179	3313	3769	0
npc	-1	Poison spider	Poison spider	134	3268	3823	0
npc	-1	Poison spider	Poison spider	134	3269	3824	0
npc	-1	Poison spider	Poison spider	134	3270	3822	0
npc	-1	Poison spider	Poison spider	134	3271	3795	0
npc	-1	Poison spider	Poison spider	134	3271	3797	0
npc	-1	Poison spider	Poison spider	134	3272	3798	0
npc	-1	Poison spider	Poison spider	134	3273	3795	0
npc	-1	Poison spider	Poison spider	134	3275	3807	0
npc	-1	Poison spider	Poison spider	134	3276	3782	0
npc	-1	Poison spider	Poison spider	134	3276	3803	0
npc	-1	Poison spider	Poison spider	134	3276	3815	0
npc	-1	Poison spider	Poison spider	134	3277	3783	0
npc	-1	Poison spider	Poison spider	134	3278	3813	0
npc	-1	Poison spider	Poison spider	134	3278	3816	0
npc	-1	Poison spider	Poison spider	134	3278	3832	0
npc	-1	Poison spider	Poison spider	134	3280	3807	0
npc	-1	Poison spider	Poison spider	134	3280	3830	0
npc	-1	Poison spider	Poison spider	134	3281	3833	0
npc	-1	Poison spider	Poison spider	134	3283	3791	0
npc	-1	Poison spider	Poison spider	134	3285	3788	0
npc	-1	Poison spider	Poison spider	134	3285	3811	0
npc	-1	Poison spider	Poison spider	134	3286	3790	0
npc	-1	Poison spider	Poison spider	134	3286	3794	0
npc	-1	Poison spider	Poison spider	134	3286	3823	0
npc	-1	Poison spider	Poison spider	134	3288	3790	0
npc	-1	Poison spider	Poison spider	134	3288	3801	0
npc	-1	Poison spider	Poison spider	134	3290	3807	0
npc	-1	Poison spider	Poison spider	134	3290	3823	0
npc	-1	Poison spider	Poison spider	134	3292	3809	0
npc	-1	Poison spider	Poison spider	134	3293	3807	0
npc	-1	Poison spider	Poison spider	134	3293	3833	0
npc	-1	Poison spider	Poison spider	134	3294	3800	0
npc	-1	Poison spider	Poison spider	134	3294	3819	0
npc	-1	Poison spider	Poison spider	134	3294	3832	0
npc	-1	Poison spider	Poison spider	134	3295	3818	0
npc	-1	Poison spider	Poison spider	134	3295	3833	0
npc	-1	Poison spider	Poison spider	134	3297	3793	0
npc	-1	Poison spider	Poison spider	134	3297	3825	0
npc	-1	Poison spider	Poison spider	134	3299	3806	0
npc	-1	Poison spider	Poison spider	134	3300	3830	0
npc	-1	Poison spider	Poison spider	134	3302	3786	0
npc	-1	Poison spider	Poison spider	134	3303	3787	0
npc	-1	Poison spider	Poison spider	134	3303	3800	0
npc	-1	Poison spider	Poison spider	134	3304	3785	0
npc	-1	Poison spider	Poison spider	134	3305	3800	0
npc	-1	Poison spider	Poison spider	134	3305	3833	0
npc	-1	Poison spider	Poison spider	134	3306	3799	0
npc	-1	Poison spider	Poison spider	134	3306	3819	0
npc	-1	Poison spider	Poison spider	134	3306	3834	0
npc	-1	Poison spider	Poison spider	134	3307	3801	0
npc	-1	Poison spider	Poison spider	134	3307	3808	0
npc	-1	Poison spider	Poison spider	134	3307	3814	0
npc	-1	Poison spider	Poison spider	134	3308	3821	0
npc	-1	Poison spider	Poison spider	134	3310	3818	0
npc	-1	Poison spider	Poison spider	134	3317	3795	0
npc	-1	Poison spider	Poison spider	134	3318	3799	0
npc	-1	Poison spider	Poison spider	134	3319	3830	0
npc	-1	Poison spider	Poison spider	134	3320	3798	0
npc	-1	Poison spider	Poison spider	134	3321	3828	0
npc	-1	Poison spider	Poison spider	134	3321	3832	0
npc	-1	Poison spider	Poison spider	134	3322	3829	0
npc	-1	Poison spider	Poison spider	134	3323	3794	0
npc	-1	Greater demon	Greater demon	83	3282	3880	0
npc	-1	Greater demon	Greater demon	83	3287	3894	0
npc	-1	Greater demon	Greater demon	83	3296	3872	0
npc	-1	Greater demon	Greater demon	83	3304	3886	0
npc	-1	Lesser demon	Lesser demon	82	3311	3845	0
npc	-1	Lesser demon	Lesser demon	82	3324	3856	0
npc	-1	Rogue	Rogue	187	3276	3930	0
npc	-1	Rogue	Rogue	187	3276	3933	0
npc	-1	Rogue	Rogue	187	3278	3927	0
npc	-1	Rogue	Rogue	187	3281	3934	0
npc	-1	Rogue	Rogue	187	3284	3929	0
npc	-1	Rogue	Rogue	187	3285	3933	0
npc	-1	Rogue	Rogue	187	3285	3939	0
npc	-1	Rogue	Rogue	187	3287	3930	0
npc	-1	Rogue	Rogue	187	3291	3932	0
npc	-1	Rogue	Rogue	187	3292	3924	0
npc	-1	Rogue	Rogue	187	3288	3931	1
npc	-1	Rogue	Rogue	187	3289	3930	1
npc	-1	Rogue	Rogue	187	3286	3939	2
npc	-1	Rogue	Rogue	187	3287	3929	2
npc	-1	Rogue	Rogue	187	3289	3932	2
npc	-1	Rogue	Rogue	187	3290	3931	2
npc	-1	Rogue	Rogue	187	3293	3933	2
npc	-1	Rogue	Rogue	187	3296	3934	2
npc	-1	Rogue	Rogue	187	3281	3934	3
npc	-1	Rogue	Rogue	187	3282	3938	3
npc	-1	Digsite workman	Digsite workman	614	3352	9757	0
npc	-1	Skeleton	Skeleton	90	3369	9749	0
npc	-1	Skeleton	Skeleton	90	3374	9749	0
npc	-1	Skeleton	Skeleton	90	3377	9752	0
npc	-1	Skeleton	Skeleton	90	3378	9744	0
npc	-1	Skeleton	Skeleton	90	3378	9755	0
npc	-1	Skeleton	Skeleton	90	3379	9749	0
npc	-1	Skeleton	Skeleton	90	3379	9758	0
npc	-1	Skeleton	Skeleton	90	3381	9757	0
npc	-1	Skeleton	Skeleton	90	3383	9754	0
npc	-1	Skeleton	Skeleton	90	3384	9747	0
npc	-1	Digsite workman	Digsite workman	614	3352	9821	0
npc	-1	Skeleton	Skeleton	90	3369	9813	0
npc	-1	Skeleton	Skeleton	90	3374	9813	0
npc	-1	Skeleton	Skeleton	90	3377	9816	0
npc	-1	Skeleton	Skeleton	90	3378	9808	0
npc	-1	Skeleton	Skeleton	90	3378	9819	0
npc	-1	Skeleton	Skeleton	90	3379	9813	0
npc	-1	Skeleton	Skeleton	90	3379	9822	0
npc	-1	Skeleton	Skeleton	90	3381	9821	0
npc	-1	Skeleton	Skeleton	90	3383	9818	0
npc	-1	Skeleton	Skeleton	90	3384	9811	0
npc	-1	Dalal	Dalal	967	3329	3233	0
npc	-1	Ima	Ima	964	3329	3234	0
npc	-1	Jadid	Jadid	966	3359	3222	0
npc	-1	Sabeil	Sabeil	965	3360	3242	0
npc	-1	Jeed	Jeed	969	3361	3242	0
npc	-1	Afrah	Afrah	968	3385	3204	0
npc	-1	Jaraah	Jaraah	962	3358	3276	0
npc	-1	A'abla	A'abla	959	3362	3273	0
npc	-1	Sabreen	Sabreen	960	3368	3278	0
npc	-1	Zahwa	Zahwa	963	3372	3279	0
npc	-1	Tafani	Tafani	961	3373	3272	0
npc	-1	Hamid	Hamid	1008	3375	3285	0
npc	-1	Fadli	Fadli	958	3383	3269	0
npc	-1	Archaeological expert	Archaeological expert	619	3355	3333	0
npc	-1	Digsite workman	Digsite workman	613	3356	3385	0
npc	-1	Examiner	Examiner	618	3360	3343	0
npc	-1	Examiner	Examiner	618	3364	3339	0
npc	-1	Examiner	Examiner	618	3364	3342	0
npc	-1	Digsite workman	Digsite workman	613	3370	3387	0
npc	-1	Panning guide	Panning guide	620	3376	3377	0
npc	-1	Digsite workman	Digsite workman	613	3347	3412	0
npc	-1	Student	Student	617	3348	3424	0
npc	-1	Digsite workman	Digsite workman	613	3348	3428	0
npc	-1	Student	Student	616	3349	3410	0
npc	-1	Digsite workman	Digsite workman	613	3350	3401	0
npc	-1	Digsite workman	Digsite workman	613	3354	3408	0
npc	-1	Student	Student	615	3356	3406	0
npc	-1	Digsite workman	Digsite workman	613	3357	3415	0
npc	-1	Student	Student	617	3358	3420	0
npc	-1	Digsite workman	Digsite workman	613	3359	3396	0
npc	-1	Student	Student	615	3359	3401	0
npc	-1	Student	Student	616	3360	3409	0
npc	-1	Digsite workman	Digsite workman	613	3362	3408	0
npc	-1	Digsite workman	Digsite workman	613	3362	3416	0
npc	-1	Digsite workman	Digsite workman	613	3362	3423	0
npc	-1	Student	Student	615	3363	3397	0
npc	-1	Student	Student	617	3364	3410	0
npc	-1	Digsite workman	Digsite workman	613	3365	3429	0
npc	-1	Digsite workman	Digsite workman	613	3366	3407	0
npc	-1	Digsite workman	Digsite workman	613	3366	3425	0
npc	-1	Student	Student	617	3367	3432	0
npc	-1	Student	Student	616	3370	3416	0
npc	-1	Digsite workman	Digsite workman	613	3372	3401	0
npc	-1	Student	Student	615	3373	3412	0
npc	-1	Digsite workman	Digsite workman	613	3373	3418	0
npc	-1	Student	Student	616	3373	3432	0
npc	-1	Digsite workman	Digsite workman	613	3374	3430	0
npc	-1	Bat	Bat	412	3341	3478	0
npc	-1	Bat	Bat	412	3343	3484	0
npc	-1	Bat	Bat	412	3345	3484	0
npc	-1	Bat	Bat	412	3350	3493	0
npc	-1	Bat	Bat	412	3353	3494	0
npc	-1	Bat	Bat	412	3361	3484	0
npc	-1	Bat	Bat	412	3364	3489	0
npc	-1	Bat	Bat	412	3370	3497	0
npc	-1	Bat	Bat	412	3379	3478	0
npc	-1	Bat	Bat	412	3379	3484	0
npc	-1	Bat	Bat	412	3387	3483	0
npc	-1	Bat	Bat	412	3388	3494	0
npc	-1	Bat	Bat	412	3389	3483	0
npc	-1	Temple guardian	Temple guardian	1047	3405	9902	0
npc	-1	Drezel	Drezel	1049	3440	9895	0
npc	-1	Myre Blamish Snail	Myre Blamish Snail	1232	3421	3291	0
npc	-1	Myre Blamish Snail	Myre Blamish Snail	1232	3423	3299	0
npc	-1	Ochre Blamish Snail	Ochre Blamish Snail	1229	3425	3278	0
npc	-1	Myre Blamish Snail	Myre Blamish Snail	1227	3425	3317	0
npc	-1	Ochre Blamish Snail	Ochre Blamish Snail	1234	3426	3275	0
npc	-1	Ochre Blamish Snail	Ochre Blamish Snail	1229	3426	3277	0
npc	-1	Myre Blamish Snail	Myre Blamish Snail	1232	3426	3308	0
npc	-1	Myre Blamish Snail	Myre Blamish Snail	1227	3427	3319	0
npc	-1	Myre Blamish Snail	Myre Blamish Snail	1232	3429	3299	0
npc	-1	Myre Blamish Snail	Myre Blamish Snail	1227	3430	3291	0
npc	-1	Bark Blamish Snail	Bark Blamish Snail	1231	3430	3310	0
npc	-1	Bark Blamish Snail	Bark Blamish Snail	1231	3430	3311	0
npc	-1	Ochre Blamish Snail	Ochre Blamish Snail	1234	3431	3309	0
npc	-1	Myre Blamish Snail	Myre Blamish Snail	1232	3432	3287	0
npc	-1	Myre Blamish Snail	Myre Blamish Snail	1227	3434	3286	0
npc	-1	Myre Blamish Snail	Myre Blamish Snail	1232	3437	3302	0
npc	-1	Myre Blamish Snail	Myre Blamish Snail	1232	3438	3290	0
npc	-1	Myre Blamish Snail	Myre Blamish Snail	1227	3438	3294	0
npc	-1	Myre Blamish Snail	Myre Blamish Snail	1232	3438	3311	0
npc	-1	Ochre Blamish Snail	Ochre Blamish Snail	1229	3438	3312	0
npc	-1	Bark Blamish Snail	Bark Blamish Snail	1231	3439	3312	0
npc	-1	Myre Blamish Snail	Myre Blamish Snail	1227	3443	3306	0
npc	-1	Ochre Blamish Snail	Ochre Blamish Snail	1229	3445	3284	0
npc	-1	Myre Blamish Snail	Myre Blamish Snail	1227	3445	3286	0
npc	-1	Ochre Blamish Snail	Ochre Blamish Snail	1234	3447	3267	0
npc	-1	Ochre Blamish Snail	Ochre Blamish Snail	1229	3447	3269	0
npc	-1	Myre Blamish Snail	Myre Blamish Snail	1232	3447	3284	0
npc	-1	Myre Blamish Snail	Myre Blamish Snail	1232	3447	3286	0
npc	-1	Bark Blamish Snail	Bark Blamish Snail	1231	3448	3268	0
npc	-1	Myre Blamish Snail	Myre Blamish Snail	1232	3448	3300	0
npc	-1	Bark Blamish Snail	Bark Blamish Snail	1231	3450	3308	0
npc	-1	Myre Blamish Snail	Myre Blamish Snail	1227	3451	3291	0
npc	-1	Myre Blamish Snail	Myre Blamish Snail	1227	3451	3309	0
npc	-1	Ochre Blamish Snail	Ochre Blamish Snail	1234	3452	3307	0
npc	-1	Ochre Blamish Snail	Ochre Blamish Snail	1229	3452	3308	0
npc	-1	Myre Blamish Snail	Myre Blamish Snail	1232	3454	3309	0
npc	-1	Myre Blamish Snail	Myre Blamish Snail	1227	3409	3391	0
npc	-1	Myre Blamish Snail	Myre Blamish Snail	1232	3411	3361	0
npc	-1	Ochre Blamish Snail	Ochre Blamish Snail	1234	3411	3387	0
npc	-1	Myre Blamish Snail	Myre Blamish Snail	1227	3414	3357	0
npc	-1	Myre Blamish Snail	Myre Blamish Snail	1227	3416	3362	0
npc	-1	Myre Blamish Snail	Myre Blamish Snail	1232	3416	3363	0
npc	-1	Myre Blamish Snail	Myre Blamish Snail	1232	3416	3371	0
npc	-1	Myre Blamish Snail	Myre Blamish Snail	1232	3417	3368	0
npc	-1	Myre Blamish Snail	Myre Blamish Snail	1227	3419	3370	0
npc	-1	Ochre Blamish Snail	Ochre Blamish Snail	1234	3422	3377	0
npc	-1	Myre Blamish Snail	Myre Blamish Snail	1227	3427	3377	0
npc	-1	Ochre Blamish Snail	Ochre Blamish Snail	1229	3430	3375	0
npc	-1	Myre Blamish Snail	Myre Blamish Snail	1232	3430	3380	0
npc	-1	Bark Blamish Snail	Bark Blamish Snail	1231	3439	3354	0
npc	-1	Ochre Blamish Snail	Ochre Blamish Snail	1234	3441	3353	0
npc	-1	Myre Blamish Snail	Myre Blamish Snail	1227	3441	3355	0
npc	-1	Myre Blamish Snail	Myre Blamish Snail	1227	3413	3410	0
npc	-1	Myre Blamish Snail	Myre Blamish Snail	1227	3421	3408	0
npc	-1	Ochre Blamish Snail	Ochre Blamish Snail	1229	3422	3406	0
npc	-1	Myre Blamish Snail	Myre Blamish Snail	1227	3423	3408	0
npc	-1	Ochre Blamish Snail	Ochre Blamish Snail	1229	3424	3427	0
npc	-1	Myre Blamish Snail	Myre Blamish Snail	1227	3425	3424	0
npc	-1	Ochre Blamish Snail	Ochre Blamish Snail	1229	3428	3400	0
npc	-1	Ochre Blamish Snail	Ochre Blamish Snail	1229	3439	3398	0
npc	-1	Myre Blamish Snail	Myre Blamish Snail	1227	3442	3405	0
npc	-1	Ochre Blamish Snail	Ochre Blamish Snail	1229	3446	3405	0
npc	-1	Monk of Zamorak	Monk of Zamorak	1044	3410	3484	0
npc	-1	Monk of Zamorak	Monk of Zamorak	1044	3410	3493	0
npc	-1	Monk of Zamorak	Monk of Zamorak	1046	3411	3489	0
npc	-1	Ghoul	Ghoul	1218	3412	3512	0
npc	-1	Ghoul	Ghoul	1218	3412	3515	0
npc	-1	Ghoul	Ghoul	1218	3414	3512	0
npc	-1	Monk of Zamorak	Monk of Zamorak	1046	3415	3485	0
npc	-1	Monk of Zamorak	Monk of Zamorak	1045	3415	3489	0
npc	-1	Ghoul	Ghoul	1218	3415	3518	0
npc	-1	Ghoul	Ghoul	1218	3416	3509	0
npc	-1	Ghoul	Ghoul	1218	3416	3511	0
npc	-1	Ghoul	Ghoul	1218	3417	3518	0
npc	-1	Ghoul	Ghoul	1218	3418	3509	0
npc	-1	Ghoul	Ghoul	1218	3419	3512	0
npc	-1	Ghoul	Ghoul	1218	3420	3517	0
npc	-1	Ghoul	Ghoul	1218	3420	3518	0
npc	-1	Ghoul	Ghoul	1218	3423	3461	0
npc	-1	Ghoul	Ghoul	1218	3426	3465	0
npc	-1	Ghoul	Ghoul	1218	3427	3463	0
npc	-1	Ghoul	Ghoul	1218	3428	3458	0
npc	-1	Ghoul	Ghoul	1218	3428	3465	0
npc	-1	Ghoul	Ghoul	1218	3430	3462	0
npc	-1	Ghoul	Ghoul	1218	3430	3467	0
npc	-1	Ghoul	Ghoul	1218	3433	3458	0
npc	-1	Ghoul	Ghoul	1218	3433	3468	0
npc	-1	Ghoul	Ghoul	1218	3434	3464	0
npc	-1	Ulizius	Ulizius	1054	3444	3459	0
npc	-1	Monk of Zamorak	Monk of Zamorak	1045	3411	3485	1
npc	-1	Monk of Zamorak	Monk of Zamorak	1044	3412	3489	1
npc	-1	Monk of Zamorak	Monk of Zamorak	1044	3414	3487	1
npc	-1	Monk of Zamorak	Monk of Zamorak	1045	3415	3489	1
npc	-1	Monk of Zamorak	Monk of Zamorak	1046	3416	3491	1
npc	-1	Drezel	Drezel	1048	3417	3489	2
npc	-1	Kalphite Larva	Kalphite Larva	1161	3472	9490	0
npc	-1	Kalphite Queen	Kalphite Queen	1158	3474	9496	0
npc	-1	Kalphite Larva	Kalphite Larva	1161	3475	9504	0
npc	-1	Kalphite Larva	Kalphite Larva	1161	3484	9510	0
npc	-1	Kalphite Larva	Kalphite Larva	1161	3491	9498	0
npc	-1	Kalphite Larva	Kalphite Larva	1161	3493	9492	0
npc	-1	Kalphite Guardian	Kalphite Guardian	1157	3495	9489	0
npc	-1	Kalphite Larva	Kalphite Larva	1161	3495	9508	0
npc	-1	Kalphite Guardian	Kalphite Guardian	1157	3496	9502	0
npc	-1	Kalphite Soldier	Kalphite Soldier	1154	3463	9481	2
npc	-1	Kalphite Soldier	Kalphite Soldier	1154	3465	9486	2
npc	-1	Kalphite Worker	Kalphite Worker	1153	3465	9502	2
npc	-1	Kalphite Soldier	Kalphite Soldier	1154	3466	9476	2
npc	-1	Kalphite Larva	Kalphite Larva	1161	3467	9485	2
npc	-1	Kalphite Soldier	Kalphite Soldier	1154	3467	9489	2
npc	-1	Kalphite Larva	Kalphite Larva	1161	3467	9503	2
npc	-1	Kalphite Soldier	Kalphite Soldier	1154	3469	9481	2
npc	-1	Kalphite Worker	Kalphite Worker	1153	3472	9516	2
npc	-1	Kalphite Soldier	Kalphite Soldier	1154	3477	9501	2
npc	-1	Kalphite Worker	Kalphite Worker	1153	3479	9478	2
npc	-1	Kalphite Worker	Kalphite Worker	1153	3482	9526	2
npc	-1	Kalphite Larva	Kalphite Larva	1161	3486	9500	2
npc	-1	Kalphite Worker	Kalphite Worker	1153	3488	9490	2
npc	-1	Kalphite Worker	Kalphite Worker	1153	3493	9510	2
npc	-1	Kalphite Soldier	Kalphite Soldier	1154	3494	9491	2
npc	-1	Kalphite Worker	Kalphite Worker	1153	3495	9501	2
npc	-1	Kalphite Worker	Kalphite Worker	1153	3497	9476	2
npc	-1	Kalphite Worker	Kalphite Worker	1153	3499	9511	2
npc	-1	Kalphite Worker	Kalphite Worker	1153	3500	9520	2
npc	-1	Kalphite Worker	Kalphite Worker	1153	3503	9527	2
npc	-1	Kalphite Guardian	Kalphite Guardian	1155	3505	9493	2
npc	-1	Kalphite Worker	Kalphite Worker	1153	3505	9520	2
npc	-1	Kalphite Larva	Kalphite Larva	1161	3505	9524	2
npc	-1	Kalphite Worker	Kalphite Worker	1153	3508	9525	2
npc	-1	Kalphite Guardian	Kalphite Guardian	1155	3511	9499	2
npc	-1	Fiyr Shadow	Fiyr Shadow	1249	3458	9702	0
npc	-1	Fiyr Shadow	Fiyr Shadow	1249	3458	9711	0
npc	-1	Fiyr Shadow	Fiyr Shadow	1249	3458	9720	0
npc	-1	Asyn Shadow	Asyn Shadow	1247	3459	9666	0
npc	-1	Fiyr Shadow	Fiyr Shadow	1249	3459	9711	0
npc	-1	Asyn Shadow	Asyn Shadow	1247	3460	9673	0
npc	-1	Asyn Shadow	Asyn Shadow	1247	3460	9680	0
npc	-1	Asyn Shadow	Asyn Shadow	1247	3460	9687	0
npc	-1	Fiyr Shadow	Fiyr Shadow	1249	3463	9698	0
npc	-1	Fiyr Shadow	Fiyr Shadow	1249	3463	9711	0
npc	-1	Fiyr Shadow	Fiyr Shadow	1249	3463	9723	0
npc	-1	Fiyr Shadow	Fiyr Shadow	1249	3464	9715	0
npc	-1	Asyn Shadow	Asyn Shadow	1247	3468	9676	0
npc	-1	Asyn Shadow	Asyn Shadow	1247	3469	9671	0
npc	-1	Asyn Shadow	Asyn Shadow	1247	3469	9683	0
npc	-1	Phrin Shadow	Phrin Shadow	1243	3469	9725	0
npc	-1	Asyn Shadow	Asyn Shadow	1247	3470	9687	0
npc	-1	Riyl Shadow	Riyl Shadow	1245	3470	9705	0
npc	-1	Riyl Shadow	Riyl Shadow	1245	3471	9717	0
npc	-1	Riyl Shadow	Riyl Shadow	1245	3474	9714	0
npc	-1	Phrin Shadow	Phrin Shadow	1243	3474	9722	0
npc	-1	Asyn Shadow	Asyn Shadow	1247	3477	9667	0
npc	-1	Asyn Shadow	Asyn Shadow	1247	3477	9674	0
npc	-1	Asyn Shadow	Asyn Shadow	1247	3477	9681	0
npc	-1	Riyl Shadow	Riyl Shadow	1245	3478	9706	0
npc	-1	Phrin Shadow	Phrin Shadow	1243	3481	9724	0
npc	-1	Riyl Shadow	Riyl Shadow	1245	3482	9717	0
npc	-1	Asyn Shadow	Asyn Shadow	1247	3484	9667	0
npc	-1	Riyl Shadow	Riyl Shadow	1245	3484	9707	0
npc	-1	Asyn Shadow	Asyn Shadow	1247	3485	9674	0
npc	-1	Asyn Shadow	Asyn Shadow	1247	3485	9681	0
npc	-1	Phrin Shadow	Phrin Shadow	1243	3485	9721	0
npc	-1	Riyl Shadow	Riyl Shadow	1245	3486	9713	0
npc	-1	Phrin Shadow	Phrin Shadow	1243	3486	9724	0
npc	-1	Riyl Shadow	Riyl Shadow	1245	3488	9704	0
npc	-1	Phrin Shadow	Phrin Shadow	1243	3491	9724	0
npc	-1	Asyn Shadow	Asyn Shadow	1247	3493	9677	0
npc	-1	Asyn Shadow	Asyn Shadow	1247	3494	9667	0
npc	-1	Asyn Shadow	Asyn Shadow	1247	3494	9682	0
npc	-1	Asyn Shadow	Asyn Shadow	1247	3494	9688	0
npc	-1	Riyl Shadow	Riyl Shadow	1245	3494	9707	0
npc	-1	Phrin Shadow	Phrin Shadow	1243	3494	9722	0
npc	-1	Asyn Shadow	Asyn Shadow	1247	3497	9673	0
npc	-1	Asyn Shadow	Asyn Shadow	1247	3498	9683	0
npc	-1	Riyl Shadow	Riyl Shadow	1245	3498	9715	0
npc	-1	Phrin Shadow	Phrin Shadow	1243	3499	9722	0
npc	-1	Phrin Shadow	Phrin Shadow	1243	3499	9723	0
npc	-1	Riyl Shadow	Riyl Shadow	1245	3500	9706	0
npc	-1	Phrin Shadow	Phrin Shadow	1243	3502	9723	0
npc	-1	Asyn Shadow	Asyn Shadow	1247	3504	9674	0
npc	-1	Asyn Shadow	Asyn Shadow	1247	3504	9685	0
npc	-1	Asyn Shadow	Asyn Shadow	1247	3505	9668	0
npc	-1	Riyl Shadow	Riyl Shadow	1245	3505	9714	0
npc	-1	Asyn Shadow	Asyn Shadow	1247	3507	9680	0
npc	-1	Riyl Shadow	Riyl Shadow	1245	3507	9705	0
npc	-1	Phrin Shadow	Phrin Shadow	1243	3508	9725	0
npc	-1	Riyl Shadow	Riyl Shadow	1245	3511	9714	0
npc	-1	Phrin Shadow	Phrin Shadow	1243	3512	9721	0
npc	-1	Asyn Shadow	Asyn Shadow	1247	3513	9667	0
npc	-1	Asyn Shadow	Asyn Shadow	1247	3514	9679	0
npc	-1	Asyn Shadow	Asyn Shadow	1247	3514	9685	0
npc	-1	Riyl Shadow	Riyl Shadow	1245	3515	9706	0
npc	-1	Asyn Shadow	Asyn Shadow	1247	3516	9675	0
npc	-1	Riyl Shadow	Riyl Shadow	1245	3517	9714	0
npc	-1	Asyn Shadow	Asyn Shadow	1247	3518	9667	0
npc	-1	Afflicted	Afflicted	1257	3466	3306	0
npc	-1	Afflicted	Afflicted	1258	3466	3309	0
npc	-1	Afflicted	Afflicted	1261	3469	3308	0
npc	-1	Afflicted	Afflicted	1257	3471	3285	0
npc	-1	Afflicted	Afflicted	1262	3472	3304	0
npc	-1	Loar Shadow	Loar Shadow	1240	3474	3280	0
npc	-1	Afflicted	Afflicted	1261	3474	3293	0
npc	-1	Afflicted	Afflicted	1262	3475	3274	0
npc	-1	Afflicted	Afflicted	1258	3476	3288	0
npc	-1	Afflicted	Afflicted	1262	3477	3308	0
npc	-1	Loar Shadow	Loar Shadow	1240	3478	3307	0
npc	-1	Loar Shadow	Loar Shadow	1240	3479	3283	0
npc	-1	Afflicted	Afflicted	1257	3479	3300	0
npc	-1	Loar Shadow	Loar Shadow	1240	3480	3271	0
npc	-1	Afflicted	Afflicted	1262	3481	3277	0
npc	-1	Afflicted	Afflicted	1258	3481	3305	0
npc	-1	Loar Shadow	Loar Shadow	1240	3482	3302	0
npc	-1	Loar Shadow	Loar Shadow	1240	3483	3283	0
npc	-1	Loar Shadow	Loar Shadow	1240	3483	3295	0
npc	-1	Afflicted	Afflicted	1258	3485	3271	0
npc	-1	Loar Shadow	Loar Shadow	1240	3487	3272	0
npc	-1	Afflicted	Afflicted	1262	3487	3277	0
npc	-1	Loar Shadow	Loar Shadow	1240	3488	3282	0
npc	-1	Afflicted	Afflicted	1258	3488	3284	0
npc	-1	Loar Shadow	Loar Shadow	1240	3488	3288	0
npc	-1	Loar Shadow	Loar Shadow	1240	3489	3267	0
npc	-1	Afflicted(Razmire)	Afflicted(Razmire)	1253	3489	3296	0
npc	-1	Loar Shadow	Loar Shadow	1240	3489	3302	0
npc	-1	Afflicted	Afflicted	1261	3491	3291	0
npc	-1	Loar Shadow	Loar Shadow	1240	3492	3285	0
npc	-1	Loar Shadow	Loar Shadow	1240	3493	3293	0
npc	-1	Afflicted	Afflicted	1262	3493	3299	0
npc	-1	Afflicted	Afflicted	1258	3495	3285	0
npc	-1	Afflicted	Afflicted	1261	3496	3271	0
npc	-1	Loar Shadow	Loar Shadow	1240	3496	3277	0
npc	-1	Afflicted(Ulsquire)	Afflicted(Ulsquire)	1251	3496	3289	0
npc	-1	Loar Shadow	Loar Shadow	1240	3496	3296	0
npc	-1	Afflicted	Afflicted	1257	3499	3298	0
npc	-1	Loar Shadow	Loar Shadow	1240	3500	3286	0
npc	-1	Loar Shadow	Loar Shadow	1240	3501	3294	0
npc	-1	Loar Shadow	Loar Shadow	1240	3501	3297	0
npc	-1	Loar Shadow	Loar Shadow	1240	3501	3313	0
npc	-1	Loar Shadow	Loar Shadow	1240	3501	3321	0
npc	-1	Afflicted	Afflicted	1257	3502	3277	0
npc	-1	Afflicted	Afflicted	1261	3503	3288	0
npc	-1	Afflicted	Afflicted	1258	3503	3302	0
npc	-1	Afflicted	Afflicted	1262	3504	3281	0
npc	-1	Loar Shadow	Loar Shadow	1240	3504	3299	0
npc	-1	Afflicted	Afflicted	1258	3506	3304	0
npc	-1	Loar Shadow	Loar Shadow	1240	3507	3301	0
npc	-1	Afflicted	Afflicted	1258	3509	3284	0
npc	-1	Afflicted	Afflicted	1257	3511	3300	0
npc	-1	Loar Shadow	Loar Shadow	1240	3513	3321	0
npc	-1	Afflicted	Afflicted	1262	3515	3302	0
npc	-1	Loar Shadow	Loar Shadow	1240	3516	3315	0
npc	-1	Afflicted	Afflicted	1257	3517	3285	0
npc	-1	Myre Blamish Snail	Myre Blamish Snail	1227	3458	3347	0
npc	-1	Myre Blamish Snail	Myre Blamish Snail	1227	3463	3346	0
npc	-1	Ochre Blamish Snail	Ochre Blamish Snail	1234	3463	3357	0
npc	-1	Myre Blamish Snail	Myre Blamish Snail	1227	3466	3364	0
npc	-1	Myre Blamish Snail	Myre Blamish Snail	1227	3467	3345	0
npc	-1	Blood Blamish Snail	Blood Blamish Snail	1233	3471	3346	0
npc	-1	Bruise Blamish Snail	Bruise Blamish Snail	1235	3473	3346	0
npc	-1	Ochre Blamish Snail	Ochre Blamish Snail	1234	3473	3348	0
npc	-1	Bruise Blamish Snail	Bruise Blamish Snail	1230	3474	3347	0
npc	-1	Ochre Blamish Snail	Ochre Blamish Snail	1234	3477	3367	0
npc	-1	Ochre Blamish Snail	Ochre Blamish Snail	1229	3477	3368	0
npc	-1	Myre Blamish Snail	Myre Blamish Snail	1227	3478	3371	0
npc	-1	Ochre Blamish Snail	Ochre Blamish Snail	1229	3480	3363	0
npc	-1	Myre Blamish Snail	Myre Blamish Snail	1227	3487	3378	0
npc	-1	Myre Blamish Snail	Myre Blamish Snail	1227	3494	3380	0
npc	-1	Ochre Blamish Snail	Ochre Blamish Snail	1229	3494	3389	0
npc	-1	Ochre Blamish Snail	Ochre Blamish Snail	1229	3496	3386	0
npc	-1	Myre Blamish Snail	Myre Blamish Snail	1227	3498	3382	0
npc	-1	Myre Blamish Snail	Myre Blamish Snail	1227	3501	3382	0
npc	-1	Myre Blamish Snail	Myre Blamish Snail	1227	3503	3380	0
npc	-1	Myre Blamish Snail	Myre Blamish Snail	1227	3506	3382	0
npc	-1	Myre Blamish Snail	Myre Blamish Snail	1227	3456	3417	0
npc	-1	Ochre Blamish Snail	Ochre Blamish Snail	1229	3456	3418	0
npc	-1	Myre Blamish Snail	Myre Blamish Snail	1227	3460	3418	0
npc	-1	Myre Blamish Snail	Myre Blamish Snail	1227	3460	3424	0
npc	-1	Myre Blamish Snail	Myre Blamish Snail	1227	3462	3432	0
npc	-1	Myre Blamish Snail	Myre Blamish Snail	1232	3463	3404	0
npc	-1	Ochre Blamish Snail	Ochre Blamish Snail	1229	3467	3404	0
npc	-1	Ochre Blamish Snail	Ochre Blamish Snail	1234	3467	3409	0
npc	-1	Ochre Blamish Snail	Ochre Blamish Snail	1234	3467	3410	0
npc	-1	Myre Blamish Snail	Myre Blamish Snail	1227	3469	3432	0
npc	-1	Myre Blamish Snail	Myre Blamish Snail	1232	3471	3399	0
npc	-1	Ochre Blamish Snail	Ochre Blamish Snail	1229	3471	3402	0
npc	-1	Myre Blamish Snail	Myre Blamish Snail	1232	3472	3415	0
npc	-1	Myre Blamish Snail	Myre Blamish Snail	1232	3472	3418	0
npc	-1	Myre Blamish Snail	Myre Blamish Snail	1232	3477	3419	0
npc	-1	Ochre Blamish Snail	Ochre Blamish Snail	1234	3480	3424	0
npc	-1	Myre Blamish Snail	Myre Blamish Snail	1232	3481	3439	0
npc	-1	Myre Blamish Snail	Myre Blamish Snail	1232	3481	3441	0
npc	-1	Myre Blamish Snail	Myre Blamish Snail	1227	3481	3442	0
npc	-1	Myre Blamish Snail	Myre Blamish Snail	1227	3482	3444	0
npc	-1	Ochre Blamish Snail	Ochre Blamish Snail	1229	3483	3440	0
npc	-1	Myre Blamish Snail	Myre Blamish Snail	1227	3483	3445	0
npc	-1	Ochre Blamish Snail	Ochre Blamish Snail	1234	3484	3442	0
npc	-1	Bruise Blamish Snail	Bruise Blamish Snail	1235	3485	3441	0
npc	-1	Ochre Blamish Snail	Ochre Blamish Snail	1229	3485	3443	0
npc	-1	Bruise Blamish Snail	Bruise Blamish Snail	1230	3486	3440	0
npc	-1	Blood Blamish Snail	Blood Blamish Snail	1233	3486	3442	0
npc	-1	Myre Blamish Snail	Myre Blamish Snail	1227	3493	3393	0
npc	-1	Bark Blamish Snail	Bark Blamish Snail	1231	3495	3418	0
npc	-1	Ochre Blamish Snail	Ochre Blamish Snail	1229	3496	3421	0
npc	-1	Blood Blamish Snail	Blood Blamish Snail	1233	3496	3444	0
npc	-1	Bark Blamish Snail	Bark Blamish Snail	1231	3498	3420	0
npc	-1	Myre Blamish Snail	Myre Blamish Snail	1227	3499	3394	0
npc	-1	Myre Blamish Snail	Myre Blamish Snail	1227	3500	3425	0
npc	-1	Myre Blamish Snail	Myre Blamish Snail	1227	3502	3425	0
npc	-1	Myre Blamish Snail	Myre Blamish Snail	1227	3504	3404	0
npc	-1	Myre Blamish Snail	Myre Blamish Snail	1227	3504	3422	0
npc	-1	Ochre Blamish Snail	Ochre Blamish Snail	1229	3504	3424	0
npc	-1	Ochre Blamish Snail	Ochre Blamish Snail	1229	3505	3418	0
npc	-1	Bark Blamish Snail	Bark Blamish Snail	1231	3505	3433	0
npc	-1	Myre Blamish Snail	Myre Blamish Snail	1227	3506	3420	0
npc	-1	Bark Blamish Snail	Bark Blamish Snail	1231	3510	3435	0
npc	-1	Myre Blamish Snail	Myre Blamish Snail	1227	3511	3393	0
npc	-1	Myre Blamish Snail	Myre Blamish Snail	1227	3516	3409	0
npc	-1	Bruise Blamish Snail	Bruise Blamish Snail	1230	3517	3437	0
npc	-1	Blood Blamish Snail	Blood Blamish Snail	1228	3519	3439	0
npc	-1	Man	Man	1025	3474	3474	0
npc	-1	Fidelio	Fidelio	1040	3475	3497	0
npc	-1	Man	Man	1026	3479	3492	0
npc	-1	Man	Man	1024	3479	3498	0
npc	-1	Man	Man	1024	3483	3478	0
npc	-1	Woman	Woman	1029	3483	3495	0
npc	-1	Woman	Woman	1028	3485	3489	0
npc	-1	Man	Man	1025	3489	3490	0
npc	-1	Man	Man	1026	3490	3473	0
npc	-1	Man	Man	1025	3490	3474	0
npc	-1	Sbott	Sbott	1041	3490	3503	0
npc	-1	Roavar	Roavar	1042	3493	3471	0
npc	-1	Man	Man	1025	3495	3476	0
npc	-1	Woman	Woman	1027	3497	3474	0
npc	-1	Man	Man	1024	3497	3497	0
npc	-1	Barker	Barker	1039	3499	3506	0
npc	-1	Man	Man	1024	3501	3493	0
npc	-1	Man	Man	1026	3502	3487	0
npc	-1	Woman	Woman	1027	3505	3491	0
npc	-1	Rufus	Rufus	1038	3507	3496	0
npc	-1	Man	Man	1025	3511	3482	0
npc	-1	Banker	Banker	1036	3514	3479	0
npc	-1	Banker	Banker	1036	3514	3481	0
npc	-1	Woman	Woman	1029	3479	3498	1
npc	-1	Woman	Woman	1028	3490	3472	1
npc	-1	Man	Man	1026	3498	3472	1
npc	-1	Woman	Woman	1027	3499	3474	1
npc	-1	Bat	Bat	412	3565	3503	0
npc	-1	Bat	Bat	412	3567	3481	0
npc	-1	Bat	Bat	412	3580	3491	0
npc	-1	Vampire	Vampire	1223	3585	3478	0
npc	-1	Vampire	Vampire	1223	3586	3480	0
npc	-1	Vampire	Vampire	1223	3586	3496	0
npc	-1	Bat	Bat	412	3588	3472	0
npc	-1	Vampire	Vampire	1223	3592	3477	0
npc	-1	Vampire	Vampire	1223	3593	3458	0
npc	-1	Vampire	Vampire	1223	3593	3508	0
npc	-1	Vampire	Vampire	1223	3595	3491	0
npc	-1	Vampire	Vampire	1223	3597	3479	0
npc	-1	Bat	Bat	412	3598	3509	0
npc	-1	Bat	Bat	412	3599	3486	0
npc	-1	Bat	Bat	412	3607	3462	0
npc	-1	Vampire	Vampire	1223	3607	3466	0
npc	-1	Bat	Bat	412	3611	3499	0
npc	-1	Bat	Bat	412	3613	3482	0
npc	-1	Vampire	Vampire	1223	3617	3477	0
npc	-1	Vampire	Vampire	1223	3618	3514	0
npc	-1	Bat	Bat	412	3627	3511	0
npc	-1	Bat	Bat	412	3628	3473	0
npc	-1	Vampire	Vampire	1223	3631	3471	0
npc	-1	Vampire	Vampire	1223	3631	3499	0
npc	-1	Vampire	Vampire	1223	3632	3459	0
npc	-1	Vampire	Vampire	1223	3632	3475	0
npc	-1	Bat	Bat	412	3636	3466	0
npc	-1	Vampire	Vampire	1223	3638	3472	0
npc	-1	Bat	Bat	412	3639	3510	0
npc	-1	Vampire	Vampire	1223	3646	3467	0
