absX	absZ	level	id	name	debug	vislevel	att	def	str	hp	rng	mage	members	size	attackrange
1884	4815	0	149	Gull	gull1	0	22	17	22	32	1	1	false	2	0
1885	4825	0	464	Murphy	murphy_normal	0	1	1	1	1	1	1	false	1	0
1888	4831	0	150	Gull	gull2	0	22	17	22	32	1	1	false	2	0
1889	4818	0	150	Gull	gull2	0	22	17	22	32	1	1	false	2	0
1893	4832	0	149	Gull	gull1	0	22	17	22	32	1	1	false	2	0
1896	4819	0	149	Gull	gull1	0	22	17	22	32	1	1	false	2	0
1940	4831	0	149	Gull	gull1	0	22	17	22	32	1	1	false	2	0
1944	4814	0	149	Gull	gull1	0	22	17	22	32	1	1	false	2	0
1947	4827	0	466	Murphy	murphy_sunk	0	1	1	1	1	1	1	false	1	0
1948	4833	0	150	Gull	gull2	0	22	17	22	32	1	1	false	2	0
1950	4819	0	468	Shark	fin2	0	1	1	1	1	1	1	false	1	0
1955	4833	0	467	Shark	fin1	0	1	1	1	1	1	1	false	1	0
1965	4816	0	150	Gull	gull2	0	22	17	22	32	1	1	false	2	0
2010	4710	0	13	Wizard	wizard	9	8	5	8	14	1	10	false	1	8
2010	4714	0	13	Wizard	wizard	9	8	5	8	14	1	10	false	1	8
2012	4713	1	1209	Koftik	caveguide6	0	1	1	1	1	1	1	false	1	0
2021	4710	1	1002	Iban disciple	ibanmonk	13	8	12	8	20	1	1	false	1	0
2022	4712	1	1002	Iban disciple	ibanmonk	13	8	12	8	20	1	1	false	1	0
2025	4710	1	1002	Iban disciple	ibanmonk	13	8	12	8	20	1	1	false	1	0
2025	4713	1	1002	Iban disciple	ibanmonk	13	8	12	8	20	1	1	false	1	0
2028	4710	1	1002	Iban disciple	ibanmonk	13	8	12	8	20	1	1	false	1	0
2029	4713	1	1002	Iban disciple	ibanmonk	13	8	12	8	20	1	1	false	1	0
2031	4699	1	1002	Iban disciple	ibanmonk	13	8	12	8	20	1	1	false	1	0
2031	4706	1	1002	Iban disciple	ibanmonk	13	8	12	8	20	1	1	false	1	0
2031	4710	1	1002	Iban disciple	ibanmonk	13	8	12	8	20	1	1	false	1	0
2031	4714	1	1002	Iban disciple	ibanmonk	13	8	12	8	20	1	1	false	1	0
2032	4726	1	1002	Iban disciple	ibanmonk	13	8	12	8	20	1	1	false	1	0
2035	4717	1	1002	Iban disciple	ibanmonk	13	8	12	8	20	1	1	false	1	0
2035	4724	1	1002	Iban disciple	ibanmonk	13	8	12	8	20	1	1	false	1	0
2006	4755	0	1059	Strange watcher	macro_theatre_zamorak	0	1	1	1	1	1	1	false	1	0
2011	4762	0	1056	Mime	macro_mime	1	1	1	1	1	1	1	false	1	0
2012	4754	0	1058	Strange watcher	macro_theatre_guthix	0	1	1	1	1	1	1	false	1	0
2015	4756	0	1057	Strange watcher	macro_theatre_saradomin	0	1	1	1	1	1	1	false	1	0
2013	4825	0	465	Murphy	murphy_halfsunk	0	1	1	1	1	1	1	false	1	0
2014	4818	0	150	Gull	gull2	0	22	17	22	32	1	1	false	2	0
2014	4832	0	150	Gull	gull2	0	22	17	22	32	1	1	false	2	0
2018	4831	0	150	Gull	gull2	0	22	17	22	32	1	1	false	2	0
2020	4816	0	149	Gull	gull1	0	22	17	22	32	1	1	false	2	0
2023	4820	0	150	Gull	gull2	0	22	17	22	32	1	1	false	2	0
2122	4562	1	998	Othainian	othainian	91	76	77	78	87	1	1	false	3	0
2131	4602	1	993	Witches cat	cavewitchcat	0	1	1	1	1	1	1	false	1	0
2132	4554	1	1000	Holthion	holthion	91	76	77	78	87	1	1	false	3	0
2134	4565	1	999	Doomion	doomion	91	76	77	78	87	1	1	false	3	0
2150	4591	1	1005	Giant bat	non_combat_bat	0	1	1	1	1	1	1	false	2	0
2155	4566	1	992	Kardia	cavewitch	0	1	1	1	1	1	1	false	1	0
2133	4647	1	1003	Lord Iban	iban	0	76	77	78	87	1	1	false	2	0
2149	4646	1	1002	Iban disciple	ibanmonk	13	8	12	8	20	1	1	false	1	0
2150	4648	1	1002	Iban disciple	ibanmonk	13	8	12	8	20	1	1	false	1	0
2153	4646	1	1002	Iban disciple	ibanmonk	13	8	12	8	20	1	1	false	1	0
2153	4649	1	1002	Iban disciple	ibanmonk	13	8	12	8	20	1	1	false	1	0
2156	4646	1	1002	Iban disciple	ibanmonk	13	8	12	8	20	1	1	false	1	0
2157	4649	1	1002	Iban disciple	ibanmonk	13	8	12	8	20	1	1	false	1	0
2159	4635	1	1002	Iban disciple	ibanmonk	13	8	12	8	20	1	1	false	1	0
2159	4642	1	1002	Iban disciple	ibanmonk	13	8	12	8	20	1	1	false	1	0
2159	4646	1	1002	Iban disciple	ibanmonk	13	8	12	8	20	1	1	false	1	0
2159	4650	1	1002	Iban disciple	ibanmonk	13	8	12	8	20	1	1	false	1	0
2160	4662	1	1002	Iban disciple	ibanmonk	13	8	12	8	20	1	1	false	1	0
2163	4653	1	1002	Iban disciple	ibanmonk	13	8	12	8	20	1	1	false	1	0
2163	4660	1	1002	Iban disciple	ibanmonk	13	8	12	8	20	1	1	false	1	0
2120	4708	1	991	Half-Souless	soulman	1	1	1	1	1	1	1	false	2	0
2121	4714	1	991	Half-Souless	soulman	1	1	1	1	1	1	1	false	2	0
2122	4695	1	991	Half-Souless	soulman	1	1	1	1	1	1	1	false	2	0
2122	4720	1	991	Half-Souless	soulman	1	1	1	1	1	1	1	false	2	0
2123	4701	1	991	Half-Souless	soulman	1	1	1	1	1	1	1	false	2	0
2127	4679	1	1005	Giant bat	non_combat_bat	0	1	1	1	1	1	1	false	2	0
2128	4719	1	991	Half-Souless	soulman	1	1	1	1	1	1	1	false	2	0
2129	4698	1	991	Half-Souless	soulman	1	1	1	1	1	1	1	false	2	0
2129	4707	1	991	Half-Souless	soulman	1	1	1	1	1	1	1	false	2	0
2129	4725	1	991	Half-Souless	soulman	1	1	1	1	1	1	1	false	2	0
2132	4712	1	1005	Giant bat	non_combat_bat	0	1	1	1	1	1	1	false	2	0
2134	4702	1	991	Half-Souless	soulman	1	1	1	1	1	1	1	false	2	0
2136	4718	1	991	Half-Souless	soulman	1	1	1	1	1	1	1	false	2	0
2137	4725	1	991	Half-Souless	soulman	1	1	1	1	1	1	1	false	2	0
2139	4697	1	991	Half-Souless	soulman	1	1	1	1	1	1	1	false	2	0
2141	4709	1	991	Half-Souless	soulman	1	1	1	1	1	1	1	false	2	0
2143	4675	1	1005	Giant bat	non_combat_bat	0	1	1	1	1	1	1	false	2	0
2145	4703	1	991	Half-Souless	soulman	1	1	1	1	1	1	1	false	2	0
2145	4721	1	991	Half-Souless	soulman	1	1	1	1	1	1	1	false	2	0
2146	4691	1	1005	Giant bat	non_combat_bat	0	1	1	1	1	1	1	false	2	0
2149	4711	1	1005	Giant bat	non_combat_bat	0	1	1	1	1	1	1	false	2	0
2154	4686	1	140	Souless	souless	18	13	18	13	24	1	1	false	1	0
2154	4695	1	140	Souless	souless	18	13	18	13	24	1	1	false	1	0
2155	4708	1	140	Souless	souless	18	13	18	13	24	1	1	false	1	0
2157	4699	1	140	Souless	souless	18	13	18	13	24	1	1	false	1	0
2161	4689	1	140	Souless	souless	18	13	18	13	24	1	1	false	1	0
2161	4720	1	1005	Giant bat	non_combat_bat	0	1	1	1	1	1	1	false	2	0
2165	4692	1	1005	Giant bat	non_combat_bat	0	1	1	1	1	1	1	false	2	0
2180	3173	0	154	Butterfly	butterfly2	0	1	1	1	1	1	1	false	1	0
2181	3184	0	1205	Tyras guard	regicide_tyras_lazy_guard	0	1	1	1	1	1	1	false	1	0
2182	3147	0	1204	Tyras guard	regicide_tyras_guard	110	85	100	95	110	1	1	false	1	2
2184	3152	0	41	Chicken	chicken	1	1	1	1	3	1	1	false	1	0
2185	3144	0	1206	Tyras guard	regicide_tyras_camp_tent_guard	0	1	1	1	1	1	1	false	1	0
2185	3152	0	1017	Chicken	chicken_brown	1	1	1	1	3	1	1	false	1	0
2186	3153	0	41	Chicken	chicken	1	1	1	1	3	1	1	false	1	0
2187	3149	0	1207	General Hining	regicide_general_hining	0	1	1	1	1	1	1	false	1	0
2187	3155	0	1204	Tyras guard	regicide_tyras_guard	110	85	100	95	110	1	1	false	1	2
2188	3171	0	1203	Tyras guard	regicide_tyras_camp_guard	110	85	100	95	110	1	1	false	1	2
2189	3152	0	1204	Tyras guard	regicide_tyras_guard	110	85	100	95	110	1	1	false	1	2
2190	3180	0	155	Butterfly	butterfly_bluemorpo	0	1	1	1	1	1	1	false	1	0
2192	3150	0	1204	Tyras guard	regicide_tyras_guard	110	85	100	95	110	1	1	false	1	2
2192	3188	0	1212	Willow the wisp	regicide_willothewisp2	0	1	1	1	1	1	1	false	1	0
2192	3191	0	1212	Willow the wisp	regicide_willothewisp2	0	1	1	1	1	1	1	false	1	0
2193	3187	0	154	Butterfly	butterfly2	0	1	1	1	1	1	1	false	1	0
2194	3140	0	1208	Quartermaster	regicidegeneralshopkeeper	0	1	1	1	1	1	1	false	1	0
2194	3158	0	157	Butterfly	butterfly_viceroy	0	1	1	1	1	1	1	false	1	0
2194	3189	0	1211		regicide_willothewisp1	0	1	1	1	1	1	1	false	1	0
2194	3190	0	1212	Willow the wisp	regicide_willothewisp2	0	1	1	1	1	1	1	false	1	0
2196	3184	0	154	Butterfly	butterfly2	0	1	1	1	1	1	1	false	1	0
2196	3187	0	1211		regicide_willothewisp1	0	1	1	1	1	1	1	false	1	0
2196	3189	0	1211		regicide_willothewisp1	0	1	1	1	1	1	1	false	1	0
2196	3191	0	153	Butterfly	butterfly	0	1	1	1	1	1	1	false	1	0
2197	3189	0	153	Butterfly	butterfly	0	1	1	1	1	1	1	false	1	0
2198	3181	0	153	Butterfly	butterfly	0	1	1	1	1	1	1	false	1	0
2198	3187	0	153	Butterfly	butterfly	0	1	1	1	1	1	1	false	1	0
2199	3183	0	153	Butterfly	butterfly	0	1	1	1	1	1	1	false	1	0
2199	3187	0	153	Butterfly	butterfly	0	1	1	1	1	1	1	false	1	0
2200	3181	0	154	Butterfly	butterfly2	0	1	1	1	1	1	1	false	1	0
2200	3185	0	153	Butterfly	butterfly	0	1	1	1	1	1	1	false	1	0
2200	3188	0	154	Butterfly	butterfly2	0	1	1	1	1	1	1	false	1	0
2201	3185	0	153	Butterfly	butterfly	0	1	1	1	1	1	1	false	1	0
2203	3189	0	154	Butterfly	butterfly2	0	1	1	1	1	1	1	false	1	0
2204	3180	0	153	Butterfly	butterfly	0	1	1	1	1	1	1	false	1	0
2206	3164	0	1211		regicide_willothewisp1	0	1	1	1	1	1	1	false	1	0
2206	3196	0	1194	Rabbit	regicide_bunny2	2	1	1	1	5	1	1	false	1	0
2206	3198	0	1192	Rabbit	regicide_rabbit	2	1	1	1	5	1	1	false	1	0
2208	3163	0	1212	Willow the wisp	regicide_willothewisp2	0	1	1	1	1	1	1	false	1	0
2208	3195	0	1192	Rabbit	regicide_rabbit	2	1	1	1	5	1	1	false	1	0
2209	3163	0	1212	Willow the wisp	regicide_willothewisp2	0	1	1	1	1	1	1	false	1	0
2209	3164	0	1211		regicide_willothewisp1	0	1	1	1	1	1	1	false	1	0
2215	3171	0	1195	Grizzly bear	regicide_darkbear	24	40	35	36	35	1	1	false	2	0
2216	3136	0	1212	Willow the wisp	regicide_willothewisp2	0	1	1	1	1	1	1	false	1	0
2216	3140	0	1212	Willow the wisp	regicide_willothewisp2	0	1	1	1	1	1	1	false	1	0
2216	3142	0	1211		regicide_willothewisp1	0	1	1	1	1	1	1	false	1	0
2216	3188	0	157	Butterfly	butterfly_viceroy	0	1	1	1	1	1	1	false	1	0
2217	3171	0	1196	Grizzly bear cub	regicide_darkbear_cub1	19	30	25	26	35	1	1	false	2	0
2217	3190	0	157	Butterfly	butterfly_viceroy	0	1	1	1	1	1	1	false	1	0
2218	3139	0	1211		regicide_willothewisp1	0	1	1	1	1	1	1	false	1	0
2220	3158	0	157	Butterfly	butterfly_viceroy	0	1	1	1	1	1	1	false	1	0
2222	3141	0	157	Butterfly	butterfly_viceroy	0	1	1	1	1	1	1	false	1	0
2229	3138	0	157	Butterfly	butterfly_viceroy	0	1	1	1	1	1	1	false	1	0
2231	3181	0	157	Butterfly	butterfly_viceroy	0	1	1	1	1	1	1	false	1	0
2234	3169	0	1192	Rabbit	regicide_rabbit	2	1	1	1	5	1	1	false	1	0
2236	3155	0	157	Butterfly	butterfly_viceroy	0	1	1	1	1	1	1	false	1	0
2236	3165	0	1192	Rabbit	regicide_rabbit	2	1	1	1	5	1	1	false	1	0
2176	3202	0	153	Butterfly	butterfly	0	1	1	1	1	1	1	false	1	0
2177	3234	0	157	Butterfly	butterfly_viceroy	0	1	1	1	1	1	1	false	1	0
2178	3203	0	154	Butterfly	butterfly2	0	1	1	1	1	1	1	false	1	0
2178	3206	0	153	Butterfly	butterfly	0	1	1	1	1	1	1	false	1	0
2178	3238	0	1211		regicide_willothewisp1	0	1	1	1	1	1	1	false	1	0
2180	3203	0	153	Butterfly	butterfly	0	1	1	1	1	1	1	false	1	0
2180	3207	0	153	Butterfly	butterfly	0	1	1	1	1	1	1	false	1	0
2180	3236	0	1212	Willow the wisp	regicide_willothewisp2	0	1	1	1	1	1	1	false	1	0
2182	3201	0	154	Butterfly	butterfly2	0	1	1	1	1	1	1	false	1	0
2187	3223	0	1194	Rabbit	regicide_bunny2	2	1	1	1	5	1	1	false	1	0
2187	3225	0	1192	Rabbit	regicide_rabbit	2	1	1	1	5	1	1	false	1	0
2188	3242	0	1183	Elf warrior	regicide_darkelf	90	10	10	80	105	80	1	false	1	8
2189	3220	0	1192	Rabbit	regicide_rabbit	2	1	1	1	5	1	1	false	1	0
2189	3223	0	1192	Rabbit	regicide_rabbit	2	1	1	1	5	1	1	false	1	0
2189	3225	0	1194	Rabbit	regicide_bunny2	2	1	1	1	5	1	1	false	1	0
2190	3221	0	1193	Rabbit	regicide_bunny1	2	1	1	1	5	1	1	false	1	0
2193	3244	0	1184	Elf warrior	regicide_darkelf2	108	95	80	95	105	0	1	false	1	2
2193	3256	0	1184	Elf warrior	regicide_darkelf2	108	95	80	95	105	0	1	false	1	2
2195	3250	0	1183	Elf warrior	regicide_darkelf	90	10	10	80	105	80	1	false	1	8
2197	3218	0	1197	Grizzly bear cub	regicide_darkbear_cub2	19	32	28	32	35	1	1	false	2	0
2197	3251	0	1184	Elf warrior	regicide_darkelf2	108	95	80	95	105	0	1	false	1	2
2198	3261	0	1184	Elf warrior	regicide_darkelf2	108	95	80	95	105	0	1	false	1	2
2199	3222	0	1196	Grizzly bear cub	regicide_darkbear_cub1	19	30	25	26	35	1	1	false	2	0
2200	3224	0	1195	Grizzly bear	regicide_darkbear	24	40	35	36	35	1	1	false	2	0
2200	3249	0	1184	Elf warrior	regicide_darkelf2	108	95	80	95	105	0	1	false	1	2
2201	3218	0	1196	Grizzly bear cub	regicide_darkbear_cub1	19	30	25	26	35	1	1	false	2	0
2202	3259	0	1183	Elf warrior	regicide_darkelf	90	10	10	80	105	80	1	false	1	8
2204	3255	0	1184	Elf warrior	regicide_darkelf2	108	95	80	95	105	0	1	false	1	2
2205	3252	0	1182	Lord Iorwerth	lord_iorwerth	0	1	1	1	1	1	1	false	1	0
2207	3215	0	153	Butterfly	butterfly	0	1	1	1	1	1	1	false	1	0
2207	3224	0	154	Butterfly	butterfly2	0	1	1	1	1	1	1	false	1	0
2208	3225	0	1211		regicide_willothewisp1	0	1	1	1	1	1	1	false	1	0
2208	3227	0	1212	Willow the wisp	regicide_willothewisp2	0	1	1	1	1	1	1	false	1	0
2208	3257	0	1183	Elf warrior	regicide_darkelf	90	10	10	80	105	80	1	false	1	8
2209	3222	0	154	Butterfly	butterfly2	0	1	1	1	1	1	1	false	1	0
2210	3215	0	1212	Willow the wisp	regicide_willothewisp2	0	1	1	1	1	1	1	false	1	0
2210	3217	0	1211		regicide_willothewisp1	0	1	1	1	1	1	1	false	1	0
2210	3224	0	1212	Willow the wisp	regicide_willothewisp2	0	1	1	1	1	1	1	false	1	0
2210	3239	0	1183	Elf warrior	regicide_darkelf	90	10	10	80	105	80	1	false	1	8
2210	3254	0	1183	Elf warrior	regicide_darkelf	90	10	10	80	105	80	1	false	1	8
2211	3218	0	154	Butterfly	butterfly2	0	1	1	1	1	1	1	false	1	0
2212	3222	0	153	Butterfly	butterfly	0	1	1	1	1	1	1	false	1	0
2213	3216	0	153	Butterfly	butterfly	0	1	1	1	1	1	1	false	1	0
2213	3243	0	1211		regicide_willothewisp1	0	1	1	1	1	1	1	false	1	0
2214	3244	0	1212	Willow the wisp	regicide_willothewisp2	0	1	1	1	1	1	1	false	1	0
2215	3245	0	1212	Willow the wisp	regicide_willothewisp2	0	1	1	1	1	1	1	false	1	0
2216	3240	0	153	Butterfly	butterfly	0	1	1	1	1	1	1	false	1	0
2216	3242	0	153	Butterfly	butterfly	0	1	1	1	1	1	1	false	1	0
2217	3244	0	154	Butterfly	butterfly2	0	1	1	1	1	1	1	false	1	0
2218	3236	0	154	Butterfly	butterfly2	0	1	1	1	1	1	1	false	1	0
2218	3238	0	153	Butterfly	butterfly	0	1	1	1	1	1	1	false	1	0
2218	3241	0	153	Butterfly	butterfly	0	1	1	1	1	1	1	false	1	0
2218	3245	0	1211		regicide_willothewisp1	0	1	1	1	1	1	1	false	1	0
2219	3244	0	1212	Willow the wisp	regicide_willothewisp2	0	1	1	1	1	1	1	false	1	0
2220	3240	0	154	Butterfly	butterfly2	0	1	1	1	1	1	1	false	1	0
2220	3242	0	153	Butterfly	butterfly	0	1	1	1	1	1	1	false	1	0
2220	3243	0	1211		regicide_willothewisp1	0	1	1	1	1	1	1	false	1	0
2221	3243	0	1211		regicide_willothewisp1	0	1	1	1	1	1	1	false	1	0
2222	3237	0	153	Butterfly	butterfly	0	1	1	1	1	1	1	false	1	0
2228	3237	0	1192	Rabbit	regicide_rabbit	2	1	1	1	5	1	1	false	1	0
2229	3239	0	1192	Rabbit	regicide_rabbit	2	1	1	1	5	1	1	false	1	0
2230	3220	0	157	Butterfly	butterfly_viceroy	0	1	1	1	1	1	1	false	1	0
2230	3237	0	1194	Rabbit	regicide_bunny2	2	1	1	1	5	1	1	false	1	0
2230	3238	0	1193	Rabbit	regicide_bunny1	2	1	1	1	5	1	1	false	1	0
2231	3234	0	157	Butterfly	butterfly_viceroy	0	1	1	1	1	1	1	false	1	0
2231	3237	0	1193	Rabbit	regicide_bunny1	2	1	1	1	5	1	1	false	1	0
2231	3238	0	1192	Rabbit	regicide_rabbit	2	1	1	1	5	1	1	false	1	0
2232	3256	0	157	Butterfly	butterfly_viceroy	0	1	1	1	1	1	1	false	1	0
2233	3221	0	157	Butterfly	butterfly_viceroy	0	1	1	1	1	1	1	false	1	0
2233	3223	0	157	Butterfly	butterfly_viceroy	0	1	1	1	1	1	1	false	1	0
2234	3237	0	1192	Rabbit	regicide_rabbit	2	1	1	1	5	1	1	false	1	0
2236	3222	0	157	Butterfly	butterfly_viceroy	0	1	1	1	1	1	1	false	1	0
2237	3225	0	157	Butterfly	butterfly_viceroy	0	1	1	1	1	1	1	false	1	0
2238	3205	0	157	Butterfly	butterfly_viceroy	0	1	1	1	1	1	1	false	1	0
2182	3281	0	1192	Rabbit	regicide_rabbit	2	1	1	1	5	1	1	false	1	0
2183	3277	0	1193	Rabbit	regicide_bunny1	2	1	1	1	5	1	1	false	1	0
2183	3279	0	1192	Rabbit	regicide_rabbit	2	1	1	1	5	1	1	false	1	0
2184	3276	0	1192	Rabbit	regicide_rabbit	2	1	1	1	5	1	1	false	1	0
2184	3280	0	1194	Rabbit	regicide_bunny2	2	1	1	1	5	1	1	false	1	0
2185	3279	0	1192	Rabbit	regicide_rabbit	2	1	1	1	5	1	1	false	1	0
2186	3280	0	1194	Rabbit	regicide_bunny2	2	1	1	1	5	1	1	false	1	0
2186	3281	0	1192	Rabbit	regicide_rabbit	2	1	1	1	5	1	1	false	1	0
2188	3277	0	1192	Rabbit	regicide_rabbit	2	1	1	1	5	1	1	false	1	0
2188	4855	0	103	Ghost	ghost	19	13	18	13	25	1	1	false	1	0
2190	4820	0	103	Ghost	ghost	19	13	18	13	25	1	1	false	1	0
2192	4852	0	103	Ghost	ghost	19	13	18	13	25	1	1	false	1	0
2193	4845	0	103	Ghost	ghost	19	13	18	13	25	1	1	false	1	0
2194	4824	0	103	Ghost	ghost	19	13	18	13	25	1	1	false	1	0
2197	4849	0	103	Ghost	ghost	19	13	18	13	25	1	1	false	1	0
2198	4825	0	103	Ghost	ghost	19	13	18	13	25	1	1	false	1	0
2206	4824	0	103	Ghost	ghost	19	13	18	13	25	1	1	false	1	0
2210	4824	0	103	Ghost	ghost	19	13	18	13	25	1	1	false	1	0
2216	4829	0	103	Ghost	ghost	19	13	18	13	25	1	1	false	1	0
2218	4818	0	103	Ghost	ghost	19	13	18	13	25	1	1	false	1	0
2218	4837	0	103	Ghost	ghost	19	13	18	13	25	1	1	false	1	0
2218	4843	0	103	Ghost	ghost	19	13	18	13	25	1	1	false	1	0
2223	4848	0	103	Ghost	ghost	19	13	18	13	25	1	1	false	1	0
2225	4850	0	103	Ghost	ghost	19	13	18	13	25	1	1	false	1	0
2226	4855	0	103	Ghost	ghost	19	13	18	13	25	1	1	false	1	0
2227	4819	0	103	Ghost	ghost	19	13	18	13	25	1	1	false	1	0
2201	4942	0	1357	Sam	boardgames_barmaid	0	1	1	1	1	1	1	false	1	0
2207	4958	0	1358	Rachael	boardgames_barmaid2	0	1	1	1	1	1	1	false	1	0
2240	3148	0	154	Butterfly	butterfly2	0	1	1	1	1	1	1	false	1	0
2240	3164	0	1192	Rabbit	regicide_rabbit	2	1	1	1	5	1	1	false	1	0
2241	3139	0	153	Butterfly	butterfly	0	1	1	1	1	1	1	false	1	0
2241	3144	0	153	Butterfly	butterfly	0	1	1	1	1	1	1	false	1	0
2241	3163	0	1193	Rabbit	regicide_bunny1	2	1	1	1	5	1	1	false	1	0
2242	3143	0	154	Butterfly	butterfly2	0	1	1	1	1	1	1	false	1	0
2242	3150	0	153	Butterfly	butterfly	0	1	1	1	1	1	1	false	1	0
2242	3151	0	154	Butterfly	butterfly2	0	1	1	1	1	1	1	false	1	0
2242	3162	0	1194	Rabbit	regicide_bunny2	2	1	1	1	5	1	1	false	1	0
2242	3164	0	1193	Rabbit	regicide_bunny1	2	1	1	1	5	1	1	false	1	0
2243	3140	0	153	Butterfly	butterfly	0	1	1	1	1	1	1	false	1	0
2243	3161	0	1192	Rabbit	regicide_rabbit	2	1	1	1	5	1	1	false	1	0
2244	3137	0	153	Butterfly	butterfly	0	1	1	1	1	1	1	false	1	0
2244	3138	0	154	Butterfly	butterfly2	0	1	1	1	1	1	1	false	1	0
2244	3144	0	154	Butterfly	butterfly2	0	1	1	1	1	1	1	false	1	0
2244	3146	0	153	Butterfly	butterfly	0	1	1	1	1	1	1	false	1	0
2244	3179	0	154	Butterfly	butterfly2	0	1	1	1	1	1	1	false	1	0
2245	3137	0	154	Butterfly	butterfly2	0	1	1	1	1	1	1	false	1	0
2245	3139	0	153	Butterfly	butterfly	0	1	1	1	1	1	1	false	1	0
2245	3141	0	153	Butterfly	butterfly	0	1	1	1	1	1	1	false	1	0
2245	3146	0	153	Butterfly	butterfly	0	1	1	1	1	1	1	false	1	0
2246	3139	0	153	Butterfly	butterfly	0	1	1	1	1	1	1	false	1	0
2246	3142	0	153	Butterfly	butterfly	0	1	1	1	1	1	1	false	1	0
2246	3181	0	154	Butterfly	butterfly2	0	1	1	1	1	1	1	false	1	0
2247	3138	0	153	Butterfly	butterfly	0	1	1	1	1	1	1	false	1	0
2247	3141	0	153	Butterfly	butterfly	0	1	1	1	1	1	1	false	1	0
2247	3143	0	154	Butterfly	butterfly2	0	1	1	1	1	1	1	false	1	0
2247	3144	0	153	Butterfly	butterfly	0	1	1	1	1	1	1	false	1	0
2247	3147	0	153	Butterfly	butterfly	0	1	1	1	1	1	1	false	1	0
2247	3177	0	153	Butterfly	butterfly	0	1	1	1	1	1	1	false	1	0
2249	3142	0	154	Butterfly	butterfly2	0	1	1	1	1	1	1	false	1	0
2249	3143	0	154	Butterfly	butterfly2	0	1	1	1	1	1	1	false	1	0
2250	3137	0	154	Butterfly	butterfly2	0	1	1	1	1	1	1	false	1	0
2250	3177	0	153	Butterfly	butterfly	0	1	1	1	1	1	1	false	1	0
2250	3180	0	154	Butterfly	butterfly2	0	1	1	1	1	1	1	false	1	0
2251	3138	0	153	Butterfly	butterfly	0	1	1	1	1	1	1	false	1	0
2251	3141	0	153	Butterfly	butterfly	0	1	1	1	1	1	1	false	1	0
2252	3139	0	154	Butterfly	butterfly2	0	1	1	1	1	1	1	false	1	0
2252	3140	0	153	Butterfly	butterfly	0	1	1	1	1	1	1	false	1	0
2253	3141	0	153	Butterfly	butterfly	0	1	1	1	1	1	1	false	1	0
2254	3137	0	153	Butterfly	butterfly	0	1	1	1	1	1	1	false	1	0
2254	3139	0	153	Butterfly	butterfly	0	1	1	1	1	1	1	false	1	0
2254	3140	0	154	Butterfly	butterfly2	0	1	1	1	1	1	1	false	1	0
2255	3175	0	153	Butterfly	butterfly	0	1	1	1	1	1	1	false	1	0
2256	3173	0	153	Butterfly	butterfly	0	1	1	1	1	1	1	false	1	0
2257	3149	0	1199	Elf Tracker	regicide_old_camp_tracker	0	1	1	1	1	1	1	false	1	0
2257	3177	0	153	Butterfly	butterfly	0	1	1	1	1	1	1	false	1	0
2264	3140	0	1192	Rabbit	regicide_rabbit	2	1	1	1	5	1	1	false	1	0
2265	3141	0	1194	Rabbit	regicide_bunny2	2	1	1	1	5	1	1	false	1	0
2273	3182	0	1192	Rabbit	regicide_rabbit	2	1	1	1	5	1	1	false	1	0
2274	3164	0	1192	Rabbit	regicide_rabbit	2	1	1	1	5	1	1	false	1	0
2275	3161	0	157	Butterfly	butterfly_viceroy	0	1	1	1	1	1	1	false	1	0
2277	3183	0	156	Butterfly	butterfly_tigerswallowtail	0	1	1	1	1	1	1	false	1	0
2278	3141	0	154	Butterfly	butterfly2	0	1	1	1	1	1	1	false	1	0
2278	3160	0	1194	Rabbit	regicide_bunny2	2	1	1	1	5	1	1	false	1	0
2279	3137	0	154	Butterfly	butterfly2	0	1	1	1	1	1	1	false	1	0
2279	3158	0	1192	Rabbit	regicide_rabbit	2	1	1	1	5	1	1	false	1	0
2281	3139	0	154	Butterfly	butterfly2	0	1	1	1	1	1	1	false	1	0
2281	3142	0	1211		regicide_willothewisp1	0	1	1	1	1	1	1	false	1	0
2282	3140	0	1212	Willow the wisp	regicide_willothewisp2	0	1	1	1	1	1	1	false	1	0
2282	3147	0	153	Butterfly	butterfly	0	1	1	1	1	1	1	false	1	0
2283	3136	0	1211		regicide_willothewisp1	0	1	1	1	1	1	1	false	1	0
2283	3145	0	1211		regicide_willothewisp1	0	1	1	1	1	1	1	false	1	0
2284	3140	0	154	Butterfly	butterfly2	0	1	1	1	1	1	1	false	1	0
2284	3151	0	153	Butterfly	butterfly	0	1	1	1	1	1	1	false	1	0
2286	3146	0	153	Butterfly	butterfly	0	1	1	1	1	1	1	false	1	0
2287	3150	0	153	Butterfly	butterfly	0	1	1	1	1	1	1	false	1	0
2287	3153	0	153	Butterfly	butterfly	0	1	1	1	1	1	1	false	1	0
2290	3154	0	153	Butterfly	butterfly	0	1	1	1	1	1	1	false	1	0
2291	3156	0	1196	Grizzly bear cub	regicide_darkbear_cub1	19	30	25	26	35	1	1	false	2	0
2291	3179	0	157	Butterfly	butterfly_viceroy	0	1	1	1	1	1	1	false	1	0
2292	3153	0	1195	Grizzly bear	regicide_darkbear	24	40	35	36	35	1	1	false	2	0
2293	3156	0	1195	Grizzly bear	regicide_darkbear	24	40	35	36	35	1	1	false	2	0
2293	3175	0	1192	Rabbit	regicide_rabbit	2	1	1	1	5	1	1	false	1	0
2294	3185	0	1198	Dire Wolf	direwolf	88	75	75	75	85	1	1	false	2	0
2295	3177	0	1192	Rabbit	regicide_rabbit	2	1	1	1	5	1	1	false	1	0
2296	3159	0	1211		regicide_willothewisp1	0	1	1	1	1	1	1	false	1	0
2296	3164	0	157	Butterfly	butterfly_viceroy	0	1	1	1	1	1	1	false	1	0
2296	3176	0	1194	Rabbit	regicide_bunny2	2	1	1	1	5	1	1	false	1	0
2296	3187	0	1198	Dire Wolf	direwolf	88	75	75	75	85	1	1	false	2	0
2297	3175	0	1193	Rabbit	regicide_bunny1	2	1	1	1	5	1	1	false	1	0
2297	3176	0	1192	Rabbit	regicide_rabbit	2	1	1	1	5	1	1	false	1	0
2247	3226	0	1211		regicide_willothewisp1	0	1	1	1	1	1	1	false	1	0
2248	3225	0	1212	Willow the wisp	regicide_willothewisp2	0	1	1	1	1	1	1	false	1	0
2248	3227	0	1212	Willow the wisp	regicide_willothewisp2	0	1	1	1	1	1	1	false	1	0
2249	3227	0	1211		regicide_willothewisp1	0	1	1	1	1	1	1	false	1	0
2249	3258	0	1211		regicide_willothewisp1	0	1	1	1	1	1	1	false	1	0
2249	3260	0	153	Butterfly	butterfly	0	1	1	1	1	1	1	false	1	0
2250	3257	0	153	Butterfly	butterfly	0	1	1	1	1	1	1	false	1	0
2250	3259	0	153	Butterfly	butterfly	0	1	1	1	1	1	1	false	1	0
2251	3257	0	1212	Willow the wisp	regicide_willothewisp2	0	1	1	1	1	1	1	false	1	0
2251	3260	0	1211		regicide_willothewisp1	0	1	1	1	1	1	1	false	1	0
2252	3261	0	153	Butterfly	butterfly	0	1	1	1	1	1	1	false	1	0
2253	3256	0	153	Butterfly	butterfly	0	1	1	1	1	1	1	false	1	0
2253	3259	0	1212	Willow the wisp	regicide_willothewisp2	0	1	1	1	1	1	1	false	1	0
2255	3216	0	157	Butterfly	butterfly_viceroy	0	1	1	1	1	1	1	false	1	0
2259	3211	0	1211		regicide_willothewisp1	0	1	1	1	1	1	1	false	1	0
2262	3210	0	157	Butterfly	butterfly_viceroy	0	1	1	1	1	1	1	false	1	0
2262	3226	0	153	Butterfly	butterfly	0	1	1	1	1	1	1	false	1	0
2264	3225	0	153	Butterfly	butterfly	0	1	1	1	1	1	1	false	1	0
2266	3229	0	153	Butterfly	butterfly	0	1	1	1	1	1	1	false	1	0
2267	3223	0	1211		regicide_willothewisp1	0	1	1	1	1	1	1	false	1	0
2267	3225	0	1211		regicide_willothewisp1	0	1	1	1	1	1	1	false	1	0
2268	3224	0	1212	Willow the wisp	regicide_willothewisp2	0	1	1	1	1	1	1	false	1	0
2268	3227	0	153	Butterfly	butterfly	0	1	1	1	1	1	1	false	1	0
2268	3228	0	154	Butterfly	butterfly2	0	1	1	1	1	1	1	false	1	0
2269	3222	0	153	Butterfly	butterfly	0	1	1	1	1	1	1	false	1	0
2269	3224	0	153	Butterfly	butterfly	0	1	1	1	1	1	1	false	1	0
2270	3223	0	153	Butterfly	butterfly	0	1	1	1	1	1	1	false	1	0
2270	3226	0	153	Butterfly	butterfly	0	1	1	1	1	1	1	false	1	0
2271	3204	0	157	Butterfly	butterfly_viceroy	0	1	1	1	1	1	1	false	1	0
2279	3219	0	1192	Rabbit	regicide_rabbit	2	1	1	1	5	1	1	false	1	0
2291	3262	0	1212	Willow the wisp	regicide_willothewisp2	0	1	1	1	1	1	1	false	1	0
2294	3219	0	157	Butterfly	butterfly_viceroy	0	1	1	1	1	1	1	false	1	0
2295	3250	0	1193	Rabbit	regicide_bunny1	2	1	1	1	5	1	1	false	1	0
2296	3206	0	157	Butterfly	butterfly_viceroy	0	1	1	1	1	1	1	false	1	0
2296	3249	0	1194	Rabbit	regicide_bunny2	2	1	1	1	5	1	1	false	1	0
2296	3250	0	1192	Rabbit	regicide_rabbit	2	1	1	1	5	1	1	false	1	0
2298	3201	0	157	Butterfly	butterfly_viceroy	0	1	1	1	1	1	1	false	1	0
2298	3262	0	1211		regicide_willothewisp1	0	1	1	1	1	1	1	false	1	0
2242	3269	0	1185	Elven city guard	elf_city_guard	0	1	1	1	1	1	1	false	1	0
2299	3329	0	1185	Elven city guard	elf_city_guard	0	1	1	1	1	1	1	false	1	0
2270	4759	0	1070	Saba	death_hermit	0	1	1	1	1	1	1	false	1	0
2313	9853	0	140	Souless	souless	18	13	18	13	24	1	1	false	1	0
2315	9806	0	994	Nilhoof	upassdwarf1	0	1	1	1	1	1	1	false	1	0
2315	9851	0	140	Souless	souless	18	13	18	13	24	1	1	false	1	0
2318	9847	0	140	Souless	souless	18	13	18	13	24	1	1	false	1	0
2319	9852	0	140	Souless	souless	18	13	18	13	24	1	1	false	1	0
2322	9846	0	140	Souless	souless	18	13	18	13	24	1	1	false	1	0
2323	9804	0	995	Klank	upassdwarf2	0	1	1	1	1	1	1	false	1	0
2323	9843	0	140	Souless	souless	18	13	18	13	24	1	1	false	1	0
2323	9852	0	140	Souless	souless	18	13	18	13	24	1	1	false	1	0
2325	9799	0	996	Kamen	upassdwarf3	0	1	1	1	1	1	1	false	1	0
2326	9848	0	140	Souless	souless	18	13	18	13	24	1	1	false	1	0
2331	9852	0	140	Souless	souless	18	13	18	13	24	1	1	false	1	0
2333	9851	0	140	Souless	souless	18	13	18	13	24	1	1	false	1	0
2334	9853	0	140	Souless	souless	18	13	18	13	24	1	1	false	1	0
2335	9847	0	140	Souless	souless	18	13	18	13	24	1	1	false	1	0
2338	9844	0	140	Souless	souless	18	13	18	13	24	1	1	false	1	0
2338	9851	0	140	Souless	souless	18	13	18	13	24	1	1	false	1	0
2340	9848	0	140	Souless	souless	18	13	18	13	24	1	1	false	1	0
2341	9852	0	140	Souless	souless	18	13	18	13	24	1	1	false	1	0
2342	9840	0	140	Souless	souless	18	13	18	13	24	1	1	false	1	0
2342	9841	0	140	Souless	souless	18	13	18	13	24	1	1	false	1	0
2343	9849	0	140	Souless	souless	18	13	18	13	24	1	1	false	1	0
2345	9851	0	140	Souless	souless	18	13	18	13	24	1	1	false	1	0
2346	9854	0	140	Souless	souless	18	13	18	13	24	1	1	false	1	0
2347	9854	0	140	Souless	souless	18	13	18	13	24	1	1	false	1	0
2348	9843	0	140	Souless	souless	18	13	18	13	24	1	1	false	1	0
2311	9857	0	140	Souless	souless	18	13	18	13	24	1	1	false	1	0
2314	9862	0	140	Souless	souless	18	13	18	13	24	1	1	false	1	0
2315	9857	0	140	Souless	souless	18	13	18	13	24	1	1	false	1	0
2317	9867	0	140	Souless	souless	18	13	18	13	24	1	1	false	1	0
2320	9856	0	140	Souless	souless	18	13	18	13	24	1	1	false	1	0
2320	9859	0	140	Souless	souless	18	13	18	13	24	1	1	false	1	0
2323	9863	0	140	Souless	souless	18	13	18	13	24	1	1	false	1	0
2324	9856	0	140	Souless	souless	18	13	18	13	24	1	1	false	1	0
2324	9874	0	140	Souless	souless	18	13	18	13	24	1	1	false	1	0
2325	9859	0	140	Souless	souless	18	13	18	13	24	1	1	false	1	0
2325	9864	0	140	Souless	souless	18	13	18	13	24	1	1	false	1	0
2325	9867	0	140	Souless	souless	18	13	18	13	24	1	1	false	1	0
2328	9871	0	140	Souless	souless	18	13	18	13	24	1	1	false	1	0
2329	9856	0	140	Souless	souless	18	13	18	13	24	1	1	false	1	0
2329	9898	0	1004	Spider	upass_little_spider	1	1	1	1	2	1	1	false	1	0
2330	9859	0	140	Souless	souless	18	13	18	13	24	1	1	false	1	0
2330	9914	0	1004	Spider	upass_little_spider	1	1	1	1	2	1	1	false	1	0
2331	9857	0	140	Souless	souless	18	13	18	13	24	1	1	false	1	0
2332	9894	0	1004	Spider	upass_little_spider	1	1	1	1	2	1	1	false	1	0
2333	9858	0	140	Souless	souless	18	13	18	13	24	1	1	false	1	0
2334	9878	0	1004	Spider	upass_little_spider	1	1	1	1	2	1	1	false	1	0
2334	9887	0	1004	Spider	upass_little_spider	1	1	1	1	2	1	1	false	1	0
2334	9900	0	1004	Spider	upass_little_spider	1	1	1	1	2	1	1	false	1	0
2335	9868	0	140	Souless	souless	18	13	18	13	24	1	1	false	1	0
2336	9893	0	1004	Spider	upass_little_spider	1	1	1	1	2	1	1	false	1	0
2337	9856	0	140	Souless	souless	18	13	18	13	24	1	1	false	1	0
2337	9872	0	140	Souless	souless	18	13	18	13	24	1	1	false	1	0
2337	9888	0	1004	Spider	upass_little_spider	1	1	1	1	2	1	1	false	1	0
2337	9898	0	1004	Spider	upass_little_spider	1	1	1	1	2	1	1	false	1	0
2338	9862	0	140	Souless	souless	18	13	18	13	24	1	1	false	1	0
2338	9906	0	1004	Spider	upass_little_spider	1	1	1	1	2	1	1	false	1	0
2339	9875	0	1004	Spider	upass_little_spider	1	1	1	1	2	1	1	false	1	0
2339	9881	0	1004	Spider	upass_little_spider	1	1	1	1	2	1	1	false	1	0
2339	9893	0	1004	Spider	upass_little_spider	1	1	1	1	2	1	1	false	1	0
2339	9914	0	1004	Spider	upass_little_spider	1	1	1	1	2	1	1	false	1	0
2340	9860	0	140	Souless	souless	18	13	18	13	24	1	1	false	1	0
2341	9897	0	1004	Spider	upass_little_spider	1	1	1	1	2	1	1	false	1	0
2342	9857	0	140	Souless	souless	18	13	18	13	24	1	1	false	1	0
2342	9862	0	140	Souless	souless	18	13	18	13	24	1	1	false	1	0
2342	9866	0	140	Souless	souless	18	13	18	13	24	1	1	false	1	0
2344	9879	0	1004	Spider	upass_little_spider	1	1	1	1	2	1	1	false	1	0
2344	9905	0	1004	Spider	upass_little_spider	1	1	1	1	2	1	1	false	1	0
2345	9888	0	1004	Spider	upass_little_spider	1	1	1	1	2	1	1	false	1	0
2346	9856	0	140	Souless	souless	18	13	18	13	24	1	1	false	1	0
2346	9864	0	140	Souless	souless	18	13	18	13	24	1	1	false	1	0
2346	9873	0	1004	Spider	upass_little_spider	1	1	1	1	2	1	1	false	1	0
2346	9881	0	1004	Spider	upass_little_spider	1	1	1	1	2	1	1	false	1	0
2346	9890	0	1004	Spider	upass_little_spider	1	1	1	1	2	1	1	false	1	0
2346	9915	0	1004	Spider	upass_little_spider	1	1	1	1	2	1	1	false	1	0
2347	9856	0	140	Souless	souless	18	13	18	13	24	1	1	false	1	0
2347	9878	0	1004	Spider	upass_little_spider	1	1	1	1	2	1	1	false	1	0
2347	9887	0	1004	Spider	upass_little_spider	1	1	1	1	2	1	1	false	1	0
2347	9900	0	1004	Spider	upass_little_spider	1	1	1	1	2	1	1	false	1	0
2347	9916	0	977	Blessed spider	blessed_spider	39	35	35	35	32	1	1	false	1	0
2348	9914	0	977	Blessed spider	blessed_spider	39	35	35	35	32	1	1	false	1	0
2349	9894	0	977	Blessed spider	blessed_spider	39	35	35	35	32	1	1	false	1	0
2349	9897	0	1004	Spider	upass_little_spider	1	1	1	1	2	1	1	false	1	0
2349	9899	0	977	Blessed spider	blessed_spider	39	35	35	35	32	1	1	false	1	0
2349	9916	0	1004	Spider	upass_little_spider	1	1	1	1	2	1	1	false	1	0
2349	9918	0	977	Blessed spider	blessed_spider	39	35	35	35	32	1	1	false	1	0
2350	9867	0	140	Souless	souless	18	13	18	13	24	1	1	false	1	0
2350	9875	0	1004	Spider	upass_little_spider	1	1	1	1	2	1	1	false	1	0
2350	9896	0	977	Blessed spider	blessed_spider	39	35	35	35	32	1	1	false	1	0
2350	9911	0	977	Blessed spider	blessed_spider	39	35	35	35	32	1	1	false	1	0
2351	9895	0	977	Blessed spider	blessed_spider	39	35	35	35	32	1	1	false	1	0
2351	9896	0	977	Blessed spider	blessed_spider	39	35	35	35	32	1	1	false	1	0
2351	9910	0	977	Blessed spider	blessed_spider	39	35	35	35	32	1	1	false	1	0
2352	9856	0	140	Souless	souless	18	13	18	13	24	1	1	false	1	0
2352	9897	0	977	Blessed spider	blessed_spider	39	35	35	35	32	1	1	false	1	0
2352	9899	0	977	Blessed spider	blessed_spider	39	35	35	35	32	1	1	false	1	0
2352	9909	0	1004	Spider	upass_little_spider	1	1	1	1	2	1	1	false	1	0
2352	9914	0	977	Blessed spider	blessed_spider	39	35	35	35	32	1	1	false	1	0
2353	9896	0	977	Blessed spider	blessed_spider	39	35	35	35	32	1	1	false	1	0
2353	9899	0	1004	Spider	upass_little_spider	1	1	1	1	2	1	1	false	1	0
2353	9916	0	977	Blessed spider	blessed_spider	39	35	35	35	32	1	1	false	1	0
2354	9878	0	1004	Spider	upass_little_spider	1	1	1	1	2	1	1	false	1	0
2354	9902	0	977	Blessed spider	blessed_spider	39	35	35	35	32	1	1	false	1	0
2354	9903	0	977	Blessed spider	blessed_spider	39	35	35	35	32	1	1	false	1	0
2354	9914	0	1004	Spider	upass_little_spider	1	1	1	1	2	1	1	false	1	0
2355	9902	0	977	Blessed spider	blessed_spider	39	35	35	35	32	1	1	false	1	0
2355	9905	0	1004	Spider	upass_little_spider	1	1	1	1	2	1	1	false	1	0
2355	9907	0	1004	Spider	upass_little_spider	1	1	1	1	2	1	1	false	1	0
2355	9910	0	977	Blessed spider	blessed_spider	39	35	35	35	32	1	1	false	1	0
2355	9911	0	977	Blessed spider	blessed_spider	39	35	35	35	32	1	1	false	1	0
2356	9881	0	1004	Spider	upass_little_spider	1	1	1	1	2	1	1	false	1	0
2356	9909	0	977	Blessed spider	blessed_spider	39	35	35	35	32	1	1	false	1	0
2356	9911	0	997	Kalrag	kalrag	89	78	78	78	78	1	1	false	3	0
2357	9885	0	1004	Spider	upass_little_spider	1	1	1	1	2	1	1	false	1	0
2357	9889	0	1004	Spider	upass_little_spider	1	1	1	1	2	1	1	false	1	0
2357	9902	0	977	Blessed spider	blessed_spider	39	35	35	35	32	1	1	false	1	0
2357	9916	0	977	Blessed spider	blessed_spider	39	35	35	35	32	1	1	false	1	0
2358	9902	0	1004	Spider	upass_little_spider	1	1	1	1	2	1	1	false	1	0
2358	9916	0	977	Blessed spider	blessed_spider	39	35	35	35	32	1	1	false	1	0
2358	9918	0	1004	Spider	upass_little_spider	1	1	1	1	2	1	1	false	1	0
2359	9912	0	977	Blessed spider	blessed_spider	39	35	35	35	32	1	1	false	1	0
2360	9879	0	1004	Spider	upass_little_spider	1	1	1	1	2	1	1	false	1	0
2360	9891	0	1004	Spider	upass_little_spider	1	1	1	1	2	1	1	false	1	0
2360	9911	0	977	Blessed spider	blessed_spider	39	35	35	35	32	1	1	false	1	0
2360	9912	0	977	Blessed spider	blessed_spider	39	35	35	35	32	1	1	false	1	0
2360	9914	0	977	Blessed spider	blessed_spider	39	35	35	35	32	1	1	false	1	0
2361	9884	0	1004	Spider	upass_little_spider	1	1	1	1	2	1	1	false	1	0
2361	9906	0	977	Blessed spider	blessed_spider	39	35	35	35	32	1	1	false	1	0
2361	9911	0	1004	Spider	upass_little_spider	1	1	1	1	2	1	1	false	1	0
2362	9894	0	1004	Spider	upass_little_spider	1	1	1	1	2	1	1	false	1	0
2362	9904	0	1004	Spider	upass_little_spider	1	1	1	1	2	1	1	false	1	0
2363	9905	0	1004	Spider	upass_little_spider	1	1	1	1	2	1	1	false	1	0
2363	9908	0	977	Blessed spider	blessed_spider	39	35	35	35	32	1	1	false	1	0
2363	9910	0	1004	Spider	upass_little_spider	1	1	1	1	2	1	1	false	1	0
2363	9916	0	1004	Spider	upass_little_spider	1	1	1	1	2	1	1	false	1	0
2364	9897	0	1004	Spider	upass_little_spider	1	1	1	1	2	1	1	false	1	0
2364	9912	0	977	Blessed spider	blessed_spider	39	35	35	35	32	1	1	false	1	0
2364	9914	0	1004	Spider	upass_little_spider	1	1	1	1	2	1	1	false	1	0
2311	3271	0	1198	Dire Wolf	direwolf	88	75	75	75	85	1	1	false	2	0
2317	3271	0	1198	Dire Wolf	direwolf	88	75	75	75	85	1	1	false	2	0
2320	3266	0	1198	Dire Wolf	direwolf	88	75	75	75	85	1	1	false	2	0
2335	3276	0	1198	Dire Wolf	direwolf	88	75	75	75	85	1	1	false	2	0
2337	3311	0	63	Deadly red spider	deadly_red_spider	34	30	30	25	35	1	1	false	1	0
2337	3314	0	63	Deadly red spider	deadly_red_spider	34	30	30	25	35	1	1	false	1	0
2338	3310	0	63	Deadly red spider	deadly_red_spider	34	30	30	25	35	1	1	false	1	0
2339	3272	0	1198	Dire Wolf	direwolf	88	75	75	75	85	1	1	false	2	0
2339	3279	0	1198	Dire Wolf	direwolf	88	75	75	75	85	1	1	false	2	0
2341	3309	0	63	Deadly red spider	deadly_red_spider	34	30	30	25	35	1	1	false	1	0
2342	3311	0	63	Deadly red spider	deadly_red_spider	34	30	30	25	35	1	1	false	1	0
2343	3309	0	63	Deadly red spider	deadly_red_spider	34	30	30	25	35	1	1	false	1	0
2344	3318	0	63	Deadly red spider	deadly_red_spider	34	30	30	25	35	1	1	false	1	0
2345	3310	0	63	Deadly red spider	deadly_red_spider	34	30	30	25	35	1	1	false	1	0
2345	3312	0	63	Deadly red spider	deadly_red_spider	34	30	30	25	35	1	1	false	1	0
2350	3310	0	63	Deadly red spider	deadly_red_spider	34	30	30	25	35	1	1	false	1	0
2304	4587	0	1192	Rabbit	regicide_rabbit	2	1	1	1	5	1	1	false	1	0
2305	4583	0	1194	Rabbit	regicide_bunny2	2	1	1	1	5	1	1	false	1	0
2305	4584	0	1194	Rabbit	regicide_bunny2	2	1	1	1	5	1	1	false	1	0
2306	4585	0	1192	Rabbit	regicide_rabbit	2	1	1	1	5	1	1	false	1	0
2307	4582	0	1194	Rabbit	regicide_bunny2	2	1	1	1	5	1	1	false	1	0
2307	4583	0	1192	Rabbit	regicide_rabbit	2	1	1	1	5	1	1	false	1	0
2307	4584	0	1194	Rabbit	regicide_bunny2	2	1	1	1	5	1	1	false	1	0
2307	4587	0	1194	Rabbit	regicide_bunny2	2	1	1	1	5	1	1	false	1	0
2308	4581	0	154	Butterfly	butterfly2	0	1	1	1	1	1	1	false	1	0
2308	4583	0	1193	Rabbit	regicide_bunny1	2	1	1	1	5	1	1	false	1	0
2309	4582	0	1192	Rabbit	regicide_rabbit	2	1	1	1	5	1	1	false	1	0
2309	4584	0	1192	Rabbit	regicide_rabbit	2	1	1	1	5	1	1	false	1	0
2312	4556	0	1200	Tyras guard	regicide_old_camp_guard	110	85	100	95	110	1	1	false	1	0
2312	4560	0	41	Chicken	chicken	1	1	1	1	3	1	1	false	1	0
2313	4560	0	1017	Chicken	chicken_brown	1	1	1	1	3	1	1	false	1	0
2314	4556	0	1200	Tyras guard	regicide_old_camp_guard	110	85	100	95	110	1	1	false	1	0
2314	4561	0	41	Chicken	chicken	1	1	1	1	3	1	1	false	1	0
2316	4556	0	1200	Tyras guard	regicide_old_camp_guard	110	85	100	95	110	1	1	false	1	0
2318	4588	0	155	Butterfly	butterfly_bluemorpo	0	1	1	1	1	1	1	false	1	0
2321	4595	0	154	Butterfly	butterfly2	0	1	1	1	1	1	1	false	1	0
2322	4566	0	157	Butterfly	butterfly_viceroy	0	1	1	1	1	1	1	false	1	0
2324	4592	0	154	Butterfly	butterfly2	0	1	1	1	1	1	1	false	1	0
2324	4599	0	153	Butterfly	butterfly	0	1	1	1	1	1	1	false	1	0
2325	4597	0	153	Butterfly	butterfly	0	1	1	1	1	1	1	false	1	0
2326	4589	0	153	Butterfly	butterfly	0	1	1	1	1	1	1	false	1	0
2326	4595	0	153	Butterfly	butterfly	0	1	1	1	1	1	1	false	1	0
2327	4591	0	153	Butterfly	butterfly	0	1	1	1	1	1	1	false	1	0
2327	4595	0	153	Butterfly	butterfly	0	1	1	1	1	1	1	false	1	0
2328	4589	0	154	Butterfly	butterfly2	0	1	1	1	1	1	1	false	1	0
2328	4593	0	153	Butterfly	butterfly	0	1	1	1	1	1	1	false	1	0
2328	4596	0	154	Butterfly	butterfly2	0	1	1	1	1	1	1	false	1	0
2329	4593	0	153	Butterfly	butterfly	0	1	1	1	1	1	1	false	1	0
2331	4597	0	154	Butterfly	butterfly2	0	1	1	1	1	1	1	false	1	0
2332	4588	0	153	Butterfly	butterfly	0	1	1	1	1	1	1	false	1	0
2334	4604	0	1194	Rabbit	regicide_bunny2	2	1	1	1	5	1	1	false	1	0
2334	4606	0	1192	Rabbit	regicide_rabbit	2	1	1	1	5	1	1	false	1	0
2336	4603	0	1192	Rabbit	regicide_rabbit	2	1	1	1	5	1	1	false	1	0
2343	4579	0	1195	Grizzly bear	regicide_darkbear	24	40	35	36	35	1	1	false	2	0
2344	4596	0	157	Butterfly	butterfly_viceroy	0	1	1	1	1	1	1	false	1	0
2345	4579	0	1196	Grizzly bear cub	regicide_darkbear_cub1	19	30	25	26	35	1	1	false	2	0
2345	4598	0	157	Butterfly	butterfly_viceroy	0	1	1	1	1	1	1	false	1	0
2348	4566	0	157	Butterfly	butterfly_viceroy	0	1	1	1	1	1	1	false	1	0
2350	4549	0	157	Butterfly	butterfly_viceroy	0	1	1	1	1	1	1	false	1	0
2357	4546	0	157	Butterfly	butterfly_viceroy	0	1	1	1	1	1	1	false	1	0
2359	4589	0	157	Butterfly	butterfly_viceroy	0	1	1	1	1	1	1	false	1	0
2362	4577	0	1192	Rabbit	regicide_rabbit	2	1	1	1	5	1	1	false	1	0
2364	4563	0	157	Butterfly	butterfly_viceroy	0	1	1	1	1	1	1	false	1	0
2364	4573	0	1192	Rabbit	regicide_rabbit	2	1	1	1	5	1	1	false	1	0
2369	9449	0	101	Goblin	goblin_armed	5	3	4	1	12	1	1	false	1	0
2371	9423	0	101	Goblin	goblin_armed	5	3	4	1	12	1	1	false	1	0
2371	9467	0	101	Goblin	goblin_armed	5	3	4	1	12	1	1	false	1	0
2374	9460	0	101	Goblin	goblin_armed	5	3	4	1	12	1	1	false	1	0
2380	9456	0	100	Goblin	goblin	2	1	1	1	5	1	1	false	1	0
2381	9435	0	101	Goblin	goblin_armed	5	3	4	1	12	1	1	false	1	0
2381	9447	0	101	Goblin	goblin_armed	5	3	4	1	12	1	1	false	1	0
2383	9431	0	100	Goblin	goblin	2	1	1	1	5	1	1	false	1	0
2385	9466	0	100	Goblin	goblin	2	1	1	1	5	1	1	false	1	0
2386	9451	0	100	Goblin	goblin	2	1	1	1	5	1	1	false	1	0
2388	9468	0	101	Goblin	goblin_armed	5	3	4	1	12	1	1	false	1	0
2389	9424	0	100	Goblin	goblin	2	1	1	1	5	1	1	false	1	0
2391	9458	0	489	Goblin guard	goblin_guard	42	32	37	37	43	1	1	false	1	0
2397	9410	0	100	Goblin	goblin	2	1	1	1	5	1	1	false	1	0
2397	9430	0	101	Goblin	goblin_armed	5	3	4	1	12	1	1	false	1	0
2399	9446	0	100	Goblin	goblin	2	1	1	1	5	1	1	false	1	0
2399	9457	0	101	Goblin	goblin_armed	5	3	4	1	12	1	1	false	1	0
2401	9452	0	100	Goblin	goblin	2	1	1	1	5	1	1	false	1	0
2403	9420	0	47	Rat	rat	1	1	1	1	2	1	1	false	1	0
2403	9467	0	101	Goblin	goblin_armed	5	3	4	1	12	1	1	false	1	0
2406	9411	0	101	Goblin	goblin_armed	5	3	4	1	12	1	1	false	1	0
2407	9424	0	100	Goblin	goblin	2	1	1	1	5	1	1	false	1	0
2408	9433	0	100	Goblin	goblin	2	1	1	1	5	1	1	false	1	0
2412	9454	0	100	Goblin	goblin	2	1	1	1	5	1	1	false	1	0
2413	9444	0	100	Goblin	goblin	2	1	1	1	5	1	1	false	1	0
2413	9466	0	100	Goblin	goblin	2	1	1	1	5	1	1	false	1	0
2415	9423	0	101	Goblin	goblin_armed	5	3	4	1	12	1	1	false	1	0
2418	9454	0	47	Rat	rat	1	1	1	1	2	1	1	false	1	0
2423	9409	0	100	Goblin	goblin	2	1	1	1	5	1	1	false	1	0
2423	9423	0	100	Goblin	goblin	2	1	1	1	5	1	1	false	1	0
2423	9438	0	100	Goblin	goblin	2	1	1	1	5	1	1	false	1	0
2423	9446	0	100	Goblin	goblin	2	1	1	1	5	1	1	false	1	0
2423	9456	0	101	Goblin	goblin_armed	5	3	4	1	12	1	1	false	1	0
2425	9467	0	47	Rat	rat	1	1	1	1	2	1	1	false	1	0
2426	9411	0	47	Rat	rat	1	1	1	1	2	1	1	false	1	0
2427	9467	0	100	Goblin	goblin	2	1	1	1	5	1	1	false	1	0
2396	9595	0	986	Boulder	boulder_upass	0	1	1	1	1	1	1	false	2	0
2370	9640	0	47	Rat	rat	1	1	1	1	2	1	1	false	1	0
2370	9641	0	47	Rat	rat	1	1	1	1	2	1	1	false	1	0
2370	9642	0	978	Blessed Giant rat	blessed_giantrat	9	5	1	1	30	1	1	false	2	0
2371	9611	0	90	Skeleton	skeleton_unarmed	25	24	24	24	17	1	1	false	1	0
2372	9606	0	92	Skeleton	skeleton_armed	22	15	17	18	29	1	1	false	1	0
2372	9640	0	978	Blessed Giant rat	blessed_giantrat	9	5	1	1	30	1	1	false	2	0
2372	9642	0	47	Rat	rat	1	1	1	1	2	1	1	false	1	0
2372	9643	0	47	Rat	rat	1	1	1	1	2	1	1	false	1	0
2373	9630	0	78	Giant bat	bat	27	22	22	22	32	1	1	true	2	0
2374	9635	0	78	Giant bat	bat	27	22	22	22	32	1	1	true	2	0
2375	9609	0	90	Skeleton	skeleton_unarmed	25	24	24	24	17	1	1	false	1	0
2377	9657	0	101	Goblin	goblin_armed	5	3	4	1	12	1	1	false	1	0
2379	9630	0	47	Rat	rat	1	1	1	1	2	1	1	false	1	0
2379	9638	0	47	Rat	rat	1	1	1	1	2	1	1	false	1	0
2380	9609	0	92	Skeleton	skeleton_armed	22	15	17	18	29	1	1	false	1	0
2380	9659	0	985	Slave	cave_slave7	0	1	1	1	1	1	1	false	1	0
2381	9619	0	47	Rat	rat	1	1	1	1	2	1	1	false	1	0
2381	9654	0	984	Slave	cave_slave6	0	1	1	1	1	1	1	false	1	0
2381	9655	0	101	Goblin	goblin_armed	5	3	4	1	12	1	1	false	1	0
2382	9653	0	984	Slave	cave_slave6	0	1	1	1	1	1	1	false	1	0
2383	9605	0	92	Skeleton	skeleton_armed	22	15	17	18	29	1	1	false	1	0
2383	9619	0	47	Rat	rat	1	1	1	1	2	1	1	false	1	0
2384	9619	0	47	Rat	rat	1	1	1	1	2	1	1	false	1	0
2384	9640	0	47	Rat	rat	1	1	1	1	2	1	1	false	1	0
2384	9655	0	101	Goblin	goblin_armed	5	3	4	1	12	1	1	false	1	0
2384	9659	0	983	Slave	cave_slave5	0	1	1	1	1	1	1	false	1	0
2385	9624	0	47	Rat	rat	1	1	1	1	2	1	1	false	1	0
2385	9657	0	983	Slave	cave_slave5	0	1	1	1	1	1	1	false	1	0
2386	9619	0	47	Rat	rat	1	1	1	1	2	1	1	false	1	0
2387	9653	0	982	Slave	cave_slave4	0	1	1	1	1	1	1	false	1	0
2389	9658	0	981	Slave	cave_slave3	0	1	1	1	1	1	1	false	1	0
2390	9620	0	47	Rat	rat	1	1	1	1	2	1	1	false	1	0
2391	9618	0	978	Blessed Giant rat	blessed_giantrat	9	5	1	1	30	1	1	false	2	0
2391	9655	0	102	Goblin	goblin_helmet	13	12	7	13	16	1	1	false	1	0
2392	9653	0	979	Slave	cave_slave1	0	1	1	1	1	1	1	false	1	0
2392	9656	0	101	Goblin	goblin_armed	5	3	4	1	12	1	1	false	1	0
2392	9659	0	980	Slave	cave_slave2	0	1	1	1	1	1	1	false	1	0
2393	9618	0	47	Rat	rat	1	1	1	1	2	1	1	false	1	0
2394	9639	0	47	Rat	rat	1	1	1	1	2	1	1	false	1	0
2394	9658	0	980	Slave	cave_slave2	0	1	1	1	1	1	1	false	1	0
2395	9619	0	47	Rat	rat	1	1	1	1	2	1	1	false	1	0
2396	9611	0	90	Skeleton	skeleton_unarmed	25	24	24	24	17	1	1	false	1	0
2396	9620	0	47	Rat	rat	1	1	1	1	2	1	1	false	1	0
2396	9658	0	101	Goblin	goblin_armed	5	3	4	1	12	1	1	false	1	0
2397	9603	0	987	Unicorn	unicorn_upass	15	11	13	13	19	1	1	false	2	0
2397	9606	0	92	Skeleton	skeleton_armed	22	15	17	18	29	1	1	false	1	0
2397	9619	0	978	Blessed Giant rat	blessed_giantrat	9	5	1	1	30	1	1	false	2	0
2397	9655	0	101	Goblin	goblin_armed	5	3	4	1	12	1	1	false	1	0
2400	9609	0	90	Skeleton	skeleton_unarmed	25	24	24	24	17	1	1	false	1	0
2400	9620	0	47	Rat	rat	1	1	1	1	2	1	1	false	1	0
2402	9628	0	47	Rat	rat	1	1	1	1	2	1	1	false	1	0
2405	9609	0	92	Skeleton	skeleton_armed	22	15	17	18	29	1	1	false	1	0
2405	9620	0	47	Rat	rat	1	1	1	1	2	1	1	false	1	0
2406	9628	0	47	Rat	rat	1	1	1	1	2	1	1	false	1	0
2407	9620	0	47	Rat	rat	1	1	1	1	2	1	1	false	1	0
2408	9605	0	92	Skeleton	skeleton_armed	22	15	17	18	29	1	1	false	1	0
2409	9629	0	47	Rat	rat	1	1	1	1	2	1	1	false	1	0
2412	9619	0	47	Rat	rat	1	1	1	1	2	1	1	false	1	0
2412	9640	0	47	Rat	rat	1	1	1	1	2	1	1	false	1	0
2419	9636	0	78	Giant bat	bat	27	22	22	22	32	1	1	true	2	0
2421	9632	0	47	Rat	rat	1	1	1	1	2	1	1	false	1	0
2421	9634	0	78	Giant bat	bat	27	22	22	22	32	1	1	true	2	0
2422	9622	0	47	Rat	rat	1	1	1	1	2	1	1	false	1	0
2422	9631	0	78	Giant bat	bat	27	22	22	22	32	1	1	true	2	0
2387	9685	0	114	Ogre	ogre	53	43	43	43	60	1	1	false	2	0
2389	9683	0	114	Ogre	ogre	53	43	43	43	60	1	1	false	2	0
2394	9707	0	73	Zombie	zombie_unarmed	13	8	10	9	22	1	1	false	1	0
2395	9683	0	977	Blessed spider	blessed_spider	39	35	35	35	32	1	1	false	1	0
2396	9710	0	75	Zombie	zombie_armed	24	19	16	21	30	1	1	false	1	0
2397	9684	0	977	Blessed spider	blessed_spider	39	35	35	35	32	1	1	false	1	0
2397	9702	0	75	Zombie	zombie_armed	24	19	16	21	30	1	1	false	1	0
2398	9704	0	73	Zombie	zombie_unarmed	13	8	10	9	22	1	1	false	1	0
2398	9707	0	75	Zombie	zombie_armed	24	19	16	21	30	1	1	false	1	0
2399	9712	0	75	Zombie	zombie_armed	24	19	16	21	30	1	1	false	1	0
2400	9682	0	977	Blessed spider	blessed_spider	39	35	35	35	32	1	1	false	1	0
2400	9701	0	73	Zombie	zombie_unarmed	13	8	10	9	22	1	1	false	1	0
2401	9714	0	75	Zombie	zombie_armed	24	19	16	21	30	1	1	false	1	0
2402	9680	0	977	Blessed spider	blessed_spider	39	35	35	35	32	1	1	false	1	0
2405	9713	0	73	Zombie	zombie_unarmed	13	8	10	9	22	1	1	false	1	0
2406	9709	0	75	Zombie	zombie_armed	24	19	16	21	30	1	1	false	1	0
2407	9702	0	75	Zombie	zombie_armed	24	19	16	21	30	1	1	false	1	0
2408	9712	0	75	Zombie	zombie_armed	24	19	16	21	30	1	1	false	1	0
2409	9704	0	75	Zombie	zombie_armed	24	19	16	21	30	1	1	false	1	0
2410	9707	0	73	Zombie	zombie_unarmed	13	8	10	9	22	1	1	false	1	0
2422	9718	0	989	Sir Carl	upass_paladin2	62	54	54	54	57	1	1	false	1	0
2424	9721	0	988	Sir Jerro	upass_paladin1	62	54	54	54	57	1	1	false	1	0
2426	9718	0	990	Sir Harry	upass_paladin3	62	54	54	54	57	1	1	false	1	0
2390	9810	0	171	Brimstail	gnome_brimstail	0	1	1	1	1	1	1	false	1	0
2369	3374	0	59	Giant spider	giantspider1	2	1	1	1	5	1	1	false	1	0
2372	3379	0	59	Giant spider	giantspider1	2	1	1	1	5	1	1	false	1	0
2373	3333	0	101	Goblin	goblin_armed	5	3	4	1	12	1	1	false	1	0
2378	3366	0	59	Giant spider	giantspider1	2	1	1	1	5	1	1	false	1	0
2379	3344	0	95	Wolf	wolf	64	50	52	55	69	1	1	false	2	0
2379	3378	0	59	Giant spider	giantspider1	2	1	1	1	5	1	1	false	1	0
2382	3334	0	1201	Elf warrior	elf_overpass_guard	0	1	1	1	1	1	1	false	1	0
2385	3339	0	101	Goblin	goblin_armed	5	3	4	1	12	1	1	false	1	0
2387	3370	0	59	Giant spider	giantspider1	2	1	1	1	5	1	1	false	1	0
2387	3376	0	105	Bear	brownbear	21	17	15	18	27	1	1	false	2	0
2389	3334	0	1201	Elf warrior	elf_overpass_guard	0	1	1	1	1	1	1	false	1	0
2394	3334	0	101	Goblin	goblin_armed	5	3	4	1	12	1	1	false	1	0
2394	3365	0	59	Giant spider	giantspider1	2	1	1	1	5	1	1	false	1	0
2395	3340	0	95	Wolf	wolf	64	50	52	55	69	1	1	false	2	0
2398	3330	0	95	Wolf	wolf	64	50	52	55	69	1	1	false	2	0
2398	3366	0	105	Bear	brownbear	21	17	15	18	27	1	1	false	2	0
2399	3356	0	66	Gnome	gnome	1	1	1	1	3	1	1	false	1	6
2400	3356	0	67	Gnome	browclothedgnome	1	1	1	1	3	1	1	false	1	6
2401	3357	0	68	Gnome	darkskinned_gnome	1	1	1	1	3	1	1	false	1	6
2402	3386	0	59	Giant spider	giantspider1	2	1	1	1	5	1	1	false	1	0
2405	3381	0	59	Giant spider	giantspider1	2	1	1	1	5	1	1	false	1	0
2406	3329	0	95	Wolf	wolf	64	50	52	55	69	1	1	false	2	0
2407	3387	0	59	Giant spider	giantspider1	2	1	1	1	5	1	1	false	1	0
2412	3378	0	105	Bear	brownbear	21	17	15	18	27	1	1	false	2	0
2412	3384	0	59	Giant spider	giantspider1	2	1	1	1	5	1	1	false	1	0
2419	3372	0	105	Bear	brownbear	21	17	15	18	27	1	1	false	2	0
2375	3432	0	136	Terrorbird	terrorbird	28	23	19	23	34	1	1	false	2	0
2375	3435	0	136	Terrorbird	terrorbird	28	23	19	23	34	1	1	false	2	0
2375	3440	0	136	Terrorbird	terrorbird	28	23	19	23	34	1	1	false	2	0
2377	3442	0	67	Gnome	browclothedgnome	1	1	1	1	3	1	1	false	1	6
2378	3418	0	154	Butterfly	butterfly2	0	1	1	1	1	1	1	false	1	0
2378	3423	0	68	Gnome	darkskinned_gnome	1	1	1	1	3	1	1	false	1	6
2378	3429	0	136	Terrorbird	terrorbird	28	23	19	23	34	1	1	false	2	0
2378	3431	0	136	Terrorbird	terrorbird	28	23	19	23	34	1	1	false	2	0
2379	3439	0	136	Terrorbird	terrorbird	28	23	19	23	34	1	1	false	2	0
2380	3422	0	154	Butterfly	butterfly2	0	1	1	1	1	1	1	false	1	0
2380	3425	0	67	Gnome	browclothedgnome	1	1	1	1	3	1	1	false	1	6
2380	3436	0	136	Terrorbird	terrorbird	28	23	19	23	34	1	1	false	2	0
2381	3428	0	137	Mounted terrorbird gnome	terrorbird2	31	25	25	25	36	1	1	false	2	0
2382	3430	0	136	Terrorbird	terrorbird	28	23	19	23	34	1	1	false	2	0
2382	3436	0	136	Terrorbird	terrorbird	28	23	19	23	34	1	1	false	2	0
2383	3433	0	67	Gnome	browclothedgnome	1	1	1	1	3	1	1	false	1	6
2383	3452	0	66	Gnome	gnome	1	1	1	1	3	1	1	false	1	6
2391	3413	0	44	Duck	duck	1	1	1	1	3	1	1	false	1	0
2392	3405	0	137	Mounted terrorbird gnome	terrorbird2	31	25	25	25	36	1	1	false	2	0
2392	3454	0	163	Gnome guard	gnomekingsguard	23	17	17	17	31	1	1	false	1	0
2393	3411	0	45	Duck	duck_female	1	1	1	1	3	1	1	false	1	0
2393	3435	0	68	Gnome	darkskinned_gnome	1	1	1	1	3	1	1	false	1	6
2393	3442	0	154	Butterfly	butterfly2	0	1	1	1	1	1	1	false	1	0
2394	3425	0	68	Gnome	darkskinned_gnome	1	1	1	1	3	1	1	false	1	6
2394	3436	0	163	Gnome guard	gnomekingsguard	23	17	17	17	31	1	1	false	1	0
2395	3412	0	44	Duck	duck	1	1	1	1	3	1	1	false	1	0
2395	3449	0	68	Gnome	darkskinned_gnome	1	1	1	1	3	1	1	false	1	6
2397	3440	0	154	Butterfly	butterfly2	0	1	1	1	1	1	1	false	1	0
2401	3409	0	44	Duck	duck	1	1	1	1	3	1	1	false	1	0
2401	3417	0	66	Gnome	gnome	1	1	1	1	3	1	1	false	1	6
2402	3409	0	44	Duck	duck	1	1	1	1	3	1	1	false	1	0
2402	3422	0	66	Gnome	gnome	1	1	1	1	3	1	1	false	1	6
2402	3441	0	66	Gnome	gnome	1	1	1	1	3	1	1	false	1	6
2403	3430	0	66	Gnome	gnome	1	1	1	1	3	1	1	false	1	6
2403	3433	0	68	Gnome	darkskinned_gnome	1	1	1	1	3	1	1	false	1	6
2404	3406	0	44	Duck	duck	1	1	1	1	3	1	1	false	1	0
2405	3447	0	67	Gnome	browclothedgnome	1	1	1	1	3	1	1	false	1	6
2406	3440	0	67	Gnome	browclothedgnome	1	1	1	1	3	1	1	false	1	6
2408	3441	0	66	Gnome	gnome	1	1	1	1	3	1	1	false	1	6
2408	3452	0	163	Gnome guard	gnomekingsguard	23	17	17	17	31	1	1	false	1	0
2409	3430	0	66	Gnome	gnome	1	1	1	1	3	1	1	false	1	6
2410	3416	0	164	Gnome guard	gnomekingsguard2	23	18	18	18	31	1	1	false	1	0
2413	3397	0	137	Mounted terrorbird gnome	terrorbird2	31	25	25	25	36	1	1	false	2	0
2415	3408	0	137	Mounted terrorbird gnome	terrorbird2	31	25	25	25	36	1	1	false	2	0
2416	3404	0	153	Butterfly	butterfly	0	1	1	1	1	1	1	false	1	0
2420	3429	0	68	Gnome	darkskinned_gnome	1	1	1	1	3	1	1	false	1	6
2420	3435	0	164	Gnome guard	gnomekingsguard2	23	18	18	18	31	1	1	false	1	0
2420	3438	0	68	Gnome	darkskinned_gnome	1	1	1	1	3	1	1	false	1	6
2420	3447	0	164	Gnome guard	gnomekingsguard2	23	18	18	18	31	1	1	false	1	0
2421	3413	0	163	Gnome guard	gnomekingsguard	23	17	17	17	31	1	1	false	1	0
2423	3399	0	154	Butterfly	butterfly2	0	1	1	1	1	1	1	false	1	0
2423	3426	0	66	Gnome	gnome	1	1	1	1	3	1	1	false	1	6
2424	3410	0	153	Butterfly	butterfly	0	1	1	1	1	1	1	false	1	0
2425	3406	0	154	Butterfly	butterfly2	0	1	1	1	1	1	1	false	1	0
2427	3402	0	154	Butterfly	butterfly2	0	1	1	1	1	1	1	false	1	0
2427	3410	0	164	Gnome guard	gnomekingsguard2	23	18	18	18	31	1	1	false	1	0
2427	3428	0	66	Gnome	gnome	1	1	1	1	3	1	1	false	1	6
2427	3440	0	66	Gnome	gnome	1	1	1	1	3	1	1	false	1	6
2430	3405	0	153	Butterfly	butterfly	0	1	1	1	1	1	1	false	1	0
2392	3450	1	169	Gnome woman	gnomefemale_dskinned	1	1	1	1	2	1	1	false	1	1
2393	3451	1	67	Gnome	browclothedgnome	1	1	1	1	3	1	1	false	1	6
2398	3451	1	168	Gnome woman	gnomefemale	1	1	1	1	2	1	1	false	1	1
2408	3437	1	67	Gnome	browclothedgnome	1	1	1	1	3	1	1	false	1	6
2409	3436	1	161	Gnome child	gnomechild	1	1	1	1	2	1	1	false	1	0
2413	3445	1	159	Gnome child	gnomechildgreen	1	1	1	1	2	1	1	false	1	0
2414	3447	1	168	Gnome woman	gnomefemale	1	1	1	1	2	1	1	false	1	1
2415	3415	1	169	Gnome woman	gnomefemale_dskinned	1	1	1	1	2	1	1	false	1	1
2415	3435	1	159	Gnome child	gnomechildgreen	1	1	1	1	2	1	1	false	1	0
2416	3416	1	159	Gnome child	gnomechildgreen	1	1	1	1	2	1	1	false	1	0
2416	3434	1	169	Gnome woman	gnomefemale_dskinned	1	1	1	1	2	1	1	false	1	1
2423	3425	1	169	Gnome woman	gnomefemale_dskinned	1	1	1	1	2	1	1	false	1	1
2424	3430	1	160	Gnome child	gnomechildblue	1	1	1	1	2	1	1	false	1	0
2424	3434	1	159	Gnome child	gnomechildgreen	1	1	1	1	2	1	1	false	1	0
2424	3442	1	169	Gnome woman	gnomefemale_dskinned	1	1	1	1	2	1	1	false	1	1
2415	3433	3	479	Gnome troop	gnomeknight	1	1	1	1	3	1	1	false	1	6
2371	3460	0	156	Butterfly	butterfly_tigerswallowtail	0	1	1	1	1	1	1	false	1	0
2372	3456	0	156	Butterfly	butterfly_tigerswallowtail	0	1	1	1	1	1	1	false	1	0
2374	3469	0	155	Butterfly	butterfly_bluemorpo	0	1	1	1	1	1	1	false	1	0
2376	3466	0	155	Butterfly	butterfly_bluemorpo	0	1	1	1	1	1	1	false	1	0
2378	3482	0	169	Gnome woman	gnomefemale_dskinned	1	1	1	1	2	1	1	false	1	1
2379	3482	0	168	Gnome woman	gnomefemale	1	1	1	1	2	1	1	false	1	1
2381	3496	0	168	Gnome woman	gnomefemale	1	1	1	1	2	1	1	false	1	1
2383	3496	0	169	Gnome woman	gnomefemale_dskinned	1	1	1	1	2	1	1	false	1	1
2384	3481	0	479	Gnome troop	gnomeknight	1	1	1	1	3	1	1	false	1	6
2384	3488	0	635	Gnome ball referee	gnomereferee	0	1	1	1	1	1	1	false	1	0
2384	3497	0	168	Gnome woman	gnomefemale	1	1	1	1	2	1	1	false	1	1
2388	3473	0	479	Gnome troop	gnomeknight	1	1	1	1	3	1	1	false	1	6
2391	3476	0	168	Gnome woman	gnomefemale	1	1	1	1	2	1	1	false	1	1
2391	3484	0	629	Gnome baller	gnomeballer_yellow	0	1	1	1	1	1	1	false	1	1
2391	3487	0	629	Gnome baller	gnomeballer_yellow	0	1	1	1	1	1	1	false	1	1
2391	3489	0	629	Gnome baller	gnomeballer_yellow	0	1	1	1	1	1	1	false	1	1
2391	3492	0	629	Gnome baller	gnomeballer_yellow	0	1	1	1	1	1	1	false	1	1
2392	3475	0	159	Gnome child	gnomechildgreen	1	1	1	1	2	1	1	false	1	0
2393	3483	0	633	Gnome winger	gnomeballer_green	0	1	1	1	1	1	1	false	1	0
2393	3493	0	633	Gnome winger	gnomeballer_green	0	1	1	1	1	1	1	false	1	0
2394	3506	0	159	Gnome child	gnomechildgreen	1	1	1	1	2	1	1	false	1	0
2395	3495	0	636	Cheerleader	gnomecheerleader	0	1	1	1	1	1	1	false	1	0
2396	3471	0	159	Gnome child	gnomechildgreen	1	1	1	1	2	1	1	false	1	0
2396	3485	0	625	Gnome baller	gnomeballer_orange	0	1	1	1	1	1	1	false	1	1
2396	3487	0	625	Gnome baller	gnomeballer_orange	0	1	1	1	1	1	1	false	1	1
2396	3489	0	625	Gnome baller	gnomeballer_orange	0	1	1	1	1	1	1	false	1	1
2396	3491	0	625	Gnome baller	gnomeballer_orange	0	1	1	1	1	1	1	false	1	1
2397	3495	0	636	Cheerleader	gnomecheerleader	0	1	1	1	1	1	1	false	1	0
2400	3483	0	621	Gnome baller	gnomeballer_red	0	1	1	1	1	1	1	false	1	1
2400	3485	0	621	Gnome baller	gnomeballer_red	0	1	1	1	1	1	1	false	1	1
2400	3487	0	621	Gnome baller	gnomeballer_red	0	1	1	1	1	1	1	false	1	1
2400	3489	0	621	Gnome baller	gnomeballer_red	0	1	1	1	1	1	1	false	1	1
2400	3491	0	621	Gnome baller	gnomeballer_red	0	1	1	1	1	1	1	false	1	1
2400	3493	0	621	Gnome baller	gnomeballer_red	0	1	1	1	1	1	1	false	1	1
2402	3507	0	169	Gnome woman	gnomefemale_dskinned	1	1	1	1	2	1	1	false	1	1
2405	3499	0	159	Gnome child	gnomechildgreen	1	1	1	1	2	1	1	false	1	0
2406	3476	0	169	Gnome woman	gnomefemale_dskinned	1	1	1	1	2	1	1	false	1	1
2409	3507	0	480	Gnome troop	d_skingnomeknight	1	1	1	1	3	1	1	false	1	6
2410	3496	0	168	Gnome woman	gnomefemale	1	1	1	1	2	1	1	false	1	1
2416	3487	0	159	Gnome child	gnomechildgreen	1	1	1	1	2	1	1	false	1	0
2417	3517	0	168	Gnome woman	gnomefemale	1	1	1	1	2	1	1	false	1	1
2421	3481	0	168	Gnome woman	gnomefemale	1	1	1	1	2	1	1	false	1	1
2422	3467	0	156	Butterfly	butterfly_tigerswallowtail	0	1	1	1	1	1	1	false	1	0
2422	3485	0	169	Gnome woman	gnomefemale_dskinned	1	1	1	1	2	1	1	false	1	1
2422	3489	0	154	Butterfly	butterfly2	0	1	1	1	1	1	1	false	1	0
2382	3506	1	169	Gnome woman	gnomefemale_dskinned	1	1	1	1	2	1	1	false	1	1
2383	3509	1	67	Gnome	browclothedgnome	1	1	1	1	3	1	1	false	1	6
2390	3514	1	672	Anita	grandtree_anita	0	1	1	1	1	1	1	false	1	0
2394	3500	1	67	Gnome	browclothedgnome	1	1	1	1	3	1	1	false	1	6
2397	3514	1	168	Gnome woman	gnomefemale	1	1	1	1	2	1	1	false	1	1
2400	3514	1	68	Gnome	darkskinned_gnome	1	1	1	1	3	1	1	false	1	6
2409	3470	1	163	Gnome guard	gnomekingsguard	23	17	17	17	31	1	1	false	1	0
2416	3466	1	163	Gnome guard	gnomekingsguard	23	17	17	17	31	1	1	false	1	0
2417	3483	1	67	Gnome	browclothedgnome	1	1	1	1	3	1	1	false	1	6
2417	3493	1	66	Gnome	gnome	1	1	1	1	3	1	1	false	1	6
2417	3498	1	849	Barman	blurberrybarmen	0	1	1	1	1	1	1	false	1	0
2418	3472	1	169	Gnome woman	gnomefemale_dskinned	1	1	1	1	2	1	1	false	1	1
2418	3485	1	68	Gnome	darkskinned_gnome	1	1	1	1	3	1	1	false	1	6
2418	3495	1	66	Gnome	gnome	1	1	1	1	3	1	1	false	1	6
2420	3466	1	163	Gnome guard	gnomekingsguard	23	17	17	17	31	1	1	false	1	0
2412	3471	3	163	Gnome guard	gnomekingsguard	23	17	17	17	31	1	1	false	1	0
2412	3474	3	480	Gnome troop	d_skingnomeknight	1	1	1	1	3	1	1	false	1	6
2418	3471	3	163	Gnome guard	gnomekingsguard	23	17	17	17	31	1	1	false	1	0
2418	3474	3	479	Gnome troop	gnomeknight	1	1	1	1	3	1	1	false	1	6
2373	4692	0	939	Boulder	boulder_legends	0	1	1	1	1	1	1	false	2	0
2384	4706	0	936	San Tojalon	san_tojalon	106	86	86	84	120	0	0	false	1	10
2386	4689	0	939	Boulder	boulder_legends	0	1	1	1	1	1	1	false	2	0
2392	4678	0	939	Boulder	boulder_legends	0	1	1	1	1	1	1	false	2	0
2393	4713	0	936	San Tojalon	san_tojalon	106	86	86	84	120	0	0	false	1	10
2394	4731	0	936	San Tojalon	san_tojalon	106	86	86	84	120	0	0	false	1	10
2395	4721	0	936	San Tojalon	san_tojalon	106	86	86	84	120	0	0	false	1	10
2401	4705	0	937	Irvig Senay	irvig_senay	100	76	81	74	125	0	0	false	1	0
2405	4712	0	937	Irvig Senay	irvig_senay	100	76	81	74	125	0	0	false	1	0
2408	4698	0	938	Ranalph Devere	ranalph_devere	92	66	66	67	130	0	0	false	1	0
2412	4677	0	82	Lesser demon	lesser_demon	82	68	71	70	79	1	1	false	2	0
2412	4723	0	937	Irvig Senay	irvig_senay	100	76	81	74	125	0	0	false	1	0
2413	4681	0	82	Lesser demon	lesser_demon	82	68	71	70	79	1	1	false	2	0
2414	4731	0	937	Irvig Senay	irvig_senay	100	76	81	74	125	0	0	false	1	0
2416	4684	0	82	Lesser demon	lesser_demon	82	68	71	70	79	1	1	false	2	0
2417	4699	0	938	Ranalph Devere	ranalph_devere	92	66	66	67	130	0	0	false	1	0
2424	4701	0	938	Ranalph Devere	ranalph_devere	92	66	66	67	130	0	0	false	1	0
2428	4696	0	938	Ranalph Devere	ranalph_devere	92	66	66	67	130	0	0	false	1	0
2443	9607	0	976	Koftik	caveguide5	0	1	1	1	1	1	1	false	1	0
2432	9723	0	977	Blessed spider	blessed_spider	39	35	35	35	32	1	1	false	1	0
2433	9686	0	977	Blessed spider	blessed_spider	39	35	35	35	32	1	1	false	1	0
2433	9692	0	977	Blessed spider	blessed_spider	39	35	35	35	32	1	1	false	1	0
2433	9720	0	977	Blessed spider	blessed_spider	39	35	35	35	32	1	1	false	1	0
2434	9688	0	977	Blessed spider	blessed_spider	39	35	35	35	32	1	1	false	1	0
2434	9693	0	977	Blessed spider	blessed_spider	39	35	35	35	32	1	1	false	1	0
2434	9722	0	977	Blessed spider	blessed_spider	39	35	35	35	32	1	1	false	1	0
2434	9725	0	977	Blessed spider	blessed_spider	39	35	35	35	32	1	1	false	1	0
2435	9690	0	977	Blessed spider	blessed_spider	39	35	35	35	32	1	1	false	1	0
2435	9724	0	977	Blessed spider	blessed_spider	39	35	35	35	32	1	1	false	1	0
2436	9722	0	977	Blessed spider	blessed_spider	39	35	35	35	32	1	1	false	1	0
2436	9724	0	977	Blessed spider	blessed_spider	39	35	35	35	32	1	1	false	1	0
2437	9692	0	977	Blessed spider	blessed_spider	39	35	35	35	32	1	1	false	1	0
2438	9687	0	977	Blessed spider	blessed_spider	39	35	35	35	32	1	1	false	1	0
2438	9695	0	101	Goblin	goblin_armed	5	3	4	1	12	1	1	false	1	0
2438	9698	0	101	Goblin	goblin_armed	5	3	4	1	12	1	1	false	1	0
2438	9699	0	101	Goblin	goblin_armed	5	3	4	1	12	1	1	false	1	0
2438	9722	0	977	Blessed spider	blessed_spider	39	35	35	35	32	1	1	false	1	0
2439	9689	0	977	Blessed spider	blessed_spider	39	35	35	35	32	1	1	false	1	0
2440	9690	0	977	Blessed spider	blessed_spider	39	35	35	35	32	1	1	false	1	0
2440	9697	0	101	Goblin	goblin_armed	5	3	4	1	12	1	1	false	1	0
2441	9698	0	101	Goblin	goblin_armed	5	3	4	1	12	1	1	false	1	0
2449	9716	0	973	Koftik	caveguide2	0	1	1	1	1	1	1	false	1	0
2452	9684	0	73	Zombie	zombie_unarmed	13	8	10	9	22	1	1	false	1	0
2453	9680	0	73	Zombie	zombie_unarmed	13	8	10	9	22	1	1	false	1	0
2455	9677	0	73	Zombie	zombie_unarmed	13	8	10	9	22	1	1	false	1	0
2455	9680	0	75	Zombie	zombie_armed	24	19	16	21	30	1	1	false	1	0
2468	9696	0	78	Giant bat	bat	27	22	22	22	32	1	1	true	2	0
2471	9693	0	78	Giant bat	bat	27	22	22	22	32	1	1	true	2	0
2479	9679	0	974	Koftik	caveguide3	0	1	1	1	1	1	1	false	1	0
2485	9704	0	78	Giant bat	bat	27	22	22	22	32	1	1	true	2	0
2488	9703	0	78	Giant bat	bat	27	22	22	22	32	1	1	true	2	0
2490	9698	0	78	Giant bat	bat	27	22	22	22	32	1	1	true	2	0
2491	9705	0	78	Giant bat	bat	27	22	22	22	32	1	1	true	2	0
2438	9885	0	47	Rat	rat	1	1	1	1	2	1	1	false	1	0
2442	9891	0	47	Rat	rat	1	1	1	1	2	1	1	false	1	0
2443	9862	0	78	Giant bat	bat	27	22	22	22	32	1	1	true	2	0
2443	9882	0	47	Rat	rat	1	1	1	1	2	1	1	false	1	0
2447	9891	0	47	Rat	rat	1	1	1	1	2	1	1	false	1	0
2450	9903	0	86	Giant rat	giantrat	3	2	2	3	5	1	1	false	2	0
2450	9912	0	86	Giant rat	giantrat	3	2	2	3	5	1	1	false	2	0
2451	9860	0	78	Giant bat	bat	27	22	22	22	32	1	1	true	2	0
2451	9882	0	47	Rat	rat	1	1	1	1	2	1	1	false	1	0
2452	9878	0	47	Rat	rat	1	1	1	1	2	1	1	false	1	0
2453	9890	0	47	Rat	rat	1	1	1	1	2	1	1	false	1	0
2456	9858	0	47	Rat	rat	1	1	1	1	2	1	1	false	1	0
2456	9872	0	47	Rat	rat	1	1	1	1	2	1	1	false	1	0
2456	9883	0	47	Rat	rat	1	1	1	1	2	1	1	false	1	0
2456	9910	0	86	Giant rat	giantrat	3	2	2	3	5	1	1	false	2	0
2458	9877	0	47	Rat	rat	1	1	1	1	2	1	1	false	1	0
2460	9860	0	78	Giant bat	bat	27	22	22	22	32	1	1	true	2	0
2460	9863	0	47	Rat	rat	1	1	1	1	2	1	1	false	1	0
2461	9895	0	163	Gnome guard	gnomekingsguard	23	17	17	17	31	1	1	false	1	0
2462	9890	0	47	Rat	rat	1	1	1	1	2	1	1	false	1	0
2464	9897	0	670	King Narnode Shareen	grandtree_narnode	0	1	1	1	1	1	1	false	1	0
2464	9908	0	86	Giant rat	giantrat	3	2	2	3	5	1	1	false	2	0
2465	9894	0	163	Gnome guard	gnomekingsguard	23	17	17	17	31	1	1	false	1	0
2465	9899	0	163	Gnome guard	gnomekingsguard	23	17	17	17	31	1	1	false	1	0
2466	9881	0	86	Giant rat	giantrat	3	2	2	3	5	1	1	false	2	0
2467	9860	0	47	Rat	rat	1	1	1	1	2	1	1	false	1	0
2469	9863	0	78	Giant bat	bat	27	22	22	22	32	1	1	true	2	0
2470	9888	0	47	Rat	rat	1	1	1	1	2	1	1	false	1	0
2475	9866	0	47	Rat	rat	1	1	1	1	2	1	1	false	1	0
2476	9887	0	47	Rat	rat	1	1	1	1	2	1	1	false	1	0
2477	9896	0	86	Giant rat	giantrat	3	2	2	3	5	1	1	false	2	0
2481	9869	0	47	Rat	rat	1	1	1	1	2	1	1	false	1	0
2482	9865	0	47	Rat	rat	1	1	1	1	2	1	1	false	1	0
2482	9914	0	86	Giant rat	giantrat	3	2	2	3	5	1	1	false	2	0
2483	9888	0	86	Giant rat	giantrat	3	2	2	3	5	1	1	false	2	0
2488	9861	0	47	Rat	rat	1	1	1	1	2	1	1	false	1	0
2488	9912	0	86	Giant rat	giantrat	3	2	2	3	5	1	1	false	2	0
2489	9866	0	47	Rat	rat	1	1	1	1	2	1	1	false	1	0
2438	3186	0	488	Observatory professor	observatory_professor	0	1	1	1	1	1	1	false	1	0
2439	3160	0	490	Observatory professor	observatory_professor2	0	1	1	1	1	1	1	false	1	0
2442	3189	0	487	Observatory assistant	observatory_assistant	0	1	1	1	1	1	1	false	1	0
2454	3170	0	47	Rat	rat	1	1	1	1	2	1	1	false	1	0
2458	3176	0	47	Rat	rat	1	1	1	1	2	1	1	false	1	0
2460	3177	0	100	Goblin	goblin	2	1	1	1	5	1	1	false	1	0
2460	3185	0	100	Goblin	goblin	2	1	1	1	5	1	1	false	1	0
2461	3166	0	47	Rat	rat	1	1	1	1	2	1	1	false	1	0
2463	3184	0	47	Rat	rat	1	1	1	1	2	1	1	false	1	0
2464	3180	0	100	Goblin	goblin	2	1	1	1	5	1	1	false	1	0
2464	3185	0	101	Goblin	goblin_armed	5	3	4	1	12	1	1	false	1	0
2466	3191	0	101	Goblin	goblin_armed	5	3	4	1	12	1	1	false	1	0
2467	3176	0	47	Rat	rat	1	1	1	1	2	1	1	false	1	0
2467	3182	0	100	Goblin	goblin	2	1	1	1	5	1	1	false	1	0
2469	3174	0	101	Goblin	goblin_armed	5	3	4	1	12	1	1	false	1	0
2470	3189	0	100	Goblin	goblin	2	1	1	1	5	1	1	false	1	0
2471	3182	0	101	Goblin	goblin_armed	5	3	4	1	12	1	1	false	1	0
2471	3184	0	47	Rat	rat	1	1	1	1	2	1	1	false	1	0
2477	3143	0	105	Bear	brownbear	21	17	15	18	27	1	1	false	2	0
2484	3155	0	105	Bear	brownbear	21	17	15	18	27	1	1	false	2	0
2454	3247	0	189	Monk of Zamorak	chaosmonk2	17	8	12	8	10	1	25	false	1	0
2455	3240	0	189	Monk of Zamorak	chaosmonk2	17	8	12	8	10	1	25	false	1	0
2460	3200	0	106	Bear	darkbear	19	15	13	16	25	1	1	false	2	0
2460	3223	0	491	Ghost	zamorakghost	24	23	23	20	20	1	1	false	1	0
2464	3223	0	491	Ghost	zamorakghost	24	23	23	20	20	1	1	false	1	0
2465	3220	0	491	Ghost	zamorakghost	24	23	23	20	20	1	1	false	1	0
2465	3227	0	492	Spirit of Scorpius	spirit_of_scorpius	0	1	1	1	1	1	1	false	1	0
2465	3229	0	493	Grave Scorpion	grave_scorpion	12	11	14	12	7	1	1	false	1	0
2465	3248	0	189	Monk of Zamorak	chaosmonk2	17	8	12	8	10	1	25	false	1	0
2467	3228	0	493	Grave Scorpion	grave_scorpion	12	11	14	12	7	1	1	false	1	0
2468	3221	0	491	Ghost	zamorakghost	24	23	23	20	20	1	1	false	1	0
2468	3243	0	189	Monk of Zamorak	chaosmonk2	17	8	12	8	10	1	25	false	1	0
2469	3226	0	491	Ghost	zamorakghost	24	23	23	20	20	1	1	false	1	0
2470	3230	0	493	Grave Scorpion	grave_scorpion	12	11	14	12	7	1	1	false	1	0
2470	3243	0	189	Monk of Zamorak	chaosmonk2	17	8	12	8	10	1	25	false	1	0
2471	3222	0	493	Grave Scorpion	grave_scorpion	12	11	14	12	7	1	1	false	1	0
2472	3224	0	493	Grave Scorpion	grave_scorpion	12	11	14	12	7	1	1	false	1	0
2473	3241	0	189	Monk of Zamorak	chaosmonk2	17	8	12	8	10	1	25	false	1	0
2474	3248	0	189	Monk of Zamorak	chaosmonk2	17	8	12	8	10	1	25	false	1	0
2476	3223	0	491	Ghost	zamorakghost	24	23	23	20	20	1	1	false	1	0
2477	3238	0	189	Monk of Zamorak	chaosmonk2	17	8	12	8	10	1	25	false	1	0
2477	3244	0	189	Monk of Zamorak	chaosmonk2	17	8	12	8	10	1	25	false	1	0
2478	3200	0	106	Bear	darkbear	19	15	13	16	25	1	1	false	2	0
2436	3315	0	972	Koftik	caveguide1	0	1	1	1	1	1	1	false	1	0
2453	3307	0	352	Woman	dskin_w_ardoungecitizen2	3	2	1	1	10	1	1	false	1	0
2454	3301	0	475	Khazard trooper	khazard_troop	19	17	12	18	22	1	1	false	1	0
2457	3302	0	477	Khazard warlord	khazard_warlord	112	75	80	78	170	1	1	false	1	0
2457	3309	0	1001	Dark mage	upassmage	13	1	1	1	1	1	1	false	1	0
2458	3298	0	475	Khazard trooper	khazard_troop	19	17	12	18	22	1	1	false	1	0
2461	3293	0	47	Rat	rat	1	1	1	1	2	1	1	false	1	0
2462	3274	0	95	Wolf	wolf	64	50	52	55	69	1	1	false	2	0
2462	3300	0	47	Rat	rat	1	1	1	1	2	1	1	false	1	0
2462	3306	0	356	Child	dskin_w_ardoungechild1	0	1	1	1	1	1	1	false	1	0
2463	3285	0	47	Rat	rat	1	1	1	1	2	1	1	false	1	0
2463	3317	0	361	Woman	dskin_w_ardoungecitizenlady4	12	10	10	10	13	1	1	false	1	0
2464	3287	0	971	chadwell	chadwell	0	1	1	1	1	1	1	false	1	0
2464	3302	0	355	Child	w_ardoungechild1	0	1	1	1	1	1	1	false	1	0
2464	3310	0	47	Rat	rat	1	1	1	1	2	1	1	false	1	0
2465	3272	0	95	Wolf	wolf	64	50	52	55	69	1	1	false	2	0
2465	3275	0	95	Wolf	wolf	64	50	52	55	69	1	1	false	2	0
2465	3295	0	47	Rat	rat	1	1	1	1	2	1	1	false	1	0
2465	3305	0	356	Child	dskin_w_ardoungechild1	0	1	1	1	1	1	1	false	1	0
2465	3307	0	351	Man	dskin_w_ardoungecitizen1	4	2	1	1	13	1	1	false	1	0
2466	3294	0	47	Rat	rat	1	1	1	1	2	1	1	false	1	0
2466	3299	0	47	Rat	rat	1	1	1	1	2	1	1	false	1	0
2466	3300	0	355	Child	w_ardoungechild1	0	1	1	1	1	1	1	false	1	0
2466	3307	0	355	Child	w_ardoungechild1	0	1	1	1	1	1	1	false	1	0
2467	3306	0	355	Child	w_ardoungechild1	0	1	1	1	1	1	1	false	1	0
2467	3322	0	47	Rat	rat	1	1	1	1	2	1	1	false	1	0
2468	3290	0	363	Woman	w_ardoungecitizenlady4	14	10	10	10	23	1	1	false	1	0
2468	3304	0	785	Civillian	wantcat1	0	1	1	1	1	1	1	false	1	0
2468	3315	0	355	Child	w_ardoungechild1	0	1	1	1	1	1	1	false	1	0
2468	3326	0	47	Rat	rat	1	1	1	1	2	1	1	false	1	0
2469	3295	0	356	Child	dskin_w_ardoungechild1	0	1	1	1	1	1	1	false	1	0
2469	3309	0	786	Civillian	wantcat2	0	1	1	1	1	1	1	false	1	0
2469	3319	0	355	Child	w_ardoungechild1	0	1	1	1	1	1	1	false	1	0
2470	3272	0	95	Wolf	wolf	64	50	52	55	69	1	1	false	2	0
2470	3290	0	354	Woman	dskin_w_ardoungecitizenlady1	3	2	1	1	10	1	1	false	1	0
2470	3314	0	47	Rat	rat	1	1	1	1	2	1	1	false	1	0
2470	3318	0	47	Rat	rat	1	1	1	1	2	1	1	false	1	0
2470	3321	0	47	Rat	rat	1	1	1	1	2	1	1	false	1	0
2471	3298	0	47	Rat	rat	1	1	1	1	2	1	1	false	1	0
2471	3316	0	47	Rat	rat	1	1	1	1	2	1	1	false	1	0
2471	3323	0	355	Child	w_ardoungechild1	0	1	1	1	1	1	1	false	1	0
2472	3274	0	95	Wolf	wolf	64	50	52	55	69	1	1	false	2	0
2472	3296	0	354	Woman	dskin_w_ardoungecitizenlady1	3	2	1	1	10	1	1	false	1	0
2472	3301	0	47	Rat	rat	1	1	1	1	2	1	1	false	1	0
2472	3307	0	360	Woman	dskin_w_ardoungecitizenlady3	4	2	1	1	13	1	1	false	1	0
2472	3314	0	47	Rat	rat	1	1	1	1	2	1	1	false	1	0
2472	3324	0	47	Rat	rat	1	1	1	1	2	1	1	false	1	0
2473	3288	0	353	Woman	w_ardoungecitizenlady1	4	2	1	1	13	1	1	false	1	0
2473	3305	0	355	Child	w_ardoungechild1	0	1	1	1	1	1	1	false	1	0
2473	3326	0	47	Rat	rat	1	1	1	1	2	1	1	false	1	0
2474	3296	0	355	Child	w_ardoungechild1	0	1	1	1	1	1	1	false	1	0
2474	3301	0	47	Rat	rat	1	1	1	1	2	1	1	false	1	0
2474	3306	0	47	Rat	rat	1	1	1	1	2	1	1	false	1	0
2475	3298	0	786	Civillian	wantcat2	0	1	1	1	1	1	1	false	1	0
2475	3303	0	47	Rat	rat	1	1	1	1	2	1	1	false	1	0
2475	3325	0	363	Woman	w_ardoungecitizenlady4	14	10	10	10	23	1	1	false	1	0
2476	3293	0	47	Rat	rat	1	1	1	1	2	1	1	false	1	0
2476	3307	0	355	Child	w_ardoungechild1	0	1	1	1	1	1	1	false	1	0
2476	3313	0	787	Civillian	wantcat3	0	1	1	1	1	1	1	false	1	0
2476	3317	0	785	Civillian	wantcat1	0	1	1	1	1	1	1	false	1	0
2476	3322	0	47	Rat	rat	1	1	1	1	2	1	1	false	1	0
2477	3275	0	95	Wolf	wolf	64	50	52	55	69	1	1	false	2	0
2477	3286	0	47	Rat	rat	1	1	1	1	2	1	1	false	1	0
2477	3298	0	47	Rat	rat	1	1	1	1	2	1	1	false	1	0
2477	3301	0	47	Rat	rat	1	1	1	1	2	1	1	false	1	0
2477	3319	0	356	Child	dskin_w_ardoungechild1	0	1	1	1	1	1	1	false	1	0
2477	3324	0	47	Rat	rat	1	1	1	1	2	1	1	false	1	0
2478	3285	0	47	Rat	rat	1	1	1	1	2	1	1	false	1	0
2478	3291	0	785	Civillian	wantcat1	0	1	1	1	1	1	1	false	1	0
2478	3304	0	47	Rat	rat	1	1	1	1	2	1	1	false	1	0
2478	3323	0	355	Child	w_ardoungechild1	0	1	1	1	1	1	1	false	1	0
2479	3311	0	363	Woman	w_ardoungecitizenlady4	14	10	10	10	23	1	1	false	1	0
2479	3313	0	47	Rat	rat	1	1	1	1	2	1	1	false	1	0
2480	3293	0	47	Rat	rat	1	1	1	1	2	1	1	false	1	0
2480	3296	0	355	Child	w_ardoungechild1	0	1	1	1	1	1	1	false	1	0
2480	3300	0	352	Woman	dskin_w_ardoungecitizen2	3	2	1	1	10	1	1	false	1	0
2480	3306	0	47	Rat	rat	1	1	1	1	2	1	1	false	1	0
2480	3315	0	47	Rat	rat	1	1	1	1	2	1	1	false	1	0
2481	3289	0	787	Civillian	wantcat3	0	1	1	1	1	1	1	false	1	0
2481	3295	0	47	Rat	rat	1	1	1	1	2	1	1	false	1	0
2481	3300	0	47	Rat	rat	1	1	1	1	2	1	1	false	1	0
2481	3307	0	47	Rat	rat	1	1	1	1	2	1	1	false	1	0
2481	3313	0	355	Child	w_ardoungechild1	0	1	1	1	1	1	1	false	1	0
2482	3284	0	47	Rat	rat	1	1	1	1	2	1	1	false	1	0
2482	3286	0	362	Woman	w_ardoungecitizenlady2	3	2	1	1	10	1	1	false	1	0
2482	3293	0	351	Man	dskin_w_ardoungecitizen1	4	2	1	1	13	1	1	false	1	0
2482	3296	0	361	Woman	dskin_w_ardoungecitizenlady4	12	10	10	10	13	1	1	false	1	0
2482	3302	0	47	Rat	rat	1	1	1	1	2	1	1	false	1	0
2482	3311	0	356	Child	dskin_w_ardoungechild1	0	1	1	1	1	1	1	false	1	0
2483	3285	0	47	Rat	rat	1	1	1	1	2	1	1	false	1	0
2483	3318	0	354	Woman	dskin_w_ardoungecitizenlady1	3	2	1	1	10	1	1	false	1	0
2483	3323	0	354	Woman	dskin_w_ardoungecitizenlady1	3	2	1	1	10	1	1	false	1	0
2484	3294	0	47	Rat	rat	1	1	1	1	2	1	1	false	1	0
2484	3300	0	47	Rat	rat	1	1	1	1	2	1	1	false	1	0
2484	3304	0	47	Rat	rat	1	1	1	1	2	1	1	false	1	0
2484	3307	0	47	Rat	rat	1	1	1	1	2	1	1	false	1	0
2485	3312	0	355	Child	w_ardoungechild1	0	1	1	1	1	1	1	false	1	0
2485	3315	0	361	Woman	dskin_w_ardoungecitizenlady4	12	10	10	10	13	1	1	false	1	0
2486	3281	0	47	Rat	rat	1	1	1	1	2	1	1	false	1	0
2486	3285	0	47	Rat	rat	1	1	1	1	2	1	1	false	1	0
2486	3292	0	47	Rat	rat	1	1	1	1	2	1	1	false	1	0
2486	3296	0	47	Rat	rat	1	1	1	1	2	1	1	false	1	0
2486	3300	0	47	Rat	rat	1	1	1	1	2	1	1	false	1	0
2486	3313	0	47	Rat	rat	1	1	1	1	2	1	1	false	1	0
2487	3286	0	47	Rat	rat	1	1	1	1	2	1	1	false	1	0
2487	3303	0	47	Rat	rat	1	1	1	1	2	1	1	false	1	0
2487	3308	0	786	Civillian	wantcat2	0	1	1	1	1	1	1	false	1	0
2488	3305	0	47	Rat	rat	1	1	1	1	2	1	1	false	1	0
2488	3319	0	47	Rat	rat	1	1	1	1	2	1	1	false	1	0
2489	3284	0	47	Rat	rat	1	1	1	1	2	1	1	false	1	0
2489	3295	0	362	Woman	w_ardoungecitizenlady2	3	2	1	1	10	1	1	false	1	0
2489	3302	0	47	Rat	rat	1	1	1	1	2	1	1	false	1	0
2490	3289	0	786	Civillian	wantcat2	0	1	1	1	1	1	1	false	1	0
2490	3293	0	354	Woman	dskin_w_ardoungecitizenlady1	3	2	1	1	10	1	1	false	1	0
2490	3307	0	47	Rat	rat	1	1	1	1	2	1	1	false	1	0
2490	3313	0	787	Civillian	wantcat3	0	1	1	1	1	1	1	false	1	0
2490	3321	0	47	Rat	rat	1	1	1	1	2	1	1	false	1	0
2490	3323	0	47	Rat	rat	1	1	1	1	2	1	1	false	1	0
2491	3300	0	787	Civillian	wantcat3	0	1	1	1	1	1	1	false	1	0
2492	3303	0	47	Rat	rat	1	1	1	1	2	1	1	false	1	0
2492	3312	0	785	Civillian	wantcat1	0	1	1	1	1	1	1	false	1	0
2492	3314	0	360	Woman	dskin_w_ardoungecitizenlady3	4	2	1	1	13	1	1	false	1	0
2495	3312	0	712	Carla	carla	0	1	1	1	1	1	1	false	1	0
2432	3387	0	137	Mounted terrorbird gnome	terrorbird2	31	25	25	25	36	1	1	false	2	0
2437	3336	0	95	Wolf	wolf	64	50	52	55	69	1	1	false	2	0
2439	3333	0	95	Wolf	wolf	64	50	52	55	69	1	1	false	2	0
2439	3335	0	95	Wolf	wolf	64	50	52	55	69	1	1	false	2	0
2440	3333	0	95	Wolf	wolf	64	50	52	55	69	1	1	false	2	0
2440	3335	0	95	Wolf	wolf	64	50	52	55	69	1	1	false	2	0
2442	3388	0	137	Mounted terrorbird gnome	terrorbird2	31	25	25	25	36	1	1	false	2	0
2443	3359	0	123	Hobgoblin	hobgoblin_armed	42	33	36	31	49	1	1	false	1	0
2445	3359	0	123	Hobgoblin	hobgoblin_armed	42	33	36	31	49	1	1	false	1	0
2445	3362	0	122	Hobgoblin	hobgoblin_unarmed	28	22	24	24	29	1	1	false	1	0
2446	3357	0	123	Hobgoblin	hobgoblin_armed	42	33	36	31	49	1	1	false	1	0
2447	3361	0	122	Hobgoblin	hobgoblin_unarmed	28	22	24	24	29	1	1	false	1	0
2448	3329	0	123	Hobgoblin	hobgoblin_armed	42	33	36	31	49	1	1	false	1	0
2448	3331	0	123	Hobgoblin	hobgoblin_armed	42	33	36	31	49	1	1	false	1	0
2451	3330	0	123	Hobgoblin	hobgoblin_armed	42	33	36	31	49	1	1	false	1	0
2453	3363	0	137	Mounted terrorbird gnome	terrorbird2	31	25	25	25	36	1	1	false	2	0
2459	3382	0	676	Femi	grandtree_femi	0	1	1	1	1	1	1	false	1	0
2459	3385	0	163	Gnome guard	gnomekingsguard	23	17	17	17	31	1	1	false	1	0
2460	3382	0	164	Gnome guard	gnomekingsguard2	23	18	18	18	31	1	1	false	1	0
2462	3382	0	164	Gnome guard	gnomekingsguard2	23	18	18	18	31	1	1	false	1	0
2463	3375	0	137	Mounted terrorbird gnome	terrorbird2	31	25	25	25	36	1	1	false	2	0
2463	3385	0	163	Gnome guard	gnomekingsguard	23	17	17	17	31	1	1	false	1	0
2434	3436	0	168	Gnome woman	gnomefemale	1	1	1	1	2	1	1	false	1	1
2436	3434	0	136	Terrorbird	terrorbird	28	23	19	23	34	1	1	false	2	0
2437	3425	0	153	Butterfly	butterfly	0	1	1	1	1	1	1	false	1	0
2437	3442	0	137	Mounted terrorbird gnome	terrorbird2	31	25	25	25	36	1	1	false	2	0
2437	3451	0	168	Gnome woman	gnomefemale	1	1	1	1	2	1	1	false	1	1
2438	3422	0	153	Butterfly	butterfly	0	1	1	1	1	1	1	false	1	0
2438	3427	0	168	Gnome woman	gnomefemale	1	1	1	1	2	1	1	false	1	1
2439	3433	0	169	Gnome woman	gnomefemale_dskinned	1	1	1	1	2	1	1	false	1	1
2441	3411	0	168	Gnome woman	gnomefemale	1	1	1	1	2	1	1	false	1	1
2441	3449	0	169	Gnome woman	gnomefemale_dskinned	1	1	1	1	2	1	1	false	1	1
2442	3428	0	169	Gnome woman	gnomefemale_dskinned	1	1	1	1	2	1	1	false	1	1
2446	3396	0	154	Butterfly	butterfly2	0	1	1	1	1	1	1	false	1	0
2446	3403	0	169	Gnome woman	gnomefemale_dskinned	1	1	1	1	2	1	1	false	1	1
2449	3421	0	137	Mounted terrorbird gnome	terrorbird2	31	25	25	25	36	1	1	false	2	0
2450	3416	0	169	Gnome woman	gnomefemale_dskinned	1	1	1	1	2	1	1	false	1	1
2450	3419	0	153	Butterfly	butterfly	0	1	1	1	1	1	1	false	1	0
2451	3414	0	163	Gnome guard	gnomekingsguard	23	17	17	17	31	1	1	false	1	0
2456	3425	0	67	Gnome	browclothedgnome	1	1	1	1	3	1	1	false	1	6
2457	3394	0	137	Mounted terrorbird gnome	terrorbird2	31	25	25	25	36	1	1	false	2	0
2459	3392	0	164	Gnome guard	gnomekingsguard2	23	18	18	18	31	1	1	false	1	0
2459	3395	0	163	Gnome guard	gnomekingsguard	23	17	17	17	31	1	1	false	1	0
2459	3421	0	67	Gnome	browclothedgnome	1	1	1	1	3	1	1	false	1	6
2459	3438	0	163	Gnome guard	gnomekingsguard	23	17	17	17	31	1	1	false	1	0
2461	3422	0	164	Gnome guard	gnomekingsguard2	23	18	18	18	31	1	1	false	1	0
2462	3392	0	164	Gnome guard	gnomekingsguard2	23	18	18	18	31	1	1	false	1	0
2462	3395	0	163	Gnome guard	gnomekingsguard	23	17	17	17	31	1	1	false	1	0
2462	3431	0	67	Gnome	browclothedgnome	1	1	1	1	3	1	1	false	1	6
2464	3394	0	137	Mounted terrorbird gnome	terrorbird2	31	25	25	25	36	1	1	false	2	0
2466	3449	0	168	Gnome woman	gnomefemale	1	1	1	1	2	1	1	false	1	1
2468	3441	0	169	Gnome woman	gnomefemale_dskinned	1	1	1	1	2	1	1	false	1	1
2469	3423	0	162	Gnome trainer	gnometrainer	0	1	1	1	1	1	1	false	1	0
2469	3434	0	162	Gnome trainer	gnometrainer	0	1	1	1	1	1	1	false	1	0
2470	3397	0	154	Butterfly	butterfly2	0	1	1	1	1	1	1	false	1	0
2470	3399	0	168	Gnome woman	gnomefemale	1	1	1	1	2	1	1	false	1	1
2470	3426	0	162	Gnome trainer	gnometrainer	0	1	1	1	1	1	1	false	1	0
2472	3400	0	168	Gnome woman	gnomefemale	1	1	1	1	2	1	1	false	1	1
2473	3412	0	168	Gnome woman	gnomefemale	1	1	1	1	2	1	1	false	1	1
2476	3454	0	168	Gnome woman	gnomefemale	1	1	1	1	2	1	1	false	1	1
2477	3426	0	162	Gnome trainer	gnometrainer	0	1	1	1	1	1	1	false	1	0
2479	3396	0	157	Butterfly	butterfly_viceroy	0	1	1	1	1	1	1	false	1	0
2479	3427	0	162	Gnome trainer	gnometrainer	0	1	1	1	1	1	1	false	1	0
2480	3406	0	137	Mounted terrorbird gnome	terrorbird2	31	25	25	25	36	1	1	false	2	0
2480	3408	0	169	Gnome woman	gnomefemale_dskinned	1	1	1	1	2	1	1	false	1	1
2482	3397	0	168	Gnome woman	gnomefemale	1	1	1	1	2	1	1	false	1	1
2482	3422	0	162	Gnome trainer	gnometrainer	0	1	1	1	1	1	1	false	1	0
2489	3401	0	168	Gnome woman	gnomefemale	1	1	1	1	2	1	1	false	1	1
2489	3423	0	162	Gnome trainer	gnometrainer	0	1	1	1	1	1	1	false	1	0
2489	3427	0	162	Gnome trainer	gnometrainer	0	1	1	1	1	1	1	false	1	0
2490	3435	0	162	Gnome trainer	gnometrainer	0	1	1	1	1	1	1	false	1	0
2443	3423	1	166	Gnome banker	gnomebanker	0	1	1	1	1	1	1	false	1	0
2443	3424	1	166	Gnome banker	gnomebanker	0	1	1	1	1	1	1	false	1	0
2443	3426	1	166	Gnome banker	gnomebanker	0	1	1	1	1	1	1	false	1	0
2445	3429	1	163	Gnome guard	gnomekingsguard	23	17	17	17	31	1	1	false	1	0
2448	3424	1	166	Gnome banker	gnomebanker	0	1	1	1	1	1	1	false	1	0
2448	3427	1	166	Gnome banker	gnomebanker	0	1	1	1	1	1	1	false	1	0
2458	3417	1	480	Gnome troop	d_skingnomeknight	1	1	1	1	3	1	1	false	1	6
2460	3417	1	480	Gnome troop	d_skingnomeknight	1	1	1	1	3	1	1	false	1	6
2475	3422	1	162	Gnome trainer	gnometrainer	0	1	1	1	1	1	1	false	1	0
2479	3407	1	168	Gnome woman	gnomefemale	1	1	1	1	2	1	1	false	1	1
2480	3406	1	169	Gnome woman	gnomefemale_dskinned	1	1	1	1	2	1	1	false	1	1
2486	3400	1	169	Gnome woman	gnomefemale_dskinned	1	1	1	1	2	1	1	false	1	1
2475	3421	2	162	Gnome trainer	gnometrainer	0	1	1	1	1	1	1	false	1	0
2433	3474	0	68	Gnome	darkskinned_gnome	1	1	1	1	3	1	1	false	1	6
2433	3492	0	68	Gnome	darkskinned_gnome	1	1	1	1	3	1	1	false	1	6
2434	3516	0	155	Butterfly	butterfly_bluemorpo	0	1	1	1	1	1	1	false	1	0
2435	3460	0	66	Gnome	gnome	1	1	1	1	3	1	1	false	1	6
2437	3478	0	67	Gnome	browclothedgnome	1	1	1	1	3	1	1	false	1	6
2438	3465	0	168	Gnome woman	gnomefemale	1	1	1	1	2	1	1	false	1	1
2440	3470	0	66	Gnome	gnome	1	1	1	1	3	1	1	false	1	6
2441	3497	0	164	Gnome guard	gnomekingsguard2	23	18	18	18	31	1	1	false	1	0
2442	3465	0	67	Gnome	browclothedgnome	1	1	1	1	3	1	1	false	1	6
2442	3489	0	163	Gnome guard	gnomekingsguard	23	17	17	17	31	1	1	false	1	0
2442	3505	0	168	Gnome woman	gnomefemale	1	1	1	1	2	1	1	false	1	1
2444	3491	0	156	Butterfly	butterfly_tigerswallowtail	0	1	1	1	1	1	1	false	1	0
2447	3467	0	157	Butterfly	butterfly_viceroy	0	1	1	1	1	1	1	false	1	0
2447	3502	0	66	Gnome	gnome	1	1	1	1	3	1	1	false	1	6
2447	3510	0	164	Gnome guard	gnomekingsguard2	23	18	18	18	31	1	1	false	1	0
2448	3469	0	157	Butterfly	butterfly_viceroy	0	1	1	1	1	1	1	false	1	0
2448	3486	0	168	Gnome woman	gnomefemale	1	1	1	1	2	1	1	false	1	1
2448	3489	0	169	Gnome woman	gnomefemale_dskinned	1	1	1	1	2	1	1	false	1	1
2449	3487	0	168	Gnome woman	gnomefemale	1	1	1	1	2	1	1	false	1	1
2450	3485	0	163	Gnome guard	gnomekingsguard	23	17	17	17	31	1	1	false	1	0
2450	3488	0	169	Gnome woman	gnomefemale_dskinned	1	1	1	1	2	1	1	false	1	1
2450	3489	0	168	Gnome woman	gnomefemale	1	1	1	1	2	1	1	false	1	1
2450	3505	0	168	Gnome woman	gnomefemale	1	1	1	1	2	1	1	false	1	1
2451	3507	0	163	Gnome guard	gnomekingsguard	23	17	17	17	31	1	1	false	1	0
2453	3490	0	163	Gnome guard	gnomekingsguard	23	17	17	17	31	1	1	false	1	0
2454	3465	0	168	Gnome woman	gnomefemale	1	1	1	1	2	1	1	false	1	1
2456	3467	0	67	Gnome	browclothedgnome	1	1	1	1	3	1	1	false	1	6
2457	3462	0	66	Gnome	gnome	1	1	1	1	3	1	1	false	1	6
2458	3497	0	68	Gnome	darkskinned_gnome	1	1	1	1	3	1	1	false	1	6
2459	3503	0	163	Gnome guard	gnomekingsguard	23	17	17	17	31	1	1	false	1	0
2461	3487	0	164	Gnome guard	gnomekingsguard2	23	18	18	18	31	1	1	false	1	0
2461	3509	0	163	Gnome guard	gnomekingsguard	23	17	17	17	31	1	1	false	1	0
2463	3456	0	137	Mounted terrorbird gnome	terrorbird2	31	25	25	25	36	1	1	false	2	0
2463	3508	0	169	Gnome woman	gnomefemale_dskinned	1	1	1	1	2	1	1	false	1	1
2464	3465	0	163	Gnome guard	gnomekingsguard	23	17	17	17	31	1	1	false	1	0
2464	3468	0	163	Gnome guard	gnomekingsguard	23	17	17	17	31	1	1	false	1	0
2464	3472	0	164	Gnome guard	gnomekingsguard2	23	18	18	18	31	1	1	false	1	0
2464	3489	0	164	Gnome guard	gnomekingsguard2	23	18	18	18	31	1	1	false	1	0
2464	3505	0	68	Gnome	darkskinned_gnome	1	1	1	1	3	1	1	false	1	6
2466	3497	0	670	King Narnode Shareen	grandtree_narnode	0	1	1	1	1	1	1	false	1	0
2467	3489	0	164	Gnome guard	gnomekingsguard2	23	18	18	18	31	1	1	false	1	0
2468	3456	0	137	Mounted terrorbird gnome	terrorbird2	31	25	25	25	36	1	1	false	2	0
2468	3465	0	163	Gnome guard	gnomekingsguard	23	17	17	17	31	1	1	false	1	0
2468	3468	0	163	Gnome guard	gnomekingsguard	23	17	17	17	31	1	1	false	1	0
2468	3472	0	164	Gnome guard	gnomekingsguard2	23	18	18	18	31	1	1	false	1	0
2468	3506	0	163	Gnome guard	gnomekingsguard	23	17	17	17	31	1	1	false	1	0
2471	3496	0	67	Gnome	browclothedgnome	1	1	1	1	3	1	1	false	1	6
2472	3484	0	163	Gnome guard	gnomekingsguard	23	17	17	17	31	1	1	false	1	0
2473	3489	0	169	Gnome woman	gnomefemale_dskinned	1	1	1	1	2	1	1	false	1	1
2473	3503	0	164	Gnome guard	gnomekingsguard2	23	18	18	18	31	1	1	false	1	0
2474	3457	0	169	Gnome woman	gnomefemale_dskinned	1	1	1	1	2	1	1	false	1	1
2474	3508	0	67	Gnome	browclothedgnome	1	1	1	1	3	1	1	false	1	6
2475	3471	0	67	Gnome	browclothedgnome	1	1	1	1	3	1	1	false	1	6
2475	3490	0	163	Gnome guard	gnomekingsguard	23	17	17	17	31	1	1	false	1	0
2475	3502	0	163	Gnome guard	gnomekingsguard	23	17	17	17	31	1	1	false	1	0
2476	3458	0	68	Gnome	darkskinned_gnome	1	1	1	1	3	1	1	false	1	6
2477	3512	0	163	Gnome guard	gnomekingsguard	23	17	17	17	31	1	1	false	1	0
2478	3497	0	164	Gnome guard	gnomekingsguard2	23	18	18	18	31	1	1	false	1	0
2478	3502	0	66	Gnome	gnome	1	1	1	1	3	1	1	false	1	6
2479	3468	0	67	Gnome	browclothedgnome	1	1	1	1	3	1	1	false	1	6
2479	3501	0	155	Butterfly	butterfly_bluemorpo	0	1	1	1	1	1	1	false	1	0
2479	3503	0	169	Gnome woman	gnomefemale_dskinned	1	1	1	1	2	1	1	false	1	1
2481	3485	0	163	Gnome guard	gnomekingsguard	23	17	17	17	31	1	1	false	1	0
2482	3501	0	163	Gnome guard	gnomekingsguard	23	17	17	17	31	1	1	false	1	0
2486	3467	0	169	Gnome woman	gnomefemale_dskinned	1	1	1	1	2	1	1	false	1	1
2486	3470	0	67	Gnome	browclothedgnome	1	1	1	1	3	1	1	false	1	6
2492	3474	0	67	Gnome	browclothedgnome	1	1	1	1	3	1	1	false	1	6
2436	3465	1	68	Gnome	darkskinned_gnome	1	1	1	1	3	1	1	false	1	6
2437	3463	1	169	Gnome woman	gnomefemale_dskinned	1	1	1	1	2	1	1	false	1	1
2439	3487	1	166	Gnome banker	gnomebanker	0	1	1	1	1	1	1	false	1	0
2440	3488	1	166	Gnome banker	gnomebanker	0	1	1	1	1	1	1	false	1	0
2443	3464	1	67	Gnome	browclothedgnome	1	1	1	1	3	1	1	false	1	6
2443	3502	1	67	Gnome	browclothedgnome	1	1	1	1	3	1	1	false	1	6
2445	3502	1	68	Gnome	darkskinned_gnome	1	1	1	1	3	1	1	false	1	6
2448	3480	1	166	Gnome banker	gnomebanker	0	1	1	1	1	1	1	false	1	0
2448	3489	1	169	Gnome woman	gnomefemale_dskinned	1	1	1	1	2	1	1	false	1	1
2448	3496	1	67	Gnome	browclothedgnome	1	1	1	1	3	1	1	false	1	6
2448	3503	1	851	Gnome Waiter	gnome_waiter	1	1	1	1	1	1	1	false	1	0
2448	3509	1	600	Hudo	gnome_hudo	0	1	1	1	1	1	1	false	1	0
2449	3486	1	168	Gnome woman	gnomefemale	1	1	1	1	2	1	1	false	1	1
2449	3492	1	66	Gnome	gnome	1	1	1	1	3	1	1	false	1	6
2449	3501	1	850	Aluft Gianne	aluft_gianne	1	1	1	1	1	1	1	false	1	0
2449	3506	1	67	Gnome	browclothedgnome	1	1	1	1	3	1	1	false	1	6
2450	3480	1	166	Gnome banker	gnomebanker	0	1	1	1	1	1	1	false	1	0
2450	3490	1	66	Gnome	gnome	1	1	1	1	3	1	1	false	1	6
2450	3503	1	851	Gnome Waiter	gnome_waiter	1	1	1	1	1	1	1	false	1	0
2453	3488	1	68	Gnome	darkskinned_gnome	1	1	1	1	3	1	1	false	1	6
2457	3488	1	168	Gnome woman	gnomefemale	1	1	1	1	2	1	1	false	1	1
2457	3498	1	67	Gnome	browclothedgnome	1	1	1	1	3	1	1	false	1	6
2464	3496	1	164	Gnome guard	gnomekingsguard2	23	18	18	18	31	1	1	false	1	0
2467	3495	1	163	Gnome guard	gnomekingsguard	23	17	17	17	31	1	1	false	1	0
2473	3495	1	163	Gnome guard	gnomekingsguard	23	17	17	17	31	1	1	false	1	0
2474	3490	1	66	Gnome	gnome	1	1	1	1	3	1	1	false	1	6
2474	3498	1	67	Gnome	browclothedgnome	1	1	1	1	3	1	1	false	1	6
2474	3500	1	160	Gnome child	gnomechildblue	1	1	1	1	2	1	1	false	1	0
2475	3502	1	68	Gnome	darkskinned_gnome	1	1	1	1	3	1	1	false	1	6
2476	3488	1	168	Gnome woman	gnomefemale	1	1	1	1	2	1	1	false	1	1
2478	3463	1	671	Glough	grandtree_glough	0	1	1	1	1	1	1	false	1	0
2480	3490	1	848	Blurberry	blurberry	0	1	1	1	1	1	1	false	1	0
2480	3502	1	67	Gnome	browclothedgnome	1	1	1	1	3	1	1	false	1	6
2481	3482	1	67	Gnome	browclothedgnome	1	1	1	1	3	1	1	false	1	6
2482	3487	1	849	Barman	blurberrybarmen	0	1	1	1	1	1	1	false	1	0
2482	3489	1	849	Barman	blurberrybarmen	0	1	1	1	1	1	1	false	1	0
2482	3492	1	66	Gnome	gnome	1	1	1	1	3	1	1	false	1	6
2482	3498	1	66	Gnome	gnome	1	1	1	1	3	1	1	false	1	6
2482	3508	1	169	Gnome woman	gnomefemale_dskinned	1	1	1	1	2	1	1	false	1	1
2482	3510	1	601	Rometti	gnome_rometti	0	1	1	1	1	1	1	false	1	0
2483	3500	1	159	Gnome child	gnomechildgreen	1	1	1	1	2	1	1	false	1	0
2484	3501	1	161	Gnome child	gnomechild	1	1	1	1	2	1	1	false	1	0
2490	3503	1	67	Gnome	browclothedgnome	1	1	1	1	3	1	1	false	1	6
2493	3488	1	603	Heckel Funch	gnome_heckelfunch	0	1	1	1	1	1	1	false	1	0
2448	3495	2	164	Gnome guard	gnomekingsguard2	23	18	18	18	31	1	1	false	1	0
2448	3497	2	163	Gnome guard	gnomekingsguard	23	17	17	17	31	1	1	false	1	0
2450	3496	2	168	Gnome woman	gnomefemale	1	1	1	1	2	1	1	false	1	1
2460	3487	2	164	Gnome guard	gnomekingsguard2	23	18	18	18	31	1	1	false	1	0
2463	3480	2	163	Gnome guard	gnomekingsguard	23	17	17	17	31	1	1	false	1	0
2463	3504	2	480	Gnome troop	d_skingnomeknight	1	1	1	1	3	1	1	false	1	6
2465	3490	2	68	Gnome	darkskinned_gnome	1	1	1	1	3	1	1	false	1	6
2465	3497	2	163	Gnome guard	gnomekingsguard	23	17	17	17	31	1	1	false	1	0
2465	3510	2	163	Gnome guard	gnomekingsguard	23	17	17	17	31	1	1	false	1	0
2466	3480	2	163	Gnome guard	gnomekingsguard	23	17	17	17	31	1	1	false	1	0
2466	3500	2	479	Gnome troop	gnomeknight	1	1	1	1	3	1	1	false	1	6
2467	3488	2	168	Gnome woman	gnomefemale	1	1	1	1	2	1	1	false	1	1
2467	3494	2	164	Gnome guard	gnomekingsguard2	23	18	18	18	31	1	1	false	1	0
2467	3510	2	164	Gnome guard	gnomekingsguard2	23	18	18	18	31	1	1	false	1	0
2468	3487	2	602	Gulluck	gnome_gulluck	0	1	1	1	1	1	1	false	1	0
2470	3503	2	168	Gnome woman	gnomefemale	1	1	1	1	2	1	1	false	1	1
2471	3496	2	164	Gnome guard	gnomekingsguard2	23	18	18	18	31	1	1	false	1	0
2481	3498	2	168	Gnome woman	gnomefemale	1	1	1	1	2	1	1	false	1	1
2483	3495	2	164	Gnome guard	gnomekingsguard2	23	18	18	18	31	1	1	false	1	0
2483	3497	2	164	Gnome guard	gnomekingsguard2	23	18	18	18	31	1	1	false	1	0
2464	3501	3	170	Gnome pilot	gnomepilot	0	1	1	1	1	1	1	false	1	0
2445	4599	0	1337	Larrissa	horror_girlfriend_postquest	0	1	1	1	1	1	1	false	1	0
2499	9433	0	863	Scared skavid	scared_skavid	0	1	1	1	1	1	1	false	2	0
2500	9451	0	867	Skavid	skavidtalker3	0	1	1	1	1	1	1	false	2	0
2501	9430	0	47	Rat	rat	1	1	1	1	2	1	1	false	1	0
2502	9437	0	47	Rat	rat	1	1	1	1	2	1	1	false	1	0
2503	9415	0	868	Skavid	skavidtalker4	0	1	1	1	1	1	1	false	2	0
2505	9461	0	47	Rat	rat	1	1	1	1	2	1	1	false	1	0
2509	9457	0	47	Rat	rat	1	1	1	1	2	1	1	false	1	0
2509	9464	0	47	Rat	rat	1	1	1	1	2	1	1	false	1	0
2514	9462	0	47	Rat	rat	1	1	1	1	2	1	1	false	1	0
2515	9452	0	866	Skavid	skavidtalker2	0	1	1	1	1	1	1	false	2	0
2519	9454	0	47	Rat	rat	1	1	1	1	2	1	1	false	1	0
2523	9411	0	864	Mad skavid	mad_skavid	0	1	1	1	1	1	1	false	2	0
2524	9437	0	47	Rat	rat	1	1	1	1	2	1	1	false	1	0
2527	9412	0	47	Rat	rat	1	1	1	1	2	1	1	false	1	0
2530	9465	0	865	Skavid	skavidtalker1	0	1	1	1	1	1	1	false	2	0
2533	9451	0	47	Rat	rat	1	1	1	1	2	1	1	false	1	0
2534	9441	0	47	Rat	rat	1	1	1	1	2	1	1	false	1	0
2540	9425	0	47	Rat	rat	1	1	1	1	2	1	1	false	1	0
2543	9415	0	47	Rat	rat	1	1	1	1	2	1	1	false	1	0
2543	9460	0	47	Rat	rat	1	1	1	1	2	1	1	false	1	0
2546	9418	0	47	Rat	rat	1	1	1	1	2	1	1	false	1	0
2547	9461	0	47	Rat	rat	1	1	1	1	2	1	1	false	1	0
2548	9413	0	47	Rat	rat	1	1	1	1	2	1	1	false	1	0
2548	9421	0	47	Rat	rat	1	1	1	1	2	1	1	false	1	0
2513	9569	0	122	Hobgoblin	hobgoblin_unarmed	28	22	24	24	29	1	1	false	1	0
2515	9568	0	122	Hobgoblin	hobgoblin_unarmed	28	22	24	24	29	1	1	false	1	0
2515	9571	0	122	Hobgoblin	hobgoblin_unarmed	28	22	24	24	29	1	1	false	1	0
2515	9573	0	122	Hobgoblin	hobgoblin_unarmed	28	22	24	24	29	1	1	false	1	0
2515	9581	0	306	Golrie	golrie_waterfall_quest	0	1	1	1	1	1	1	false	1	0
2519	9561	0	122	Hobgoblin	hobgoblin_unarmed	28	22	24	24	29	1	1	false	1	0
2519	9571	0	122	Hobgoblin	hobgoblin_unarmed	28	22	24	24	29	1	1	false	1	0
2522	9561	0	122	Hobgoblin	hobgoblin_unarmed	28	22	24	24	29	1	1	false	1	0
2529	9555	0	122	Hobgoblin	hobgoblin_unarmed	28	22	24	24	29	1	1	false	1	0
2533	9556	0	122	Hobgoblin	hobgoblin_unarmed	28	22	24	24	29	1	1	false	1	0
2539	9566	0	75	Zombie	zombie_armed	24	19	16	21	30	1	1	false	1	0
2540	9566	0	78	Giant bat	bat	27	22	22	22	32	1	1	true	2	0
2541	9569	0	73	Zombie	zombie_unarmed	13	8	10	9	22	1	1	false	1	0
2542	9557	0	78	Giant bat	bat	27	22	22	22	32	1	1	true	2	0
2543	9564	0	78	Giant bat	bat	27	22	22	22	32	1	1	true	2	0
2548	9567	0	73	Zombie	zombie_unarmed	13	8	10	9	22	1	1	false	1	0
2535	9719	0	714	Edmond	edmond	0	1	1	1	1	1	1	false	1	0
2541	9672	0	715	Elena	elenap	0	1	1	1	1	1	1	false	1	0
2528	9843	0	112	Moss giant	mossgiant	42	30	30	30	60	1	1	false	2	0
2529	9841	0	92	Skeleton	skeleton_armed	22	15	17	18	29	1	1	false	1	0
2530	9846	0	92	Skeleton	skeleton_armed	22	15	17	18	29	1	1	false	1	0
2533	9842	0	73	Zombie	zombie_unarmed	13	8	10	9	22	1	1	false	1	0
2538	9816	0	90	Skeleton	skeleton_unarmed	25	24	24	24	17	1	1	false	1	0
2540	9813	0	92	Skeleton	skeleton_armed	22	15	17	18	29	1	1	false	1	0
2540	9823	0	73	Zombie	zombie_unarmed	13	8	10	9	22	1	1	false	1	0
2540	9843	0	73	Zombie	zombie_unarmed	13	8	10	9	22	1	1	false	1	0
2541	9845	0	112	Moss giant	mossgiant	42	30	30	30	60	1	1	false	2	0
2542	9819	0	112	Moss giant	mossgiant	42	30	30	30	60	1	1	false	2	0
2542	9840	0	75	Zombie	zombie_armed	24	19	16	21	30	1	1	false	1	0
2543	9813	0	153	Butterfly	butterfly	0	1	1	1	1	1	1	false	1	0
2543	9847	0	92	Skeleton	skeleton_armed	22	15	17	18	29	1	1	false	1	0
2545	9822	0	92	Skeleton	skeleton_armed	22	15	17	18	29	1	1	false	1	0
2546	9815	0	75	Zombie	zombie_armed	24	19	16	21	30	1	1	false	1	0
2546	9842	0	75	Zombie	zombie_armed	24	19	16	21	30	1	1	false	1	0
2542	9897	0	47	Rat	rat	1	1	1	1	2	1	1	false	1	0
2511	10020	0	1342	Dagannoth	horror_dagannoth_medium_darker	92	68	71	70	120	1	1	false	2	0
2513	10018	0	1338	Dagannoth	horror_dagganoth_jr	74	68	50	70	70	1	1	false	1	4
2514	10012	0	1340	Dagannoth	horror_dagganoth_jr_lighter	74	68	50	70	70	1	1	false	1	4
2514	10027	0	1342	Dagannoth	horror_dagannoth_medium_darker	92	68	71	70	120	1	1	false	2	0
2515	10016	0	1341	Dagannoth	horror_dagannoth_medium	92	68	71	70	120	1	1	false	2	0
2515	10030	0	1339	Dagannoth	horror_dagganoth_jr_darker	74	68	50	70	70	1	1	false	1	4
2518	10013	0	1339	Dagannoth	horror_dagganoth_jr_darker	74	68	50	70	70	1	1	false	1	4
2518	10027	0	1338	Dagannoth	horror_dagganoth_jr	74	68	50	70	70	1	1	false	1	4
2519	10031	0	1343	Dagannoth	horror_dagannoth_medium_lighter	92	68	71	70	120	1	1	false	2	0
2520	10018	0	1338	Dagannoth	horror_dagganoth_jr	74	68	50	70	70	1	1	false	1	4
2521	10015	0	1339	Dagannoth	horror_dagganoth_jr_darker	74	68	50	70	70	1	1	false	1	4
2522	10023	0	1339	Dagannoth	horror_dagganoth_jr_darker	74	68	50	70	70	1	1	false	1	4
2522	10028	0	1338	Dagannoth	horror_dagganoth_jr	74	68	50	70	70	1	1	false	1	4
2523	10019	0	1341	Dagannoth	horror_dagannoth_medium	92	68	71	70	120	1	1	false	2	0
2524	10014	0	1340	Dagannoth	horror_dagganoth_jr_lighter	74	68	50	70	70	1	1	false	1	4
2524	10033	0	1339	Dagannoth	horror_dagganoth_jr_darker	74	68	50	70	70	1	1	false	1	4
2526	10035	0	1340	Dagannoth	horror_dagganoth_jr_lighter	74	68	50	70	70	1	1	false	1	4
2527	10019	0	1338	Dagannoth	horror_dagganoth_jr	74	68	50	70	70	1	1	false	1	4
2527	10024	0	1343	Dagannoth	horror_dagannoth_medium_lighter	92	68	71	70	120	1	1	false	2	0
2532	10023	0	1339	Dagannoth	horror_dagganoth_jr_darker	74	68	50	70	70	1	1	false	1	4
2534	10025	0	1342	Dagannoth	horror_dagannoth_medium_darker	92	68	71	70	120	1	1	false	2	0
2535	10030	0	1339	Dagannoth	horror_dagganoth_jr_darker	74	68	50	70	70	1	1	false	1	4
2498	2968	0	95	Wolf	wolf	64	50	52	55	69	1	1	false	2	0
2500	2959	0	95	Wolf	wolf	64	50	52	55	69	1	1	false	2	0
2502	2969	0	95	Wolf	wolf	64	50	52	55	69	1	1	false	2	0
2504	2965	0	114	Ogre	ogre	53	43	43	43	60	1	1	false	2	0
2504	2984	0	114	Ogre	ogre	53	43	43	43	60	1	1	false	2	0
2506	2959	0	95	Wolf	wolf	64	50	52	55	69	1	1	false	2	0
2509	2964	0	95	Wolf	wolf	64	50	52	55	69	1	1	false	2	0
2517	2976	0	60	Giant spider	giantspider2	27	20	21	24	32	1	1	false	1	0
2520	2973	0	114	Ogre	ogre	53	43	43	43	60	1	1	false	2	0
2523	2977	0	1013	Swamp toad	toad	0	1	1	1	1	1	1	false	1	0
2524	2981	0	1013	Swamp toad	toad	0	1	1	1	1	1	1	false	1	0
2525	2975	0	1013	Swamp toad	toad	0	1	1	1	1	1	1	false	1	0
2525	2986	0	114	Ogre	ogre	53	43	43	43	60	1	1	false	2	0
2527	2986	0	47	Rat	rat	1	1	1	1	2	1	1	false	1	0
2528	2983	0	1013	Swamp toad	toad	0	1	1	1	1	1	1	false	1	0
2530	2978	0	1013	Swamp toad	toad	0	1	1	1	1	1	1	false	1	0
2531	2976	0	47	Rat	rat	1	1	1	1	2	1	1	false	1	0
2533	2977	0	114	Ogre	ogre	53	43	43	43	60	1	1	false	2	0
2536	2975	0	114	Ogre	ogre	53	43	43	43	60	1	1	false	2	0
2539	2990	0	114	Ogre	ogre	53	43	43	43	60	1	1	false	2	0
2543	2984	0	1013	Swamp toad	toad	0	1	1	1	1	1	1	false	1	0
2545	2988	0	1013	Swamp toad	toad	0	1	1	1	1	1	1	false	1	0
2547	2982	0	1013	Swamp toad	toad	0	1	1	1	1	1	1	false	1	0
2547	2990	0	47	Rat	rat	1	1	1	1	2	1	1	false	1	0
2549	2979	0	114	Ogre	ogre	53	43	43	43	60	1	1	false	2	0
2550	2981	0	60	Giant spider	giantspider2	27	20	21	24	32	1	1	false	1	0
2551	2955	0	114	Ogre	ogre	53	43	43	43	60	1	1	false	2	0
2551	2985	0	1013	Swamp toad	toad	0	1	1	1	1	1	1	false	1	0
2552	2961	0	114	Ogre	ogre	53	43	43	43	60	1	1	false	2	0
2501	3012	0	860	Ogre guard	ogre_guard3	83	70	70	70	80	1	1	false	2	0
2503	3011	0	860	Ogre guard	ogre_guard3	83	70	70	70	80	1	1	false	2	0
2505	3032	0	852	Ogre chieftain	ogre_chieftan	81	75	75	71	60	1	1	false	2	0
2505	3062	0	859	Ogre guard	ogre_guard2	83	70	70	70	80	1	1	false	2	0
2506	3020	0	875	Ogre trader	ogre_trader2	70	62	63	60	60	1	1	false	2	0
2507	3036	0	870	Enclave guard	enclave_guard	83	70	70	70	80	1	1	false	2	0
2507	3040	0	870	Enclave guard	enclave_guard	83	70	70	70	80	1	1	false	2	0
2507	3062	0	859	Ogre guard	ogre_guard2	83	70	70	70	80	1	1	false	2	0
2510	3044	0	115	Ogre	ogre2	53	43	43	43	60	1	1	false	2	0
2512	3022	0	852	Ogre chieftain	ogre_chieftan	81	75	75	71	60	1	1	false	2	0
2513	3026	0	114	Ogre	ogre	53	43	43	43	60	1	1	false	2	0
2518	3035	0	873	Ogre trader	ogre_trader1	70	62	63	60	60	1	1	false	2	0
2518	3041	0	852	Ogre chieftain	ogre_chieftan	81	75	75	71	60	1	1	false	2	0
2520	3046	0	115	Ogre	ogre2	53	43	43	43	60	1	1	false	2	0
2522	3055	0	114	Ogre	ogre	53	43	43	43	60	1	1	false	2	0
2523	3057	0	114	Ogre	ogre	53	43	43	43	60	1	1	false	2	0
2525	3043	0	876	Ogre trader	falseogretrader	70	62	63	60	60	1	1	false	2	0
2526	3018	0	861	Ogre guard	ogre_guard4	83	70	70	70	80	1	1	false	2	0
2526	3039	0	115	Ogre	ogre2	53	43	43	43	60	1	1	false	2	0
2528	3044	0	852	Ogre chieftain	ogre_chieftan	81	75	75	71	60	1	1	false	2	0
2528	3048	0	874	Ogre merchant	ogre_merchant	70	62	63	60	60	1	1	false	2	0
2529	3019	0	861	Ogre guard	ogre_guard4	83	70	70	70	80	1	1	false	2	0
2529	3032	0	114	Ogre	ogre	53	43	43	43	60	1	1	false	2	0
2539	3018	0	114	Ogre	ogre	53	43	43	43	60	1	1	false	2	0
2541	3016	0	114	Ogre	ogre	53	43	43	43	60	1	1	false	2	0
2541	3029	0	862	City guard	city_guard	83	70	70	70	80	1	1	false	2	0
2541	3034	0	862	City guard	city_guard	83	70	70	70	80	1	1	false	2	0
2543	3031	0	862	City guard	city_guard	83	70	70	70	80	1	1	false	2	0
2549	3029	0	858	Ogre guard	ogre_guard1	83	70	70	70	80	1	1	false	2	0
2550	3043	0	114	Ogre	ogre	53	43	43	43	60	1	1	false	2	0
2550	3046	0	114	Ogre	ogre	53	43	43	43	60	1	1	false	2	0
2551	3031	0	858	Ogre guard	ogre_guard1	83	70	70	70	80	1	1	false	2	0
2553	3047	0	114	Ogre	ogre	53	43	43	43	60	1	1	false	2	0
2496	3092	0	114	Ogre	ogre	53	43	43	43	60	1	1	false	2	0
2497	3089	0	114	Ogre	ogre	53	43	43	43	60	1	1	false	2	0
2500	3092	0	114	Ogre	ogre	53	43	43	43	60	1	1	false	2	0
2500	3097	0	114	Ogre	ogre	53	43	43	43	60	1	1	false	2	0
2502	3114	0	115	Ogre	ogre2	53	43	43	43	60	1	1	false	2	0
2503	3095	0	114	Ogre	ogre	53	43	43	43	60	1	1	false	2	0
2504	3133	0	114	Ogre	ogre	53	43	43	43	60	1	1	false	2	0
2505	3111	0	115	Ogre	ogre2	53	43	43	43	60	1	1	false	2	0
2506	3116	0	853	Og	og	0	1	1	1	1	1	1	false	2	0
2507	3108	0	115	Ogre	ogre2	53	43	43	43	60	1	1	false	2	0
2508	3119	0	115	Ogre	ogre2	53	43	43	43	60	1	1	false	2	0
2509	3087	0	115	Ogre	ogre2	53	43	43	43	60	1	1	false	2	0
2510	3084	0	115	Ogre	ogre2	53	43	43	43	60	1	1	false	2	0
2513	3084	0	854	Grew	grew	0	1	1	1	1	1	1	false	2	0
2513	3087	0	115	Ogre	ogre2	53	43	43	43	60	1	1	false	2	0
2514	3081	0	115	Ogre	ogre2	53	43	43	43	60	1	1	false	2	0
2535	3091	0	878	Colonel Radick	colonel_radick	38	25	25	25	65	1	1	false	1	0
2540	3090	0	877	Tower guard	tower_guard	28	26	26	26	22	1	1	false	1	0
2540	3102	0	35	Soldier	yanille_soldier	28	26	26	25	22	1	1	false	1	0
2542	3094	0	35	Soldier	yanille_soldier	28	26	26	25	22	1	1	false	1	0
2543	3088	0	35	Soldier	yanille_soldier	28	26	26	25	22	1	1	false	1	0
2545	3094	0	35	Soldier	yanille_soldier	28	26	26	25	22	1	1	false	1	0
2545	3113	0	877	Tower guard	tower_guard	28	26	26	26	22	1	1	false	1	0
2546	3085	0	35	Soldier	yanille_soldier	28	26	26	25	22	1	1	false	1	0
2546	3116	0	877	Tower guard	tower_guard	28	26	26	26	22	1	1	false	1	0
2547	3091	0	35	Soldier	yanille_soldier	28	26	26	25	22	1	1	false	1	0
2549	3112	0	877	Tower guard	tower_guard	28	26	26	26	22	1	1	false	1	0
2554	3117	0	877	Tower guard	tower_guard	28	26	26	26	22	1	1	false	1	0
2556	3078	0	739	Bartender	dragon_bartender	0	1	1	1	1	1	1	false	1	0
2533	3086	1	35	Soldier	yanille_soldier	28	26	26	25	22	1	1	false	1	0
2533	3094	1	35	Soldier	yanille_soldier	28	26	26	25	22	1	1	false	1	0
2534	3097	1	35	Soldier	yanille_soldier	28	26	26	25	22	1	1	false	1	0
2535	3088	1	35	Soldier	yanille_soldier	28	26	26	25	22	1	1	false	1	0
2537	3078	1	35	Soldier	yanille_soldier	28	26	26	25	22	1	1	false	1	0
2537	3102	1	35	Soldier	yanille_soldier	28	26	26	25	22	1	1	false	1	0
2539	3107	1	35	Soldier	yanille_soldier	28	26	26	25	22	1	1	false	1	0
2544	3112	1	34	Watchman	yanille_watchman	33	31	31	31	22	1	1	false	1	0
2545	3116	1	34	Watchman	yanille_watchman	33	31	31	31	22	1	1	false	1	0
2549	3112	1	34	Watchman	yanille_watchman	33	31	31	31	22	1	1	false	1	0
2549	3116	1	34	Watchman	yanille_watchman	33	31	31	31	22	1	1	false	1	0
2551	3109	1	35	Soldier	yanille_soldier	28	26	26	25	22	1	1	false	1	0
2553	3073	1	35	Soldier	yanille_soldier	28	26	26	25	22	1	1	false	1	0
2558	3073	1	35	Soldier	yanille_soldier	28	26	26	25	22	1	1	false	1	0
2544	3112	2	872	Watchtower wizard	watchtower_wizard	0	1	1	1	1	1	1	false	1	0
2544	3117	2	872	Watchtower wizard	watchtower_wizard	0	1	1	1	1	1	1	false	1	0
2549	3112	2	872	Watchtower wizard	watchtower_wizard	0	1	1	1	1	1	1	false	1	0
2549	3116	2	872	Watchtower wizard	watchtower_wizard	0	1	1	1	1	1	1	false	1	0
2498	3141	0	136	Terrorbird	terrorbird	28	23	19	23	34	1	1	false	2	0
2501	3159	0	106	Bear	darkbear	19	15	13	16	25	1	1	false	2	0
2502	3184	0	47	Rat	rat	1	1	1	1	2	1	1	false	1	0
2504	3140	0	136	Terrorbird	terrorbird	28	23	19	23	34	1	1	false	2	0
2504	3191	0	473	Elkoy	elkoy	0	1	1	1	1	1	1	false	1	0
2505	3176	0	101	Goblin	goblin_armed	5	3	4	1	12	1	1	false	1	0
2506	3190	0	47	Rat	rat	1	1	1	1	2	1	1	false	1	0
2507	3149	0	117	Giant	giant	28	18	26	22	35	1	1	false	2	0
2508	3187	0	47	Rat	rat	1	1	1	1	2	1	1	false	1	0
2509	3191	0	47	Rat	rat	1	1	1	1	2	1	1	false	1	0
2511	3188	0	47	Rat	rat	1	1	1	1	2	1	1	false	1	0
2512	3190	0	47	Rat	rat	1	1	1	1	2	1	1	false	1	0
2513	3187	0	47	Rat	rat	1	1	1	1	2	1	1	false	1	0
2514	3159	0	474	Elkoy	elkoy_village	0	1	1	1	1	1	1	false	1	0
2516	3190	0	47	Rat	rat	1	1	1	1	2	1	1	false	1	0
2516	3191	0	47	Rat	rat	1	1	1	1	2	1	1	false	1	0
2516	3197	0	95	Wolf	wolf	64	50	52	55	69	1	1	false	2	0
2517	3184	0	86	Giant rat	giantrat	3	2	2	3	5	1	1	false	2	0
2519	3145	0	101	Goblin	goblin_armed	5	3	4	1	12	1	1	false	1	0
2520	3187	0	87	Giant rat	giantrat1	6	6	2	5	10	1	1	false	2	0
2521	3169	0	67	Gnome	browclothedgnome	1	1	1	1	3	1	1	false	1	6
2521	3171	0	67	Gnome	browclothedgnome	1	1	1	1	3	1	1	false	1	6
2521	3177	0	486	Kalron	lostgnome	0	3	3	3	3	1	1	false	1	0
2522	3172	0	68	Gnome	darkskinned_gnome	1	1	1	1	3	1	1	false	1	6
2523	3155	0	101	Goblin	goblin_armed	5	3	4	1	12	1	1	false	1	0
2524	3169	0	472	Remsai	remsai	0	1	1	1	1	1	1	false	1	0
2526	3168	0	66	Gnome	gnome	1	1	1	1	3	1	1	false	1	6
2529	3163	0	66	Gnome	gnome	1	1	1	1	3	1	1	false	1	6
2530	3172	0	66	Gnome	gnome	1	1	1	1	3	1	1	false	1	6
2535	3181	0	61	Spider	spider	1	1	1	1	2	1	1	false	1	0
2535	3183	0	61	Spider	spider	1	1	1	1	2	1	1	false	1	0
2536	3169	0	66	Gnome	gnome	1	1	1	1	3	1	1	false	1	6
2536	3180	0	61	Spider	spider	1	1	1	1	2	1	1	false	1	0
2537	3183	0	61	Spider	spider	1	1	1	1	2	1	1	false	1	0
2540	3167	0	157	Butterfly	butterfly_viceroy	0	1	1	1	1	1	1	false	1	0
2541	3168	0	485	Local Gnome	chantergnome	0	3	3	3	3	1	1	false	1	0
2541	3171	0	485	Local Gnome	chantergnome	0	3	3	3	3	1	1	false	1	0
2541	3182	0	61	Spider	spider	1	1	1	1	2	1	1	false	1	0
2541	3188	0	61	Spider	spider	1	1	1	1	2	1	1	false	1	0
2542	3155	0	101	Goblin	goblin_armed	5	3	4	1	12	1	1	false	1	0
2542	3167	0	485	Local Gnome	chantergnome	0	3	3	3	3	1	1	false	1	0
2542	3169	0	469	King Bolren	king_bolren	0	1	1	1	1	1	1	false	1	0
2542	3172	0	485	Local Gnome	chantergnome	0	3	3	3	3	1	1	false	1	0
2542	3186	0	61	Spider	spider	1	1	1	1	2	1	1	false	1	0
2544	3191	0	61	Spider	spider	1	1	1	1	2	1	1	false	1	0
2545	3144	0	117	Giant	giant	28	18	26	22	35	1	1	false	2	0
2548	3147	0	117	Giant	giant	28	18	26	22	35	1	1	false	2	0
2548	3179	0	95	Wolf	wolf	64	50	52	55	69	1	1	false	2	0
2548	3190	0	61	Spider	spider	1	1	1	1	2	1	1	false	1	0
2549	3139	0	153	Butterfly	butterfly	0	1	1	1	1	1	1	false	1	0
2550	3166	0	101	Goblin	goblin_armed	5	3	4	1	12	1	1	false	1	0
2550	3197	0	100	Goblin	goblin	2	1	1	1	5	1	1	false	1	0
2552	3195	0	100	Goblin	goblin	2	1	1	1	5	1	1	false	1	0
2553	3198	0	100	Goblin	goblin	2	1	1	1	5	1	1	false	1	0
2554	3192	0	114	Ogre	ogre	53	43	43	43	60	1	1	false	2	0
2555	3194	0	100	Goblin	goblin	2	1	1	1	5	1	1	false	1	0
2557	3198	0	101	Goblin	goblin_armed	5	3	4	1	12	1	1	false	1	0
2527	3161	1	471	Bolkoy	treevillage_shopkeeper1	0	1	1	1	1	1	1	false	1	0
2496	3235	0	483	Gnome	tracker3	0	1	1	1	1	1	1	false	1	0
2500	3226	0	138	Mounted terrorbird gnome	terrorbird3	49	40	40	40	55	1	1	false	2	0
2502	3242	0	475	Khazard trooper	khazard_troop	19	17	12	18	22	1	1	false	1	0
2502	3261	0	481	Gnome	tracker1	0	1	1	1	1	1	1	false	1	0
2506	3229	0	67	Gnome	browclothedgnome	1	1	1	1	3	1	1	false	1	6
2507	3210	0	480	Gnome troop	d_skingnomeknight	1	1	1	1	3	1	1	false	1	6
2507	3211	0	480	Gnome troop	d_skingnomeknight	1	1	1	1	3	1	1	false	1	6
2508	3209	0	66	Gnome	gnome	1	1	1	1	3	1	1	false	1	6
2509	3241	0	475	Khazard trooper	khazard_troop	19	17	12	18	22	1	1	false	1	0
2509	3254	0	478	Khazard commander	khazard_commander	48	50	50	45	22	1	1	false	1	0
2510	3209	0	66	Gnome	gnome	1	1	1	1	3	1	1	false	1	6
2511	3210	0	68	Gnome	darkskinned_gnome	1	1	1	1	3	1	1	false	1	6
2511	3240	0	475	Khazard trooper	khazard_troop	19	17	12	18	22	1	1	false	1	0
2512	3233	0	476	Khazard trooper	khazard_troop_spearmen	19	17	13	16	22	1	1	false	1	0
2512	3246	0	475	Khazard trooper	khazard_troop	19	17	12	18	22	1	1	false	1	0
2513	3216	0	66	Gnome	gnome	1	1	1	1	3	1	1	false	1	6
2514	3235	0	475	Khazard trooper	khazard_troop	19	17	12	18	22	1	1	false	1	0
2515	3216	0	68	Gnome	darkskinned_gnome	1	1	1	1	3	1	1	false	1	6
2515	3230	0	68	Gnome	darkskinned_gnome	1	1	1	1	3	1	1	false	1	6
2516	3236	0	476	Khazard trooper	khazard_troop_spearmen	19	17	13	16	22	1	1	false	1	0
2516	3246	0	475	Khazard trooper	khazard_troop	19	17	12	18	22	1	1	false	1	0
2517	3212	0	66	Gnome	gnome	1	1	1	1	3	1	1	false	1	6
2517	3242	0	475	Khazard trooper	khazard_troop	19	17	12	18	22	1	1	false	1	0
2518	3217	0	66	Gnome	gnome	1	1	1	1	3	1	1	false	1	6
2518	3248	0	475	Khazard trooper	khazard_troop	19	17	12	18	22	1	1	false	1	0
2518	3255	0	475	Khazard trooper	khazard_troop	19	17	12	18	22	1	1	false	1	0
2519	3210	0	67	Gnome	browclothedgnome	1	1	1	1	3	1	1	false	1	6
2519	3212	0	68	Gnome	darkskinned_gnome	1	1	1	1	3	1	1	false	1	6
2519	3244	0	475	Khazard trooper	khazard_troop	19	17	12	18	22	1	1	false	1	0
2519	3248	0	475	Khazard trooper	khazard_troop	19	17	12	18	22	1	1	false	1	0
2520	3218	0	66	Gnome	gnome	1	1	1	1	3	1	1	false	1	6
2520	3232	0	476	Khazard trooper	khazard_troop_spearmen	19	17	13	16	22	1	1	false	1	0
2520	3242	0	475	Khazard trooper	khazard_troop	19	17	12	18	22	1	1	false	1	0
2521	3218	0	68	Gnome	darkskinned_gnome	1	1	1	1	3	1	1	false	1	6
2522	3215	0	67	Gnome	browclothedgnome	1	1	1	1	3	1	1	false	1	6
2522	3234	0	476	Khazard trooper	khazard_troop_spearmen	19	17	13	16	22	1	1	false	1	0
2522	3238	0	475	Khazard trooper	khazard_troop	19	17	12	18	22	1	1	false	1	0
2523	3211	0	470	Commander Montai	commander_montai	0	1	1	1	1	1	1	false	1	0
2524	3214	0	68	Gnome	darkskinned_gnome	1	1	1	1	3	1	1	false	1	6
2524	3234	0	138	Mounted terrorbird gnome	terrorbird3	49	40	40	40	55	1	1	false	2	0
2524	3257	0	482	Gnome	tracker2	0	1	1	1	1	1	1	false	1	0
2525	3204	0	66	Gnome	gnome	1	1	1	1	3	1	1	false	1	6
2525	3221	0	66	Gnome	gnome	1	1	1	1	3	1	1	false	1	6
2526	3218	0	67	Gnome	browclothedgnome	1	1	1	1	3	1	1	false	1	6
2526	3226	0	67	Gnome	browclothedgnome	1	1	1	1	3	1	1	false	1	6
2527	3203	0	68	Gnome	darkskinned_gnome	1	1	1	1	3	1	1	false	1	6
2527	3239	0	476	Khazard trooper	khazard_troop_spearmen	19	17	13	16	22	1	1	false	1	0
2528	3237	0	476	Khazard trooper	khazard_troop_spearmen	19	17	13	16	22	1	1	false	1	0
2528	3239	0	476	Khazard trooper	khazard_troop_spearmen	19	17	13	16	22	1	1	false	1	0
2528	3248	0	475	Khazard trooper	khazard_troop	19	17	12	18	22	1	1	false	1	0
2529	3218	0	68	Gnome	darkskinned_gnome	1	1	1	1	3	1	1	false	1	6
2529	3220	0	66	Gnome	gnome	1	1	1	1	3	1	1	false	1	6
2529	3225	0	479	Gnome troop	gnomeknight	1	1	1	1	3	1	1	false	1	6
2529	3227	0	479	Gnome troop	gnomeknight	1	1	1	1	3	1	1	false	1	6
2529	3235	0	475	Khazard trooper	khazard_troop	19	17	12	18	22	1	1	false	1	0
2529	3236	0	476	Khazard trooper	khazard_troop_spearmen	19	17	13	16	22	1	1	false	1	0
2529	3237	0	476	Khazard trooper	khazard_troop_spearmen	19	17	13	16	22	1	1	false	1	0
2529	3239	0	476	Khazard trooper	khazard_troop_spearmen	19	17	13	16	22	1	1	false	1	0
2529	3252	0	475	Khazard trooper	khazard_troop	19	17	12	18	22	1	1	false	1	0
2530	3217	0	138	Mounted terrorbird gnome	terrorbird3	49	40	40	40	55	1	1	false	2	0
2530	3226	0	480	Gnome troop	d_skingnomeknight	1	1	1	1	3	1	1	false	1	6
2530	3227	0	480	Gnome troop	d_skingnomeknight	1	1	1	1	3	1	1	false	1	6
2530	3235	0	475	Khazard trooper	khazard_troop	19	17	12	18	22	1	1	false	1	0
2531	3209	0	67	Gnome	browclothedgnome	1	1	1	1	3	1	1	false	1	6
2531	3210	0	67	Gnome	browclothedgnome	1	1	1	1	3	1	1	false	1	6
2531	3212	0	479	Gnome troop	gnomeknight	1	1	1	1	3	1	1	false	1	6
2531	3227	0	480	Gnome troop	d_skingnomeknight	1	1	1	1	3	1	1	false	1	6
2531	3235	0	475	Khazard trooper	khazard_troop	19	17	12	18	22	1	1	false	1	0
2531	3243	0	476	Khazard trooper	khazard_troop_spearmen	19	17	13	16	22	1	1	false	1	0
2532	3209	0	67	Gnome	browclothedgnome	1	1	1	1	3	1	1	false	1	6
2532	3210	0	67	Gnome	browclothedgnome	1	1	1	1	3	1	1	false	1	6
2532	3212	0	480	Gnome troop	d_skingnomeknight	1	1	1	1	3	1	1	false	1	6
2532	3217	0	138	Mounted terrorbird gnome	terrorbird3	49	40	40	40	55	1	1	false	2	0
2532	3220	0	67	Gnome	browclothedgnome	1	1	1	1	3	1	1	false	1	6
2532	3225	0	479	Gnome troop	gnomeknight	1	1	1	1	3	1	1	false	1	6
2532	3226	0	479	Gnome troop	gnomeknight	1	1	1	1	3	1	1	false	1	6
2532	3227	0	480	Gnome troop	d_skingnomeknight	1	1	1	1	3	1	1	false	1	6
2532	3244	0	476	Khazard trooper	khazard_troop_spearmen	19	17	13	16	22	1	1	false	1	0
2533	3209	0	67	Gnome	browclothedgnome	1	1	1	1	3	1	1	false	1	6
2533	3210	0	67	Gnome	browclothedgnome	1	1	1	1	3	1	1	false	1	6
2533	3212	0	479	Gnome troop	gnomeknight	1	1	1	1	3	1	1	false	1	6
2533	3226	0	480	Gnome troop	d_skingnomeknight	1	1	1	1	3	1	1	false	1	6
2534	3209	0	67	Gnome	browclothedgnome	1	1	1	1	3	1	1	false	1	6
2534	3210	0	67	Gnome	browclothedgnome	1	1	1	1	3	1	1	false	1	6
2534	3212	0	479	Gnome troop	gnomeknight	1	1	1	1	3	1	1	false	1	6
2534	3217	0	138	Mounted terrorbird gnome	terrorbird3	49	40	40	40	55	1	1	false	2	0
2534	3220	0	68	Gnome	darkskinned_gnome	1	1	1	1	3	1	1	false	1	6
2534	3238	0	476	Khazard trooper	khazard_troop_spearmen	19	17	13	16	22	1	1	false	1	0
2536	3209	0	67	Gnome	browclothedgnome	1	1	1	1	3	1	1	false	1	6
2536	3210	0	67	Gnome	browclothedgnome	1	1	1	1	3	1	1	false	1	6
2536	3212	0	480	Gnome troop	d_skingnomeknight	1	1	1	1	3	1	1	false	1	6
2536	3215	0	67	Gnome	browclothedgnome	1	1	1	1	3	1	1	false	1	6
2536	3218	0	66	Gnome	gnome	1	1	1	1	3	1	1	false	1	6
2536	3234	0	67	Gnome	browclothedgnome	1	1	1	1	3	1	1	false	1	6
2536	3248	0	475	Khazard trooper	khazard_troop	19	17	12	18	22	1	1	false	1	0
2537	3209	0	67	Gnome	browclothedgnome	1	1	1	1	3	1	1	false	1	6
2537	3210	0	67	Gnome	browclothedgnome	1	1	1	1	3	1	1	false	1	6
2537	3212	0	479	Gnome troop	gnomeknight	1	1	1	1	3	1	1	false	1	6
2537	3236	0	138	Mounted terrorbird gnome	terrorbird3	49	40	40	40	55	1	1	false	2	0
2537	3241	0	475	Khazard trooper	khazard_troop	19	17	12	18	22	1	1	false	1	0
2537	3249	0	475	Khazard trooper	khazard_troop	19	17	12	18	22	1	1	false	1	0
2538	3209	0	67	Gnome	browclothedgnome	1	1	1	1	3	1	1	false	1	6
2538	3210	0	67	Gnome	browclothedgnome	1	1	1	1	3	1	1	false	1	6
2538	3212	0	479	Gnome troop	gnomeknight	1	1	1	1	3	1	1	false	1	6
2538	3241	0	476	Khazard trooper	khazard_troop_spearmen	19	17	13	16	22	1	1	false	1	0
2539	3209	0	67	Gnome	browclothedgnome	1	1	1	1	3	1	1	false	1	6
2539	3210	0	67	Gnome	browclothedgnome	1	1	1	1	3	1	1	false	1	6
2539	3212	0	480	Gnome troop	d_skingnomeknight	1	1	1	1	3	1	1	false	1	6
2539	3243	0	476	Khazard trooper	khazard_troop_spearmen	19	17	13	16	22	1	1	false	1	0
2540	3219	0	66	Gnome	gnome	1	1	1	1	3	1	1	false	1	6
2540	3224	0	68	Gnome	darkskinned_gnome	1	1	1	1	3	1	1	false	1	6
2541	3243	0	475	Khazard trooper	khazard_troop	19	17	12	18	22	1	1	false	1	0
2542	3222	0	67	Gnome	browclothedgnome	1	1	1	1	3	1	1	false	1	6
2543	3217	0	67	Gnome	browclothedgnome	1	1	1	1	3	1	1	false	1	6
2543	3246	0	475	Khazard trooper	khazard_troop	19	17	12	18	22	1	1	false	1	0
2544	3225	0	68	Gnome	darkskinned_gnome	1	1	1	1	3	1	1	false	1	6
2544	3247	0	476	Khazard trooper	khazard_troop_spearmen	19	17	13	16	22	1	1	false	1	0
2545	3228	0	67	Gnome	browclothedgnome	1	1	1	1	3	1	1	false	1	6
2546	3211	0	67	Gnome	browclothedgnome	1	1	1	1	3	1	1	false	1	6
2547	3221	0	68	Gnome	darkskinned_gnome	1	1	1	1	3	1	1	false	1	6
2548	3227	0	66	Gnome	gnome	1	1	1	1	3	1	1	false	1	6
2550	3228	0	66	Gnome	gnome	1	1	1	1	3	1	1	false	1	6
2551	3222	0	66	Gnome	gnome	1	1	1	1	3	1	1	false	1	6
2551	3230	0	66	Gnome	gnome	1	1	1	1	3	1	1	false	1	6
2552	3232	0	66	Gnome	gnome	1	1	1	1	3	1	1	false	1	6
2553	3220	0	67	Gnome	browclothedgnome	1	1	1	1	3	1	1	false	1	6
2553	3224	0	66	Gnome	gnome	1	1	1	1	3	1	1	false	1	6
2554	3233	0	68	Gnome	darkskinned_gnome	1	1	1	1	3	1	1	false	1	6
2555	3225	0	68	Gnome	darkskinned_gnome	1	1	1	1	3	1	1	false	1	6
2556	3226	0	67	Gnome	browclothedgnome	1	1	1	1	3	1	1	false	1	6
2503	3255	1	478	Khazard commander	khazard_commander	48	50	50	45	22	1	1	false	1	0
2497	3292	0	75	Zombie	zombie_armed	24	19	16	21	30	1	1	false	1	0
2499	3286	0	73	Zombie	zombie_unarmed	13	8	10	9	22	1	1	false	1	0
2500	3283	0	73	Zombie	zombie_unarmed	13	8	10	9	22	1	1	false	1	0
2501	3289	0	103	Ghost	ghost	19	13	18	13	25	1	1	false	1	0
2501	3294	0	103	Ghost	ghost	19	13	18	13	25	1	1	false	1	0
2501	3315	0	348	Mourner	mourner3	24	20	20	20	25	1	1	false	1	0
2504	3318	0	355	Child	w_ardoungechild1	0	1	1	1	1	1	1	false	1	0
2504	3326	0	353	Woman	w_ardoungecitizenlady1	4	2	1	1	13	1	1	false	1	0
2506	3284	0	73	Zombie	zombie_unarmed	13	8	10	9	22	1	1	false	1	0
2509	3314	0	353	Woman	w_ardoungecitizenlady1	4	2	1	1	13	1	1	false	1	0
2509	3325	0	351	Man	dskin_w_ardoungecitizen1	4	2	1	1	13	1	1	false	1	0
2510	3318	0	354	Woman	dskin_w_ardoungecitizenlady1	3	2	1	1	10	1	1	false	1	0
2511	3287	0	75	Zombie	zombie_armed	24	19	16	21	30	1	1	false	1	0
2511	3322	0	352	Woman	dskin_w_ardoungecitizen2	3	2	1	1	10	1	1	false	1	0
2513	3294	0	717	Mourner	mourner1	0	1	1	1	1	1	1	false	1	0
2513	3315	0	363	Woman	w_ardoungecitizenlady4	14	10	10	10	23	1	1	false	1	0
2513	3325	0	348	Mourner	mourner3	24	20	20	20	25	1	1	false	1	0
2516	3274	0	373	Nurse Sarah	bionurse	0	1	1	1	1	1	1	false	1	0
2518	3275	0	356	Child	dskin_w_ardoungechild1	0	1	1	1	1	1	1	false	1	0
2518	3309	0	357	Mourner	mourner_armed	18	17	17	17	13	1	1	false	1	0
2518	3320	0	717	Mourner	mourner1	0	1	1	1	1	1	1	false	1	0
2519	3267	0	352	Woman	dskin_w_ardoungecitizen2	3	2	1	1	10	1	1	false	1	0
2519	3277	0	361	Woman	dskin_w_ardoungecitizenlady4	12	10	10	10	13	1	1	false	1	0
2520	3279	0	351	Man	dskin_w_ardoungecitizen1	4	2	1	1	13	1	1	false	1	0
2520	3308	0	360	Woman	dskin_w_ardoungecitizenlady3	4	2	1	1	13	1	1	false	1	0
2523	3276	0	362	Woman	w_ardoungecitizenlady2	3	2	1	1	10	1	1	false	1	0
2523	3307	0	356	Child	dskin_w_ardoungechild1	0	1	1	1	1	1	1	false	1	0
2524	3270	0	351	Man	dskin_w_ardoungecitizen1	4	2	1	1	13	1	1	false	1	0
2524	3271	0	354	Woman	dskin_w_ardoungecitizenlady1	3	2	1	1	10	1	1	false	1	0
2524	3292	0	347	Mourner	mourner2	11	8	8	8	19	1	1	false	1	0
2524	3303	0	361	Woman	dskin_w_ardoungecitizenlady4	12	10	10	10	13	1	1	false	1	0
2525	3309	0	362	Woman	w_ardoungecitizenlady2	3	2	1	1	10	1	1	false	1	0
2526	3279	0	348	Mourner	mourner3	24	20	20	20	25	1	1	false	1	0
2526	3303	0	357	Mourner	mourner_armed	18	17	17	17	13	1	1	false	1	0
2528	3269	0	353	Woman	w_ardoungecitizenlady1	4	2	1	1	13	1	1	false	1	0
2528	3297	0	348	Mourner	mourner3	24	20	20	20	25	1	1	false	1	0
2528	3305	0	361	Woman	dskin_w_ardoungecitizenlady4	12	10	10	10	13	1	1	false	1	0
2528	3317	0	713	Clerk	clerk	0	1	1	1	1	1	1	false	1	0
2529	3285	0	358	Priest	w_ardoungepriest	0	1	1	1	1	1	1	false	1	0
2529	3308	0	354	Woman	dskin_w_ardoungecitizenlady1	3	2	1	1	10	1	1	false	1	0
2530	3274	0	717	Mourner	mourner1	0	1	1	1	1	1	1	false	1	0
2531	3272	0	719	Mourner	mournertwb	0	1	1	1	1	1	1	false	1	0
2532	3304	0	353	Woman	w_ardoungecitizenlady1	4	2	1	1	13	1	1	false	1	0
2534	3273	0	719	Mourner	mournertwb	0	1	1	1	1	1	1	false	1	0
2535	3288	0	348	Mourner	mourner3	24	20	20	20	25	1	1	false	1	0
2535	3296	0	717	Mourner	mourner1	0	1	1	1	1	1	1	false	1	0
2536	3294	0	347	Mourner	mourner2	11	8	8	8	19	1	1	false	1	0
2536	3308	0	729	Man	w_ardougnecitizen4	0	1	1	1	1	1	1	false	1	0
2536	3314	0	711	Bravek	bravek	0	1	1	1	1	1	1	false	1	0
2537	3306	0	728	Man	w_ardougnecitizen3	0	1	1	1	1	1	1	false	1	0
2537	3324	0	362	Woman	w_ardoungecitizenlady2	3	2	1	1	10	1	1	false	1	0
2538	3302	0	729	Man	w_ardougnecitizen4	0	1	1	1	1	1	1	false	1	0
2538	3321	0	347	Mourner	mourner2	11	8	8	8	19	1	1	false	1	0
2539	3273	0	719	Mourner	mournertwb	0	1	1	1	1	1	1	false	1	0
2540	3279	0	352	Woman	dskin_w_ardoungecitizen2	3	2	1	1	10	1	1	false	1	0
2540	3305	0	725	Jethick	jethick	0	1	1	1	1	1	1	false	1	0
2540	3308	0	728	Man	w_ardougnecitizen3	0	1	1	1	1	1	1	false	1	0
2541	3273	0	719	Mourner	mournertwb	0	1	1	1	1	1	1	false	1	0
2542	3286	0	716	Head mourner	headmourner	0	1	1	1	1	1	1	false	1	0
2542	3304	0	363	Woman	w_ardoungecitizenlady4	14	10	10	10	23	1	1	false	1	0
2542	3306	0	720	Recruiter	recruiter	0	1	1	1	1	1	1	false	1	0
2542	3326	0	369	Mourner	mournerstew3	24	20	20	20	25	1	1	false	1	0
2543	3309	0	357	Mourner	mourner_armed	18	17	17	17	13	1	1	false	1	0
2545	3324	0	369	Mourner	mournerstew3	24	20	20	20	25	1	1	false	1	0
2545	3326	0	371	Mourner	mournerstew1	12	10	10	10	13	1	1	false	1	0
2545	3327	0	369	Mourner	mournerstew3	24	20	20	20	25	1	1	false	1	0
2546	3277	0	353	Woman	w_ardoungecitizenlady1	4	2	1	1	13	1	1	false	1	0
2547	3277	0	355	Child	w_ardoungechild1	0	1	1	1	1	1	1	false	1	0
2548	3287	0	348	Mourner	mourner3	24	20	20	20	25	1	1	false	1	0
2548	3309	0	361	Woman	dskin_w_ardoungecitizenlady4	12	10	10	10	13	1	1	false	1	0
2550	3319	0	357	Mourner	mourner_armed	18	17	17	17	13	1	1	false	1	0
2551	3322	0	371	Mourner	mournerstew1	12	10	10	10	13	1	1	false	1	0
2552	3319	0	357	Mourner	mourner_armed	18	17	17	17	13	1	1	false	1	0
2552	3326	0	369	Mourner	mournerstew3	24	20	20	20	25	1	1	false	1	0
2553	3275	0	360	Woman	dskin_w_ardoungecitizenlady3	4	2	1	1	13	1	1	false	1	0
2553	3322	0	369	Mourner	mournerstew3	24	20	20	20	25	1	1	false	1	0
2553	3324	0	369	Mourner	mournerstew3	24	20	20	20	25	1	1	false	1	0
2554	3307	0	360	Woman	dskin_w_ardoungecitizenlady3	4	2	1	1	13	1	1	false	1	0
2554	3314	0	360	Woman	dskin_w_ardoungecitizenlady3	4	2	1	1	13	1	1	false	1	0
2555	3324	0	371	Mourner	mournerstew1	12	10	10	10	13	1	1	false	1	0
2555	3326	0	371	Mourner	mournerstew1	12	10	10	10	13	1	1	false	1	0
2556	3266	0	349	Kilron	kilron	0	1	1	1	1	1	1	false	1	0
2559	3266	0	350	Omart	omart	0	1	1	1	1	1	1	false	1	0
2559	3303	0	372	Mourner	mournerwatchtower	0	1	1	1	1	1	1	false	1	0
2559	3305	0	372	Mourner	mournerwatchtower	0	1	1	1	1	1	1	false	1	0
2551	3324	1	370	Mourner	mournerstew2	13	10	10	10	19	1	1	false	1	0
2551	3327	1	370	Mourner	mournerstew2	13	10	10	10	19	1	1	false	1	0
2499	3330	0	47	Rat	rat	1	1	1	1	2	1	1	false	1	0
2500	3331	0	47	Rat	rat	1	1	1	1	2	1	1	false	1	0
2503	3330	0	47	Rat	rat	1	1	1	1	2	1	1	false	1	0
2503	3333	0	47	Rat	rat	1	1	1	1	2	1	1	false	1	0
2508	3330	0	47	Rat	rat	1	1	1	1	2	1	1	false	1	0
2508	3370	0	346	Guard	lathastrainer3	0	1	1	1	1	1	1	false	1	0
2510	3378	0	344	Guard	lathastrainer1	0	1	1	1	1	1	1	false	1	0
2511	3383	0	344	Guard	lathastrainer1	0	1	1	1	1	1	1	false	1	0
2512	3374	0	346	Guard	lathastrainer3	0	1	1	1	1	1	1	false	1	0
2514	3330	0	47	Rat	rat	1	1	1	1	2	1	1	false	1	0
2514	3334	0	47	Rat	rat	1	1	1	1	2	1	1	false	1	0
2514	3385	0	561	Shop keeper	lathas_shopkeeper	0	1	1	1	1	1	1	false	1	0
2515	3356	0	344	Guard	lathastrainer1	0	1	1	1	1	1	1	false	1	0
2517	3332	0	47	Rat	rat	1	1	1	1	2	1	1	false	1	0
2518	3329	0	47	Rat	rat	1	1	1	1	2	1	1	false	1	0
2518	3371	0	346	Guard	lathastrainer3	0	1	1	1	1	1	1	false	1	0
2519	3356	0	344	Guard	lathastrainer1	0	1	1	1	1	1	1	false	1	0
2519	3366	0	345	Guard	lathastrainer2	0	1	1	1	1	1	1	false	1	0
2521	3329	0	47	Rat	rat	1	1	1	1	2	1	1	false	1	0
2521	3383	0	344	Guard	lathastrainer1	0	1	1	1	1	1	1	false	1	0
2523	3373	0	374	Ogre	lathastrainingogre	63	54	54	54	60	1	1	false	2	0
2523	3376	0	374	Ogre	lathastrainingogre	63	54	54	54	60	1	1	false	2	0
2524	3362	0	344	Guard	lathastrainer1	0	1	1	1	1	1	1	false	1	0
2525	3334	0	47	Rat	rat	1	1	1	1	2	1	1	false	1	0
2525	3369	0	345	Guard	lathastrainer2	0	1	1	1	1	1	1	false	1	0
2525	3380	0	346	Guard	lathastrainer3	0	1	1	1	1	1	1	false	1	0
2525	3383	0	344	Guard	lathastrainer1	0	1	1	1	1	1	1	false	1	0
2526	3373	0	374	Ogre	lathastrainingogre	63	54	54	54	60	1	1	false	2	0
2526	3376	0	374	Ogre	lathastrainingogre	63	54	54	54	60	1	1	false	2	0
2529	3328	0	47	Rat	rat	1	1	1	1	2	1	1	false	1	0
2529	3373	0	374	Ogre	lathastrainingogre	63	54	54	54	60	1	1	false	2	0
2529	3376	0	374	Ogre	lathastrainingogre	63	54	54	54	60	1	1	false	2	0
2530	3331	0	723	Billy Rehnison	billy_rehnison	0	1	1	1	1	1	1	false	1	0
2530	3332	0	47	Rat	rat	1	1	1	1	2	1	1	false	1	0
2531	3331	0	721	Ted Rehnison	ted_rehnison	0	1	1	1	1	1	1	false	1	0
2531	3333	0	722	Martha Rehnison	martha_rehnison	0	1	1	1	1	1	1	false	1	0
2531	3368	0	345	Guard	lathastrainer2	0	1	1	1	1	1	1	false	1	0
2531	3376	0	374	Ogre	lathastrainingogre	63	54	54	54	60	1	1	false	2	0
2532	3330	0	47	Rat	rat	1	1	1	1	2	1	1	false	1	0
2532	3373	0	374	Ogre	lathastrainingogre	63	54	54	54	60	1	1	false	2	0
2535	3332	0	47	Rat	rat	1	1	1	1	2	1	1	false	1	0
2543	3329	0	347	Mourner	mourner2	11	8	8	8	19	1	1	false	1	0
2546	3330	0	717	Mourner	mourner1	0	1	1	1	1	1	1	false	1	0
2550	3332	0	348	Mourner	mourner3	24	20	20	20	25	1	1	false	1	0
2553	3328	0	348	Mourner	mourner3	24	20	20	20	25	1	1	false	1	0
2554	3331	0	348	Mourner	mourner3	24	20	20	20	25	1	1	false	1	0
2531	3330	1	724	Milli Rehnison	milli	0	1	1	1	1	1	1	false	1	0
2516	3428	0	302	Hadley	hadley_waterfall_quest	0	1	1	1	1	1	1	false	1	0
2528	3414	0	303	Gerald	gerald_waterfall_quest	0	1	1	1	1	1	1	false	1	0
2549	3408	0	112	Moss giant	mossgiant	42	30	30	30	60	1	1	false	2	0
2554	3401	0	112	Moss giant	mossgiant	42	30	30	30	60	1	1	false	2	0
2554	3409	0	112	Moss giant	mossgiant	42	30	30	30	60	1	1	false	2	0
2556	3406	0	112	Moss giant	mossgiant	42	30	30	30	60	1	1	false	2	0
2556	3444	0	153	Butterfly	butterfly	0	1	1	1	1	1	1	false	1	0
2511	3484	0	305	Hudon	hudon_waterfall_quest	0	1	1	1	1	1	1	false	1	0
2522	3498	0	304	Almera	almera_waterfall_quest	0	1	1	1	1	1	1	false	1	0
2554	3465	0	206	Dwarf	mcannonguard	10	8	9	6	16	1	1	false	1	0
2554	3469	0	206	Dwarf	mcannonguard	10	8	9	6	16	1	1	false	1	0
2534	3568	0	12	Barbarian	barbarian	7	6	2	6	14	1	1	false	1	0
2540	3548	0	607	Gunnjorn	gunnjorn	0	1	1	1	1	1	1	false	1	0
2544	3567	0	384	Barbarian guard	barbguard1	0	1	1	1	1	1	1	false	1	0
2544	3571	0	384	Barbarian guard	barbguard1	0	1	1	1	1	1	1	false	1	0
2544	3577	0	12	Barbarian	barbarian	7	6	2	6	14	1	1	false	1	0
2546	3560	0	12	Barbarian	barbarian	7	6	2	6	14	1	1	false	1	0
2546	3565	0	12	Barbarian	barbarian	7	6	2	6	14	1	1	false	1	0
2548	3558	0	17	Barbarian woman	barbarian_woman	8	6	5	5	14	1	1	false	1	0
2549	3566	0	12	Barbarian	barbarian	7	6	2	6	14	1	1	false	1	0
2549	3570	0	12	Barbarian	barbarian	7	6	2	6	14	1	1	false	1	0
2550	3563	0	17	Barbarian woman	barbarian_woman	8	6	5	5	14	1	1	false	1	0
2552	3570	0	386	Kharid Scorpion	questscorpionb	0	1	1	1	1	1	1	false	1	0
2553	3562	0	41	Chicken	chicken	1	1	1	1	3	1	1	false	1	0
2553	3565	0	41	Chicken	chicken	1	1	1	1	3	1	1	false	1	0
2554	3563	0	41	Chicken	chicken	1	1	1	1	3	1	1	false	1	0
2508	3635	0	1336	Larrissa	horror_girlfriend_prequest	0	1	1	1	1	1	1	false	1	0
2509	3639	1	1334	Jossik	horror_lighthousekeeeper_well	0	1	1	1	1	1	1	false	1	0
2509	4550	0	132	Monkey	monkey	3	2	2	3	6	1	1	false	1	0
2513	4553	0	132	Monkey	monkey	3	2	2	3	6	1	1	false	1	0
2516	4552	0	132	Monkey	monkey	3	2	2	3	6	1	1	false	1	0
2518	4545	0	132	Monkey	monkey	3	2	2	3	6	1	1	false	1	0
2522	4556	0	132	Monkey	monkey	3	2	2	3	6	1	1	false	1	0
2523	4567	0	1169	Tamayu	tbwt_tamayu_hunter	0	1	1	1	1	1	1	false	1	0
2524	4552	0	132	Monkey	monkey	3	2	2	3	6	1	1	false	1	0
2524	4567	0	1173	The Shaikahan	tbwt_beast_cutscene	83	80	80	25	100	1	1	false	3	0
2525	4549	0	132	Monkey	monkey	3	2	2	3	6	1	1	false	1	0
2528	4589	0	1163	Tiadeche	tbwt_tiadeche	0	1	1	1	1	1	1	false	1	0
2530	4578	0	148	Albatross	seabird3	26	22	17	22	32	1	1	false	2	0
2540	4566	0	1173	The Shaikahan	tbwt_beast_cutscene	83	80	80	25	100	1	1	false	3	0
2541	4565	0	1170	Tamayu	tbwt_tamayu_final_hunter	0	1	1	1	1	1	1	false	1	0
2547	4580	0	147	Cormorant	seabird2	26	22	17	22	32	1	1	false	2	0
2550	4577	0	148	Albatross	seabird3	26	22	17	22	32	1	1	false	2	0
2553	4576	0	146	Gull	seabird1	26	22	17	22	32	1	1	false	2	0
2518	4633	0	1335	Jossik	horror_lighthousekeeeper_injured	0	1	1	1	1	1	1	false	2	0
2508	4696	0	904	Chamber guardian	magearena_guardian	0	1	1	1	1	1	1	false	1	0
2534	4714	0	902	Gundai	magearena_banker	0	1	1	1	1	1	1	false	1	0
2534	4719	0	903	Lundail	magearena_runeshop	0	1	1	1	1	1	1	false	1	0
2541	4715	0	905	Kolodion	arenamage1	0	1	1	1	1	1	1	false	1	0
2565	9443	0	61	Spider	spider	1	1	1	1	2	1	1	false	1	0
2568	9432	0	852	Ogre chieftain	ogre_chieftan	81	75	75	71	60	1	1	false	2	0
2568	9437	0	55	Blue dragon	blue_dragon	111	95	95	95	105	1	1	false	4	0
2573	9447	0	852	Ogre chieftain	ogre_chieftan	81	75	75	71	60	1	1	false	2	0
2576	9436	0	90	Skeleton	skeleton_unarmed	25	24	24	24	17	1	1	false	1	0
2576	9454	0	61	Spider	spider	1	1	1	1	2	1	1	false	1	0
2577	9451	0	871	Ogre shaman	ogre_shaman	113	99	99	99	99	1	1	false	2	0
2579	9441	0	852	Ogre chieftain	ogre_chieftan	81	75	75	71	60	1	1	false	2	0
2579	9445	0	55	Blue dragon	blue_dragon	111	95	95	95	105	1	1	false	4	0
2579	9461	0	90	Skeleton	skeleton_unarmed	25	24	24	24	17	1	1	false	1	0
2580	9431	0	852	Ogre chieftain	ogre_chieftan	81	75	75	71	60	1	1	false	2	0
2582	9437	0	871	Ogre shaman	ogre_shaman	113	99	99	99	99	1	1	false	2	0
2586	9423	0	61	Spider	spider	1	1	1	1	2	1	1	false	1	0
2586	9458	0	83	Greater demon	greater_demon	92	76	81	78	87	1	1	false	3	0
2588	9431	0	61	Spider	spider	1	1	1	1	2	1	1	false	1	0
2590	9437	0	90	Skeleton	skeleton_unarmed	25	24	24	24	17	1	1	false	1	0
2590	9461	0	55	Blue dragon	blue_dragon	111	95	95	95	105	1	1	false	4	0
2592	9431	0	55	Blue dragon	blue_dragon	111	95	95	95	105	1	1	false	4	0
2592	9436	0	871	Ogre shaman	ogre_shaman	113	99	99	99	99	1	1	false	2	0
2599	9461	0	871	Ogre shaman	ogre_shaman	113	99	99	99	99	1	1	false	2	0
2600	9432	0	61	Spider	spider	1	1	1	1	2	1	1	false	1	0
2604	9441	0	61	Spider	spider	1	1	1	1	2	1	1	false	1	0
2604	9443	0	55	Blue dragon	blue_dragon	111	95	95	95	105	1	1	false	4	0
2606	9438	0	871	Ogre shaman	ogre_shaman	113	99	99	99	99	1	1	false	2	0
2607	9451	0	871	Ogre shaman	ogre_shaman	113	99	99	99	99	1	1	false	2	0
2607	9460	0	61	Spider	spider	1	1	1	1	2	1	1	false	1	0
2608	9421	0	78	Giant bat	bat	27	22	22	22	32	1	1	true	2	0
2608	9436	0	61	Spider	spider	1	1	1	1	2	1	1	false	1	0
2609	9459	0	55	Blue dragon	blue_dragon	111	95	95	95	105	1	1	false	4	0
2610	9446	0	61	Spider	spider	1	1	1	1	2	1	1	false	1	0
2611	9454	0	852	Ogre chieftain	ogre_chieftan	81	75	75	71	60	1	1	false	2	0
2612	9416	0	78	Giant bat	bat	27	22	22	22	32	1	1	true	2	0
2612	9423	0	83	Greater demon	greater_demon	92	76	81	78	87	1	1	false	3	0
2615	9423	0	83	Greater demon	greater_demon	92	76	81	78	87	1	1	false	3	0
2615	9426	0	83	Greater demon	greater_demon	92	76	81	78	87	1	1	false	3	0
2616	9447	0	852	Ogre chieftain	ogre_chieftan	81	75	75	71	60	1	1	false	2	0
2617	9451	0	61	Spider	spider	1	1	1	1	2	1	1	false	1	0
2618	9424	0	83	Greater demon	greater_demon	92	76	81	78	87	1	1	false	3	0
2619	9427	0	78	Giant bat	bat	27	22	22	22	32	1	1	true	2	0
2620	9419	0	78	Giant bat	bat	27	22	22	22	32	1	1	true	2	0
2562	9506	0	93	Skeleton	giantskeleton	45	32	36	35	59	1	1	false	1	0
2564	9504	0	93	Skeleton	giantskeleton	45	32	36	35	59	1	1	false	1	0
2564	9509	0	93	Skeleton	giantskeleton	45	32	36	35	59	1	1	false	1	0
2565	9507	0	93	Skeleton	giantskeleton	45	32	36	35	59	1	1	false	1	0
2567	9506	0	93	Skeleton	giantskeleton	45	32	36	35	59	1	1	false	1	0
2568	9509	0	93	Skeleton	giantskeleton	45	32	36	35	59	1	1	false	1	0
2569	9530	0	78	Giant bat	bat	27	22	22	22	32	1	1	true	2	0
2571	9525	0	78	Giant bat	bat	27	22	22	22	32	1	1	true	2	0
2575	9525	0	78	Giant bat	bat	27	22	22	22	32	1	1	true	2	0
2576	9501	0	193	Chaos druid warrior	chaos_druid_warrior	37	32	25	34	40	1	1	false	1	0
2578	9500	0	193	Chaos druid warrior	chaos_druid_warrior	37	32	25	34	40	1	1	false	1	0
2579	9508	0	193	Chaos druid warrior	chaos_druid_warrior	37	32	25	34	40	1	1	false	1	0
2580	9497	0	193	Chaos druid warrior	chaos_druid_warrior	37	32	25	34	40	1	1	false	1	0
2580	9502	0	193	Chaos druid warrior	chaos_druid_warrior	37	32	25	34	40	1	1	false	1	0
2583	9493	0	75	Zombie	zombie_armed	24	19	16	21	30	1	1	false	1	0
2583	9499	0	193	Chaos druid warrior	chaos_druid_warrior	37	32	25	34	40	1	1	false	1	0
2584	9491	0	75	Zombie	zombie_armed	24	19	16	21	30	1	1	false	1	0
2587	9492	0	75	Zombie	zombie_armed	24	19	16	21	30	1	1	false	1	0
2588	9489	0	460	Wizard Frumscone	wizard_frumscone	0	8	5	8	14	1	1	false	1	0
2588	9498	0	193	Chaos druid warrior	chaos_druid_warrior	37	32	25	34	40	1	1	false	1	0
2590	9491	0	75	Zombie	zombie_armed	24	19	16	21	30	1	1	false	1	0
2590	9493	0	75	Zombie	zombie_armed	24	19	16	21	30	1	1	false	1	0
2591	9492	0	75	Zombie	zombie_armed	24	19	16	21	30	1	1	false	1	0
2593	9491	0	75	Zombie	zombie_armed	24	19	16	21	30	1	1	false	1	0
2593	9492	0	75	Zombie	zombie_armed	24	19	16	21	30	1	1	false	1	0
2594	9498	0	193	Chaos druid warrior	chaos_druid_warrior	37	32	25	34	40	1	1	false	1	0
2598	9497	0	193	Chaos druid warrior	chaos_druid_warrior	37	32	25	34	40	1	1	false	1	0
2599	9485	0	78	Giant bat	bat	27	22	22	22	32	1	1	true	2	0
2600	9480	0	78	Giant bat	bat	27	22	22	22	32	1	1	true	2	0
2601	9478	0	78	Giant bat	bat	27	22	22	22	32	1	1	true	2	0
2602	9484	0	78	Giant bat	bat	27	22	22	22	32	1	1	true	2	0
2607	9485	0	78	Giant bat	bat	27	22	22	22	32	1	1	true	2	0
2611	9483	0	181	Chaos druid	chaos_druid	13	8	12	8	20	1	10	false	1	8
2611	9487	0	181	Chaos druid	chaos_druid	13	8	12	8	20	1	10	false	1	8
2612	9488	0	181	Chaos druid	chaos_druid	13	8	12	8	20	1	10	false	1	8
2613	9482	0	181	Chaos druid	chaos_druid	13	8	12	8	20	1	10	false	1	8
2613	9506	0	37	Sigbert the Adventurer	sigbert_the_adventurer	0	1	1	1	1	1	1	false	1	0
2613	9521	0	181	Chaos druid	chaos_druid	13	8	12	8	20	1	10	false	1	8
2613	9523	0	205	Salarin the twisted	salarin_the_twisted	70	58	62	58	70	1	1	false	1	0
2614	9483	0	181	Chaos druid	chaos_druid	13	8	12	8	20	1	10	false	1	8
2614	9521	0	181	Chaos druid	chaos_druid	13	8	12	8	20	1	10	false	1	8
2614	9525	0	181	Chaos druid	chaos_druid	13	8	12	8	20	1	10	false	1	8
2615	9487	0	181	Chaos druid	chaos_druid	13	8	12	8	20	1	10	false	1	8
2616	9484	0	181	Chaos druid	chaos_druid	13	8	12	8	20	1	10	false	1	8
2616	9522	0	181	Chaos druid	chaos_druid	13	8	12	8	20	1	10	false	1	8
2570	9567	0	134	Poison spider	poisonspider	64	50	52	58	64	1	1	true	1	0
2575	9578	0	134	Poison spider	poisonspider	64	50	52	58	64	1	1	true	1	0
2577	9580	0	134	Poison spider	poisonspider	64	50	52	58	64	1	1	true	1	0
2578	9583	0	134	Poison spider	poisonspider	64	50	52	58	64	1	1	true	1	0
2579	9577	0	134	Poison spider	poisonspider	64	50	52	58	64	1	1	true	1	0
2579	9583	0	134	Poison spider	poisonspider	64	50	52	58	64	1	1	true	1	0
2581	9583	0	134	Poison spider	poisonspider	64	50	52	58	64	1	1	true	1	0
2582	9577	0	134	Poison spider	poisonspider	64	50	52	58	64	1	1	true	1	0
2584	9575	0	134	Poison spider	poisonspider	64	50	52	58	64	1	1	true	1	0
2590	9574	0	134	Poison spider	poisonspider	64	50	52	58	64	1	1	true	1	0
2594	9569	0	134	Poison spider	poisonspider	64	50	52	58	64	1	1	true	1	0
2596	9556	0	134	Poison spider	poisonspider	64	50	52	58	64	1	1	true	1	0
2598	9570	0	134	Poison spider	poisonspider	64	50	52	58	64	1	1	true	1	0
2599	9555	0	134	Poison spider	poisonspider	64	50	52	58	64	1	1	true	1	0
2599	9565	0	134	Poison spider	poisonspider	64	50	52	58	64	1	1	true	1	0
2600	9552	0	134	Poison spider	poisonspider	64	50	52	58	64	1	1	true	1	0
2601	9559	0	134	Poison spider	poisonspider	64	50	52	58	64	1	1	true	1	0
2603	9558	0	134	Poison spider	poisonspider	64	50	52	58	64	1	1	true	1	0
2562	9657	0	102	Goblin	goblin_helmet	13	12	7	13	16	1	1	false	1	0
2562	9659	0	101	Goblin	goblin_armed	5	3	4	1	12	1	1	false	1	0
2563	9661	0	101	Goblin	goblin_armed	5	3	4	1	12	1	1	false	1	0
2564	9609	0	282	Thief	thief_blanket	14	14	9	10	17	2	0	false	1	0
2564	9653	0	100	Goblin	goblin	2	1	1	1	5	1	1	false	1	0
2565	9655	0	100	Goblin	goblin	2	1	1	1	5	1	1	false	1	0
2566	9605	0	282	Thief	thief_blanket	14	14	9	10	17	2	0	false	1	0
2566	9626	0	100	Goblin	goblin	2	1	1	1	5	1	1	false	1	0
2566	9632	0	122	Hobgoblin	hobgoblin_unarmed	28	22	24	24	29	1	1	false	1	0
2567	9653	0	100	Goblin	goblin	2	1	1	1	5	1	1	false	1	0
2568	9620	0	47	Rat	rat	1	1	1	1	2	1	1	false	1	0
2569	9606	0	283	Head Thief	headthief_blanket	26	24	16	18	37	2	0	false	1	0
2569	9633	0	100	Goblin	goblin	2	1	1	1	5	1	1	false	1	0
2571	9653	0	102	Goblin	goblin_helmet	13	12	7	13	16	1	1	false	1	0
2573	9612	0	47	Rat	rat	1	1	1	1	2	1	1	false	1	0
2573	9626	0	122	Hobgoblin	hobgoblin_unarmed	28	22	24	24	29	1	1	false	1	0
2573	9630	0	88	Dungeon rat	dungeon_rat	12	10	10	10	12	1	1	false	2	0
2579	9631	0	47	Rat	rat	1	1	1	1	2	1	1	false	1	0
2579	9655	0	224	Dungeon rat	clocktower_rat	12	10	10	10	12	1	1	false	1	0
2580	9600	0	47	Rat	rat	1	1	1	1	2	1	1	false	1	0
2580	9614	0	47	Rat	rat	1	1	1	1	2	1	1	false	1	0
2580	9620	0	47	Rat	rat	1	1	1	1	2	1	1	false	1	0
2580	9626	0	47	Rat	rat	1	1	1	1	2	1	1	false	1	0
2581	9656	0	224	Dungeon rat	clocktower_rat	12	10	10	10	12	1	1	false	1	0
2581	9659	0	224	Dungeon rat	clocktower_rat	12	10	10	10	12	1	1	false	1	0
2583	9632	0	47	Rat	rat	1	1	1	1	2	1	1	false	1	0
2583	9659	0	224	Dungeon rat	clocktower_rat	12	10	10	10	12	1	1	false	1	0
2584	9625	0	47	Rat	rat	1	1	1	1	2	1	1	false	1	0
2584	9637	0	47	Rat	rat	1	1	1	1	2	1	1	false	1	0
2584	9656	0	224	Dungeon rat	clocktower_rat	12	10	10	10	12	1	1	false	1	0
2585	9608	0	114	Ogre	ogre	53	43	43	43	60	1	1	false	2	0
2586	9614	0	114	Ogre	ogre	53	43	43	43	60	1	1	false	2	0
2586	9659	0	224	Dungeon rat	clocktower_rat	12	10	10	10	12	1	1	false	1	0
2587	9656	0	224	Dungeon rat	clocktower_rat	12	10	10	10	12	1	1	false	1	0
2588	9606	0	114	Ogre	ogre	53	43	43	43	60	1	1	false	2	0
2589	9644	0	47	Rat	rat	1	1	1	1	2	1	1	false	1	0
2589	9654	0	224	Dungeon rat	clocktower_rat	12	10	10	10	12	1	1	false	1	0
2589	9658	0	224	Dungeon rat	clocktower_rat	12	10	10	10	12	1	1	false	1	0
2590	9601	0	47	Rat	rat	1	1	1	1	2	1	1	false	1	0
2590	9638	0	47	Rat	rat	1	1	1	1	2	1	1	false	1	0
2591	9601	0	47	Rat	rat	1	1	1	1	2	1	1	false	1	0
2591	9621	0	47	Rat	rat	1	1	1	1	2	1	1	false	1	0
2591	9656	0	224	Dungeon rat	clocktower_rat	12	10	10	10	12	1	1	false	1	0
2591	9659	0	224	Dungeon rat	clocktower_rat	12	10	10	10	12	1	1	false	1	0
2594	9636	0	47	Rat	rat	1	1	1	1	2	1	1	false	1	0
2594	9644	0	47	Rat	rat	1	1	1	1	2	1	1	false	1	0
2597	9604	0	47	Rat	rat	1	1	1	1	2	1	1	false	1	0
2599	9626	0	101	Goblin	goblin_armed	5	3	4	1	12	1	1	false	1	0
2601	9627	0	101	Goblin	goblin_armed	5	3	4	1	12	1	1	false	1	0
2602	9640	0	59	Giant spider	giantspider1	2	1	1	1	5	1	1	false	1	0
2603	9635	0	59	Giant spider	giantspider1	2	1	1	1	5	1	1	false	1	0
2603	9638	0	59	Giant spider	giantspider1	2	1	1	1	5	1	1	false	1	0
2605	9621	0	101	Goblin	goblin_armed	5	3	4	1	12	1	1	false	1	0
2605	9637	0	59	Giant spider	giantspider1	2	1	1	1	5	1	1	false	1	0
2605	9639	0	59	Giant spider	giantspider1	2	1	1	1	5	1	1	false	1	0
2606	9635	0	59	Giant spider	giantspider1	2	1	1	1	5	1	1	false	1	0
2606	9646	0	59	Giant spider	giantspider1	2	1	1	1	5	1	1	false	1	0
2607	9615	0	47	Rat	rat	1	1	1	1	2	1	1	false	1	0
2607	9621	0	100	Goblin	goblin	2	1	1	1	5	1	1	false	1	0
2607	9637	0	59	Giant spider	giantspider1	2	1	1	1	5	1	1	false	1	0
2607	9641	0	59	Giant spider	giantspider1	2	1	1	1	5	1	1	false	1	0
2607	9644	0	59	Giant spider	giantspider1	2	1	1	1	5	1	1	false	1	0
2607	9648	0	59	Giant spider	giantspider1	2	1	1	1	5	1	1	false	1	0
2608	9628	0	47	Rat	rat	1	1	1	1	2	1	1	false	1	0
2608	9635	0	59	Giant spider	giantspider1	2	1	1	1	5	1	1	false	1	0
2608	9642	0	59	Giant spider	giantspider1	2	1	1	1	5	1	1	false	1	0
2609	9639	0	59	Giant spider	giantspider1	2	1	1	1	5	1	1	false	1	0
2609	9643	0	59	Giant spider	giantspider1	2	1	1	1	5	1	1	false	1	0
2610	9620	0	101	Goblin	goblin_armed	5	3	4	1	12	1	1	false	1	0
2614	9651	0	47	Rat	rat	1	1	1	1	2	1	1	false	1	0
2614	9656	0	47	Rat	rat	1	1	1	1	2	1	1	false	1	0
2615	9647	0	47	Rat	rat	1	1	1	1	2	1	1	false	1	0
2615	9661	0	47	Rat	rat	1	1	1	1	2	1	1	false	1	0
2616	9633	0	47	Rat	rat	1	1	1	1	2	1	1	false	1	0
2618	9630	0	47	Rat	rat	1	1	1	1	2	1	1	false	1	0
2566	9670	0	886	Claus the chef	claus_carnillean	0	1	1	1	1	1	1	false	1	0
2566	9683	0	893	Clivet	clivet_hazeel_cultist	13	10	4	10	25	1	1	false	1	0
2567	9680	0	47	Rat	rat	1	1	1	1	2	1	1	false	1	0
2569	9681	0	47	Rat	rat	1	1	1	1	2	1	1	false	1	0
2573	9690	0	47	Rat	rat	1	1	1	1	2	1	1	false	1	0
2576	9689	0	47	Rat	rat	1	1	1	1	2	1	1	false	1	0
2576	9691	0	47	Rat	rat	1	1	1	1	2	1	1	false	1	0
2577	9689	0	47	Rat	rat	1	1	1	1	2	1	1	false	1	0
2577	9692	0	88	Dungeon rat	dungeon_rat	12	10	10	10	12	1	1	false	2	0
2578	9688	0	47	Rat	rat	1	1	1	1	2	1	1	false	1	0
2600	9709	0	47	Rat	rat	1	1	1	1	2	1	1	false	1	0
2601	9711	0	47	Rat	rat	1	1	1	1	2	1	1	false	1	0
2602	9680	0	894	Hazeel Cultist	hazeel_cultist	13	10	4	10	25	1	1	false	1	0
2602	9681	0	47	Rat	rat	1	1	1	1	2	1	1	false	1	0
2602	9709	0	47	Rat	rat	1	1	1	1	2	1	1	false	1	0
2605	9670	0	894	Hazeel Cultist	hazeel_cultist	13	10	4	10	25	1	1	false	1	0
2605	9673	0	47	Rat	rat	1	1	1	1	2	1	1	false	1	0
2606	9688	0	47	Rat	rat	1	1	1	1	2	1	1	false	1	0
2607	9676	0	47	Rat	rat	1	1	1	1	2	1	1	false	1	0
2607	9680	0	894	Hazeel Cultist	hazeel_cultist	13	10	4	10	25	1	1	false	1	0
2608	9674	0	894	Hazeel Cultist	hazeel_cultist	13	10	4	10	25	1	1	false	1	0
2608	9683	0	47	Rat	rat	1	1	1	1	2	1	1	false	1	0
2609	9670	0	891	Alomone	alomone_hazeel_cultist	13	10	4	10	25	1	1	false	1	0
2610	9686	0	894	Hazeel Cultist	hazeel_cultist	13	10	4	10	25	1	1	false	1	0
2617	9724	0	47	Rat	rat	1	1	1	1	2	1	1	false	1	0
2619	9724	0	47	Rat	rat	1	1	1	1	2	1	1	false	1	0
2619	9726	0	47	Rat	rat	1	1	1	1	2	1	1	false	1	0
2563	9753	0	78	Giant bat	bat	27	22	22	22	32	1	1	true	2	0
2565	9754	0	78	Giant bat	bat	27	22	22	22	32	1	1	true	2	0
2567	9752	0	78	Giant bat	bat	27	22	22	22	32	1	1	true	2	0
2569	9753	0	78	Giant bat	bat	27	22	22	22	32	1	1	true	2	0
2572	9752	0	78	Giant bat	bat	27	22	22	22	32	1	1	true	2	0
2581	9738	0	114	Ogre	ogre	53	43	43	43	60	1	1	false	2	0
2581	9742	0	114	Ogre	ogre	53	43	43	43	60	1	1	false	2	0
2584	9734	0	114	Ogre	ogre	53	43	43	43	60	1	1	false	2	0
2585	9738	0	114	Ogre	ogre	53	43	43	43	60	1	1	false	2	0
2587	9733	0	114	Ogre	ogre	53	43	43	43	60	1	1	false	2	0
2587	9740	0	114	Ogre	ogre	53	43	43	43	60	1	1	false	2	0
2590	9737	0	114	Ogre	ogre	53	43	43	43	60	1	1	false	2	0
2564	9836	0	100	Goblin	goblin	2	1	1	1	5	1	1	false	1	0
2565	9835	0	100	Goblin	goblin	2	1	1	1	5	1	1	false	1	0
2566	9849	0	100	Goblin	goblin	2	1	1	1	5	1	1	false	1	0
2568	9844	0	101	Goblin	goblin_armed	5	3	4	1	12	1	1	false	1	0
2569	9847	0	102	Goblin	goblin_helmet	13	12	7	13	16	1	1	false	1	0
2570	9845	0	101	Goblin	goblin_armed	5	3	4	1	12	1	1	false	1	0
2570	9850	0	101	Goblin	goblin_armed	5	3	4	1	12	1	1	false	1	0
2573	9805	0	47	Rat	rat	1	1	1	1	2	1	1	false	1	0
2575	9803	0	47	Rat	rat	1	1	1	1	2	1	1	false	1	0
2578	9806	0	47	Rat	rat	1	1	1	1	2	1	1	false	1	0
2579	9804	0	47	Rat	rat	1	1	1	1	2	1	1	false	1	0
2579	9841	0	101	Goblin	goblin_armed	5	3	4	1	12	1	1	false	1	0
2580	9804	0	88	Dungeon rat	dungeon_rat	12	10	10	10	12	1	1	false	2	0
2580	9825	0	100	Goblin	goblin	2	1	1	1	5	1	1	false	1	0
2580	9847	0	101	Goblin	goblin_armed	5	3	4	1	12	1	1	false	1	0
2580	9850	0	102	Goblin	goblin_helmet	13	12	7	13	16	1	1	false	1	0
2583	9803	0	47	Rat	rat	1	1	1	1	2	1	1	false	1	0
2584	9826	0	101	Goblin	goblin_armed	5	3	4	1	12	1	1	false	1	0
2584	9829	0	102	Goblin	goblin_helmet	13	12	7	13	16	1	1	false	1	0
2584	9835	0	102	Goblin	goblin_helmet	13	12	7	13	16	1	1	false	1	0
2585	9801	0	88	Dungeon rat	dungeon_rat	12	10	10	10	12	1	1	false	2	0
2585	9804	0	47	Rat	rat	1	1	1	1	2	1	1	false	1	0
2585	9830	0	47	Rat	rat	1	1	1	1	2	1	1	false	1	0
2586	9832	0	100	Goblin	goblin	2	1	1	1	5	1	1	false	1	0
2587	9803	0	47	Rat	rat	1	1	1	1	2	1	1	false	1	0
2587	9837	0	101	Goblin	goblin_armed	5	3	4	1	12	1	1	false	1	0
2588	9806	0	88	Dungeon rat	dungeon_rat	12	10	10	10	12	1	1	false	2	0
2588	9825	0	47	Rat	rat	1	1	1	1	2	1	1	false	1	0
2589	9834	0	100	Goblin	goblin	2	1	1	1	5	1	1	false	1	0
2590	9821	0	101	Goblin	goblin_armed	5	3	4	1	12	1	1	false	1	0
2591	9801	0	47	Rat	rat	1	1	1	1	2	1	1	false	1	0
2591	9830	0	102	Goblin	goblin_helmet	13	12	7	13	16	1	1	false	1	0
2591	9836	0	102	Goblin	goblin_helmet	13	12	7	13	16	1	1	false	1	0
2592	9806	0	47	Rat	rat	1	1	1	1	2	1	1	false	1	0
2592	9819	0	102	Goblin	goblin_helmet	13	12	7	13	16	1	1	false	1	0
2594	9801	0	47	Rat	rat	1	1	1	1	2	1	1	false	1	0
2594	9803	0	88	Dungeon rat	dungeon_rat	12	10	10	10	12	1	1	false	2	0
2594	9826	0	101	Goblin	goblin_armed	5	3	4	1	12	1	1	false	1	0
2595	9821	0	100	Goblin	goblin	2	1	1	1	5	1	1	false	1	0
2596	9836	0	78	Giant bat	bat	27	22	22	22	32	1	1	true	2	0
2597	9821	0	100	Goblin	goblin	2	1	1	1	5	1	1	false	1	0
2599	9803	0	47	Rat	rat	1	1	1	1	2	1	1	false	1	0
2599	9812	0	47	Rat	rat	1	1	1	1	2	1	1	false	1	0
2599	9837	0	78	Giant bat	bat	27	22	22	22	32	1	1	true	2	0
2601	9801	0	88	Dungeon rat	dungeon_rat	12	10	10	10	12	1	1	false	2	0
2601	9810	0	47	Rat	rat	1	1	1	1	2	1	1	false	1	0
2606	9825	0	78	Giant bat	bat	27	22	22	22	32	1	1	true	2	0
2609	9817	0	78	Giant bat	bat	27	22	22	22	32	1	1	true	2	0
2609	9823	0	78	Giant bat	bat	27	22	22	22	32	1	1	true	2	0
2610	9806	0	47	Rat	rat	1	1	1	1	2	1	1	false	1	0
2612	9812	0	47	Rat	rat	1	1	1	1	2	1	1	false	1	0
2612	9815	0	78	Giant bat	bat	27	22	22	22	32	1	1	true	2	0
2613	9805	0	47	Rat	rat	1	1	1	1	2	1	1	false	1	0
2613	9806	0	47	Rat	rat	1	1	1	1	2	1	1	false	1	0
2562	9886	0	110	Fire giant	firegiant	86	65	65	65	111	1	1	false	2	0
2565	9887	0	110	Fire giant	firegiant	86	65	65	65	111	1	1	false	2	0
2566	9877	0	47	Rat	rat	1	1	1	1	2	1	1	false	1	0
2566	9891	0	47	Rat	rat	1	1	1	1	2	1	1	false	1	0
2568	9889	0	110	Fire giant	firegiant	86	65	65	65	111	1	1	false	2	0
2568	9898	0	47	Rat	rat	1	1	1	1	2	1	1	false	1	0
2569	9886	0	78	Giant bat	bat	27	22	22	22	32	1	1	true	2	0
2572	9865	0	47	Rat	rat	1	1	1	1	2	1	1	false	1	0
2572	9875	0	58	Shadow spider	shadow_spider	52	44	44	42	55	1	1	false	1	0
2573	9895	0	110	Fire giant	firegiant	86	65	65	65	111	1	1	false	2	0
2574	9876	0	58	Shadow spider	shadow_spider	52	44	44	42	55	1	1	false	1	0
2574	9889	0	47	Rat	rat	1	1	1	1	2	1	1	false	1	0
2575	9891	0	110	Fire giant	firegiant	86	65	65	65	111	1	1	false	2	0
2576	9875	0	58	Shadow spider	shadow_spider	52	44	44	42	55	1	1	false	1	0
2576	9877	0	58	Shadow spider	shadow_spider	52	44	44	42	55	1	1	false	1	0
2577	9890	0	110	Fire giant	firegiant	86	65	65	65	111	1	1	false	2	0
2577	9897	0	110	Fire giant	firegiant	86	65	65	65	111	1	1	false	2	0
2578	9895	0	110	Fire giant	firegiant	86	65	65	65	111	1	1	false	2	0
2580	9876	0	58	Shadow spider	shadow_spider	52	44	44	42	55	1	1	false	1	0
2580	9890	0	110	Fire giant	firegiant	86	65	65	65	111	1	1	false	2	0
2581	9895	0	110	Fire giant	firegiant	86	65	65	65	111	1	1	false	2	0
2583	9875	0	47	Rat	rat	1	1	1	1	2	1	1	false	1	0
2584	9896	0	47	Rat	rat	1	1	1	1	2	1	1	false	1	0
2585	9878	0	94	Skeleton Mage	skeletonmage	16	14	14	14	17	1	18	false	1	0
2586	9884	0	93	Skeleton	giantskeleton	45	32	36	35	59	1	1	false	1	0
2588	9880	0	94	Skeleton Mage	skeletonmage	16	14	14	14	17	1	18	false	1	0
2588	9883	0	93	Skeleton	giantskeleton	45	32	36	35	59	1	1	false	1	0
2589	9886	0	93	Skeleton	giantskeleton	45	32	36	35	59	1	1	false	1	0
2590	9882	0	94	Skeleton Mage	skeletonmage	16	14	14	14	17	1	18	false	1	0
2592	9884	0	94	Skeleton Mage	skeletonmage	16	14	14	14	17	1	18	false	1	0
2604	9890	0	47	Rat	rat	1	1	1	1	2	1	1	false	1	0
2606	9897	0	47	Rat	rat	1	1	1	1	2	1	1	false	1	0
2568	2991	0	114	Ogre	ogre	53	43	43	43	60	1	1	false	2	0
2574	2988	0	114	Ogre	ogre	53	43	43	43	60	1	1	false	2	0
2584	2967	0	114	Ogre	ogre	53	43	43	43	60	1	1	false	2	0
2585	2977	0	114	Ogre	ogre	53	43	43	43	60	1	1	false	2	0
2592	2965	0	114	Ogre	ogre	53	43	43	43	60	1	1	false	2	0
2595	2964	0	1013	Swamp toad	toad	0	1	1	1	1	1	1	false	1	0
2595	2968	0	1013	Swamp toad	toad	0	1	1	1	1	1	1	false	1	0
2596	2962	0	1013	Swamp toad	toad	0	1	1	1	1	1	1	false	1	0
2596	2970	0	1013	Swamp toad	toad	0	1	1	1	1	1	1	false	1	0
2599	2962	0	1013	Swamp toad	toad	0	1	1	1	1	1	1	false	1	0
2599	2970	0	1013	Swamp toad	toad	0	1	1	1	1	1	1	false	1	0
2602	2955	0	95	Wolf	wolf	64	50	52	55	69	1	1	false	2	0
2602	2969	0	1013	Swamp toad	toad	0	1	1	1	1	1	1	false	1	0
2603	2966	0	1013	Swamp toad	toad	0	1	1	1	1	1	1	false	1	0
2605	2963	0	95	Wolf	wolf	64	50	52	55	69	1	1	false	2	0
2607	2967	0	95	Wolf	wolf	64	50	52	55	69	1	1	false	2	0
2608	2980	0	114	Ogre	ogre	53	43	43	43	60	1	1	false	2	0
2609	2990	0	114	Ogre	ogre	53	43	43	43	60	1	1	false	2	0
2610	2958	0	95	Wolf	wolf	64	50	52	55	69	1	1	false	2	0
2610	2961	0	95	Wolf	wolf	64	50	52	55	69	1	1	false	2	0
2610	2965	0	95	Wolf	wolf	64	50	52	55	69	1	1	false	2	0
2614	2998	0	114	Ogre	ogre	53	43	43	43	60	1	1	false	2	0
2615	2987	0	852	Ogre chieftain	ogre_chieftan	81	75	75	71	60	1	1	false	2	0
2561	3020	0	114	Ogre	ogre	53	43	43	43	60	1	1	false	2	0
2567	3046	0	114	Ogre	ogre	53	43	43	43	60	1	1	false	2	0
2571	3027	0	115	Ogre	ogre2	53	43	43	43	60	1	1	false	2	0
2571	3058	0	89	Unicorn	unicorn	15	11	13	13	19	1	1	false	2	0
2572	3031	0	115	Ogre	ogre2	53	43	43	43	60	1	1	false	2	0
2575	3024	0	115	Ogre	ogre2	53	43	43	43	60	1	1	false	2	0
2576	3027	0	855	Toban	toban	0	1	1	1	1	1	1	false	2	0
2577	3021	0	856	Gorad	gorad	68	54	54	54	80	1	1	false	2	0
2578	3031	0	115	Ogre	ogre2	53	43	43	43	60	1	1	false	2	0
2579	3066	0	89	Unicorn	unicorn	15	11	13	13	19	1	1	false	2	0
2596	3056	0	118	Dwarf	dwarf_normal	10	8	6	8	16	1	1	false	1	0
2600	3062	0	118	Dwarf	dwarf_normal	10	8	6	8	16	1	1	false	1	0
2605	3057	0	118	Dwarf	dwarf_normal	10	8	6	8	16	1	1	false	1	0
2606	3008	0	106	Bear	darkbear	19	15	13	16	25	1	1	false	2	0
2608	3061	0	118	Dwarf	dwarf_normal	10	8	6	8	16	1	1	false	1	0
2566	3084	0	4	Woman	woman	2	1	1	1	7	1	1	false	1	0
2566	3098	0	593	Frenita	frenita	0	1	1	1	1	1	1	false	1	0
2568	3081	0	1	Man	man	2	1	1	1	7	1	1	false	1	0
2580	3117	0	81	Cow	cow	2	1	1	1	8	1	1	false	2	0
2582	3122	0	81	Cow	cow	2	1	1	1	8	1	1	false	2	0
2588	3090	0	13	Wizard	wizard	9	8	5	8	14	1	10	false	1	8
2588	3119	0	81	Cow	cow	2	1	1	1	8	1	1	false	2	0
2589	3084	0	13	Wizard	wizard	9	8	5	8	14	1	10	false	1	8
2594	3089	0	462	Wizard Distentor	guild_wizard	0	1	1	1	1	1	1	false	1	0
2595	3131	0	708	Imp	imp	2	1	1	1	8	1	1	false	1	0
2596	3104	0	1	Man	man	2	1	1	1	7	1	1	false	1	0
2596	3106	0	3	Man	man3	2	1	1	1	7	1	1	false	1	0
2597	3120	0	708	Imp	imp	2	1	1	1	8	1	1	false	1	0
2604	3114	0	81	Cow	cow	2	1	1	1	8	1	1	false	2	0
2606	3126	0	708	Imp	imp	2	1	1	1	8	1	1	false	1	0
2608	3134	0	708	Imp	imp	2	1	1	1	8	1	1	false	1	0
2614	3116	0	708	Imp	imp	2	1	1	1	8	1	1	false	1	0
2615	3091	0	495	Banker	banker2	0	1	1	1	1	1	1	false	1	0
2615	3092	0	494	Banker	banker1	0	1	1	1	1	1	1	false	1	0
2615	3094	0	494	Banker	banker1	0	1	1	1	1	1	1	false	1	0
2616	3126	0	708	Imp	imp	2	1	1	1	8	1	1	false	1	0
2621	3133	0	708	Imp	imp	2	1	1	1	8	1	1	false	1	0
2622	3118	0	708	Imp	imp	2	1	1	1	8	1	1	false	1	0
2567	3109	1	35	Soldier	yanille_soldier	28	26	26	25	22	1	1	false	1	0
2572	3109	1	35	Soldier	yanille_soldier	28	26	26	25	22	1	1	false	1	0
2586	3089	1	13	Wizard	wizard	9	8	5	8	14	1	10	false	1	8
2593	3084	1	13	Wizard	wizard	9	8	5	8	14	1	10	false	1	8
2595	3073	1	35	Soldier	yanille_soldier	28	26	26	25	22	1	1	false	1	0
2595	3087	1	461	Magic Store owner	magic_store_owner	0	8	5	8	14	1	1	false	1	0
2595	3090	1	13	Wizard	wizard	9	8	5	8	14	1	10	false	1	8
2600	3109	1	35	Soldier	yanille_soldier	28	26	26	25	22	1	1	false	1	0
2609	3073	1	35	Soldier	yanille_soldier	28	26	26	25	22	1	1	false	1	0
2610	3107	1	35	Soldier	yanille_soldier	28	26	26	25	22	1	1	false	1	0
2615	3073	1	35	Soldier	yanille_soldier	28	26	26	25	22	1	1	false	1	0
2618	3099	1	35	Soldier	yanille_soldier	28	26	26	25	22	1	1	false	1	0
2620	3077	1	35	Soldier	yanille_soldier	28	26	26	25	22	1	1	false	1	0
2620	3095	1	35	Soldier	yanille_soldier	28	26	26	25	22	1	1	false	1	0
2586	3088	2	13	Wizard	wizard	9	8	5	8	14	1	10	false	1	8
2589	3085	2	13	Wizard	wizard	9	8	5	8	14	1	10	false	1	8
2593	3090	2	13	Wizard	wizard	9	8	5	8	14	1	10	false	1	8
2564	3146	0	256	Khazard Guard	arena_guard4	23	20	20	18	25	1	1	false	1	0
2566	3140	0	259	Khazard barman	khazard_barman	0	1	1	1	1	1	1	false	1	0
2566	3199	0	264	Lady Servil	lady_servil	0	1	1	1	1	1	1	false	1	0
2567	3149	0	256	Khazard Guard	arena_guard4	23	20	20	18	25	1	1	false	1	0
2570	3142	0	256	Khazard Guard	arena_guard4	23	20	20	18	25	1	1	false	1	0
2577	3162	0	256	Khazard Guard	arena_guard4	23	20	20	18	25	1	1	false	1	0
2579	3171	0	256	Khazard Guard	arena_guard4	23	20	20	18	25	1	1	false	1	0
2580	3166	0	256	Khazard Guard	arena_guard4	23	20	20	18	25	1	1	false	1	0
2583	3149	0	256	Khazard Guard	arena_guard4	23	20	20	18	25	1	1	false	1	0
2583	3171	0	268	Local	arena_spectator	0	1	1	1	1	1	1	false	1	0
2584	3141	0	253	Khazard Guard	arena_guard1	23	20	20	18	25	1	1	false	1	0
2587	3142	0	261	Joe	fightslave_joe	0	1	1	1	1	1	1	false	1	0
2589	3142	0	260	Kelvin	fightslave_kelvin	0	1	1	1	1	1	1	false	1	0
2589	3193	0	256	Khazard Guard	arena_guard4	23	20	20	18	25	1	1	false	1	0
2591	3139	0	253	Khazard Guard	arena_guard1	23	20	20	18	25	1	1	false	1	0
2592	3182	0	256	Khazard Guard	arena_guard4	23	20	20	18	25	1	1	false	1	0
2592	3185	0	256	Khazard Guard	arena_guard4	23	20	20	18	25	1	1	false	1	0
2593	3179	0	256	Khazard Guard	arena_guard4	23	20	20	18	25	1	1	false	1	0
2594	3176	0	256	Khazard Guard	arena_guard4	23	20	20	18	25	1	1	false	1	0
2595	3139	0	253	Khazard Guard	arena_guard1	23	20	20	18	25	1	1	false	1	0
2595	3142	0	262	Fightslave	fightslave	0	1	1	1	1	1	1	false	1	0
2596	3184	0	256	Khazard Guard	arena_guard4	23	20	20	18	25	1	1	false	1	0
2598	3142	0	263	Hengrad	hengrad	0	1	1	1	1	1	1	false	1	0
2598	3182	0	256	Khazard Guard	arena_guard4	23	20	20	18	25	1	1	false	1	0
2599	3193	0	256	Khazard Guard	arena_guard4	23	20	20	18	25	1	1	false	1	0
2601	3168	0	267	Justin Servil	justin_servil	0	1	1	1	20	1	1	false	1	0
2602	3154	0	266	Jeremy Servil	jeremy_servil_arena	0	1	1	1	1	1	1	false	1	0
2606	3154	0	258	General Khazard	general_khazard	112	75	80	78	170	1	1	false	1	0
2606	3171	0	256	Khazard Guard	arena_guard4	23	20	20	18	25	1	1	false	1	0
2607	3183	0	256	Khazard Guard	arena_guard4	23	20	20	18	25	1	1	false	1	0
2607	3185	0	256	Khazard Guard	arena_guard4	23	20	20	18	25	1	1	false	1	0
2608	3159	0	271	Khazard Scorpion	arena_scorpion	44	40	34	39	40	1	1	false	2	0
2608	3162	0	269	Bouncer	arena_bouncer	137	120	120	120	116	1	1	false	2	0
2608	3165	0	270	Khazard Ogre	arena_ogre	63	54	53	53	60	1	1	false	2	0
2608	3186	0	256	Khazard Guard	arena_guard4	23	20	20	18	25	1	1	false	1	0
2609	3149	0	256	Khazard Guard	arena_guard4	23	20	20	18	25	1	1	false	1	0
2610	3149	0	256	Khazard Guard	arena_guard4	23	20	20	18	25	1	1	false	1	0
2610	3193	0	255	Khazard Guard	arena_guard3	23	20	20	18	25	1	1	false	1	0
2614	3150	0	253	Khazard Guard	arena_guard1	23	20	20	18	25	1	1	false	1	0
2614	3186	0	256	Khazard Guard	arena_guard4	23	20	20	18	25	1	1	false	1	0
2615	3141	0	254	Khazard Guard	arena_guard2	23	20	20	18	25	1	1	false	1	0
2616	3160	0	262	Fightslave	fightslave	0	1	1	1	1	1	1	false	1	0
2616	3163	0	262	Fightslave	fightslave	0	1	1	1	1	1	1	false	1	0
2616	3168	0	265	Jeremy Servil	jeremy_servil	0	1	1	1	1	1	1	false	1	0
2616	3170	0	253	Khazard Guard	arena_guard1	23	20	20	18	25	1	1	false	1	0
2618	3159	0	253	Khazard Guard	arena_guard1	23	20	20	18	25	1	1	false	1	0
2618	3166	0	253	Khazard Guard	arena_guard1	23	20	20	18	25	1	1	false	1	0
2610	3143	2	258	General Khazard	general_khazard	112	75	80	78	170	1	1	false	1	0
2592	3163	3	254	Khazard Guard	arena_guard2	23	20	20	18	25	1	1	false	1	0
2594	3162	3	253	Khazard Guard	arena_guard1	23	20	20	18	25	1	1	false	1	0
2569	3249	0	223	Brother Kojo	brother_kojo	0	1	1	1	1	1	1	false	1	0
2604	3209	0	279	Brother Omad	brother_omad	0	1	1	1	1	1	1	false	1	0
2606	3217	0	281	Monk	monk_ardougne	3	2	3	2	5	1	1	false	1	0
2608	3209	0	281	Monk	monk_ardougne	3	2	3	2	5	1	1	false	1	0
2614	3259	0	280	Brother Cedric	brother_cedric	0	1	1	1	1	1	1	false	1	0
2618	3209	0	281	Monk	monk_ardougne	3	2	3	2	5	1	1	false	1	0
2595	3210	1	281	Monk	monk_ardougne	3	2	3	2	5	1	1	false	1	0
2561	3303	0	372	Mourner	mournerwatchtower	0	1	1	1	1	1	1	false	1	0
2561	3305	0	372	Mourner	mournerwatchtower	0	1	1	1	1	1	1	false	1	0
2565	3271	0	885	Ceril Carnillean	sir_ceril_carnillean	0	1	1	1	1	1	1	false	1	0
2565	3273	0	888	Philipe Carnillean	philipe_carnillean	0	1	1	1	1	1	1	false	1	0
2569	3272	0	890	Butler Jones	butler_jones_hazeel_cultist	0	1	1	1	1	1	1	false	1	0
2570	3275	0	887	Guard	guard_carnillean	0	1	1	1	1	1	1	false	1	0
2571	3269	0	889	Henryeta Carnillean	carnillean_wife	0	1	1	1	1	1	1	false	1	0
2571	3307	0	20	Paladin	paladin	62	54	54	54	57	1	1	false	1	0
2572	3303	0	20	Paladin	paladin	62	54	54	54	57	1	1	false	1	0
2573	3321	0	273	Lucien	ikov_lucien1	0	1	1	1	1	1	1	false	1	0
2575	3296	0	20	Paladin	paladin	62	54	54	54	57	1	1	false	1	0
2575	3320	0	738	Bartender	flyinghorse_bartender	0	1	1	1	1	1	1	false	1	0
2577	3308	0	20	Paladin	paladin	62	54	54	54	57	1	1	false	1	0
2581	3286	0	20	Paladin	paladin	62	54	54	54	57	1	1	false	1	0
2581	3299	0	20	Paladin	paladin	62	54	54	54	57	1	1	false	1	0
2582	3297	0	23	Knight of Ardougne	knight_of_ardougne	46	38	31	40	52	1	1	false	1	0
2583	3292	0	20	Paladin	paladin	62	54	54	54	57	1	1	false	1	0
2584	3305	0	15	Warrior woman	warrior_woman	24	22	22	22	20	1	1	false	1	0
2585	3289	0	15	Warrior woman	warrior_woman	24	22	22	22	20	1	1	false	1	0
2587	3291	0	15	Warrior woman	warrior_woman	24	22	22	22	20	1	1	false	1	0
2592	3269	0	131	Penguin	penguin	2	1	2	2	4	1	1	false	1	0
2594	3271	0	131	Penguin	penguin	2	1	2	2	4	1	1	false	1	0
2596	3269	0	131	Penguin	penguin	2	1	2	2	4	1	1	false	1	0
2598	3276	0	132	Monkey	monkey	3	2	2	3	6	1	1	false	1	0
2600	3275	0	132	Monkey	monkey	3	2	2	3	6	1	1	false	1	0
2600	3279	0	132	Monkey	monkey	3	2	2	3	6	1	1	false	1	0
2601	3269	0	109	Pit Scorpion	smallscorpion	28	23	23	23	32	1	1	false	1	0
2602	3267	0	107	Scorpion	scorpion	14	11	11	12	17	1	1	false	2	0
2603	3270	0	107	Scorpion	scorpion	14	11	11	12	17	1	1	false	2	0
2603	3279	0	132	Monkey	monkey	3	2	2	3	6	1	1	false	1	0
2603	3281	0	132	Monkey	monkey	3	2	2	3	6	1	1	false	1	0
2603	3284	0	28	Zoo keeper	zoo_keeper	0	10	10	10	20	0	1	false	1	0
2604	3272	0	109	Pit Scorpion	smallscorpion	28	23	23	23	32	1	1	false	1	0
2604	3277	0	132	Monkey	monkey	3	2	2	3	6	1	1	false	1	0
2605	3268	0	109	Pit Scorpion	smallscorpion	28	23	23	23	32	1	1	false	1	0
2606	3271	0	109	Pit Scorpion	smallscorpion	28	23	23	23	32	1	1	false	1	0
2607	3268	0	107	Scorpion	scorpion	14	11	11	12	17	1	1	false	2	0
2610	3275	0	128	Snake	snake	5	4	3	5	6	1	1	false	1	0
2611	3269	0	28	Zoo keeper	zoo_keeper	0	10	10	10	20	0	1	false	1	0
2611	3275	0	128	Snake	snake	5	4	3	5	6	1	1	false	1	0
2611	3276	0	128	Snake	snake	5	4	3	5	6	1	1	false	1	0
2611	3285	0	1216	Parroty Pete	eadgar_zoo_keeper_aviary	0	1	1	1	1	1	1	false	1	0
2612	3287	0	1215	Parrots	eadgar_parrotts	0	1	1	1	1	1	1	false	1	0
2612	3316	0	25	Woman	ardougnian_female1	2	1	1	1	7	1	1	false	1	0
2612	3324	0	366	Jerico	jerico	0	1	1	1	1	1	1	false	1	0
2613	3287	0	1215	Parrots	eadgar_parrotts	0	1	1	1	1	1	1	false	1	0
2613	3294	0	590	Aemad	aemad	0	1	1	1	1	1	1	false	1	0
2614	3306	0	290	Doctor Orbon	doctor_orbon	0	1	1	1	1	1	1	false	1	0
2614	3318	0	24	Man	ardougnian_male1	2	1	1	1	7	1	1	false	1	0
2615	3266	0	80	Camel	camel	0	1	1	1	1	1	1	false	2	0
2615	3292	0	591	Kortan	kortan	0	1	1	1	1	1	1	false	1	0
2616	3275	0	128	Snake	snake	5	4	3	5	6	1	1	false	1	0
2616	3276	0	128	Snake	snake	5	4	3	5	6	1	1	false	1	0
2616	3283	0	95	Wolf	wolf	64	50	52	55	69	1	1	false	2	0
2617	3299	0	289	Councillor Halgrive	councillor_halgrive	0	1	1	1	1	1	1	false	1	0
2617	3308	0	31	Priest	orbon_priest	0	1	1	1	1	1	1	false	1	0
2619	3265	0	80	Camel	camel	0	1	1	1	1	1	1	false	2	0
2619	3279	0	28	Zoo keeper	zoo_keeper	0	10	10	10	20	0	1	false	1	0
2620	3283	0	95	Wolf	wolf	64	50	52	55	69	1	1	false	2	0
2621	3266	0	80	Camel	camel	0	1	1	1	1	1	1	false	2	0
2621	3293	0	24	Man	ardougnian_male1	2	1	1	1	7	1	1	false	1	0
2622	3272	0	113	Jogre	jogre	53	43	43	43	60	1	1	false	2	0
2622	3277	0	116	Cyclops	cyclops	56	47	46	50	55	1	1	false	2	0
2572	3292	1	20	Paladin	paladin	62	54	54	54	57	1	1	false	1	0
2573	3268	1	885	Ceril Carnillean	sir_ceril_carnillean	0	1	1	1	1	1	1	false	1	0
2573	3269	1	890	Butler Jones	butler_jones_hazeel_cultist	0	1	1	1	1	1	1	false	1	0
2573	3322	1	25	Woman	ardougnian_female1	2	1	1	1	7	1	1	false	1	0
2576	3293	1	20	Paladin	paladin	62	54	54	54	57	1	1	false	1	0
2578	3285	1	20	Paladin	paladin	62	54	54	54	57	1	1	false	1	0
2578	3293	1	364	King Lathas	kinglathas	0	1	1	1	1	1	1	false	1	0
2581	3286	1	20	Paladin	paladin	62	54	54	54	57	1	1	false	1	0
2581	3307	1	20	Paladin	paladin	62	54	54	54	57	1	1	false	1	0
2582	3306	1	20	Paladin	paladin	62	54	54	54	57	1	1	false	1	0
2584	3288	1	20	Paladin	paladin	62	54	54	54	57	1	1	false	1	0
2584	3304	1	20	Paladin	paladin	62	54	54	54	57	1	1	false	1	0
2585	3290	1	20	Paladin	paladin	62	54	54	54	57	1	1	false	1	0
2586	3289	1	20	Paladin	paladin	62	54	54	54	57	1	1	false	1	0
2586	3303	1	20	Paladin	paladin	62	54	54	54	57	1	1	false	1	0
2587	3291	1	20	Paladin	paladin	62	54	54	54	57	1	1	false	1	0
2588	3301	1	20	Paladin	paladin	62	54	54	54	57	1	1	false	1	0
2621	3293	1	25	Woman	ardougnian_female1	2	1	1	1	7	1	1	false	1	0
2572	3284	2	27	Archer	ardougne_archer	37	20	20	20	50	40	1	false	1	10
2572	3309	2	27	Archer	ardougne_archer	37	20	20	20	50	40	1	false	1	10
2582	3284	2	27	Archer	ardougne_archer	37	20	20	20	50	40	1	false	1	10
2582	3309	2	27	Archer	ardougne_archer	37	20	20	20	50	40	1	false	1	10
2588	3290	2	27	Archer	ardougne_archer	37	20	20	20	50	40	1	false	1	10
2588	3303	2	27	Archer	ardougne_archer	37	20	20	20	50	40	1	false	1	10
2560	3389	0	294	Diseased sheep 3	plaguesheep_3	0	1	1	1	1	1	1	false	1	0
2561	3355	0	181	Chaos druid	chaos_druid	13	8	12	8	20	1	10	false	1	8
2561	3357	0	181	Chaos druid	chaos_druid	13	8	12	8	20	1	10	false	1	8
2561	3388	0	294	Diseased sheep 3	plaguesheep_3	0	1	1	1	1	1	1	false	1	0
2561	3390	0	294	Diseased sheep 3	plaguesheep_3	0	1	1	1	1	1	1	false	1	0
2563	3355	0	181	Chaos druid	chaos_druid	13	8	12	8	20	1	10	false	1	8
2563	3358	0	181	Chaos druid	chaos_druid	13	8	12	8	20	1	10	false	1	8
2567	3384	0	1	Man	man	2	1	1	1	7	1	1	false	1	0
2568	3334	0	714	Edmond	edmond	0	1	1	1	1	1	1	false	1	0
2569	3387	0	15	Warrior woman	warrior_woman	24	22	22	22	20	1	1	false	1	0
2572	3383	0	15	Warrior woman	warrior_woman	24	22	22	22	20	1	1	false	1	0
2572	3388	0	15	Warrior woman	warrior_woman	24	22	22	22	20	1	1	false	1	0
2573	3333	0	710	Alrena	alrena	0	1	1	1	1	1	1	false	1	0
2575	3384	0	15	Warrior woman	warrior_woman	24	22	22	22	20	1	1	false	1	0
2582	3329	0	718	Mourner	mournertwa	0	1	1	1	1	1	1	false	1	0
2592	3336	0	335	Elena	elena2	0	1	1	1	1	1	1	false	1	0
2600	3358	0	291	Farmer Brumty	farmer_brumty	0	1	1	1	1	1	1	false	1	0
2609	3344	0	292	Diseased sheep 1	plaguesheep_1	0	1	1	1	1	1	1	false	1	0
2610	3343	0	292	Diseased sheep 1	plaguesheep_1	0	1	1	1	1	1	1	false	1	0
2610	3345	0	292	Diseased sheep 1	plaguesheep_1	0	1	1	1	1	1	1	false	1	0
2610	3391	0	295	Diseased sheep 4	plaguesheep_4	0	1	1	1	1	1	1	false	1	0
2611	3390	0	295	Diseased sheep 4	plaguesheep_4	0	1	1	1	1	1	1	false	1	0
2612	3391	0	295	Diseased sheep 4	plaguesheep_4	0	1	1	1	1	1	1	false	1	0
2614	3330	0	494	Banker	banker1	0	1	1	1	1	1	1	false	1	0
2616	3330	0	495	Banker	banker2	0	1	1	1	1	1	1	false	1	0
2619	3330	0	495	Banker	banker2	0	1	1	1	1	1	1	false	1	0
2621	3367	0	293	Diseased sheep 2	plaguesheep_2	0	1	1	1	1	1	1	false	1	0
2622	3366	0	293	Diseased sheep 2	plaguesheep_2	0	1	1	1	1	1	1	false	1	0
2623	3367	0	293	Diseased sheep 2	plaguesheep_2	0	1	1	1	1	1	1	false	1	0
2563	3398	0	100	Goblin	goblin	2	1	1	1	5	1	1	false	1	0
2563	3416	0	100	Goblin	goblin	2	1	1	1	5	1	1	false	1	0
2563	3439	0	101	Goblin	goblin_armed	5	3	4	1	12	1	1	false	1	0
2564	3407	0	101	Goblin	goblin_armed	5	3	4	1	12	1	1	false	1	0
2566	3453	0	100	Goblin	goblin	2	1	1	1	5	1	1	false	1	0
2567	3428	0	100	Goblin	goblin	2	1	1	1	5	1	1	false	1	0
2568	3403	0	100	Goblin	goblin	2	1	1	1	5	1	1	false	1	0
2568	3433	0	101	Goblin	goblin_armed	5	3	4	1	12	1	1	false	1	0
2569	3410	0	101	Goblin	goblin_armed	5	3	4	1	12	1	1	false	1	0
2569	3442	0	100	Goblin	goblin	2	1	1	1	5	1	1	false	1	0
2571	3442	0	100	Goblin	goblin	2	1	1	1	5	1	1	false	1	0
2572	3396	0	101	Goblin	goblin_armed	5	3	4	1	12	1	1	false	1	0
2572	3420	0	101	Goblin	goblin_armed	5	3	4	1	12	1	1	false	1	0
2574	3409	0	100	Goblin	goblin	2	1	1	1	5	1	1	false	1	0
2576	3436	0	101	Goblin	goblin_armed	5	3	4	1	12	1	1	false	1	0
2578	3400	0	100	Goblin	goblin	2	1	1	1	5	1	1	false	1	0
2579	3413	0	100	Goblin	goblin	2	1	1	1	5	1	1	false	1	0
2581	3395	0	101	Goblin	goblin_armed	5	3	4	1	12	1	1	false	1	0
2583	3435	0	101	Goblin	goblin_armed	5	3	4	1	12	1	1	false	1	0
2584	3412	0	101	Goblin	goblin_armed	5	3	4	1	12	1	1	false	1	0
2584	3418	0	494	Banker	banker1	0	1	1	1	1	1	1	false	1	0
2584	3419	0	494	Banker	banker1	0	1	1	1	1	1	1	false	1	0
2584	3421	0	495	Banker	banker2	0	1	1	1	1	1	1	false	1	0
2584	3422	0	494	Banker	banker1	0	1	1	1	1	1	1	false	1	0
2584	3428	0	101	Goblin	goblin_armed	5	3	4	1	12	1	1	false	1	0
2586	3425	0	100	Goblin	goblin	2	1	1	1	5	1	1	false	1	0
2592	3416	0	47	Rat	rat	1	1	1	1	2	1	1	false	1	0
2593	3445	0	45	Duck	duck_female	1	1	1	1	3	1	1	false	1	0
2593	3454	0	45	Duck	duck_female	1	1	1	1	3	1	1	false	1	0
2594	3446	0	44	Duck	duck	1	1	1	1	3	1	1	false	1	0
2594	3452	0	45	Duck	duck_female	1	1	1	1	3	1	1	false	1	0
2595	3447	0	45	Duck	duck_female	1	1	1	1	3	1	1	false	1	0
2595	3449	0	44	Duck	duck	1	1	1	1	3	1	1	false	1	0
2595	3454	0	45	Duck	duck_female	1	1	1	1	3	1	1	false	1	0
2596	3400	0	592	Roachey	fishguildshop	0	1	1	1	1	1	1	false	1	0
2596	3439	0	45	Duck	duck_female	1	1	1	1	3	1	1	false	1	0
2596	3453	0	44	Duck	duck	1	1	1	1	3	1	1	false	1	0
2597	3443	0	45	Duck	duck_female	1	1	1	1	3	1	1	false	1	0
2597	3446	0	45	Duck	duck_female	1	1	1	1	3	1	1	false	1	0
2598	3437	0	45	Duck	duck_female	1	1	1	1	3	1	1	false	1	0
2598	3440	0	44	Duck	duck	1	1	1	1	3	1	1	false	1	0
2598	3444	0	44	Duck	duck	1	1	1	1	3	1	1	false	1	0
2598	3454	0	45	Duck	duck_female	1	1	1	1	3	1	1	false	1	0
2599	3434	0	45	Duck	duck_female	1	1	1	1	3	1	1	false	1	0
2600	3435	0	44	Duck	duck	1	1	1	1	3	1	1	false	1	0
2600	3440	0	45	Duck	duck_female	1	1	1	1	3	1	1	false	1	0
2600	3445	0	45	Duck	duck_female	1	1	1	1	3	1	1	false	1	0
2601	3436	0	45	Duck	duck_female	1	1	1	1	3	1	1	false	1	0
2602	3433	0	45	Duck	duck_female	1	1	1	1	3	1	1	false	1	0
2603	3421	0	1	Man	man	2	1	1	1	7	1	1	false	1	0
2604	3430	0	45	Duck	duck_female	1	1	1	1	3	1	1	false	1	0
2604	3434	0	45	Duck	duck_female	1	1	1	1	3	1	1	false	1	0
2605	3432	0	45	Duck	duck_female	1	1	1	1	3	1	1	false	1	0
2605	3433	0	44	Duck	duck	1	1	1	1	3	1	1	false	1	0
2607	3433	0	45	Duck	duck_female	1	1	1	1	3	1	1	false	1	0
2611	3393	0	308	Master fisher	master_fisher	0	1	1	1	1	1	1	false	1	0
2613	3422	0	45	Duck	duck_female	1	1	1	1	3	1	1	false	1	0
2614	3424	0	45	Duck	duck_female	1	1	1	1	3	1	1	false	1	0
2614	3449	0	45	Duck	duck_female	1	1	1	1	3	1	1	false	1	0
2615	3421	0	45	Duck	duck_female	1	1	1	1	3	1	1	false	1	0
2615	3423	0	44	Duck	duck	1	1	1	1	3	1	1	false	1	0
2615	3425	0	45	Duck	duck_female	1	1	1	1	3	1	1	false	1	0
2615	3453	0	45	Duck	duck_female	1	1	1	1	3	1	1	false	1	0
2616	3420	0	44	Duck	duck	1	1	1	1	3	1	1	false	1	0
2616	3423	0	45	Duck	duck_female	1	1	1	1	3	1	1	false	1	0
2616	3447	0	44	Duck	duck	1	1	1	1	3	1	1	false	1	0
2616	3450	0	44	Duck	duck	1	1	1	1	3	1	1	false	1	0
2617	3405	0	45	Duck	duck_female	1	1	1	1	3	1	1	false	1	0
2617	3407	0	44	Duck	duck	1	1	1	1	3	1	1	false	1	0
2617	3410	0	45	Duck	duck_female	1	1	1	1	3	1	1	false	1	0
2617	3425	0	44	Duck	duck	1	1	1	1	3	1	1	false	1	0
2617	3445	0	45	Duck	duck_female	1	1	1	1	3	1	1	false	1	0
2617	3448	0	45	Duck	duck_female	1	1	1	1	3	1	1	false	1	0
2618	3406	0	45	Duck	duck_female	1	1	1	1	3	1	1	false	1	0
2618	3422	0	45	Duck	duck_female	1	1	1	1	3	1	1	false	1	0
2619	3409	0	44	Duck	duck	1	1	1	1	3	1	1	false	1	0
2619	3421	0	44	Duck	duck	1	1	1	1	3	1	1	false	1	0
2619	3424	0	45	Duck	duck_female	1	1	1	1	3	1	1	false	1	0
2619	3445	0	44	Duck	duck	1	1	1	1	3	1	1	false	1	0
2619	3447	0	45	Duck	duck_female	1	1	1	1	3	1	1	false	1	0
2619	3450	0	45	Duck	duck_female	1	1	1	1	3	1	1	false	1	0
2620	3394	0	100	Goblin	goblin	2	1	1	1	5	1	1	false	1	0
2620	3403	0	45	Duck	duck_female	1	1	1	1	3	1	1	false	1	0
2620	3405	0	44	Duck	duck	1	1	1	1	3	1	1	false	1	0
2620	3407	0	44	Duck	duck	1	1	1	1	3	1	1	false	1	0
2620	3449	0	44	Duck	duck	1	1	1	1	3	1	1	false	1	0
2621	3393	0	100	Goblin	goblin	2	1	1	1	5	1	1	false	1	0
2621	3405	0	45	Duck	duck_female	1	1	1	1	3	1	1	false	1	0
2621	3410	0	45	Duck	duck_female	1	1	1	1	3	1	1	false	1	0
2621	3444	0	45	Duck	duck_female	1	1	1	1	3	1	1	false	1	0
2621	3446	0	44	Duck	duck	1	1	1	1	3	1	1	false	1	0
2623	3396	0	101	Goblin	goblin_armed	5	3	4	1	12	1	1	false	1	0
2623	3397	0	101	Goblin	goblin_armed	5	3	4	1	12	1	1	false	1	0
2564	3456	0	206	Dwarf	mcannonguard	10	8	9	6	16	1	1	false	1	0
2571	3463	0	208	Dwarf Commander	lawgof2	0	1	1	1	16	1	1	false	1	0
2571	3481	0	78	Giant bat	bat	27	22	22	22	32	1	1	true	2	0
2572	3456	0	206	Dwarf	mcannonguard	10	8	9	6	16	1	1	false	1	0
2572	3472	0	78	Giant bat	bat	27	22	22	22	32	1	1	true	2	0
2575	3486	0	383	Stankers	stankers	0	1	1	1	1	1	1	false	1	0
2578	3476	0	78	Giant bat	bat	27	22	22	22	32	1	1	true	2	0
2586	3473	0	78	Giant bat	bat	27	22	22	22	32	1	1	true	2	0
2591	3479	0	78	Giant bat	bat	27	22	22	22	32	1	1	true	2	0
2592	3484	0	78	Giant bat	bat	27	22	22	22	32	1	1	true	2	0
2594	3474	0	78	Giant bat	bat	27	22	22	22	32	1	1	true	2	0
2610	3479	0	47	Rat	rat	1	1	1	1	2	1	1	false	1	0
2611	3475	0	47	Rat	rat	1	1	1	1	2	1	1	false	1	0
2612	3474	0	218	Galahad	brother_galahad	0	1	1	1	1	1	1	false	1	0
2614	3478	0	47	Rat	rat	1	1	1	1	2	1	1	false	1	0
2619	3671	0	1318	Warrior	viking_guard2	48	40	40	40	50	1	1	false	1	0
2622	3654	0	1318	Warrior	viking_guard2	48	40	40	40	50	1	1	false	1	0
2640	9391	0	1012	Bugs	bugs	0	1	1	1	1	1	1	false	1	0
2650	9393	0	1011	Fycie	fycie	0	1	1	1	1	1	1	false	1	0
2631	9695	0	86	Giant rat	giantrat	3	2	2	3	5	1	1	false	2	0
2636	9697	0	86	Giant rat	giantrat	3	2	2	3	5	1	1	false	2	0
2641	9698	0	47	Rat	rat	1	1	1	1	2	1	1	false	1	0
2642	9712	0	86	Giant rat	giantrat	3	2	2	3	5	1	1	false	2	0
2644	9696	0	86	Giant rat	giantrat	3	2	2	3	5	1	1	false	2	0
2644	9708	0	86	Giant rat	giantrat	3	2	2	3	5	1	1	false	2	0
2645	9711	0	47	Rat	rat	1	1	1	1	2	1	1	false	1	0
2647	9701	0	86	Giant rat	giantrat	3	2	2	3	5	1	1	false	2	0
2647	9716	0	86	Giant rat	giantrat	3	2	2	3	5	1	1	false	2	0
2651	9700	0	86	Giant rat	giantrat	3	2	2	3	5	1	1	false	2	0
2669	9681	0	47	Rat	rat	1	1	1	1	2	1	1	false	1	0
2673	9678	0	47	Rat	rat	1	1	1	1	2	1	1	false	1	0
2675	9680	0	75	Zombie	zombie_armed	24	19	16	21	30	1	1	false	1	0
2676	9684	0	75	Zombie	zombie_armed	24	19	16	21	30	1	1	false	1	0
2676	9687	0	75	Zombie	zombie_armed	24	19	16	21	30	1	1	false	1	0
2680	9701	0	47	Rat	rat	1	1	1	1	2	1	1	false	1	0
2648	9761	0	59	Giant spider	giantspider1	2	1	1	1	5	1	1	false	1	0
2653	9764	0	59	Giant spider	giantspider1	2	1	1	1	5	1	1	false	1	0
2637	9809	0	107	Scorpion	scorpion	14	11	11	12	17	1	1	false	2	0
2639	9814	0	107	Scorpion	scorpion	14	11	11	12	17	1	1	false	2	0
2641	9811	0	107	Scorpion	scorpion	14	11	11	12	17	1	1	false	2	0
2641	9819	0	107	Scorpion	scorpion	14	11	11	12	17	1	1	false	2	0
2644	9822	0	107	Scorpion	scorpion	14	11	11	12	17	1	1	false	2	0
2658	9820	0	93	Skeleton	giantskeleton	45	32	36	35	59	1	1	false	1	0
2659	9809	0	78	Giant bat	bat	27	22	22	22	32	1	1	true	2	0
2663	9804	0	78	Giant bat	bat	27	22	22	22	32	1	1	true	2	0
2664	9831	0	93	Skeleton	giantskeleton	45	32	36	35	59	1	1	false	1	0
2665	9812	0	78	Giant bat	bat	27	22	22	22	32	1	1	true	2	0
2667	9824	0	93	Skeleton	giantskeleton	45	32	36	35	59	1	1	false	1	0
2670	9828	0	93	Skeleton	giantskeleton	45	32	36	35	59	1	1	false	1	0
2671	9822	0	93	Skeleton	giantskeleton	45	32	36	35	59	1	1	false	1	0
2630	9867	0	82	Lesser demon	lesser_demon	82	68	71	70	79	1	1	false	2	0
2631	9880	0	82	Lesser demon	lesser_demon	82	68	71	70	79	1	1	false	2	0
2632	9874	0	82	Lesser demon	lesser_demon	82	68	71	70	79	1	1	false	2	0
2636	9910	0	275	Guardian of Armadyl	ikov_guardianfemale	43	37	37	37	40	1	1	false	1	0
2637	9891	0	93	Skeleton	giantskeleton	45	32	36	35	59	1	1	false	1	0
2638	9899	0	274	Guardian of Armadyl	ikov_guardianmale	45	37	37	37	50	1	1	false	1	0
2641	9889	0	93	Skeleton	giantskeleton	45	32	36	35	59	1	1	false	1	0
2645	9891	0	93	Skeleton	giantskeleton	45	32	36	35	59	1	1	false	1	0
2646	9906	0	275	Guardian of Armadyl	ikov_guardianfemale	43	37	37	37	40	1	1	false	1	0
2648	9890	0	93	Skeleton	giantskeleton	45	32	36	35	59	1	1	false	1	0
2648	9901	0	274	Guardian of Armadyl	ikov_guardianmale	45	37	37	37	50	1	1	false	1	0
2649	9912	0	274	Guardian of Armadyl	ikov_guardianmale	45	37	37	37	50	1	1	false	1	0
2653	9892	0	93	Skeleton	giantskeleton	45	32	36	35	59	1	1	false	1	0
2656	9875	0	276	Winelda	ikov_winelda	0	1	1	1	1	1	1	false	1	0
2657	9894	0	93	Skeleton	giantskeleton	45	32	36	35	59	1	1	false	1	0
2658	9888	0	93	Skeleton	giantskeleton	45	32	36	35	59	1	1	false	1	0
2660	9885	0	93	Skeleton	giantskeleton	45	32	36	35	59	1	1	false	1	0
2660	9890	0	93	Skeleton	giantskeleton	45	32	36	35	59	1	1	false	1	0
2664	9877	0	92	Skeleton	skeleton_armed	22	15	17	18	29	1	1	false	1	0
2630	2981	0	1010	Rantz	rantz	0	1	1	1	1	1	1	false	2	0
2667	3090	0	62	Jungle spider	jungle_spider	44	35	35	37	50	1	1	false	1	0
2669	3091	0	62	Jungle spider	jungle_spider	44	35	35	37	50	1	1	false	1	0
2670	3087	0	62	Jungle spider	jungle_spider	44	35	35	37	50	1	1	false	1	0
2670	3089	0	62	Jungle spider	jungle_spider	44	35	35	37	50	1	1	false	1	0
2671	3107	0	61	Spider	spider	1	1	1	1	2	1	1	false	1	0
2672	3093	0	62	Jungle spider	jungle_spider	44	35	35	37	50	1	1	false	1	0
2672	3109	0	61	Spider	spider	1	1	1	1	2	1	1	false	1	0
2673	3085	0	62	Jungle spider	jungle_spider	44	35	35	37	50	1	1	false	1	0
2673	3088	0	62	Jungle spider	jungle_spider	44	35	35	37	50	1	1	false	1	0
2673	3092	0	62	Jungle spider	jungle_spider	44	35	35	37	50	1	1	false	1	0
2674	3096	0	62	Jungle spider	jungle_spider	44	35	35	37	50	1	1	false	1	0
2674	3111	0	62	Jungle spider	jungle_spider	44	35	35	37	50	1	1	false	1	0
2677	3097	0	62	Jungle spider	jungle_spider	44	35	35	37	50	1	1	false	1	0
2678	3084	0	62	Jungle spider	jungle_spider	44	35	35	37	50	1	1	false	1	0
2678	3091	0	62	Jungle spider	jungle_spider	44	35	35	37	50	1	1	false	1	0
2680	3081	0	62	Jungle spider	jungle_spider	44	35	35	37	50	1	1	false	1	0
2680	3090	0	62	Jungle spider	jungle_spider	44	35	35	37	50	1	1	false	1	0
2680	3094	0	62	Jungle spider	jungle_spider	44	35	35	37	50	1	1	false	1	0
2680	3110	0	62	Jungle spider	jungle_spider	44	35	35	37	50	1	1	false	1	0
2681	3086	0	62	Jungle spider	jungle_spider	44	35	35	37	50	1	1	false	1	0
2681	3094	0	62	Jungle spider	jungle_spider	44	35	35	37	50	1	1	false	1	0
2681	3114	0	62	Jungle spider	jungle_spider	44	35	35	37	50	1	1	false	1	0
2683	3088	0	62	Jungle spider	jungle_spider	44	35	35	37	50	1	1	false	1	0
2678	3086	1	669	Hazelmere	grandtree_hazelmere	0	1	1	1	1	1	1	false	1	0
2641	3171	0	555	Shop keeper	khazard_shopkeeper	0	1	1	1	1	1	1	false	1	0
2655	3152	0	555	Shop keeper	khazard_shopkeeper	0	1	1	1	1	1	1	false	1	0
2668	3162	0	463	Murphy	murphy	0	1	1	1	1	1	1	false	1	0
2625	3203	0	708	Imp	imp	2	1	1	1	8	1	1	false	1	0
2625	3217	0	708	Imp	imp	2	1	1	1	8	1	1	false	1	0
2629	3233	0	708	Imp	imp	2	1	1	1	8	1	1	false	1	0
2630	3210	0	708	Imp	imp	2	1	1	1	8	1	1	false	1	0
2632	3202	0	708	Imp	imp	2	1	1	1	8	1	1	false	1	0
2633	3222	0	708	Imp	imp	2	1	1	1	8	1	1	false	1	0
2633	3243	0	708	Imp	imp	2	1	1	1	8	1	1	false	1	0
2639	3206	0	708	Imp	imp	2	1	1	1	8	1	1	false	1	0
2639	3230	0	708	Imp	imp	2	1	1	1	8	1	1	false	1	0
2671	3240	0	194	Necromancer	necromancer	26	18	18	18	40	1	18	false	1	0
2667	3241	1	173	Invrigar the Necromancer	invrigar_the_necromancer	20	17	14	17	24	1	18	false	1	0
2624	3319	0	99	Guard dog	guarddog	44	35	37	36	49	1	1	false	1	0
2624	3327	0	99	Guard dog	guarddog	44	35	37	36	49	1	1	false	1	0
2629	3266	0	89	Unicorn	unicorn	15	11	13	13	19	1	1	false	2	0
2629	3295	0	15	Warrior woman	warrior_woman	24	22	22	22	20	1	1	false	1	0
2630	3288	0	21	Hero	hero	69	54	54	55	82	1	1	false	1	0
2632	3280	0	105	Bear	brownbear	21	17	15	18	27	1	1	false	2	0
2632	3299	0	15	Warrior woman	warrior_woman	24	22	22	22	20	1	1	false	1	0
2633	3274	0	105	Bear	brownbear	21	17	15	18	27	1	1	false	2	0
2634	3265	0	89	Unicorn	unicorn	15	11	13	13	19	1	1	false	2	0
2635	3311	0	845	Horacio	horacio	0	1	1	1	1	1	1	false	1	0
2641	3315	0	99	Guard dog	guarddog	44	35	37	36	49	1	1	false	1	0
2644	3274	0	843	RPDT employee	rpdt_employee	0	1	1	1	1	1	1	false	1	0
2644	3276	0	843	RPDT employee	rpdt_employee	0	1	1	1	1	1	1	false	1	0
2646	3325	0	99	Guard dog	guarddog	44	35	37	36	49	1	1	false	1	0
2647	3271	0	843	RPDT employee	rpdt_employee	0	1	1	1	1	1	1	false	1	0
2647	3306	0	21	Hero	hero	69	54	54	55	82	1	1	false	1	0
2651	3307	0	32	Guard	ardougne_guard	20	17	13	18	22	1	1	false	1	0
2652	3318	0	23	Knight of Ardougne	knight_of_ardougne	46	38	31	40	52	1	1	false	1	0
2653	3295	0	589	Zenesha	zenesha	0	1	1	1	1	1	1	false	1	0
2653	3300	0	23	Knight of Ardougne	knight_of_ardougne	46	38	31	40	52	1	1	false	1	0
2653	3315	0	20	Paladin	paladin	62	54	54	54	57	1	1	false	1	0
2654	3311	0	571	Baker	baker_merchant	0	1	1	1	1	1	1	false	1	0
2656	3301	0	574	Silk merchant	silk_merchant	0	1	1	1	1	1	1	false	1	0
2657	3280	0	495	Banker	banker2	0	1	1	1	1	1	1	false	1	0
2657	3283	0	494	Banker	banker1	0	1	1	1	1	1	1	false	1	0
2657	3286	0	494	Banker	banker1	0	1	1	1	1	1	1	false	1	0
2657	3307	0	20	Paladin	paladin	62	54	54	54	57	1	1	false	1	0
2658	3296	0	572	Spice seller	spice_merchant	0	1	1	1	1	1	1	false	1	0
2658	3316	0	569	Silver merchant	silver_merchant	0	1	1	1	1	1	1	false	1	0
2659	3309	0	32	Guard	ardougne_guard	20	17	13	18	22	1	1	false	1	0
2660	3309	0	32	Guard	ardougne_guard	20	17	13	18	22	1	1	false	1	0
2661	3309	0	32	Guard	ardougne_guard	20	17	13	18	22	1	1	false	1	0
2663	3301	0	32	Guard	ardougne_guard	20	17	13	18	22	1	1	false	1	0
2664	3318	0	32	Guard	ardougne_guard	20	17	13	18	22	1	1	false	1	0
2665	3300	0	32	Guard	ardougne_guard	20	17	13	18	22	1	1	false	1	0
2666	3295	0	573	Fur trader	fur_merchant	0	1	1	1	1	1	1	false	1	0
2667	3316	0	21	Hero	hero	69	54	54	55	82	1	1	false	1	0
2669	3298	0	23	Knight of Ardougne	knight_of_ardougne	46	38	31	40	52	1	1	false	1	0
2669	3303	0	570	Gem merchant	gem_merchant	0	1	1	1	1	1	1	false	1	0
2669	3310	0	571	Baker	baker_merchant	0	1	1	1	1	1	1	false	1	0
2671	3313	0	23	Knight of Ardougne	knight_of_ardougne	46	38	31	40	52	1	1	false	1	0
2679	3275	0	381	Captain Barnaby	captain_barnaby	0	1	1	1	1	1	1	false	1	0
2683	3326	0	844	Wizard Cromperty	ardounge_wizard	0	1	1	1	1	1	1	false	1	0
2635	3339	0	32	Guard	ardougne_guard	20	17	13	18	22	1	1	false	1	0
2636	3340	0	32	Guard	ardougne_guard	20	17	13	18	22	1	1	false	1	0
2637	3339	0	32	Guard	ardougne_guard	20	17	13	18	22	1	1	false	1	0
2645	3367	0	7	Farmer	farmer1	7	3	8	4	12	1	1	false	1	0
2646	3364	0	7	Farmer	farmer1	7	3	8	4	12	1	1	false	1	0
2647	3357	0	25	Woman	ardougnian_female1	2	1	1	1	7	1	1	false	1	0
2650	3366	0	43	Sheep	sheepunsheered	0	1	1	1	1	1	1	false	1	0
2650	3375	0	43	Sheep	sheepunsheered	0	1	1	1	1	1	1	false	1	0
2651	3360	0	43	Sheep	sheepunsheered	0	1	1	1	1	1	1	false	1	0
2652	3351	0	7	Farmer	farmer1	7	3	8	4	12	1	1	false	1	0
2652	3373	0	43	Sheep	sheepunsheered	0	1	1	1	1	1	1	false	1	0
2653	3362	0	43	Sheep	sheepunsheered	0	1	1	1	1	1	1	false	1	0
2654	3357	0	43	Sheep	sheepunsheered	0	1	1	1	1	1	1	false	1	0
2655	3368	0	43	Sheep	sheepunsheered	0	1	1	1	1	1	1	false	1	0
2656	3364	0	43	Sheep	sheepunsheered	0	1	1	1	1	1	1	false	1	0
2656	3371	0	43	Sheep	sheepunsheered	0	1	1	1	1	1	1	false	1	0
2656	3378	0	43	Sheep	sheepunsheered	0	1	1	1	1	1	1	false	1	0
2657	3341	0	81	Cow	cow	2	1	1	1	8	1	1	false	2	0
2658	3351	0	81	Cow	cow	2	1	1	1	8	1	1	false	2	0
2660	3344	0	81	Cow	cow	2	1	1	1	8	1	1	false	2	0
2664	3341	0	81	Cow	cow	2	1	1	1	8	1	1	false	2	0
2664	3348	0	81	Cow	cow	2	1	1	1	8	1	1	false	2	0
2664	3352	0	81	Cow	cow	2	1	1	1	8	1	1	false	2	0
2666	3344	0	81	Cow	cow	2	1	1	1	8	1	1	false	2	0
2670	3348	0	81	Cow	cow	2	1	1	1	8	1	1	false	2	0
2671	3342	0	81	Cow	cow	2	1	1	1	8	1	1	false	2	0
2672	3354	0	81	Cow	cow	2	1	1	1	8	1	1	false	2	0
2629	3415	0	229	Joshua	joshua	0	1	1	1	1	1	1	false	1	0
2634	3425	0	228	Big Dave	bigdave	0	1	1	1	1	1	1	false	1	0
2637	3440	0	226	A Sinister Stranger	sinister_stranger	0	1	1	1	1	1	1	false	1	0
2641	3439	0	225	Bonzo	bonzo	0	1	1	1	1	1	1	false	1	0
2643	3440	0	227	Morris	morris	0	1	1	1	1	1	1	false	1	0
2650	3441	0	41	Chicken	chicken	1	1	1	1	3	1	1	false	1	0
2650	3442	0	41	Chicken	chicken	1	1	1	1	3	1	1	false	1	0
2650	3452	0	230	Grandpa Jack	grandpa_jack	0	1	1	1	1	1	1	false	1	0
2651	3441	0	41	Chicken	chicken	1	1	1	1	3	1	1	false	1	0
2651	3442	0	41	Chicken	chicken	1	1	1	1	3	1	1	false	1	0
2655	3426	0	678	Guard	ranging_guild_guard	37	20	20	20	50	40	1	false	1	10
2655	3429	0	678	Guard	ranging_guild_guard	37	20	20	20	50	40	1	false	1	10
2658	3439	0	679	Ranging Guild Doorman	ranging_guild_doorman	0	20	40	20	50	1	1	false	1	0
2659	3429	0	694	Ticket Merchant	ranging_guild_ticket_exchange	0	1	1	1	1	1	1	false	1	0
2659	3431	0	694	Ticket Merchant	ranging_guild_ticket_exchange	0	1	1	1	1	1	1	false	1	0
2659	3438	0	678	Guard	ranging_guild_guard	37	20	20	20	50	40	1	false	1	10
2661	3419	0	692	Tribal Weapon Salesman	ranging_guild_tribal_salesman	0	1	1	1	1	1	1	false	1	0
2663	3425	0	678	Guard	ranging_guild_guard	37	20	20	20	50	40	1	false	1	10
2666	3415	0	678	Guard	ranging_guild_guard	37	20	20	20	50	40	1	false	1	10
2667	3436	0	682	Armour salesman	ranging_guild_armour_salesman	0	1	1	1	1	1	1	false	1	0
2669	3415	0	678	Guard	ranging_guild_guard	37	20	20	20	50	40	1	false	1	10
2669	3418	0	693	Competition Judge	ranging_guild_competition_judge	0	1	1	1	1	1	1	false	1	0
2669	3441	0	678	Guard	ranging_guild_guard	37	20	20	20	50	40	1	false	1	10
2670	3438	0	678	Guard	ranging_guild_guard	37	20	20	20	50	40	1	false	1	10
2673	3434	0	683	Bow and Arrow salesman	ranging_guild_bow_salesman	0	1	1	1	1	1	1	false	1	0
2673	3439	0	678	Guard	ranging_guild_guard	37	20	20	20	50	40	1	false	1	10
2675	3428	0	678	Guard	ranging_guild_guard	37	20	20	20	50	40	1	false	1	10
2678	3434	0	680	Leatherworker	ranging_guild_leatherworker	0	1	1	1	1	1	1	false	1	0
2682	3430	0	678	Guard	ranging_guild_guard	37	20	20	20	50	40	1	false	1	10
2666	3427	2	687	Tower Advisor	ranging_advisor4	0	1	1	1	1	1	1	false	1	0
2667	3430	2	684	Tower Advisor	ranging_advisor1	0	1	1	1	1	1	1	false	1	0
2669	3426	2	686	Tower Advisor	ranging_advisor3	0	1	1	1	1	1	1	false	1	0
2670	3429	2	685	Tower Advisor	ranging_advisor2	0	1	1	1	1	1	1	false	1	0
2625	3502	0	99	Guard dog	guarddog	44	35	37	36	49	1	1	false	1	0
2628	3484	0	99	Guard dog	guarddog	44	35	37	36	49	1	1	false	1	0
2631	3472	0	99	Guard dog	guarddog	44	35	37	36	49	1	1	false	1	0
2636	3503	0	99	Guard dog	guarddog	44	35	37	36	49	1	1	false	1	0
2645	3488	0	99	Guard dog	guarddog	44	35	37	36	49	1	1	false	1	0
2648	3469	0	231	Forester	mcgruborforester	0	1	1	1	1	1	1	false	1	0
2649	3468	0	231	Forester	mcgruborforester	0	1	1	1	1	1	1	false	1	0
2650	3468	0	231	Forester	mcgruborforester	0	1	1	1	1	1	1	false	1	0
2651	3469	0	231	Forester	mcgruborforester	0	1	1	1	1	1	1	false	1	0
2659	3478	0	99	Guard dog	guarddog	44	35	37	36	49	1	1	false	1	0
2665	3471	0	99	Guard dog	guarddog	44	35	37	36	49	1	1	false	1	0
2666	3506	0	99	Guard dog	guarddog	44	35	37	36	49	1	1	false	1	0
2669	3488	0	99	Guard dog	guarddog	44	35	37	36	49	1	1	false	1	0
2674	3504	0	99	Guard dog	guarddog	44	35	37	36	49	1	1	false	1	0
2626	3633	0	1330	Wolf	viking_wolf	64	50	52	55	69	1	1	false	2	0
2630	3631	0	1330	Wolf	viking_wolf	64	50	52	55	69	1	1	false	2	0
2630	3637	0	1330	Wolf	viking_wolf	64	50	52	55	69	1	1	false	2	0
2641	3626	0	1330	Wolf	viking_wolf	64	50	52	55	69	1	1	false	2	0
2642	3622	0	1330	Wolf	viking_wolf	64	50	52	55	69	1	1	false	2	0
2644	3627	0	1330	Wolf	viking_wolf	64	50	52	55	69	1	1	false	2	0
2647	3584	0	95	Wolf	wolf	64	50	52	55	69	1	1	false	2	0
2655	3592	0	1287	Council workman	vt_council_workmen	0	1	1	1	1	1	1	false	1	0
2660	3646	0	1298	Town Guard	viking_town_entrance_guard1	0	1	1	1	1	1	1	false	1	0
2664	3646	0	1299	Town Guard	viking_town_entrance_guard2	0	1	1	1	1	1	1	false	1	0
2680	3585	0	95	Wolf	wolf	64	50	52	55	69	1	1	false	2	0
2682	3592	0	95	Wolf	wolf	64	50	52	55	69	1	1	false	2	0
2624	3702	0	1323	Gull	viking_seagull2	0	22	17	22	32	1	1	false	1	0
2625	3664	0	1318	Warrior	viking_guard2	48	40	40	40	50	1	1	false	1	0
2625	3675	0	1301	Yrsa	viking_clothing_shopkeeper	0	1	1	1	1	1	1	false	1	0
2625	3710	0	1323	Gull	viking_seagull2	0	22	17	22	32	1	1	false	1	0
2627	3654	0	1313	Sassilik	viking_woman4	48	40	40	40	50	1	1	false	1	0
2628	3701	0	1324	Gull	viking_seagull3	0	22	17	22	32	1	1	false	1	0
2628	3706	0	1324	Gull	viking_seagull3	0	22	17	22	32	1	1	false	1	0
2629	3693	0	1304	Sailor	viking_sailor	0	1	1	1	1	1	1	false	1	0
2630	3676	0	1318	Warrior	viking_guard2	48	40	40	40	50	1	1	false	1	0
2630	3710	0	1323	Gull	viking_seagull2	0	22	17	22	32	1	1	false	1	0
2632	3700	0	1324	Gull	viking_seagull3	0	22	17	22	32	1	1	false	1	0
2633	3707	0	1324	Gull	viking_seagull3	0	22	17	22	32	1	1	false	1	0
2634	3651	0	1318	Warrior	viking_guard2	48	40	40	40	50	1	1	false	1	0
2634	3668	0	1288	Peer the Seer	viking_peer	0	1	1	1	1	1	1	false	1	0
2635	3676	0	1317	Market Guard	viking_guard	48	40	40	40	50	1	1	false	1	0
2635	3697	0	1323	Gull	viking_seagull2	0	22	17	22	32	1	1	false	1	0
2635	3703	0	1324	Gull	viking_seagull3	0	22	17	22	32	1	1	false	1	0
2636	3710	0	1323	Gull	viking_seagull2	0	22	17	22	32	1	1	false	1	0
2640	3651	0	1312	Jennella	viking_woman3	48	40	40	40	50	1	1	false	1	0
2640	3675	0	1316	Fur trader	viking_fur_monger	0	1	1	1	1	1	1	false	1	0
2641	3680	0	1282	Sigmund The Merchant	viking_sigmund	0	1	1	1	1	1	1	false	1	0
2641	3699	0	1302	Fisherman	viking_fisherman1	0	1	1	1	1	1	1	false	1	0
2641	3704	0	1323	Gull	viking_seagull2	0	22	17	22	32	1	1	false	1	0
2642	3677	0	1305	Agnar	viking_man	48	40	40	40	50	1	1	false	1	0
2643	3674	0	1318	Warrior	viking_guard2	48	40	40	40	50	1	1	false	1	0
2644	3670	0	1317	Market Guard	viking_guard	48	40	40	40	50	1	1	false	1	0
2644	3677	0	1317	Market Guard	viking_guard	48	40	40	40	50	1	1	false	1	0
2644	3683	0	1317	Market Guard	viking_guard	48	40	40	40	50	1	1	false	1	0
2646	3660	0	1283	Swensen the Navigator	viking_hallifred	0	1	1	1	1	1	1	false	1	0
2646	3675	0	1315	Fish monger	viking_fish_monger	0	1	1	1	1	1	1	false	1	0
2650	3652	0	1318	Warrior	viking_guard2	48	40	40	40	50	1	1	false	1	0
2650	3676	0	1317	Market Guard	viking_guard	48	40	40	40	50	1	1	false	1	0
2655	3652	0	1311	Lensa	viking_woman2	48	40	40	40	50	1	1	false	1	0
2655	3673	0	1284	Bjorn	viking_reveller	0	1	1	1	1	1	1	false	1	0
2655	3691	0	1318	Warrior	viking_guard2	48	40	40	40	50	1	1	false	1	0
2657	3663	0	1296	Guard	viking_longhall_guard1	0	1	1	1	1	1	1	false	1	0
2657	3680	0	1275	Styrmir	viking_heckler_2	0	1	1	1	1	1	1	false	1	0
2658	3660	0	1295	Askeladden	viking_askelapen	0	1	1	1	1	1	1	false	1	0
2658	3674	0	1285	Eldgrim	viking_reveller_2	0	1	1	1	1	1	1	false	1	0
2658	3679	0	1276	Torbrund	viking_heckler_3	0	1	1	1	1	1	1	false	1	0
2659	3669	0	1294	Brundt the Chieftain	viking_brundt	0	1	1	1	1	1	1	false	1	0
2659	3678	0	1277	Fridgeir	viking_heckler_4	0	1	1	1	1	1	1	false	1	0
2660	3653	0	1281	Sigli the Huntsman	viking_sigli	0	1	1	1	1	1	1	false	1	0
2660	3663	0	1297	Guard	viking_longhall_guard2	0	1	1	1	1	1	1	false	1	0
2660	3673	0	1286	Manni the Reveller	viking_reveller_3	0	1	1	1	1	1	1	false	1	0
2660	3680	0	1274	Ospak	viking_heckler	0	1	1	1	1	1	1	false	1	0
2662	3673	0	1300	Thora the Barkeep	viking_longhall_barkeep	0	1	1	1	1	1	1	false	1	0
2663	3694	0	1303	Skulgrimen	viking_weapons_salesman	0	1	1	1	1	1	1	false	1	0
2666	3652	0	1309	Pontak	viking_man5	48	40	40	40	50	1	1	false	1	0
2666	3678	0	1318	Warrior	viking_guard2	48	40	40	40	50	1	1	false	1	0
2666	3693	0	1289	Thorvald the Warrior	viking_thorvald	0	1	1	1	1	1	1	false	1	0
2667	3684	0	1278	Longhall Bouncer	viking_longhall_bouncer	0	1	1	1	1	1	1	false	1	0
2667	3702	0	1310	Freygerd	viking_woman	48	40	40	40	50	1	1	false	1	0
2668	3658	0	1318	Warrior	viking_guard2	48	40	40	40	50	1	1	false	1	0
2668	3670	0	1318	Warrior	viking_guard2	48	40	40	40	50	1	1	false	1	0
2668	3710	0	1318	Warrior	viking_guard2	48	40	40	40	50	1	1	false	1	0
2673	3683	0	1269	Olaf the Bard	viking_olaf	0	1	1	1	1	1	1	false	1	0
2673	3695	0	1318	Warrior	viking_guard2	48	40	40	40	50	1	1	false	1	0
2674	3675	0	1306	Freidir	viking_man2	48	40	40	40	50	1	1	false	1	0
2674	3677	0	1314	Inga	viking_woman_indoors	48	40	40	40	50	1	1	false	1	0
2676	3665	0	1308	Lanzig	viking_man4	48	40	40	40	50	1	1	false	1	0
2679	3663	0	1017	Chicken	chicken_brown	1	1	1	1	3	1	1	false	1	0
2679	3665	0	41	Chicken	chicken	1	1	1	1	3	1	1	false	1	0
2679	3690	0	1307	Borrokar	viking_man3	48	40	40	40	50	1	1	false	1	0
2680	3662	0	1018	Rooster	rooster	2	2	1	2	7	1	1	false	1	0
2680	3664	0	41	Chicken	chicken	1	1	1	1	3	1	1	false	1	0
2681	3663	0	1017	Chicken	chicken_brown	1	1	1	1	3	1	1	false	1	0
2685	3653	0	1318	Warrior	viking_guard2	48	40	40	40	50	1	1	false	1	0
2656	3720	0	123	Hobgoblin	hobgoblin_armed	42	33	36	31	49	1	1	false	1	0
2656	3727	0	123	Hobgoblin	hobgoblin_armed	42	33	36	31	49	1	1	false	1	0
2661	3731	0	123	Hobgoblin	hobgoblin_armed	42	33	36	31	49	1	1	false	1	0
2663	3716	0	1268	Rocks	horror_rockcrab_small_inactive	0	1	1	1	50	1	1	false	1	1
2666	3715	0	1266	Rocks	horror_rockcrab_inactive	0	1	1	1	50	1	1	false	1	1
2667	3727	0	1266	Rocks	horror_rockcrab_inactive	0	1	1	1	50	1	1	false	1	1
2669	3718	0	1268	Rocks	horror_rockcrab_small_inactive	0	1	1	1	50	1	1	false	1	1
2669	3725	0	123	Hobgoblin	hobgoblin_armed	42	33	36	31	49	1	1	false	1	0
2670	3727	0	1268	Rocks	horror_rockcrab_small_inactive	0	1	1	1	50	1	1	false	1	1
2671	3724	0	1266	Rocks	horror_rockcrab_inactive	0	1	1	1	50	1	1	false	1	1
2672	3732	0	1266	Rocks	horror_rockcrab_inactive	0	1	1	1	50	1	1	false	1	1
2673	3716	0	1268	Rocks	horror_rockcrab_small_inactive	0	1	1	1	50	1	1	false	1	1
2675	3729	0	1266	Rocks	horror_rockcrab_inactive	0	1	1	1	50	1	1	false	1	1
2675	3731	0	123	Hobgoblin	hobgoblin_armed	42	33	36	31	49	1	1	false	1	0
2676	3713	0	1268	Rocks	horror_rockcrab_small_inactive	0	1	1	1	50	1	1	false	1	1
2677	3717	0	1268	Rocks	horror_rockcrab_small_inactive	0	1	1	1	50	1	1	false	1	1
2677	3721	0	1266	Rocks	horror_rockcrab_inactive	0	1	1	1	50	1	1	false	1	1
2677	3733	0	1268	Rocks	horror_rockcrab_small_inactive	0	1	1	1	50	1	1	false	1	1
2678	3729	0	1268	Rocks	horror_rockcrab_small_inactive	0	1	1	1	50	1	1	false	1	1
2681	3727	0	1266	Rocks	horror_rockcrab_inactive	0	1	1	1	50	1	1	false	1	1
2681	3733	0	1266	Rocks	horror_rockcrab_inactive	0	1	1	1	50	1	1	false	1	1
2683	3716	0	1266	Rocks	horror_rockcrab_inactive	0	1	1	1	50	1	1	false	1	1
2684	3720	0	1268	Rocks	horror_rockcrab_small_inactive	0	1	1	1	50	1	1	false	1	1
2686	3713	0	1268	Rocks	horror_rockcrab_small_inactive	0	1	1	1	50	1	1	false	1	1
2687	3724	0	1268	Rocks	horror_rockcrab_small_inactive	0	1	1	1	50	1	1	false	1	1
2631	4677	0	210	Grail Maiden	grail_maiden	0	1	1	1	1	1	1	false	1	0
2631	4687	0	210	Grail Maiden	grail_maiden	0	1	1	1	1	1	1	false	1	0
2632	4682	0	210	Grail Maiden	grail_maiden	0	1	1	1	1	1	1	false	1	0
2637	4722	0	215	Peasant	happy_peasant	0	1	1	1	1	1	1	false	1	0
2638	4680	0	210	Grail Maiden	grail_maiden	0	1	1	1	1	1	1	false	1	0
2638	4690	0	210	Grail Maiden	grail_maiden	0	1	1	1	1	1	1	false	1	0
2641	4686	0	210	Grail Maiden	grail_maiden	0	1	1	1	1	1	1	false	1	0
2648	4718	0	215	Peasant	happy_peasant	0	1	1	1	1	1	1	false	1	0
2649	4703	0	215	Peasant	happy_peasant	0	1	1	1	1	1	1	false	1	0
2650	4711	0	43	Sheep	sheepunsheered	0	1	1	1	1	1	1	false	1	0
2652	4714	0	43	Sheep	sheepunsheered	0	1	1	1	1	1	1	false	1	0
2653	4706	0	43	Sheep	sheepunsheered	0	1	1	1	1	1	1	false	1	0
2653	4709	0	43	Sheep	sheepunsheered	0	1	1	1	1	1	1	false	1	0
2653	4713	0	43	Sheep	sheepunsheered	0	1	1	1	1	1	1	false	1	0
2656	4714	0	43	Sheep	sheepunsheered	0	1	1	1	1	1	1	false	1	0
2657	4707	0	43	Sheep	sheepunsheered	0	1	1	1	1	1	1	false	1	0
2657	4710	0	43	Sheep	sheepunsheered	0	1	1	1	1	1	1	false	1	0
2659	4707	0	43	Sheep	sheepunsheered	0	1	1	1	1	1	1	false	1	0
2659	4714	0	43	Sheep	sheepunsheered	0	1	1	1	1	1	1	false	1	0
2660	4721	0	215	Peasant	happy_peasant	0	1	1	1	1	1	1	false	1	0
2661	4698	0	215	Peasant	happy_peasant	0	1	1	1	1	1	1	false	1	0
2662	4683	0	45	Duck	duck_female	1	1	1	1	3	1	1	false	1	0
2662	4685	0	45	Duck	duck_female	1	1	1	1	3	1	1	false	1	0
2662	4686	0	44	Duck	duck	1	1	1	1	3	1	1	false	1	0
2663	4686	0	45	Duck	duck_female	1	1	1	1	3	1	1	false	1	0
2664	4681	0	45	Duck	duck_female	1	1	1	1	3	1	1	false	1	0
2664	4682	0	44	Duck	duck	1	1	1	1	3	1	1	false	1	0
2665	4684	0	45	Duck	duck_female	1	1	1	1	3	1	1	false	1	0
2666	4679	0	45	Duck	duck_female	1	1	1	1	3	1	1	false	1	0
2666	4682	0	45	Duck	duck_female	1	1	1	1	3	1	1	false	1	0
2666	4686	0	45	Duck	duck_female	1	1	1	1	3	1	1	false	1	0
2666	4687	0	44	Duck	duck	1	1	1	1	3	1	1	false	1	0
2667	4677	0	45	Duck	duck_female	1	1	1	1	3	1	1	false	1	0
2668	4678	0	44	Duck	duck	1	1	1	1	3	1	1	false	1	0
2668	4679	0	45	Duck	duck_female	1	1	1	1	3	1	1	false	1	0
2668	4682	0	44	Duck	duck	1	1	1	1	3	1	1	false	1	0
2668	4687	0	45	Duck	duck_female	1	1	1	1	3	1	1	false	1	0
2668	4688	0	44	Duck	duck	1	1	1	1	3	1	1	false	1	0
2669	4684	0	45	Duck	duck_female	1	1	1	1	3	1	1	false	1	0
2670	4679	0	45	Duck	duck_female	1	1	1	1	3	1	1	false	1	0
2670	4681	0	45	Duck	duck_female	1	1	1	1	3	1	1	false	1	0
2670	4682	0	44	Duck	duck	1	1	1	1	3	1	1	false	1	0
2670	4688	0	45	Duck	duck_female	1	1	1	1	3	1	1	false	1	0
2634	4688	1	212	King Percival	king_percival	0	1	1	1	1	1	1	false	1	0
2694	9687	0	123	Hobgoblin	hobgoblin_armed	42	33	36	31	49	1	1	false	1	0
2696	9689	0	123	Hobgoblin	hobgoblin_armed	42	33	36	31	49	1	1	false	1	0
2697	9693	0	123	Hobgoblin	hobgoblin_armed	42	33	36	31	49	1	1	false	1	0
2699	9688	0	123	Hobgoblin	hobgoblin_armed	42	33	36	31	49	1	1	false	1	0
2719	9668	0	114	Ogre	ogre	53	43	43	43	60	1	1	false	2	0
2719	9715	0	114	Ogre	ogre	53	43	43	43	60	1	1	false	2	0
2720	9702	0	114	Ogre	ogre	53	43	43	43	60	1	1	false	2	0
2722	9669	0	114	Ogre	ogre	53	43	43	43	60	1	1	false	2	0
2723	9707	0	114	Ogre	ogre	53	43	43	43	60	1	1	false	2	0
2724	9713	0	114	Ogre	ogre	53	43	43	43	60	1	1	false	2	0
2734	9688	0	49	Hellhound	hellhound	122	105	102	104	116	1	1	false	2	0
2734	9693	0	49	Hellhound	hellhound	122	105	102	104	116	1	1	false	2	0
2693	9776	0	158	Shadow warrior	shadow_warrior	48	36	36	33	67	0	0	false	1	0
2697	9773	0	158	Shadow warrior	shadow_warrior	48	36	36	33	67	0	0	false	1	0
2697	9779	0	158	Shadow warrior	shadow_warrior	48	36	36	33	67	0	0	false	1	0
2700	9770	0	158	Shadow warrior	shadow_warrior	48	36	36	33	67	0	0	false	1	0
2700	9774	0	158	Shadow warrior	shadow_warrior	48	36	36	33	67	0	0	false	1	0
2700	9777	0	158	Shadow warrior	shadow_warrior	48	36	36	33	67	0	0	false	1	0
2701	9781	0	158	Shadow warrior	shadow_warrior	48	36	36	33	67	0	0	false	1	0
2703	9734	0	78	Giant bat	bat	27	22	22	22	32	1	1	true	2	0
2703	9770	0	158	Shadow warrior	shadow_warrior	48	36	36	33	67	0	0	false	1	0
2703	9774	0	158	Shadow warrior	shadow_warrior	48	36	36	33	67	0	0	false	1	0
2703	9779	0	158	Shadow warrior	shadow_warrior	48	36	36	33	67	0	0	false	1	0
2706	9772	0	158	Shadow warrior	shadow_warrior	48	36	36	33	67	0	0	false	1	0
2710	9753	0	109	Pit Scorpion	smallscorpion	28	23	23	23	32	1	1	false	1	0
2711	9746	0	109	Pit Scorpion	smallscorpion	28	23	23	23	32	1	1	false	1	0
2712	9741	0	109	Pit Scorpion	smallscorpion	28	23	23	23	32	1	1	false	1	0
2712	9749	0	109	Pit Scorpion	smallscorpion	28	23	23	23	32	1	1	false	1	0
2712	9754	0	109	Pit Scorpion	smallscorpion	28	23	23	23	32	1	1	false	1	0
2713	9742	0	109	Pit Scorpion	smallscorpion	28	23	23	23	32	1	1	false	1	0
2715	9749	0	109	Pit Scorpion	smallscorpion	28	23	23	23	32	1	1	false	1	0
2716	9744	0	109	Pit Scorpion	smallscorpion	28	23	23	23	32	1	1	false	1	0
2718	9751	0	109	Pit Scorpion	smallscorpion	28	23	23	23	32	1	1	false	1	0
2720	9742	0	109	Pit Scorpion	smallscorpion	28	23	23	23	32	1	1	false	1	0
2720	9759	0	109	Pit Scorpion	smallscorpion	28	23	23	23	32	1	1	false	1	0
2721	9746	0	109	Pit Scorpion	smallscorpion	28	23	23	23	32	1	1	false	1	0
2721	9754	0	109	Pit Scorpion	smallscorpion	28	23	23	23	32	1	1	false	1	0
2723	9738	0	109	Pit Scorpion	smallscorpion	28	23	23	23	32	1	1	false	1	0
2723	9744	0	109	Pit Scorpion	smallscorpion	28	23	23	23	32	1	1	false	1	0
2724	9749	0	109	Pit Scorpion	smallscorpion	28	23	23	23	32	1	1	false	1	0
2725	9758	0	109	Pit Scorpion	smallscorpion	28	23	23	23	32	1	1	false	1	0
2727	9741	0	109	Pit Scorpion	smallscorpion	28	23	23	23	32	1	1	false	1	0
2727	9747	0	109	Pit Scorpion	smallscorpion	28	23	23	23	32	1	1	false	1	0
2728	9744	0	109	Pit Scorpion	smallscorpion	28	23	23	23	32	1	1	false	1	0
2730	9769	0	78	Giant bat	bat	27	22	22	22	32	1	1	true	2	0
2731	9763	0	78	Giant bat	bat	27	22	22	22	32	1	1	true	2	0
2731	9774	0	78	Giant bat	bat	27	22	22	22	32	1	1	true	2	0
2734	9770	0	78	Giant bat	bat	27	22	22	22	32	1	1	true	2	0
2690	9807	0	64	Ice spider	ice_spider	61	50	43	55	65	1	1	false	1	0
2693	9816	0	64	Ice spider	ice_spider	61	50	43	55	65	1	1	false	1	0
2695	9826	0	64	Ice spider	ice_spider	61	50	43	55	65	1	1	false	1	0
2696	9839	0	64	Ice spider	ice_spider	61	50	43	55	65	1	1	false	1	0
2708	9842	0	64	Ice spider	ice_spider	61	50	43	55	65	1	1	false	1	0
2716	9817	0	50	King black dragon	king_dragon	276	240	240	240	240	1	240	false	5	15
2719	9845	0	64	Ice spider	ice_spider	61	50	43	55	65	1	1	false	1	0
2731	9845	0	64	Ice spider	ice_spider	61	50	43	55	65	1	1	false	1	0
2744	9840	0	64	Ice spider	ice_spider	61	50	43	55	65	1	1	false	1	0
2745	9829	0	64	Ice spider	ice_spider	61	50	43	55	65	1	1	false	1	0
2693	9904	0	1020	Earth elemental	elemental_earth	35	20	35	35	35	30	10	false	1	0
2696	9908	0	1020	Earth elemental	elemental_earth	35	20	35	35	35	30	10	false	1	0
2699	9911	0	1020	Earth elemental	elemental_earth	35	20	35	35	35	30	10	false	1	0
2701	9901	0	1020	Earth elemental	elemental_earth	35	20	35	35	35	30	10	false	1	0
2701	9905	0	1020	Earth elemental	elemental_earth	35	20	35	35	35	30	10	false	1	0
2711	9877	0	1019	Fire elemental	elemental_fire	35	35	20	35	30	20	20	false	1	0
2713	9904	0	1022	Water elemental	elemental_water	34	30	30	30	30	30	30	false	1	0
2714	9875	0	1019	Fire elemental	elemental_fire	35	35	20	35	30	20	20	false	1	0
2715	9906	0	1022	Water elemental	elemental_water	34	30	30	30	30	30	30	false	1	0
2716	9878	0	1019	Fire elemental	elemental_fire	35	35	20	35	30	20	20	false	1	0
2717	9874	0	1019	Fire elemental	elemental_fire	35	35	20	35	30	20	20	false	1	0
2718	9902	0	1022	Water elemental	elemental_water	34	30	30	30	30	30	30	false	1	0
2718	9904	0	1022	Water elemental	elemental_water	34	30	30	30	30	30	30	false	1	0
2719	9878	0	1019	Fire elemental	elemental_fire	35	35	20	35	30	20	20	false	1	0
2720	9875	0	1019	Fire elemental	elemental_fire	35	35	20	35	30	20	20	false	1	0
2722	9903	0	1022	Water elemental	elemental_water	34	30	30	30	30	30	30	false	1	0
2723	9877	0	1019	Fire elemental	elemental_fire	35	35	20	35	30	20	20	false	1	0
2724	9879	0	1019	Fire elemental	elemental_fire	35	35	20	35	30	20	20	false	1	0
2726	9904	0	1022	Water elemental	elemental_water	34	30	30	30	30	30	30	false	1	0
2729	9904	0	1022	Water elemental	elemental_water	34	30	30	30	30	30	30	false	1	0
2733	9887	0	1021	Air elemental	elemental_air	34	40	30	20	30	20	40	false	1	0
2733	9894	0	1021	Air elemental	elemental_air	34	40	30	20	30	20	40	false	1	0
2734	9891	0	1021	Air elemental	elemental_air	34	40	30	20	30	20	40	false	1	0
2735	9893	0	1021	Air elemental	elemental_air	34	40	30	20	30	20	40	false	1	0
2736	9891	0	1021	Air elemental	elemental_air	34	40	30	20	30	20	40	false	1	0
2738	9889	0	1021	Air elemental	elemental_air	34	40	30	20	30	20	40	false	1	0
2738	9894	0	1021	Air elemental	elemental_air	34	40	30	20	30	20	40	false	1	0
2723	3159	0	191	Tribesman	tribesman	32	23	26	27	39	1	1	false	1	0
2724	3158	0	191	Tribesman	tribesman	32	23	26	27	39	1	1	false	1	0
2724	3161	0	191	Tribesman	tribesman	32	23	26	27	39	1	1	false	1	0
2725	3163	0	191	Tribesman	tribesman	32	23	26	27	39	1	1	false	1	0
2728	3158	0	191	Tribesman	tribesman	32	23	26	27	39	1	1	false	1	0
2729	3158	0	191	Tribesman	tribesman	32	23	26	27	39	1	1	false	1	0
2729	3164	0	191	Tribesman	tribesman	32	23	26	27	39	1	1	false	1	0
2730	3162	0	191	Tribesman	tribesman	32	23	26	27	39	1	1	false	1	0
2731	3161	0	191	Tribesman	tribesman	32	23	26	27	39	1	1	false	1	0
2732	3176	0	132	Monkey	monkey	3	2	2	3	6	1	1	false	1	0
2733	3165	0	128	Snake	snake	5	4	3	5	6	1	1	false	1	0
2734	3147	0	128	Snake	snake	5	4	3	5	6	1	1	false	1	0
2739	3169	0	128	Snake	snake	5	4	3	5	6	1	1	false	1	0
2742	3159	0	132	Monkey	monkey	3	2	2	3	6	1	1	false	1	0
2749	3151	0	128	Snake	snake	5	4	3	5	6	1	1	false	1	0
2751	3166	0	128	Snake	snake	5	4	3	5	6	1	1	false	1	0
2691	3215	0	112	Moss giant	mossgiant	42	30	30	30	60	1	1	false	2	0
2692	3204	0	112	Moss giant	mossgiant	42	30	30	30	60	1	1	false	2	0
2695	3216	0	112	Moss giant	mossgiant	42	30	30	30	60	1	1	false	2	0
2698	3206	0	112	Moss giant	mossgiant	42	30	30	30	60	1	1	false	2	0
2699	3212	0	112	Moss giant	mossgiant	42	30	30	30	60	1	1	false	2	0
2715	3218	0	108	Poison Scorpion	poison_scorpion	20	16	15	17	23	1	1	false	2	0
2719	3223	0	108	Poison Scorpion	poison_scorpion	20	16	15	17	23	1	1	false	2	0
2720	3212	0	108	Poison Scorpion	poison_scorpion	20	16	15	17	23	1	1	false	2	0
2722	3220	0	108	Poison Scorpion	poison_scorpion	20	16	15	17	23	1	1	false	2	0
2724	3215	0	108	Poison Scorpion	poison_scorpion	20	16	15	17	23	1	1	false	2	0
2729	3224	0	108	Poison Scorpion	poison_scorpion	20	16	15	17	23	1	1	false	2	0
2733	3225	0	108	Poison Scorpion	poison_scorpion	20	16	15	17	23	1	1	false	2	0
2691	3273	0	41	Chicken	chicken	1	1	1	1	3	1	1	false	1	0
2691	3277	0	41	Chicken	chicken	1	1	1	1	3	1	1	false	1	0
2692	3271	0	41	Chicken	chicken	1	1	1	1	3	1	1	false	1	0
2695	3274	0	41	Chicken	chicken	1	1	1	1	3	1	1	false	1	0
2716	3302	0	696	Caroline	caroline	0	1	1	1	1	1	1	false	1	0
2720	3306	0	700	Holgart	holgartland	0	1	1	1	1	1	1	false	1	0
2691	3341	0	105	Bear	brownbear	21	17	15	18	27	1	1	false	2	0
2692	3333	0	105	Bear	brownbear	21	17	15	18	27	1	1	false	2	0
2694	3344	0	105	Bear	brownbear	21	17	15	18	27	1	1	false	2	0
2698	3331	0	105	Bear	brownbear	21	17	15	18	27	1	1	false	2	0
2702	3344	0	105	Bear	brownbear	21	17	15	18	27	1	1	false	2	0
2706	3330	0	105	Bear	brownbear	21	17	15	18	27	1	1	false	2	0
2708	3336	0	105	Bear	brownbear	21	17	15	18	27	1	1	false	2	0
2716	3336	0	105	Bear	brownbear	21	17	15	18	27	1	1	false	2	0
2718	3330	0	105	Bear	brownbear	21	17	15	18	27	1	1	false	2	0
2724	3368	0	400	Radimus Erkle	radimus_erkle	0	1	1	1	1	1	1	false	1	0
2724	3378	0	400	Radimus Erkle	radimus_erkle	0	1	1	1	1	1	1	false	1	0
2726	3349	0	398	Legends Guard	legends_guild_guard1	0	1	1	1	1	1	1	false	1	0
2731	3348	0	399	Legends Guard	legends_guild_guard2	0	1	1	1	1	1	1	false	1	0
2725	3378	1	932	Fionella	fionella	0	1	1	1	1	1	1	false	1	0
2725	3381	2	933	Siegfried Erkle	siegfried_erkle	0	1	1	1	1	1	1	false	1	0
2731	3377	2	494	Banker	banker1	0	1	1	1	1	1	1	false	1	0
2732	3379	2	495	Banker	banker2	0	1	1	1	1	1	1	false	1	0
2732	3381	2	494	Banker	banker1	0	1	1	1	1	1	1	false	1	0
2733	3377	2	495	Banker	banker2	0	1	1	1	1	1	1	false	1	0
2700	3423	0	89	Unicorn	unicorn	15	11	13	13	19	1	1	false	2	0
2700	3442	0	89	Unicorn	unicorn	15	11	13	13	19	1	1	false	2	0
2702	3405	3	389	Thormac	thormac	0	1	1	1	1	1	1	false	1	0
2690	3489	0	5	Woman	woman2	2	1	1	1	7	1	1	false	1	0
2690	3493	0	737	Bartender	foresters_bartender	0	1	1	1	1	1	1	false	1	0
2691	3496	0	4	Woman	woman	2	1	1	1	7	1	1	false	1	0
2693	3489	0	2	Man	man2	2	1	1	1	7	1	1	false	1	0
2694	3497	0	1	Man	man	2	1	1	1	7	1	1	false	1	0
2695	3495	0	820	Poison Salesman	poison_salesman	0	1	1	1	1	1	1	false	1	0
2696	3497	0	4	Woman	woman	2	1	1	1	7	1	1	false	1	0
2697	3497	0	4	Woman	woman	2	1	1	1	7	1	1	false	1	0
2698	3491	0	3	Man	man3	2	1	1	1	7	1	1	false	1	0
2699	3494	0	5	Woman	woman2	2	1	1	1	7	1	1	false	1	0
2702	3475	0	388	Seer	seer	0	1	1	1	1	1	1	false	1	0
2713	3480	0	1	Man	man	2	1	1	1	7	1	1	false	1	0
2714	3471	0	388	Seer	seer	0	1	1	1	1	1	1	false	1	0
2716	3485	0	388	Seer	seer	0	1	1	1	1	1	1	false	1	0
2722	3495	0	495	Banker	banker2	0	1	1	1	1	1	1	false	1	0
2722	3496	0	494	Banker	banker1	0	1	1	1	1	1	1	false	1	0
2724	3495	0	494	Banker	banker1	0	1	1	1	1	1	1	false	1	0
2726	3496	0	495	Banker	banker2	0	1	1	1	1	1	1	false	1	0
2727	3495	0	495	Banker	banker2	0	1	1	1	1	1	1	false	1	0
2727	3496	0	494	Banker	banker1	0	1	1	1	1	1	1	false	1	0
2729	3495	0	494	Banker	banker1	0	1	1	1	1	1	1	false	1	0
2729	3496	0	495	Banker	banker2	0	1	1	1	1	1	1	false	1	0
2733	3472	0	659	Party Pete	partyroom_pete	0	1	1	1	1	1	1	false	1	0
2737	3491	0	820	Poison Salesman	poison_salesman	0	1	1	1	1	1	1	false	1	0
2705	3473	1	388	Seer	seer	0	1	1	1	1	1	1	false	1	0
2737	3461	1	662	Lucy	partyroom_barmaid2	0	1	1	1	1	1	1	false	1	0
2738	3472	1	661	Megan	partyroom_barmaid	0	1	1	1	1	1	1	false	1	0
2706	3580	0	95	Wolf	wolf	64	50	52	55	69	1	1	false	2	0
2717	3569	0	95	Wolf	wolf	64	50	52	55	69	1	1	false	2	0
2720	3583	0	47	Rat	rat	1	1	1	1	2	1	1	false	1	0
2725	3576	0	47	Rat	rat	1	1	1	1	2	1	1	false	1	0
2728	3580	0	47	Rat	rat	1	1	1	1	2	1	1	false	1	0
2730	3571	0	47	Rat	rat	1	1	1	1	2	1	1	false	1	0
2730	3574	0	47	Rat	rat	1	1	1	1	2	1	1	false	1	0
2731	3579	0	811	Stanford	stanford_the_gardener	0	1	1	1	1	1	1	false	1	0
2733	3561	0	81	Cow	cow	2	1	1	1	8	1	1	false	2	0
2734	3575	0	814	Anna	anna_sinclair	0	1	1	1	1	1	1	false	1	0
2734	3581	0	809	Louisa	louisa_the_cook	0	1	1	1	1	1	1	false	1	0
2735	3521	0	180	Highwayman	highwayman	5	2	2	2	13	1	1	false	1	3
2735	3559	0	41	Chicken	chicken	1	1	1	1	3	1	1	false	1	0
2735	3560	0	813	Gossip	gossipy_man	0	1	1	1	1	1	1	false	1	0
2736	3562	0	41	Chicken	chicken	1	1	1	1	3	1	1	false	1	0
2736	3575	0	808	Hobbes	hobbes_the_butler	0	1	1	1	1	1	1	false	1	0
2738	3560	0	41	Chicken	chicken	1	1	1	1	3	1	1	false	1	0
2739	3577	0	812	Guard	murderguard	0	1	1	1	1	1	1	false	1	0
2739	3581	0	817	David	david_sinclair	0	1	1	1	1	1	1	false	1	0
2741	3562	0	812	Guard	murderguard	0	1	1	1	1	1	1	false	1	0
2742	3555	0	813	Gossip	gossipy_man	0	1	1	1	1	1	1	false	1	0
2742	3577	0	819	Frank	frank_sinclair	0	1	1	1	1	1	1	false	1	0
2748	3559	0	815	Bob	bob_sinclair	0	1	1	1	1	1	1	false	1	0
2749	3521	0	180	Highwayman	highwayman	5	2	2	2	13	1	1	false	1	3
2750	3576	0	807	Pierre	pierre_the_family_dog_handler	0	1	1	1	1	1	1	false	1	0
2750	3580	0	821	Sinclair Guard dog	murder_mystery_guarddog	1	1	1	1	1	1	1	false	1	0
2734	3581	1	816	Carol	carol_sinclair	0	1	1	1	1	1	1	false	1	0
2736	3576	1	810	Mary	mary_the_maid	0	1	1	1	1	1	1	false	1	0
2745	3576	1	806	Donovan the Family Handyman	donovan_the_family_handyman	0	1	1	1	1	1	1	false	1	0
2746	3581	1	818	Elizabeth	elizabeth_sinclair	0	1	1	1	1	1	1	false	1	0
2689	3612	0	1326	Bear Cub	brownbear_cub_1	15	10	10	15	20	1	1	false	2	0
2691	3610	0	1327	Bear Cub	brownbear_cub_2	15	10	10	15	20	1	1	false	1	0
2691	3612	0	105	Bear	brownbear	21	17	15	18	27	1	1	false	2	0
2691	3614	0	1326	Bear Cub	brownbear_cub_1	15	10	10	15	20	1	1	false	2	0
2693	3612	0	1327	Bear Cub	brownbear_cub_2	15	10	10	15	20	1	1	false	1	0
2719	3643	0	1326	Bear Cub	brownbear_cub_1	15	10	10	15	20	1	1	false	2	0
2721	3641	0	1327	Bear Cub	brownbear_cub_2	15	10	10	15	20	1	1	false	1	0
2721	3643	0	105	Bear	brownbear	21	17	15	18	27	1	1	false	2	0
2721	3646	0	1327	Bear Cub	brownbear_cub_2	15	10	10	15	20	1	1	false	1	0
2723	3643	0	1326	Bear Cub	brownbear_cub_1	15	10	10	15	20	1	1	false	2	0
2725	3602	0	1319	Fox	viking_fox	0	1	20	20	30	1	1	false	1	0
2736	3638	0	1321	Bunny	viking_bunny_2	0	1	1	1	5	1	1	false	1	0
2737	3635	0	1321	Bunny	viking_bunny_2	0	1	1	1	5	1	1	false	1	0
2738	3597	0	1319	Fox	viking_fox	0	1	20	20	30	1	1	false	1	0
2738	3635	0	1320	Bunny	viking_bunny_1	0	1	1	1	5	1	1	false	1	0
2738	3636	0	1321	Bunny	viking_bunny_2	0	1	1	1	5	1	1	false	1	0
2739	3605	0	1328	Unicorn Foal	unicorn_foal_1	12	10	10	10	15	1	1	false	2	0
2739	3635	0	1321	Bunny	viking_bunny_2	0	1	1	1	5	1	1	false	1	0
2739	3636	0	1320	Bunny	viking_bunny_1	0	1	1	1	5	1	1	false	1	0
2740	3636	0	1320	Bunny	viking_bunny_1	0	1	1	1	5	1	1	false	1	0
2740	3638	0	1321	Bunny	viking_bunny_2	0	1	1	1	5	1	1	false	1	0
2741	3605	0	89	Unicorn	unicorn	15	11	13	13	19	1	1	false	2	0
2743	3605	0	1328	Unicorn Foal	unicorn_foal_1	12	10	10	10	15	1	1	false	2	0
2707	3670	0	1329	Black unicorn Foal	black_unicorn_foal	22	18	18	18	25	1	1	false	2	0
2708	3672	0	133	Black unicorn	black_unicorn	27	21	23	23	29	1	1	true	2	0
2710	3672	0	1329	Black unicorn Foal	black_unicorn_foal	22	18	18	18	25	1	1	false	2	0
2728	3661	0	1329	Black unicorn Foal	black_unicorn_foal	22	18	18	18	25	1	1	false	2	0
2730	3659	0	133	Black unicorn	black_unicorn	27	21	23	23	29	1	1	true	2	0
2732	3659	0	1329	Black unicorn Foal	black_unicorn_foal	22	18	18	18	25	1	1	false	2	0
2694	3724	0	1268	Rocks	horror_rockcrab_small_inactive	0	1	1	1	50	1	1	false	1	1
2694	3752	0	1322	Gull	viking_seagull	0	22	17	22	32	1	1	false	1	0
2697	3755	0	1322	Gull	viking_seagull	0	22	17	22	32	1	1	false	1	0
2700	3718	0	1266	Rocks	horror_rockcrab_inactive	0	1	1	1	50	1	1	false	1	1
2700	3758	0	1322	Gull	viking_seagull	0	22	17	22	32	1	1	false	1	0
2701	3728	0	1268	Rocks	horror_rockcrab_small_inactive	0	1	1	1	50	1	1	false	1	1
2702	3720	0	1266	Rocks	horror_rockcrab_inactive	0	1	1	1	50	1	1	false	1	1
2703	3716	0	1268	Rocks	horror_rockcrab_small_inactive	0	1	1	1	50	1	1	false	1	1
2704	3727	0	1266	Rocks	horror_rockcrab_inactive	0	1	1	1	50	1	1	false	1	1
2704	3760	0	1322	Gull	viking_seagull	0	22	17	22	32	1	1	false	1	0
2705	3725	0	1268	Rocks	horror_rockcrab_small_inactive	0	1	1	1	50	1	1	false	1	1
2708	3719	0	1266	Rocks	horror_rockcrab_inactive	0	1	1	1	50	1	1	false	1	1
2708	3760	0	1322	Gull	viking_seagull	0	22	17	22	32	1	1	false	1	0
2711	3715	0	1268	Rocks	horror_rockcrab_small_inactive	0	1	1	1	50	1	1	false	1	1
2712	3719	0	1266	Rocks	horror_rockcrab_inactive	0	1	1	1	50	1	1	false	1	1
2712	3725	0	1268	Rocks	horror_rockcrab_small_inactive	0	1	1	1	50	1	1	false	1	1
2714	3760	0	1322	Gull	viking_seagull	0	22	17	22	32	1	1	false	1	0
2715	3729	0	1268	Rocks	horror_rockcrab_small_inactive	0	1	1	1	50	1	1	false	1	1
2716	3721	0	1266	Rocks	horror_rockcrab_inactive	0	1	1	1	50	1	1	false	1	1
2719	3719	0	1268	Rocks	horror_rockcrab_small_inactive	0	1	1	1	50	1	1	false	1	1
2792	9327	0	929	Ungadulu	ungadulu_good	70	57	65	61	65	0	65	false	1	0
2796	9304	0	79	Death wing	deathwing	83	70	70	70	80	1	1	false	2	0
2799	9308	0	79	Death wing	deathwing	83	70	70	70	80	1	1	false	2	0
2800	9301	0	79	Death wing	deathwing	83	70	70	70	80	1	1	false	2	0
2803	9296	0	79	Death wing	deathwing	83	70	70	70	80	1	1	false	2	0
2806	9292	0	79	Death wing	deathwing	83	70	70	70	80	1	1	false	2	0
2808	9308	0	79	Death wing	deathwing	83	70	70	70	80	1	1	false	2	0
2811	9296	0	79	Death wing	deathwing	83	70	70	70	80	1	1	false	2	0
2811	9301	0	79	Death wing	deathwing	83	70	70	70	80	1	1	false	2	0
2768	2912	0	48	Oomlie Bird	oomlie_bird	46	40	40	40	40	1	1	false	1	0
2771	2907	0	48	Oomlie Bird	oomlie_bird	46	40	40	40	40	1	1	false	1	0
2773	2928	0	48	Oomlie Bird	oomlie_bird	46	40	40	40	40	1	1	false	1	0
2775	2913	0	143	Jungle Wolf	jungle_wolf	64	50	52	55	69	1	1	false	2	0
2776	2905	0	931	Jungle Savage	jungle_savage	90	76	76	76	90	0	0	false	1	0
2776	2934	0	48	Oomlie Bird	oomlie_bird	46	40	40	40	40	1	1	false	1	0
2778	2900	0	48	Oomlie Bird	oomlie_bird	46	40	40	40	40	1	1	false	1	0
2783	2920	0	931	Jungle Savage	jungle_savage	90	76	76	76	90	0	0	false	1	0
2784	2908	0	931	Jungle Savage	jungle_savage	90	76	76	76	90	0	0	false	1	0
2785	2925	0	48	Oomlie Bird	oomlie_bird	46	40	40	40	40	1	1	false	1	0
2785	2935	0	48	Oomlie Bird	oomlie_bird	46	40	40	40	40	1	1	false	1	0
2789	2915	0	48	Oomlie Bird	oomlie_bird	46	40	40	40	40	1	1	false	1	0
2789	2932	0	143	Jungle Wolf	jungle_wolf	64	50	52	55	69	1	1	false	2	0
2791	2931	0	48	Oomlie Bird	oomlie_bird	46	40	40	40	40	1	1	false	1	0
2794	2906	0	48	Oomlie Bird	oomlie_bird	46	40	40	40	40	1	1	false	1	0
2798	2901	0	48	Oomlie Bird	oomlie_bird	46	40	40	40	40	1	1	false	1	0
2799	2933	0	48	Oomlie Bird	oomlie_bird	46	40	40	40	40	1	1	false	1	0
2801	2899	0	143	Jungle Wolf	jungle_wolf	64	50	52	55	69	1	1	false	2	0
2802	2903	0	931	Jungle Savage	jungle_savage	90	76	76	76	90	0	0	false	1	0
2802	2913	0	931	Jungle Savage	jungle_savage	90	76	76	76	90	0	0	false	1	0
2802	2921	0	48	Oomlie Bird	oomlie_bird	46	40	40	40	40	1	1	false	1	0
2807	2908	0	48	Oomlie Bird	oomlie_bird	46	40	40	40	40	1	1	false	1	0
2809	2912	0	931	Jungle Savage	jungle_savage	90	76	76	76	90	0	0	false	1	0
2813	2917	0	143	Jungle Wolf	jungle_wolf	64	50	52	55	69	1	1	false	2	0
2815	2908	0	48	Oomlie Bird	oomlie_bird	46	40	40	40	40	1	1	false	1	0
2759	2944	0	402	Jungle Forester	jungleforester_f	0	1	1	1	1	1	1	false	1	0
2764	2944	0	401	Jungle Forester	jungleforester_m	0	1	1	1	1	1	1	false	1	0
2764	2976	0	1165	Tinsay	tbwt_tinsay	0	1	1	1	1	1	1	false	1	0
2765	2978	0	107	Scorpion	scorpion	14	11	11	12	17	1	1	false	2	0
2768	2980	0	107	Scorpion	scorpion	14	11	11	12	17	1	1	false	2	0
2785	2955	0	107	Scorpion	scorpion	14	11	11	12	17	1	1	false	2	0
2786	2947	0	107	Scorpion	scorpion	14	11	11	12	17	1	1	false	2	0
2787	3002	0	132	Monkey	monkey	3	2	2	3	6	1	1	false	1	0
2788	2948	0	107	Scorpion	scorpion	14	11	11	12	17	1	1	false	2	0
2790	2997	0	132	Monkey	monkey	3	2	2	3	6	1	1	false	1	0
2792	2944	0	402	Jungle Forester	jungleforester_f	0	1	1	1	1	1	1	false	1	0
2792	2994	0	132	Monkey	monkey	3	2	2	3	6	1	1	false	1	0
2794	3000	0	132	Monkey	monkey	3	2	2	3	6	1	1	false	1	0
2796	2993	0	132	Monkey	monkey	3	2	2	3	6	1	1	false	1	0
2798	2944	0	401	Jungle Forester	jungleforester_m	0	1	1	1	1	1	1	false	1	0
2799	2996	0	132	Monkey	monkey	3	2	2	3	6	1	1	false	1	0
2810	2981	0	62	Jungle spider	jungle_spider	44	35	35	37	50	1	1	false	1	0
2810	2987	0	62	Jungle spider	jungle_spider	44	35	35	37	50	1	1	false	1	0
2812	2999	0	62	Jungle spider	jungle_spider	44	35	35	37	50	1	1	false	1	0
2814	2996	0	62	Jungle spider	jungle_spider	44	35	35	37	50	1	1	false	1	0
2763	2961	1	518	Captain Shanks	captain_shanks	0	1	1	1	1	1	1	false	1	0
2771	3014	0	191	Tribesman	tribesman	32	23	26	27	39	1	1	false	1	0
2773	3017	0	191	Tribesman	tribesman	32	23	26	27	39	1	1	false	1	0
2777	3068	0	191	Tribesman	tribesman	32	23	26	27	39	1	1	false	1	0
2780	3029	0	62	Jungle spider	jungle_spider	44	35	35	37	50	1	1	false	1	0
2780	3031	0	62	Jungle spider	jungle_spider	44	35	35	37	50	1	1	false	1	0
2780	3064	0	41	Chicken	chicken	1	1	1	1	3	1	1	false	1	0
2781	3057	0	1164	Tiadeche	tbwt_tiadeche_final	0	1	1	1	1	1	1	false	1	0
2787	3013	0	122	Hobgoblin	hobgoblin_unarmed	28	22	24	24	29	1	1	false	1	0
2788	3061	0	41	Chicken	chicken	1	1	1	1	3	1	1	false	1	0
2790	3054	0	1166	Tinsay	tbwt_tinsay_final	0	1	1	1	1	1	1	false	1	0
2791	3013	0	122	Hobgoblin	hobgoblin_unarmed	28	22	24	24	29	1	1	false	1	0
2794	3013	0	122	Hobgoblin	hobgoblin_unarmed	28	22	24	24	29	1	1	false	1	0
2800	3057	0	1168	Tamayu	tbwt_tamayu_final	0	1	1	1	1	1	1	false	1	0
2801	3067	0	191	Tribesman	tribesman	32	23	26	27	39	1	1	false	1	0
2805	3064	0	41	Chicken	chicken	1	1	1	1	3	1	1	false	1	0
2808	3067	0	41	Chicken	chicken	1	1	1	1	3	1	1	false	1	0
2767	3122	0	560	Jiminua	jiminua	0	1	1	1	1	1	1	false	1	0
2772	3093	0	128	Snake	snake	5	4	3	5	6	1	1	false	1	0
2775	3089	0	128	Snake	snake	5	4	3	5	6	1	1	false	1	0
2777	3116	0	62	Jungle spider	jungle_spider	44	35	35	37	50	1	1	false	1	0
2784	3104	0	128	Snake	snake	5	4	3	5	6	1	1	false	1	0
2785	3101	0	128	Snake	snake	5	4	3	5	6	1	1	false	1	0
2796	3104	0	62	Jungle spider	jungle_spider	44	35	35	37	50	1	1	false	1	0
2796	3116	0	62	Jungle spider	jungle_spider	44	35	35	37	50	1	1	false	1	0
2797	3112	0	62	Jungle spider	jungle_spider	44	35	35	37	50	1	1	false	1	0
2798	3107	0	62	Jungle spider	jungle_spider	44	35	35	37	50	1	1	false	1	0
2799	3115	0	62	Jungle spider	jungle_spider	44	35	35	37	50	1	1	false	1	0
2804	3116	0	128	Snake	snake	5	4	3	5	6	1	1	false	1	0
2809	3086	0	740	Trufitus	trufitus	0	1	1	1	1	1	1	false	1	0
2811	3112	0	128	Snake	snake	5	4	3	5	6	1	1	false	1	0
2780	3087	1	1162	Timfraku	tbwt_timfraku	0	1	1	1	1	1	1	false	1	0
2754	3171	0	128	Snake	snake	5	4	3	5	6	1	1	false	1	0
2755	3156	0	151	Fly trap	flytrap	0	15	30	15	100	1	1	false	1	0
2755	3170	0	132	Monkey	monkey	3	2	2	3	6	1	1	false	1	0
2758	3178	0	132	Monkey	monkey	3	2	2	3	6	1	1	false	1	0
2761	3155	0	151	Fly trap	flytrap	0	15	30	15	100	1	1	false	1	0
2761	3191	0	799	Pirate Guard	pirate_guard	19	18	10	16	25	1	1	false	1	0
2763	3180	0	128	Snake	snake	5	4	3	5	6	1	1	false	1	0
2763	3186	0	183	Pirate	pirate2	23	21	21	21	20	1	1	false	1	0
2770	3169	0	1171	Lubufu	tbwt_lubufu	0	1	1	1	1	1	1	false	1	0
2770	3194	0	799	Pirate Guard	pirate_guard	19	18	10	16	25	1	1	false	1	0
2774	3192	0	792	Grip	grip	22	18	18	17	25	1	1	false	1	0
2776	3186	0	788	Garv	garv	0	95	91	94	104	1	1	false	1	0
2776	3190	0	799	Pirate Guard	pirate_guard	19	18	10	16	25	1	1	false	1	0
2776	3198	0	799	Pirate Guard	pirate_guard	19	18	10	16	25	1	1	false	1	0
2778	3194	0	799	Pirate Guard	pirate_guard	19	18	10	16	25	1	1	false	1	0
2778	3198	0	799	Pirate Guard	pirate_guard	19	18	10	16	25	1	1	false	1	0
2783	3175	0	132	Monkey	monkey	3	2	2	3	6	1	1	false	1	0
2784	3191	0	99	Guard dog	guarddog	44	35	37	36	49	1	1	false	1	0
2784	3197	0	99	Guard dog	guarddog	44	35	37	36	49	1	1	false	1	0
2785	3179	0	8	Thief	thief1	16	14	12	13	17	1	1	false	1	0
2786	3174	0	128	Snake	snake	5	4	3	5	6	1	1	false	1	0
2787	3195	0	99	Guard dog	guarddog	44	35	37	36	49	1	1	false	1	0
2789	3183	0	183	Pirate	pirate2	23	21	21	21	20	1	1	false	1	0
2790	3191	0	794	Charlie the cook	charlie_the_cook	0	10	10	10	3	1	1	false	1	0
2791	3182	0	846	Kangai Mau	kangai_mau	0	1	1	1	1	1	1	false	1	0
2791	3187	0	183	Pirate	pirate2	23	21	21	21	20	1	1	false	1	0
2792	3161	0	183	Pirate	pirate2	23	21	21	21	20	1	1	false	1	0
2793	3157	0	183	Pirate	pirate2	23	21	21	21	20	1	1	false	1	0
2793	3167	0	183	Pirate	pirate2	23	21	21	21	20	1	1	false	1	0
2793	3188	0	793	Alfonse the waiter	alfonse_the_waiter	0	1	1	1	7	1	1	false	1	0
2794	3183	0	183	Pirate	pirate2	23	21	21	21	20	1	1	false	1	0
2795	3157	0	183	Pirate	pirate2	23	21	21	21	20	1	1	false	1	0
2795	3162	0	183	Pirate	pirate2	23	21	21	21	20	1	1	false	1	0
2796	3168	0	183	Pirate	pirate2	23	21	21	21	20	1	1	false	1	0
2796	3177	0	8	Thief	thief1	16	14	12	13	17	1	1	false	1	0
2796	3188	0	183	Pirate	pirate2	23	21	21	21	20	1	1	false	1	0
2797	3155	0	735	Bartender	deadmans_bartender	0	1	1	1	1	1	1	false	1	0
2797	3160	0	183	Pirate	pirate2	23	21	21	21	20	1	1	false	1	0
2797	3165	0	183	Pirate	pirate2	23	21	21	21	20	1	1	false	1	0
2798	3186	0	183	Pirate	pirate2	23	21	21	21	20	1	1	false	1	0
2799	3182	0	183	Pirate	pirate2	23	21	21	21	20	1	1	false	1	0
2802	3164	0	183	Pirate	pirate2	23	21	21	21	20	1	1	false	1	0
2802	3195	0	799	Pirate Guard	pirate_guard	19	18	10	16	25	1	1	false	1	0
2803	3152	0	588	Davon	davon	0	1	1	1	1	1	1	false	1	0
2803	3179	0	8	Thief	thief1	16	14	12	13	17	1	1	false	1	0
2806	3174	0	790	Trobert	trobert	0	4	5	3	13	1	1	false	1	0
2806	3185	0	183	Pirate	pirate2	23	21	21	21	20	1	1	false	1	0
2807	3167	0	47	Rat	rat	1	1	1	1	2	1	1	false	1	0
2807	3190	0	437	Cap'n Izzy No-Beard	agilityarena_clerk	0	1	1	1	1	1	1	false	1	0
2810	3170	0	47	Rat	rat	1	1	1	1	2	1	1	false	1	0
2811	3192	0	1055	Pirate Jackie the Fruit	agilityarena_tickettrader	0	1	1	1	1	1	1	false	1	0
2811	3198	0	183	Pirate	pirate2	23	21	21	21	20	1	1	false	1	0
2812	3159	0	8	Thief	thief1	16	14	12	13	17	1	1	false	1	0
2812	3171	0	789	Grubor	grubor	0	5	6	8	12	1	1	false	1	0
2812	3182	0	132	Monkey	monkey	3	2	2	3	6	1	1	false	1	0
2767	3204	0	62	Jungle spider	jungle_spider	44	35	35	37	50	1	1	false	1	0
2768	3210	0	62	Jungle spider	jungle_spider	44	35	35	37	50	1	1	false	1	0
2772	3209	0	128	Snake	snake	5	4	3	5	6	1	1	false	1	0
2772	3225	0	380	Customs officer	customs_officer	0	1	1	1	1	1	1	false	1	0
2772	3231	0	380	Customs officer	customs_officer	0	1	1	1	1	1	1	false	1	0
2773	3229	0	380	Customs officer	customs_officer	0	1	1	1	1	1	1	false	1	0
2779	3211	0	510	Hajedy	brimhavencartdriver	0	1	1	1	1	1	1	false	1	0
2761	3284	0	1006	Sea slug	seaslug	0	1	1	1	1	1	1	false	1	0
2763	3276	0	695	Bailey	bailey	0	1	1	1	1	1	1	false	1	0
2766	3274	0	1006	Sea slug	seaslug	0	1	1	1	1	1	1	false	1	0
2766	3277	0	1006	Sea slug	seaslug	0	1	1	1	1	1	1	false	1	0
2766	3286	0	1006	Sea slug	seaslug	0	1	1	1	1	1	1	false	1	0
2766	3288	0	1006	Sea slug	seaslug	0	1	1	1	1	1	1	false	1	0
2768	3274	0	702	Fisherman	fishplatform1	0	1	1	1	1	1	1	false	1	0
2768	3277	0	1006	Sea slug	seaslug	0	1	1	1	1	1	1	false	1	0
2768	3285	0	703	Fisherman	fishplatform2	0	1	1	1	1	1	1	false	1	0
2768	3290	0	1006	Sea slug	seaslug	0	1	1	1	1	1	1	false	1	0
2769	3279	0	1006	Sea slug	seaslug	0	1	1	1	1	1	1	false	1	0
2772	3273	0	702	Fisherman	fishplatform1	0	1	1	1	1	1	1	false	1	0
2774	3291	0	1006	Sea slug	seaslug	0	1	1	1	1	1	1	false	1	0
2775	3285	0	702	Fisherman	fishplatform1	0	1	1	1	1	1	1	false	1	0
2777	3278	0	1006	Sea slug	seaslug	0	1	1	1	1	1	1	false	1	0
2778	3278	0	703	Fisherman	fishplatform2	0	1	1	1	1	1	1	false	1	0
2778	3285	0	1006	Sea slug	seaslug	0	1	1	1	1	1	1	false	1	0
2778	3286	0	704	Fisherman	fishplatform3	0	1	1	1	1	1	1	false	1	0
2778	3291	0	704	Fisherman	fishplatform3	0	1	1	1	1	1	1	false	1	0
2781	3278	0	1006	Sea slug	seaslug	0	1	1	1	1	1	1	false	1	0
2781	3285	0	1006	Sea slug	seaslug	0	1	1	1	1	1	1	false	1	0
2781	3291	0	702	Fisherman	fishplatform1	0	1	1	1	1	1	1	false	1	0
2782	3276	0	699	Holgart	holgartplatform	0	1	1	1	1	1	1	false	1	0
2783	3275	0	1006	Sea slug	seaslug	0	1	1	1	1	1	1	false	1	0
2783	3279	0	1006	Sea slug	seaslug	0	1	1	1	1	1	1	false	1	0
2783	3289	0	1006	Sea slug	seaslug	0	1	1	1	1	1	1	false	1	0
2784	3277	0	1006	Sea slug	seaslug	0	1	1	1	1	1	1	false	1	0
2784	3279	0	1006	Sea slug	seaslug	0	1	1	1	1	1	1	false	1	0
2785	3276	0	1006	Sea slug	seaslug	0	1	1	1	1	1	1	false	1	0
2785	3287	0	1006	Sea slug	seaslug	0	1	1	1	1	1	1	false	1	0
2788	3274	0	1006	Sea slug	seaslug	0	1	1	1	1	1	1	false	1	0
2793	3275	0	1006	Sea slug	seaslug	0	1	1	1	1	1	1	false	1	0
2793	3280	0	1006	Sea slug	seaslug	0	1	1	1	1	1	1	false	1	0
2793	3321	0	701	Kent	kent	0	1	1	1	1	1	1	false	1	0
2794	3279	0	703	Fisherman	fishplatform2	0	1	1	1	1	1	1	false	1	0
2799	3320	0	698	Holgart	holgartsunkboat	0	1	1	1	1	1	1	false	1	0
2764	3288	1	697	Kennith	kennith	0	1	1	1	1	1	1	false	1	0
2766	3282	1	1006	Sea slug	seaslug	0	1	1	1	1	1	1	false	1	0
2766	3285	1	703	Fisherman	fishplatform2	0	1	1	1	1	1	1	false	1	0
2767	3282	1	1006	Sea slug	seaslug	0	1	1	1	1	1	1	false	1	0
2768	3282	1	1006	Sea slug	seaslug	0	1	1	1	1	1	1	false	1	0
2771	3282	1	704	Fisherman	fishplatform3	0	1	1	1	1	1	1	false	1	0
2771	3291	1	1006	Sea slug	seaslug	0	1	1	1	1	1	1	false	1	0
2780	3283	1	1006	Sea slug	seaslug	0	1	1	1	1	1	1	false	1	0
2780	3288	1	1006	Sea slug	seaslug	0	1	1	1	1	1	1	false	1	0
2780	3290	1	1006	Sea slug	seaslug	0	1	1	1	1	1	1	false	1	0
2781	3290	1	702	Fisherman	fishplatform1	0	1	1	1	1	1	1	false	1	0
2783	3286	1	1006	Sea slug	seaslug	0	1	1	1	1	1	1	false	1	0
2784	3277	1	703	Fisherman	fishplatform2	0	1	1	1	1	1	1	false	1	0
2784	3279	1	1006	Sea slug	seaslug	0	1	1	1	1	1	1	false	1	0
2785	3282	1	1006	Sea slug	seaslug	0	1	1	1	1	1	1	false	1	0
2785	3284	1	702	Fisherman	fishplatform1	0	1	1	1	1	1	1	false	1	0
2787	3280	1	704	Fisherman	fishplatform3	0	1	1	1	1	1	1	false	1	0
2808	3342	0	578	Frincos	frincos	0	1	1	1	1	1	1	false	1	0
2809	3376	0	106	Bear	darkbear	19	15	13	16	25	1	1	false	2	0
2752	3409	0	78	Giant bat	bat	27	22	22	22	32	1	1	true	2	0
2753	3396	0	78	Giant bat	bat	27	22	22	22	32	1	1	true	2	0
2759	3401	0	78	Giant bat	bat	27	22	22	22	32	1	1	true	2	0
2766	3397	0	237	Renegade Knight	renegade_knight	37	28	28	28	48	1	1	false	1	0
2767	3399	0	237	Renegade Knight	renegade_knight	37	28	28	28	48	1	1	false	1	0
2773	3399	0	237	Renegade Knight	renegade_knight	37	28	28	28	48	1	1	false	1	0
2800	3439	0	562	Candle maker	candle_maker	0	1	1	1	1	1	1	false	1	0
2803	3430	0	563	Arhein	arhein	0	1	1	1	1	1	1	false	1	0
2803	3431	0	1	Man	man	2	1	1	1	7	1	1	false	1	0
2805	3428	0	1	Man	man	2	1	1	1	7	1	1	false	1	0
2807	3443	0	494	Banker	banker1	0	1	1	1	1	1	1	false	1	0
2808	3444	0	494	Banker	banker1	0	1	1	1	1	1	1	false	1	0
2809	3443	0	495	Banker	banker2	0	1	1	1	1	1	1	false	1	0
2811	3444	0	495	Banker	banker2	0	1	1	1	1	1	1	false	1	0
2766	3406	1	237	Renegade Knight	renegade_knight	37	28	28	28	48	1	1	false	1	0
2767	3400	1	237	Renegade Knight	renegade_knight	37	28	28	28	48	1	1	false	1	0
2770	3396	1	237	Renegade Knight	renegade_knight	37	28	28	28	48	1	1	false	1	0
2771	3402	1	237	Renegade Knight	renegade_knight	37	28	28	28	48	1	1	false	1	0
2774	3405	1	237	Renegade Knight	renegade_knight	37	28	28	28	48	1	1	false	1	0
2769	3403	2	247	Sir Mordred	sir_mordred	39	33	33	33	38	1	1	false	1	0
2754	3509	0	246	Sir Palomedes	sir_palomedes	0	1	1	1	1	1	1	false	1	0
2754	3515	0	245	Sir Lucan	sir_lucan	0	1	1	1	1	1	1	false	1	0
2761	3497	0	241	Sir Kay	sir_kay	0	1	1	1	1	1	1	false	1	0
2763	3506	0	240	Sir Gawain	sir_gawain	0	1	1	1	1	1	1	false	1	0
2764	3515	0	251	King Arthur	king_arthur	0	1	1	1	1	1	1	false	1	0
2783	3466	0	89	Unicorn	unicorn	15	11	13	13	19	1	1	false	2	0
2791	3460	0	89	Unicorn	unicorn	15	11	13	13	19	1	1	false	2	0
2804	3507	0	111	Ice giant	icegiant	49	40	40	40	70	1	1	false	2	0
2811	3506	0	111	Ice giant	icegiant	49	40	40	40	70	1	1	false	2	0
2755	3512	1	243	Sir Tristram	sir_tristram	0	1	1	1	1	1	1	false	1	0
2759	3515	1	239	Sir Lancelot	sir_lancelot	0	1	1	1	1	1	1	false	1	0
2761	3503	1	244	Sir Pelleas	sir_pelleas	0	1	1	1	1	1	1	false	1	0
2766	3511	1	242	Sir Bedivere	sir_bedivere	0	1	1	1	1	1	1	false	1	0
2761	3608	0	1272	Golden sheep	viking_golden_sheepunsheered	0	1	1	1	1	1	1	false	1	0
2763	3610	0	1271	Golden sheep	viking_golden_sheepsheered	0	1	1	1	1	1	1	false	1	0
2763	3612	0	1272	Golden sheep	viking_golden_sheepunsheered	0	1	1	1	1	1	1	false	1	0
2764	3606	0	1271	Golden sheep	viking_golden_sheepsheered	0	1	1	1	1	1	1	false	1	0
2766	3605	0	1272	Golden sheep	viking_golden_sheepunsheered	0	1	1	1	1	1	1	false	1	0
2768	3610	0	1271	Golden sheep	viking_golden_sheepsheered	0	1	1	1	1	1	1	false	1	0
2769	3607	0	1272	Golden sheep	viking_golden_sheepunsheered	0	1	1	1	1	1	1	false	1	0
2770	3622	0	1270	Lalli	viking_lalli_troll	0	1	1	1	1	1	1	false	1	0
2760	4688	0	210	Grail Maiden	grail_maiden	0	1	1	1	1	1	1	false	1	0
2763	4690	0	210	Grail Maiden	grail_maiden	0	1	1	1	1	1	1	false	1	0
2765	4722	0	214	Peasant	unhappy_peasant	0	1	1	1	1	1	1	false	1	0
2766	4680	0	210	Grail Maiden	grail_maiden	0	1	1	1	1	1	1	false	1	0
2769	4686	0	210	Grail Maiden	grail_maiden	0	1	1	1	1	1	1	false	1	0
2776	4718	0	214	Peasant	unhappy_peasant	0	1	1	1	1	1	1	false	1	0
2777	4703	0	214	Peasant	unhappy_peasant	0	1	1	1	1	1	1	false	1	0
2788	4721	0	214	Peasant	unhappy_peasant	0	1	1	1	1	1	1	false	1	0
2789	4698	0	214	Peasant	unhappy_peasant	0	1	1	1	1	1	1	false	1	0
2791	4722	0	221	Black Knight Titan	black_knight_titan	120	91	91	100	142	1	1	false	1	0
2802	4706	0	219	Fisherman	grail_fisherman	0	1	1	1	1	1	1	false	1	0
2762	4688	1	220	The Fisher King	fisher_king	0	1	1	1	1	1	1	false	1	0
2826	9518	0	113	Jogre	jogre	53	43	43	43	60	1	1	false	2	0
2834	9499	0	113	Jogre	jogre	53	43	43	43	60	1	1	false	2	0
2834	9513	0	113	Jogre	jogre	53	43	43	43	60	1	1	false	2	0
2836	9522	0	113	Jogre	jogre	53	43	43	43	60	1	1	false	2	0
2838	9490	0	113	Jogre	jogre	53	43	43	43	60	1	1	false	2	0
2848	9483	0	113	Jogre	jogre	53	43	43	43	60	1	1	false	2	0
2849	9517	0	113	Jogre	jogre	53	43	43	43	60	1	1	false	2	0
2857	9501	0	113	Jogre	jogre	53	43	43	43	60	1	1	false	2	0
2857	9523	0	113	Jogre	jogre	53	43	43	43	60	1	1	false	2	0
2860	9517	0	113	Jogre	jogre	53	43	43	43	60	1	1	false	2	0
2863	9493	0	113	Jogre	jogre	53	43	43	43	60	1	1	false	2	0
2866	9512	0	113	Jogre	jogre	53	43	43	43	60	1	1	false	2	0
2831	9562	0	82	Lesser demon	lesser_demon	82	68	71	70	79	1	1	false	2	0
2834	9568	0	78	Giant bat	bat	27	22	22	22	32	1	1	true	2	0
2834	9580	0	63	Deadly red spider	deadly_red_spider	34	30	30	25	35	1	1	false	1	0
2834	9584	0	63	Deadly red spider	deadly_red_spider	34	30	30	25	35	1	1	false	1	0
2836	9558	0	82	Lesser demon	lesser_demon	82	68	71	70	79	1	1	false	2	0
2836	9576	0	63	Deadly red spider	deadly_red_spider	34	30	30	25	35	1	1	false	1	0
2837	9565	0	82	Lesser demon	lesser_demon	82	68	71	70	79	1	1	false	2	0
2838	9582	0	63	Deadly red spider	deadly_red_spider	34	30	30	25	35	1	1	false	1	0
2840	9552	0	82	Lesser demon	lesser_demon	82	68	71	70	79	1	1	false	2	0
2841	9559	0	82	Lesser demon	lesser_demon	82	68	71	70	79	1	1	false	2	0
2842	9583	0	63	Deadly red spider	deadly_red_spider	34	30	30	25	35	1	1	false	1	0
2843	9557	0	82	Lesser demon	lesser_demon	82	68	71	70	79	1	1	false	2	0
2848	9581	0	90	Skeleton	skeleton_unarmed	25	24	24	24	17	1	1	false	1	0
2853	9573	0	90	Skeleton	skeleton_unarmed	25	24	24	24	17	1	1	false	1	0
2856	9575	0	78	Giant bat	bat	27	22	22	22	32	1	1	true	2	0
2859	9572	0	90	Skeleton	skeleton_unarmed	25	24	24	24	17	1	1	false	1	0
2860	9577	0	90	Skeleton	skeleton_unarmed	25	24	24	24	17	1	1	false	1	0
2861	9568	0	78	Giant bat	bat	27	22	22	22	32	1	1	true	2	0
2864	9568	0	90	Skeleton	skeleton_unarmed	25	24	24	24	17	1	1	false	1	0
2830	9657	0	92	Skeleton	skeleton_armed	22	15	17	18	29	1	1	false	1	0
2832	9661	0	92	Skeleton	skeleton_armed	22	15	17	18	29	1	1	false	1	0
2834	9650	0	92	Skeleton	skeleton_armed	22	15	17	18	29	1	1	false	1	0
2834	9655	0	92	Skeleton	skeleton_armed	22	15	17	18	29	1	1	false	1	0
2834	9658	0	92	Skeleton	skeleton_armed	22	15	17	18	29	1	1	false	1	0
2835	9602	0	82	Lesser demon	lesser_demon	82	68	71	70	79	1	1	false	2	0
2837	9623	0	82	Lesser demon	lesser_demon	82	68	71	70	79	1	1	false	2	0
2838	9610	0	82	Lesser demon	lesser_demon	82	68	71	70	79	1	1	false	2	0
2838	9653	0	92	Skeleton	skeleton_armed	22	15	17	18	29	1	1	false	1	0
2839	9604	0	82	Lesser demon	lesser_demon	82	68	71	70	79	1	1	false	2	0
2840	9628	0	93	Skeleton	giantskeleton	45	32	36	35	59	1	1	false	1	0
2840	9638	0	93	Skeleton	giantskeleton	45	32	36	35	59	1	1	false	1	0
2840	9649	0	92	Skeleton	skeleton_armed	22	15	17	18	29	1	1	false	1	0
2841	9643	0	93	Skeleton	giantskeleton	45	32	36	35	59	1	1	false	1	0
2842	9632	0	93	Skeleton	giantskeleton	45	32	36	35	59	1	1	false	1	0
2843	9645	0	93	Skeleton	giantskeleton	45	32	36	35	59	1	1	false	1	0
2844	9628	0	93	Skeleton	giantskeleton	45	32	36	35	59	1	1	false	1	0
2845	9612	0	82	Lesser demon	lesser_demon	82	68	71	70	79	1	1	false	2	0
2845	9636	0	93	Skeleton	giantskeleton	45	32	36	35	59	1	1	false	1	0
2852	9637	0	742	Elvarg	elvarg	83	70	70	70	120	1	70	false	4	8
2860	9635	0	47	Rat	rat	1	1	1	1	2	1	1	false	1	0
2862	9638	0	47	Rat	rat	1	1	1	1	2	1	1	false	1	0
2842	9766	0	76	Zombie	zombie_entranan	25	19	21	21	30	1	1	false	1	0
2843	9761	0	76	Zombie	zombie_entranan	25	19	21	21	30	1	1	false	1	0
2846	9756	0	76	Zombie	zombie_entranan	25	19	21	21	30	1	1	false	1	0
2846	9760	0	76	Zombie	zombie_entranan	25	19	21	21	30	1	1	false	1	0
2849	9763	0	76	Zombie	zombie_entranan	25	19	21	21	30	1	1	false	1	0
2854	9776	0	84	Black Demon	black_demon	172	145	152	148	157	1	1	false	3	0
2860	9781	0	84	Black Demon	black_demon	172	145	152	148	157	1	1	false	3	0
2861	9747	0	83	Greater demon	greater_demon	92	76	81	78	87	1	1	false	3	0
2862	9751	0	83	Greater demon	greater_demon	92	76	81	78	87	1	1	false	3	0
2863	9769	0	84	Black Demon	black_demon	172	145	152	148	157	1	1	false	3	0
2869	9776	0	84	Black Demon	black_demon	172	145	152	148	157	1	1	false	3	0
2825	9810	0	190	Monk of Zamorak	chaosmonk3	45	38	42	38	40	1	40	false	1	0
2828	9805	0	190	Monk of Zamorak	chaosmonk3	45	38	42	38	40	1	40	false	1	0
2829	9808	0	190	Monk of Zamorak	chaosmonk3	45	38	42	38	40	1	40	false	1	0
2829	9812	0	190	Monk of Zamorak	chaosmonk3	45	38	42	38	40	1	40	false	1	0
2829	9826	0	54	Black dragon	black_dragon	227	200	200	200	190	1	100	false	4	0
2833	9808	0	190	Monk of Zamorak	chaosmonk3	45	38	42	38	40	1	40	false	1	0
2834	9814	0	190	Monk of Zamorak	chaosmonk3	45	38	42	38	40	1	40	false	1	0
2835	9824	0	54	Black dragon	black_dragon	227	200	200	200	190	1	100	false	4	0
2850	9808	0	134	Poison spider	poisonspider	64	50	52	58	64	1	1	true	1	0
2856	9847	0	49	Hellhound	hellhound	122	105	102	104	116	1	1	false	2	0
2857	9822	0	134	Poison spider	poisonspider	64	50	52	58	64	1	1	true	1	0
2857	9841	0	49	Hellhound	hellhound	122	105	102	104	116	1	1	false	2	0
2859	9802	0	134	Poison spider	poisonspider	64	50	52	58	64	1	1	true	1	0
2859	9814	0	134	Poison spider	poisonspider	64	50	52	58	64	1	1	true	1	0
2861	9837	0	49	Hellhound	hellhound	122	105	102	104	116	1	1	false	2	0
2864	9819	0	134	Poison spider	poisonspider	64	50	52	58	64	1	1	true	1	0
2864	9851	0	49	Hellhound	hellhound	122	105	102	104	116	1	1	false	2	0
2867	9840	0	49	Hellhound	hellhound	122	105	102	104	116	1	1	false	2	0
2870	9799	0	134	Poison spider	poisonspider	64	50	52	58	64	1	1	true	1	0
2871	9792	0	134	Poison spider	poisonspider	64	50	52	58	64	1	1	true	1	0
2876	9806	0	134	Poison spider	poisonspider	64	50	52	58	64	1	1	true	1	0
2877	9796	0	385	Kharid Scorpion	questscorpiona	0	1	1	1	1	1	1	false	1	0
2822	9901	0	125	Ice warrior	icewarrior	57	47	47	47	59	1	1	false	1	0
2836	9905	0	125	Ice warrior	icewarrior	57	47	47	47	59	1	1	false	1	0
2838	9917	0	125	Ice warrior	icewarrior	57	47	47	47	59	1	1	false	1	0
2847	9919	0	125	Ice warrior	icewarrior	57	47	47	47	59	1	1	false	1	0
2848	9912	0	125	Ice warrior	icewarrior	57	47	47	47	59	1	1	false	1	0
2860	9874	0	120	Dwarf	dwarf_mountain	20	15	16	16	26	1	1	false	1	0
2860	9877	0	120	Dwarf	dwarf_mountain	20	15	16	16	26	1	1	false	1	0
2862	9874	0	120	Dwarf	dwarf_mountain	20	15	16	16	26	1	1	false	1	0
2862	9877	0	120	Dwarf	dwarf_mountain	20	15	16	16	26	1	1	false	1	0
2867	9879	0	120	Dwarf	dwarf_mountain	20	15	16	16	26	1	1	false	1	0
2868	9874	0	120	Dwarf	dwarf_mountain	20	15	16	16	26	1	1	false	1	0
2869	9879	0	120	Dwarf	dwarf_mountain	20	15	16	16	26	1	1	false	1	0
2869	9912	0	64	Ice spider	ice_spider	61	50	43	55	65	1	1	false	1	0
2870	9874	0	120	Dwarf	dwarf_mountain	20	15	16	16	26	1	1	false	1	0
2819	9950	0	64	Ice spider	ice_spider	61	50	43	55	65	1	1	false	1	0
2824	9934	0	64	Ice spider	ice_spider	61	50	43	55	65	1	1	false	1	0
2827	9925	0	64	Ice spider	ice_spider	61	50	43	55	65	1	1	false	1	0
2828	9956	0	64	Ice spider	ice_spider	61	50	43	55	65	1	1	false	1	0
2834	9940	0	125	Ice warrior	icewarrior	57	47	47	47	59	1	1	false	1	0
2836	9953	0	125	Ice warrior	icewarrior	57	47	47	47	59	1	1	false	1	0
2844	9944	0	125	Ice warrior	icewarrior	57	47	47	47	59	1	1	false	1	0
2857	9969	0	64	Ice spider	ice_spider	61	50	43	55	65	1	1	false	1	0
2864	9950	0	145	Ice warrior	icewarrior_queen	57	47	47	47	59	1	1	false	1	0
2865	9951	0	145	Ice warrior	icewarrior_queen	57	47	47	47	59	1	1	false	1	0
2866	9948	0	145	Ice warrior	icewarrior_queen	57	47	47	47	59	1	1	false	1	0
2866	9956	0	795	Ice Queen	ice_queen	111	95	95	94	104	1	1	false	1	0
2867	9948	0	145	Ice warrior	icewarrior_queen	57	47	47	47	59	1	1	false	1	0
2867	9951	0	145	Ice warrior	icewarrior_queen	57	47	47	47	59	1	1	false	1	0
2868	9950	0	145	Ice warrior	icewarrior_queen	57	47	47	47	59	1	1	false	1	0
2872	9972	0	64	Ice spider	ice_spider	61	50	43	55	65	1	1	false	1	0
2827	10077	0	1114	Godric	troll_godric	0	1	1	1	1	1	1	false	1	0
2829	10083	0	1113	Eadgar	troll_eadgar	0	1	1	1	1	1	1	false	1	0
2832	10079	0	1128	Twig	troll_prison_guard1	71	40	25	90	90	0	0	false	2	0
2832	10083	0	1129	Berry	troll_prison_guard2	71	40	25	90	90	0	0	false	2	0
2850	10086	0	1145	Guard	troll_sguard4	0	1	1	1	1	1	1	false	1	0
2850	10089	0	1143	Guard	troll_sguard2	0	1	1	1	1	1	1	false	1	0
2850	10092	0	1142	Guard	troll_sguard1	0	1	1	1	1	1	1	false	1	0
2855	10082	0	1147	Guard	troll_sguard6	0	1	1	1	1	1	1	false	1	0
2855	10089	0	1144	Guard	troll_sguard3	0	1	1	1	1	1	1	false	1	0
2857	10075	0	1150	Guard	eadgar_storeroom_guard	0	1	1	1	1	1	1	false	1	0
2858	10076	0	1148	Guard	troll_sguard7	0	1	1	1	1	1	1	false	1	0
2861	10080	0	1146	Guard	troll_sguard5	0	1	1	1	1	1	1	false	1	0
2864	10085	0	1149	Guard	troll_sguard8	0	1	1	1	1	1	1	false	1	0
2825	10086	1	1109	Mountain Troll	death_troll_melee4	69	40	40	75	90	0	0	false	1	0
2827	10081	1	1138	Mountain Troll	troll_melee1	71	40	25	90	90	0	0	false	1	0
2829	10079	1	1106	Mountain Troll	death_troll_melee1	69	40	40	75	90	0	0	false	1	0
2829	10083	1	1110	Mountain Troll	death_troll_melee5	69	40	40	75	90	0	0	false	1	0
2830	10086	1	1112	Mountain Troll	death_troll_melee7	69	40	40	75	90	0	0	false	1	0
2836	10077	1	1109	Mountain Troll	death_troll_melee4	69	40	40	75	90	0	0	false	1	0
2836	10089	1	1107	Mountain Troll	death_troll_melee2	69	40	40	75	90	0	0	false	1	0
2839	10101	1	1111	Mountain Troll	death_troll_melee6	69	40	40	75	90	0	0	false	1	0
2840	10054	1	1136	Cook	troll_cook2	0	1	1	1	1	1	1	false	2	0
2842	10056	1	1135	Cook	troll_cook	0	1	1	1	1	1	1	false	2	0
2844	10057	1	1151	Burntmeat	eadgar_troll_chief_cook	0	1	1	1	1	1	1	false	2	0
2846	10055	1	1137	Cook	troll_cook3	0	1	1	1	1	1	1	false	2	0
2856	10056	1	1140	Mountain Goat	troll_mountain_goat	0	1	1	1	1	1	1	false	1	0
2857	10055	1	1141	Mountain Goat	troll_mountain_goat_smaller	0	1	1	1	1	1	1	false	1	0
2857	10059	1	1141	Mountain Goat	troll_mountain_goat_smaller	0	1	1	1	1	1	1	false	1	0
2858	10058	1	1140	Mountain Goat	troll_mountain_goat	0	1	1	1	1	1	1	false	1	0
2859	10055	1	1140	Mountain Goat	troll_mountain_goat	0	1	1	1	1	1	1	false	1	0
2822	10073	2	1116	Troll General	troll_general2	113	70	40	140	140	0	0	false	2	0
2829	10100	2	1117	Troll General	troll_general3	113	70	40	140	140	0	0	false	2	0
2831	10086	2	1115	Troll General	troll_general	113	70	40	140	140	0	0	false	2	0
2836	10074	2	1112	Mountain Troll	death_troll_melee7	69	40	40	75	90	0	0	false	1	0
2836	10082	2	1138	Mountain Troll	troll_melee1	71	40	25	90	90	0	0	false	1	0
2836	10087	2	1111	Mountain Troll	death_troll_melee6	69	40	40	75	90	0	0	false	1	0
2836	10095	2	1110	Mountain Troll	death_troll_melee5	69	40	40	75	90	0	0	false	1	0
2838	10098	2	1109	Mountain Troll	death_troll_melee4	69	40	40	75	90	0	0	false	1	0
2851	10052	2	1111	Mountain Troll	death_troll_melee6	69	40	40	75	90	0	0	false	1	0
2852	10107	2	1110	Mountain Troll	death_troll_melee5	69	40	40	75	90	0	0	false	1	0
2855	10054	2	1108	Mountain Troll	death_troll_melee3	69	40	40	75	90	0	0	false	1	0
2817	2940	0	402	Jungle Forester	jungleforester_f	0	1	1	1	1	1	1	false	1	0
2819	2900	0	48	Oomlie Bird	oomlie_bird	46	40	40	40	40	1	1	false	1	0
2821	2910	0	48	Oomlie Bird	oomlie_bird	46	40	40	40	40	1	1	false	1	0
2821	2927	0	931	Jungle Savage	jungle_savage	90	76	76	76	90	0	0	false	1	0
2824	2896	0	143	Jungle Wolf	jungle_wolf	64	50	52	55	69	1	1	false	2	0
2824	2907	0	931	Jungle Savage	jungle_savage	90	76	76	76	90	0	0	false	1	0
2824	2940	0	401	Jungle Forester	jungleforester_m	0	1	1	1	1	1	1	false	1	0
2827	2924	0	143	Jungle Wolf	jungle_wolf	64	50	52	55	69	1	1	false	2	0
2827	2927	0	48	Oomlie Bird	oomlie_bird	46	40	40	40	40	1	1	false	1	0
2834	2911	0	48	Oomlie Bird	oomlie_bird	46	40	40	40	40	1	1	false	1	0
2837	2897	0	48	Oomlie Bird	oomlie_bird	46	40	40	40	40	1	1	false	1	0
2837	2918	0	931	Jungle Savage	jungle_savage	90	76	76	76	90	0	0	false	1	0
2840	2899	0	931	Jungle Savage	jungle_savage	90	76	76	76	90	0	0	false	1	0
2842	2899	0	143	Jungle Wolf	jungle_wolf	64	50	52	55	69	1	1	false	2	0
2845	2928	0	931	Jungle Savage	jungle_savage	90	76	76	76	90	0	0	false	1	0
2859	2904	0	48	Oomlie Bird	oomlie_bird	46	40	40	40	40	1	1	false	1	0
2859	2923	0	931	Jungle Savage	jungle_savage	90	76	76	76	90	0	0	false	1	0
2861	2907	0	143	Jungle Wolf	jungle_wolf	64	50	52	55	69	1	1	false	2	0
2862	2899	0	143	Jungle Wolf	jungle_wolf	64	50	52	55	69	1	1	false	2	0
2862	2904	0	931	Jungle Savage	jungle_savage	90	76	76	76	90	0	0	false	1	0
2863	2916	0	48	Oomlie Bird	oomlie_bird	46	40	40	40	40	1	1	false	1	0
2863	2941	0	401	Jungle Forester	jungleforester_m	0	1	1	1	1	1	1	false	1	0
2872	2941	0	402	Jungle Forester	jungleforester_f	0	1	1	1	1	1	1	false	1	0
2824	2959	0	516	Obli	shilogeneralstore	0	1	1	1	1	1	1	false	1	0
2834	2954	0	511	Vigroy	shilocartdriver	0	1	1	1	1	1	1	false	1	0
2835	2985	0	515	Yanni Salika	shiloantiques	0	1	1	1	1	1	1	false	1	0
2851	2954	0	499	Banker	shilobanker	0	1	1	1	1	1	1	false	1	0
2853	2955	0	499	Banker	shilobanker	0	1	1	1	1	1	1	false	1	0
2857	2963	0	513	Yohnus	shilofurnaceowner	0	1	1	1	1	1	1	false	1	0
2870	2954	0	505	Undead One	zqzombie_armed	73	65	65	65	59	0	0	false	1	0
2870	2972	0	517	Fernahei	shilofishowner	0	1	1	1	1	1	1	false	1	0
2871	2951	0	504	Undead One	zqzombie_unarmed	68	63	63	63	47	0	0	false	1	0
2872	2954	0	504	Undead One	zqzombie_unarmed	68	63	63	63	47	0	0	false	1	0
2873	2951	0	505	Undead One	zqzombie_armed	73	65	65	65	59	0	0	false	1	0
2876	2947	0	505	Undead One	zqzombie_armed	73	65	65	65	59	0	0	false	1	0
2876	2951	0	504	Undead One	zqzombie_unarmed	68	63	63	63	47	0	0	false	1	0
2876	2955	0	504	Undead One	zqzombie_unarmed	68	63	63	63	47	0	0	false	1	0
2876	2957	0	504	Undead One	zqzombie_unarmed	68	63	63	63	47	0	0	false	1	0
2877	2959	0	505	Undead One	zqzombie_armed	73	65	65	65	59	0	0	false	1	0
2863	2997	1	512	Kaleb Paramaya	shiloinnowner	0	1	1	1	1	1	1	false	1	0
2870	2974	1	514	Seravel	shiloshiptickets	0	1	1	1	1	1	1	false	1	0
2825	3030	0	128	Snake	snake	5	4	3	5	6	1	1	false	1	0
2827	3013	0	128	Snake	snake	5	4	3	5	6	1	1	false	1	0
2829	3029	0	132	Monkey	monkey	3	2	2	3	6	1	1	false	1	0
2832	3017	0	128	Snake	snake	5	4	3	5	6	1	1	false	1	0
2832	3019	0	128	Snake	snake	5	4	3	5	6	1	1	false	1	0
2832	3029	0	132	Monkey	monkey	3	2	2	3	6	1	1	false	1	0
2833	3027	0	132	Monkey	monkey	3	2	2	3	6	1	1	false	1	0
2834	3035	0	132	Monkey	monkey	3	2	2	3	6	1	1	false	1	0
2836	3043	0	128	Snake	snake	5	4	3	5	6	1	1	false	1	0
2837	3029	0	132	Monkey	monkey	3	2	2	3	6	1	1	false	1	0
2837	3034	0	132	Monkey	monkey	3	2	2	3	6	1	1	false	1	0
2838	3039	0	128	Snake	snake	5	4	3	5	6	1	1	false	1	0
2838	3047	0	128	Snake	snake	5	4	3	5	6	1	1	false	1	0
2842	3017	0	191	Tribesman	tribesman	32	23	26	27	39	1	1	false	1	0
2844	3042	0	1167	Tamayu	tbwt_tamayu	0	1	1	1	1	1	1	false	1	0
2844	3061	0	62	Jungle spider	jungle_spider	44	35	35	37	50	1	1	false	1	0
2847	3042	0	128	Snake	snake	5	4	3	5	6	1	1	false	1	0
2850	3063	0	62	Jungle spider	jungle_spider	44	35	35	37	50	1	1	false	1	0
2853	3054	0	62	Jungle spider	jungle_spider	44	35	35	37	50	1	1	false	1	0
2866	3061	0	191	Tribesman	tribesman	32	23	26	27	39	1	1	false	1	0
2868	3017	0	132	Monkey	monkey	3	2	2	3	6	1	1	false	1	0
2868	3021	0	132	Monkey	monkey	3	2	2	3	6	1	1	false	1	0
2868	3054	0	191	Tribesman	tribesman	32	23	26	27	39	1	1	false	1	0
2869	3015	0	132	Monkey	monkey	3	2	2	3	6	1	1	false	1	0
2871	3018	0	132	Monkey	monkey	3	2	2	3	6	1	1	false	1	0
2871	3023	0	132	Monkey	monkey	3	2	2	3	6	1	1	false	1	0
2873	3021	0	132	Monkey	monkey	3	2	2	3	6	1	1	false	1	0
2818	3133	0	146	Gull	seabird1	26	22	17	22	32	1	1	false	2	0
2820	3082	0	128	Snake	snake	5	4	3	5	6	1	1	false	1	0
2824	3077	0	128	Snake	snake	5	4	3	5	6	1	1	false	1	0
2824	3133	0	146	Gull	seabird1	26	22	17	22	32	1	1	false	2	0
2826	3081	0	128	Snake	snake	5	4	3	5	6	1	1	false	1	0
2829	3131	0	146	Gull	seabird1	26	22	17	22	32	1	1	false	2	0
2833	3134	0	146	Gull	seabird1	26	22	17	22	32	1	1	false	2	0
2835	3074	0	128	Snake	snake	5	4	3	5	6	1	1	false	1	0
2855	3085	0	62	Jungle spider	jungle_spider	44	35	35	37	50	1	1	false	1	0
2855	3089	0	62	Jungle spider	jungle_spider	44	35	35	37	50	1	1	false	1	0
2857	3085	0	62	Jungle spider	jungle_spider	44	35	35	37	50	1	1	false	1	0
2858	3083	0	62	Jungle spider	jungle_spider	44	35	35	37	50	1	1	false	1	0
2858	3092	0	62	Jungle spider	jungle_spider	44	35	35	37	50	1	1	false	1	0
2861	3082	0	62	Jungle spider	jungle_spider	44	35	35	37	50	1	1	false	1	0
2861	3088	0	62	Jungle spider	jungle_spider	44	35	35	37	50	1	1	false	1	0
2862	3081	0	62	Jungle spider	jungle_spider	44	35	35	37	50	1	1	false	1	0
2864	3084	0	62	Jungle spider	jungle_spider	44	35	35	37	50	1	1	false	1	0
2864	3088	0	62	Jungle spider	jungle_spider	44	35	35	37	50	1	1	false	1	0
2866	3081	0	62	Jungle spider	jungle_spider	44	35	35	37	50	1	1	false	1	0
2867	3086	0	62	Jungle spider	jungle_spider	44	35	35	37	50	1	1	false	1	0
2868	3084	0	62	Jungle spider	jungle_spider	44	35	35	37	50	1	1	false	1	0
2819	3194	0	128	Snake	snake	5	4	3	5	6	1	1	false	1	0
2820	3193	0	132	Monkey	monkey	3	2	2	3	6	1	1	false	1	0
2832	3170	0	708	Imp	imp	2	1	1	1	8	1	1	false	1	0
2832	3177	0	708	Imp	imp	2	1	1	1	8	1	1	false	1	0
2837	3184	0	708	Imp	imp	2	1	1	1	8	1	1	false	1	0
2841	3163	0	708	Imp	imp	2	1	1	1	8	1	1	false	1	0
2843	3156	0	107	Scorpion	scorpion	14	11	11	12	17	1	1	false	2	0
2849	3186	0	708	Imp	imp	2	1	1	1	8	1	1	false	1	0
2850	3165	0	708	Imp	imp	2	1	1	1	8	1	1	false	1	0
2853	3159	0	107	Scorpion	scorpion	14	11	11	12	17	1	1	false	2	0
2857	3179	0	708	Imp	imp	2	1	1	1	8	1	1	false	1	0
2859	3177	0	708	Imp	imp	2	1	1	1	8	1	1	false	1	0
2861	3165	0	107	Scorpion	scorpion	14	11	11	12	17	1	1	false	2	0
2862	3180	0	107	Scorpion	scorpion	14	11	11	12	17	1	1	false	2	0
2863	3169	0	107	Scorpion	scorpion	14	11	11	12	17	1	1	false	2	0
2865	3156	0	107	Scorpion	scorpion	14	11	11	12	17	1	1	false	2	0
2870	3159	0	107	Scorpion	scorpion	14	11	11	12	17	1	1	false	2	0
2873	3148	0	132	Monkey	monkey	3	2	2	3	6	1	1	false	1	0
2875	3164	0	128	Snake	snake	5	4	3	5	6	1	1	false	1	0
2877	3154	0	132	Monkey	monkey	3	2	2	3	6	1	1	false	1	0
2879	3151	0	128	Snake	snake	5	4	3	5	6	1	1	false	1	0
2879	3161	0	132	Monkey	monkey	3	2	2	3	6	1	1	false	1	0
2820	3259	0	92	Skeleton	skeleton_armed	22	15	17	18	29	1	1	false	1	0
2824	3237	0	92	Skeleton	skeleton_armed	22	15	17	18	29	1	1	false	1	0
2827	3246	0	112	Moss giant	mossgiant	42	30	30	30	60	1	1	false	2	0
2831	3243	0	112	Moss giant	mossgiant	42	30	30	30	60	1	1	false	2	0
2832	3234	0	92	Skeleton	skeleton_armed	22	15	17	18	29	1	1	false	1	0
2834	3242	0	112	Moss giant	mossgiant	42	30	30	30	60	1	1	false	2	0
2840	3238	0	92	Skeleton	skeleton_armed	22	15	17	18	29	1	1	false	1	0
2846	3249	0	92	Skeleton	skeleton_armed	22	15	17	18	29	1	1	false	1	0
2850	3247	0	92	Skeleton	skeleton_armed	22	15	17	18	29	1	1	false	1	0
2850	3256	0	92	Skeleton	skeleton_armed	22	15	17	18	29	1	1	false	1	0
2852	3260	0	92	Skeleton	skeleton_armed	22	15	17	18	29	1	1	false	1	0
2854	3235	0	743	Ned	dragonslayer_ned	0	1	1	1	1	1	1	false	1	0
2854	3249	0	92	Skeleton	skeleton_armed	22	15	17	18	29	1	1	false	1	0
2818	3291	0	122	Hobgoblin	hobgoblin_unarmed	28	22	24	24	29	1	1	false	1	0
2822	3282	0	122	Hobgoblin	hobgoblin_unarmed	28	22	24	24	29	1	1	false	1	0
2822	3288	0	122	Hobgoblin	hobgoblin_unarmed	28	22	24	24	29	1	1	false	1	0
2824	3298	0	122	Hobgoblin	hobgoblin_unarmed	28	22	24	24	29	1	1	false	1	0
2832	3278	0	82	Lesser demon	lesser_demon	82	68	71	70	79	1	1	false	2	0
2834	3305	0	92	Skeleton	skeleton_armed	22	15	17	18	29	1	1	false	1	0
2837	3280	0	82	Lesser demon	lesser_demon	82	68	71	70	79	1	1	false	2	0
2842	3298	0	144	King Scorpion	kingscorpion	32	30	23	29	30	1	1	false	2	0
2844	3291	0	144	King Scorpion	kingscorpion	32	30	23	29	30	1	1	false	2	0
2851	3298	0	144	King Scorpion	kingscorpion	32	30	23	29	30	1	1	false	2	0
2855	3303	0	144	King Scorpion	kingscorpion	32	30	23	29	30	1	1	false	2	0
2859	3283	0	144	King Scorpion	kingscorpion	32	30	23	29	30	1	1	false	2	0
2861	3295	0	144	King Scorpion	kingscorpion	32	30	23	29	30	1	1	false	2	0
2822	3374	0	656	Cave monk	cave_monk	0	1	1	1	1	1	1	false	1	0
2830	3335	0	658	Monk of Entrana	shipmonk2	0	1	1	1	1	1	1	false	1	0
2835	3336	0	658	Monk of Entrana	shipmonk2	0	1	1	1	1	1	1	false	1	0
2838	3370	0	89	Unicorn	unicorn	15	11	13	13	19	1	1	false	2	0
2839	3335	0	658	Monk of Entrana	shipmonk2	0	1	1	1	1	1	1	false	1	0
2843	3346	0	222	Monk	entrana_monk	5	2	3	2	15	1	1	false	1	0
2846	3374	0	41	Chicken	chicken	1	1	1	1	3	1	1	false	1	0
2847	3386	0	139	Entrana Fire Bird	fire_bird	2	1	1	1	5	1	1	false	1	0
2850	3354	0	222	Monk	entrana_monk	5	2	3	2	15	1	1	false	1	0
2850	3368	0	41	Chicken	chicken	1	1	1	1	3	1	1	false	1	0
2850	3371	0	41	Chicken	chicken	1	1	1	1	3	1	1	false	1	0
2850	3378	0	89	Unicorn	unicorn	15	11	13	13	19	1	1	false	2	0
2851	3345	0	222	Monk	entrana_monk	5	2	3	2	15	1	1	false	1	0
2851	3349	0	216	High Priest	high_priest_of_entrana	0	1	1	1	1	1	1	false	1	0
2852	3370	0	41	Chicken	chicken	1	1	1	1	3	1	1	false	1	0
2853	3368	0	41	Chicken	chicken	1	1	1	1	3	1	1	false	1	0
2853	3373	0	41	Chicken	chicken	1	1	1	1	3	1	1	false	1	0
2860	3375	0	89	Unicorn	unicorn	15	11	13	13	19	1	1	false	2	0
2863	3378	0	89	Unicorn	unicorn	15	11	13	13	19	1	1	false	2	0
2851	3342	1	222	Monk	entrana_monk	5	2	3	2	15	1	1	false	1	0
2854	3350	1	222	Monk	entrana_monk	5	2	3	2	15	1	1	false	1	0
2816	3442	0	3	Man	man3	2	1	1	1	7	1	1	false	1	0
2817	3443	0	5	Woman	woman2	2	1	1	1	7	1	1	false	1	0
2819	3451	0	666	Caleb	caleb_fitzharmon	0	1	1	1	1	1	1	false	1	0
2822	3442	0	575	Hickton	hickton	0	1	1	1	1	1	1	false	1	0
2834	3445	0	576	Harry	harry	0	1	1	1	1	1	1	false	1	0
2842	3450	0	96	White wolf	whitewolf_sentry	25	20	22	16	34	1	1	false	2	0
2864	3453	0	96	White wolf	whitewolf_sentry	25	20	22	16	34	1	1	false	2	0
2870	3438	0	96	White wolf	whitewolf_sentry	25	20	22	16	34	1	1	false	2	0
2872	3445	0	96	White wolf	whitewolf_sentry	25	20	22	16	34	1	1	false	2	0
2817	3514	0	111	Ice giant	icegiant	49	40	40	40	70	1	1	false	2	0
2820	3487	0	232	Mountain Dwarf	tunnel_dwarf	0	1	1	1	1	1	1	false	1	0
2821	3487	0	232	Mountain Dwarf	tunnel_dwarf	0	1	1	1	1	1	1	false	1	0
2824	3510	0	111	Ice giant	icegiant	49	40	40	40	70	1	1	false	2	0
2831	3515	0	97	White wolf	whitewolf	38	30	32	31	44	1	1	false	2	0
2833	3513	0	97	White wolf	whitewolf	38	30	32	31	44	1	1	false	2	0
2836	3495	0	142	Wolf	pack_wolf	25	20	22	16	34	1	1	false	2	0
2837	3499	0	142	Wolf	pack_wolf	25	20	22	16	34	1	1	false	2	0
2839	3502	0	142	Wolf	pack_wolf	25	20	22	16	34	1	1	false	2	0
2839	3506	0	142	Wolf	pack_wolf	25	20	22	16	34	1	1	false	2	0
2840	3497	0	141	Big Wolf	wolfpack_leader	73	60	62	61	74	1	1	false	2	0
2842	3504	0	142	Wolf	pack_wolf	25	20	22	16	34	1	1	false	2	0
2844	3507	0	142	Wolf	pack_wolf	25	20	22	16	34	1	1	false	2	0
2846	3477	0	96	White wolf	whitewolf_sentry	25	20	22	16	34	1	1	false	2	0
2847	3474	0	96	White wolf	whitewolf_sentry	25	20	22	16	34	1	1	false	2	0
2847	3499	0	170	Gnome pilot	gnomepilot	0	1	1	1	1	1	1	false	1	0
2847	3514	0	125	Ice warrior	icewarrior	57	47	47	47	59	1	1	false	1	0
2848	3487	0	97	White wolf	whitewolf	38	30	32	31	44	1	1	false	2	0
2850	3484	0	97	White wolf	whitewolf	38	30	32	31	44	1	1	false	2	0
2850	3512	0	125	Ice warrior	icewarrior	57	47	47	47	59	1	1	false	1	0
2854	3509	0	97	White wolf	whitewolf	38	30	32	31	44	1	1	false	2	0
2856	3508	0	97	White wolf	whitewolf	38	30	32	31	44	1	1	false	2	0
2860	3492	0	96	White wolf	whitewolf_sentry	25	20	22	16	34	1	1	false	2	0
2865	3509	0	96	White wolf	whitewolf_sentry	25	20	22	16	34	1	1	false	2	0
2876	3483	0	232	Mountain Dwarf	tunnel_dwarf	0	1	1	1	1	1	1	false	1	0
2877	3483	0	232	Mountain Dwarf	tunnel_dwarf	0	1	1	1	1	1	1	false	1	0
2816	3559	0	1093	Billy	death_mountain_goat	0	1	1	1	1	1	1	false	1	0
2816	3560	0	1018	Rooster	rooster	2	2	1	2	7	1	1	false	1	0
2816	3561	0	41	Chicken	chicken	1	1	1	1	3	1	1	false	1	0
2818	3559	0	1017	Chicken	chicken_brown	1	1	1	1	3	1	1	false	1	0
2819	3561	0	41	Chicken	chicken	1	1	1	1	3	1	1	false	1	0
2819	3562	0	1017	Chicken	chicken_brown	1	1	1	1	3	1	1	false	1	0
2820	3556	0	1071	Tenzing	death_sherpa	0	1	1	1	1	1	1	false	1	0
2832	3597	0	1094	Mountain Goat	mountain_goat2	0	1	1	1	1	1	1	false	1	0
2840	3589	0	1069	Soldier	death_ig_solider_wounded	0	1	1	1	1	1	1	false	2	0
2851	3598	0	1105	Thrower Troll	death_troll_thrower5	67	30	30	80	95	60	0	false	1	8
2852	3591	0	1106	Mountain Troll	death_troll_melee1	69	40	40	75	90	0	0	false	1	0
2854	3600	0	1101	Thrower Troll	death_troll_thrower1	67	30	30	80	95	60	0	false	1	8
2855	3591	0	1095	Rock	death_troll_commander	111	70	70	110	140	0	0	false	2	0
2856	3610	0	1094	Mountain Goat	mountain_goat2	0	1	1	1	1	1	1	false	1	0
2857	3591	0	1096	Stick	death_troll_leuitanant	104	60	60	110	135	0	0	false	2	0
2858	3586	0	1108	Mountain Troll	death_troll_melee3	69	40	40	75	90	0	0	false	1	0
2859	3600	0	1102	Thrower Troll	death_troll_thrower2	67	30	30	80	95	60	0	false	1	8
2862	3588	0	1099	Dung	death_troll_cook1	0	1	1	1	1	1	1	false	2	0
2863	3595	0	1106	Mountain Troll	death_troll_melee1	69	40	40	75	90	0	0	false	1	0
2863	3600	0	1103	Thrower Troll	death_troll_thrower3	67	30	30	80	95	60	0	false	1	8
2864	3588	0	1100	Ash	death_troll_cook2	0	1	1	1	1	1	1	false	2	0
2864	3595	0	1107	Mountain Troll	death_troll_melee2	69	40	40	75	90	0	0	false	1	0
2865	3595	0	1108	Mountain Troll	death_troll_melee3	69	40	40	75	90	0	0	false	1	0
2866	3595	0	1109	Mountain Troll	death_troll_melee4	69	40	40	75	90	0	0	false	1	0
2867	3595	0	1110	Mountain Troll	death_troll_melee5	69	40	40	75	90	0	0	false	1	0
2867	3600	0	1104	Thrower Troll	death_troll_thrower4	67	30	30	80	95	60	0	false	1	8
2868	3595	0	1111	Mountain Troll	death_troll_melee6	69	40	40	75	90	0	0	false	1	0
2869	3595	0	1112	Mountain Troll	death_troll_melee7	69	40	40	75	90	0	0	false	1	0
2870	3600	0	1105	Thrower Troll	death_troll_thrower5	67	30	30	80	95	60	0	false	1	8
2871	3584	0	1106	Mountain Troll	death_troll_melee1	69	40	40	75	90	0	0	false	1	0
2871	3587	0	1110	Mountain Troll	death_troll_melee5	69	40	40	75	90	0	0	false	1	0
2872	3584	0	1107	Mountain Troll	death_troll_melee2	69	40	40	75	90	0	0	false	1	0
2872	3598	0	1097	Pee Hat	death_troll_guard1	91	50	50	100	120	0	0	false	2	0
2873	3590	0	1112	Mountain Troll	death_troll_melee7	69	40	40	75	90	0	0	false	1	0
2875	3598	0	1098	Kraka	death_troll_guard2	91	50	50	100	120	0	0	false	2	0
2876	3586	0	1111	Mountain Troll	death_troll_melee6	69	40	40	75	90	0	0	false	1	0
2876	3589	0	1109	Mountain Troll	death_troll_melee4	69	40	40	75	90	0	0	false	1	0
2843	3675	0	1107	Mountain Troll	death_troll_melee2	69	40	40	75	90	0	0	false	1	0
2843	3682	0	1112	Mountain Troll	death_troll_melee7	69	40	40	75	90	0	0	false	1	0
2845	3684	0	1111	Mountain Troll	death_troll_melee6	69	40	40	75	90	0	0	false	1	0
2847	3676	0	1109	Mountain Troll	death_troll_melee4	69	40	40	75	90	0	0	false	1	0
2850	3673	0	1110	Mountain Troll	death_troll_melee5	69	40	40	75	90	0	0	false	1	0
2850	3682	0	1107	Mountain Troll	death_troll_melee2	69	40	40	75	90	0	0	false	1	0
2852	3677	0	1108	Mountain Troll	death_troll_melee3	69	40	40	75	90	0	0	false	1	0
2854	3689	0	1139	Mushroom	troll_stronghold_camp_guard	0	1	1	1	1	1	1	false	2	0
2856	3683	0	1106	Mountain Troll	death_troll_melee1	69	40	40	75	90	0	0	false	1	0
2886	9293	0	503	Undead One	zqskeleton_armed	61	55	55	55	47	0	0	false	1	0
2886	9294	0	502	Undead One	zqskeleton_unarmed	68	63	63	63	47	0	0	false	1	0
2887	9312	0	504	Undead One	zqzombie_unarmed	68	63	63	63	47	0	0	false	1	0
2892	9312	0	505	Undead One	zqzombie_armed	73	65	65	65	59	0	0	false	1	0
2897	9321	0	505	Undead One	zqzombie_armed	73	65	65	65	59	0	0	false	1	0
2897	9322	0	505	Undead One	zqzombie_armed	73	65	65	65	59	0	0	false	1	0
2917	9304	0	503	Undead One	zqskeleton_armed	61	55	55	55	47	0	0	false	1	0
2917	9305	0	502	Undead One	zqskeleton_unarmed	68	63	63	63	47	0	0	false	1	0
2924	9292	0	505	Undead One	zqzombie_armed	73	65	65	65	59	0	0	false	1	0
2930	9294	0	505	Undead One	zqzombie_armed	73	65	65	65	59	0	0	false	1	0
2931	9317	0	502	Undead One	zqskeleton_unarmed	68	63	63	63	47	0	0	false	1	0
2933	9283	0	504	Undead One	zqzombie_unarmed	68	63	63	63	47	0	0	false	1	0
2933	9294	0	505	Undead One	zqzombie_armed	73	65	65	65	59	0	0	false	1	0
2934	9285	0	505	Undead One	zqzombie_armed	73	65	65	65	59	0	0	false	1	0
2934	9309	0	505	Undead One	zqzombie_armed	73	65	65	65	59	0	0	false	1	0
2934	9317	0	505	Undead One	zqzombie_armed	73	65	65	65	59	0	0	false	1	0
2937	9299	0	504	Undead One	zqzombie_unarmed	68	63	63	63	47	0	0	false	1	0
2937	9301	0	505	Undead One	zqzombie_armed	73	65	65	65	59	0	0	false	1	0
2886	9356	0	502	Undead One	zqskeleton_unarmed	68	63	63	63	47	0	0	false	1	0
2886	9360	0	505	Undead One	zqzombie_armed	73	65	65	65	59	0	0	false	1	0
2888	9376	0	504	Undead One	zqzombie_unarmed	68	63	63	63	47	0	0	false	1	0
2888	9381	0	502	Undead One	zqskeleton_unarmed	68	63	63	63	47	0	0	false	1	0
2889	9363	0	504	Undead One	zqzombie_unarmed	68	63	63	63	47	0	0	false	1	0
2891	9366	0	503	Undead One	zqskeleton_armed	61	55	55	55	47	0	0	false	1	0
2892	9384	0	503	Undead One	zqskeleton_armed	61	55	55	55	47	0	0	false	1	0
2894	9358	0	504	Undead One	zqzombie_unarmed	68	63	63	63	47	0	0	false	1	0
2895	9349	0	502	Undead One	zqskeleton_unarmed	68	63	63	63	47	0	0	false	1	0
2896	9362	0	503	Undead One	zqskeleton_armed	61	55	55	55	47	0	0	false	1	0
2898	9365	0	505	Undead One	zqzombie_armed	73	65	65	65	59	0	0	false	1	0
2899	9368	0	502	Undead One	zqskeleton_unarmed	68	63	63	63	47	0	0	false	1	0
2901	9355	0	505	Undead One	zqzombie_armed	73	65	65	65	59	0	0	false	1	0
2908	9354	0	504	Undead One	zqzombie_unarmed	68	63	63	63	47	0	0	false	1	0
2910	9349	0	503	Undead One	zqskeleton_armed	61	55	55	55	47	0	0	false	1	0
2916	9347	0	505	Undead One	zqzombie_armed	73	65	65	65	59	0	0	false	1	0
2917	9353	0	505	Undead One	zqzombie_armed	73	65	65	65	59	0	0	false	1	0
2923	9355	0	504	Undead One	zqzombie_unarmed	68	63	63	63	47	0	0	false	1	0
2928	9348	0	504	Undead One	zqzombie_unarmed	68	63	63	63	47	0	0	false	1	0
2928	9354	0	505	Undead One	zqzombie_armed	73	65	65	65	59	0	0	false	1	0
2899	9520	0	47	Rat	rat	1	1	1	1	2	1	1	false	1	0
2901	9481	0	505	Undead One	zqzombie_armed	73	65	65	65	59	0	0	false	1	0
2902	9482	0	503	Undead One	zqskeleton_armed	61	55	55	55	47	0	0	false	1	0
2903	9508	0	502	Undead One	zqskeleton_unarmed	68	63	63	63	47	0	0	false	1	0
2905	9509	0	505	Undead One	zqzombie_armed	73	65	65	65	59	0	0	false	1	0
2911	9475	0	503	Undead One	zqskeleton_armed	61	55	55	55	47	0	0	false	1	0
2911	9476	0	504	Undead One	zqzombie_unarmed	68	63	63	63	47	0	0	false	1	0
2911	9488	0	505	Undead One	zqzombie_armed	73	65	65	65	59	0	0	false	1	0
2912	9475	0	505	Undead One	zqzombie_armed	73	65	65	65	59	0	0	false	1	0
2912	9488	0	502	Undead One	zqskeleton_unarmed	68	63	63	63	47	0	0	false	1	0
2914	9529	0	504	Undead One	zqzombie_unarmed	68	63	63	63	47	0	0	false	1	0
2915	9528	0	505	Undead One	zqzombie_armed	73	65	65	65	59	0	0	false	1	0
2915	9529	0	502	Undead One	zqskeleton_unarmed	68	63	63	63	47	0	0	false	1	0
2920	9486	0	61	Spider	spider	1	1	1	1	2	1	1	false	1	0
2923	9507	0	504	Undead One	zqzombie_unarmed	68	63	63	63	47	0	0	false	1	0
2925	9482	0	504	Undead One	zqzombie_unarmed	68	63	63	63	47	0	0	false	1	0
2932	9480	0	505	Undead One	zqzombie_armed	73	65	65	65	59	0	0	false	1	0
2932	9507	0	505	Undead One	zqzombie_armed	73	65	65	65	59	0	0	false	1	0
2936	9487	0	502	Undead One	zqskeleton_unarmed	68	63	63	63	47	0	0	false	1	0
2937	9491	0	503	Undead One	zqskeleton_armed	61	55	55	55	47	0	0	false	1	0
2937	9494	0	47	Rat	rat	1	1	1	1	2	1	1	false	1	0
2937	9503	0	502	Undead One	zqskeleton_unarmed	68	63	63	63	47	0	0	false	1	0
2938	9496	0	47	Rat	rat	1	1	1	1	2	1	1	false	1	0
2921	9653	0	47	Rat	rat	1	1	1	1	2	1	1	false	1	0
2923	9639	0	47	Rat	rat	1	1	1	1	2	1	1	false	1	0
2929	9649	0	753	Melzar the mad	melzar_the_mad	43	37	34	37	44	1	40	false	1	8
2929	9659	0	61	Spider	spider	1	1	1	1	2	1	1	false	1	0
2930	9648	0	61	Spider	spider	1	1	1	1	2	1	1	false	1	0
2932	9642	0	751	Zombie	dragonslayer_zombie	25	19	21	21	30	1	1	false	1	0
2933	9640	0	76	Zombie	zombie_entranan	25	19	21	21	30	1	1	false	1	0
2936	9648	0	47	Rat	rat	1	1	1	1	2	1	1	false	1	0
2936	9650	0	752	Lesser demon	dragonslayer_demon	82	68	71	70	79	1	1	false	2	0
2936	9654	0	61	Spider	spider	1	1	1	1	2	1	1	false	1	0
2891	9701	0	179	Black Knight	aggressive_black_knight	33	25	25	25	42	1	1	false	1	0
2892	9680	0	200	Lord Daquarius	lord_daquarius	68	65	65	65	38	1	1	false	1	0
2892	9710	0	179	Black Knight	aggressive_black_knight	33	25	25	25	42	1	1	false	1	0
2897	9675	0	179	Black Knight	aggressive_black_knight	33	25	25	25	42	1	1	false	1	0
2898	9688	0	179	Black Knight	aggressive_black_knight	33	25	25	25	42	1	1	false	1	0
2899	9709	0	179	Black Knight	aggressive_black_knight	33	25	25	25	42	1	1	false	1	0
2900	9701	0	179	Black Knight	aggressive_black_knight	33	25	25	25	42	1	1	false	1	0
2902	9693	0	179	Black Knight	aggressive_black_knight	33	25	25	25	42	1	1	false	1	0
2906	9687	0	179	Black Knight	aggressive_black_knight	33	25	25	25	42	1	1	false	1	0
2907	9676	0	179	Black Knight	aggressive_black_knight	33	25	25	25	42	1	1	false	1	0
2907	9711	0	179	Black Knight	aggressive_black_knight	33	25	25	25	42	1	1	false	1	0
2915	9703	0	179	Black Knight	aggressive_black_knight	33	25	25	25	42	1	1	false	1	0
2916	9677	0	179	Black Knight	aggressive_black_knight	33	25	25	25	42	1	1	false	1	0
2917	9682	0	179	Black Knight	aggressive_black_knight	33	25	25	25	42	1	1	false	1	0
2917	9695	0	179	Black Knight	aggressive_black_knight	33	25	25	25	42	1	1	false	1	0
2920	9703	0	179	Black Knight	aggressive_black_knight	33	25	25	25	42	1	1	false	1	0
2923	9710	0	179	Black Knight	aggressive_black_knight	33	25	25	25	42	1	1	false	1	0
2930	9699	0	118	Dwarf	dwarf_normal	10	8	6	8	16	1	1	false	1	0
2930	9701	0	47	Rat	rat	1	1	1	1	2	1	1	false	1	0
2931	9685	0	798	Velrak the explorer	velrak_the_explorer	0	1	1	1	1	1	1	false	1	0
2931	9703	0	118	Dwarf	dwarf_normal	10	8	6	8	16	1	1	false	1	0
2932	9687	0	47	Rat	rat	1	1	1	1	2	1	1	false	1	0
2932	9692	0	47	Rat	rat	1	1	1	1	2	1	1	false	1	0
2932	9697	0	47	Rat	rat	1	1	1	1	2	1	1	false	1	0
2933	9693	0	201	Jailer	jailer	47	40	40	40	47	1	1	false	1	0
2895	9765	0	52	Baby blue dragon	babybluedragon	48	40	40	40	50	1	1	false	2	0
2895	9769	0	52	Baby blue dragon	babybluedragon	48	40	40	40	50	1	1	false	2	0
2900	9763	0	52	Baby blue dragon	babybluedragon	48	40	40	40	50	1	1	false	2	0
2915	9760	0	119	Chaos dwarf	dwarf_chaos	48	38	28	42	61	1	1	false	1	0
2922	9757	0	119	Chaos dwarf	dwarf_chaos	48	38	28	42	61	1	1	false	1	0
2925	9769	0	119	Chaos dwarf	dwarf_chaos	48	38	28	42	61	1	1	false	1	0
2928	9761	0	119	Chaos dwarf	dwarf_chaos	48	38	28	42	61	1	1	false	1	0
2929	9752	0	108	Poison Scorpion	poison_scorpion	20	16	15	17	23	1	1	false	2	0
2932	9784	0	119	Chaos dwarf	dwarf_chaos	48	38	28	42	61	1	1	false	1	0
2934	9775	0	108	Poison Scorpion	poison_scorpion	20	16	15	17	23	1	1	false	2	0
2935	9758	0	108	Poison Scorpion	poison_scorpion	20	16	15	17	23	1	1	false	2	0
2935	9769	0	108	Poison Scorpion	poison_scorpion	20	16	15	17	23	1	1	false	2	0
2938	9788	0	119	Chaos dwarf	dwarf_chaos	48	38	28	42	61	1	1	false	1	0
2941	9779	0	108	Poison Scorpion	poison_scorpion	20	16	15	17	23	1	1	false	2	0
2882	9826	0	90	Skeleton	skeleton_unarmed	25	24	24	24	17	1	1	false	1	0
2884	9836	0	92	Skeleton	skeleton_armed	22	15	17	18	29	1	1	false	1	0
2885	9819	0	90	Skeleton	skeleton_unarmed	25	24	24	24	17	1	1	false	1	0
2885	9823	0	90	Skeleton	skeleton_unarmed	25	24	24	24	17	1	1	false	1	0
2886	9812	0	90	Skeleton	skeleton_unarmed	25	24	24	24	17	1	1	false	1	0
2886	9816	0	90	Skeleton	skeleton_unarmed	25	24	24	24	17	1	1	false	1	0
2887	9821	0	90	Skeleton	skeleton_unarmed	25	24	24	24	17	1	1	false	1	0
2888	9849	0	103	Ghost	ghost	19	13	18	13	25	1	1	false	1	0
2891	9834	0	61	Spider	spider	1	1	1	1	2	1	1	false	1	0
2892	9799	0	52	Baby blue dragon	babybluedragon	48	40	40	40	50	1	1	false	2	0
2893	9828	0	61	Spider	spider	1	1	1	1	2	1	1	false	1	0
2894	9849	0	103	Ghost	ghost	19	13	18	13	25	1	1	false	1	0
2896	9833	0	61	Spider	spider	1	1	1	1	2	1	1	false	1	0
2897	9797	0	55	Blue dragon	blue_dragon	111	95	95	95	105	1	1	false	4	0
2899	9802	0	55	Blue dragon	blue_dragon	111	95	95	95	105	1	1	false	4	0
2900	9819	0	103	Ghost	ghost	19	13	18	13	25	1	1	false	1	0
2901	9848	0	103	Ghost	ghost	19	13	18	13	25	1	1	false	1	0
2904	9796	0	52	Baby blue dragon	babybluedragon	48	40	40	40	50	1	1	false	2	0
2904	9802	0	55	Blue dragon	blue_dragon	111	95	95	95	105	1	1	false	4	0
2904	9832	0	78	Giant bat	bat	27	22	22	22	32	1	1	true	2	0
2905	9851	0	103	Ghost	ghost	19	13	18	13	25	1	1	false	1	0
2907	9818	0	103	Ghost	ghost	19	13	18	13	25	1	1	false	1	0
2908	9830	0	78	Giant bat	bat	27	22	22	22	32	1	1	true	2	0
2909	9806	0	52	Baby blue dragon	babybluedragon	48	40	40	40	50	1	1	false	2	0
2909	9837	0	78	Giant bat	bat	27	22	22	22	32	1	1	true	2	0
2909	9848	0	103	Ghost	ghost	19	13	18	13	25	1	1	false	1	0
2911	9797	0	52	Baby blue dragon	babybluedragon	48	40	40	40	50	1	1	false	2	0
2911	9808	0	52	Baby blue dragon	babybluedragon	48	40	40	40	50	1	1	false	2	0
2912	9820	0	103	Ghost	ghost	19	13	18	13	25	1	1	false	1	0
2914	9828	0	78	Giant bat	bat	27	22	22	22	32	1	1	true	2	0
2914	9840	0	78	Giant bat	bat	27	22	22	22	32	1	1	true	2	0
2915	9851	0	103	Ghost	ghost	19	13	18	13	25	1	1	false	1	0
2917	9801	0	52	Baby blue dragon	babybluedragon	48	40	40	40	50	1	1	false	2	0
2919	9831	0	78	Giant bat	bat	27	22	22	22	32	1	1	true	2	0
2920	9818	0	103	Ghost	ghost	19	13	18	13	25	1	1	false	1	0
2920	9848	0	103	Ghost	ghost	19	13	18	13	25	1	1	false	1	0
2921	9826	0	78	Giant bat	bat	27	22	22	22	32	1	1	true	2	0
2922	9834	0	78	Giant bat	bat	27	22	22	22	32	1	1	true	2	0
2925	9830	0	78	Giant bat	bat	27	22	22	22	32	1	1	true	2	0
2926	9802	0	82	Lesser demon	lesser_demon	82	68	71	70	79	1	1	false	2	0
2929	9848	0	181	Chaos druid	chaos_druid	13	8	12	8	20	1	10	false	1	8
2930	9822	0	179	Black Knight	aggressive_black_knight	33	25	25	25	42	1	1	false	1	0
2931	9798	0	82	Lesser demon	lesser_demon	82	68	71	70	79	1	1	false	2	0
2931	9807	0	82	Lesser demon	lesser_demon	82	68	71	70	79	1	1	false	2	0
2931	9846	0	181	Chaos druid	chaos_druid	13	8	12	8	20	1	10	false	1	8
2932	9810	0	82	Lesser demon	lesser_demon	82	68	71	70	79	1	1	false	2	0
2932	9852	0	181	Chaos druid	chaos_druid	13	8	12	8	20	1	10	false	1	8
2933	9838	0	103	Ghost	ghost	19	13	18	13	25	1	1	false	1	0
2936	9793	0	82	Lesser demon	lesser_demon	82	68	71	70	79	1	1	false	2	0
2936	9829	0	103	Ghost	ghost	19	13	18	13	25	1	1	false	1	0
2936	9846	0	181	Chaos druid	chaos_druid	13	8	12	8	20	1	10	false	1	8
2936	9852	0	181	Chaos druid	chaos_druid	13	8	12	8	20	1	10	false	1	8
2937	9849	0	181	Chaos druid	chaos_druid	13	8	12	8	20	1	10	false	1	8
2938	9836	0	103	Ghost	ghost	19	13	18	13	25	1	1	false	1	0
2939	9812	0	179	Black Knight	aggressive_black_knight	33	25	25	25	42	1	1	false	1	0
2943	9801	0	179	Black Knight	aggressive_black_knight	33	25	25	25	42	1	1	false	1	0
2889	9907	0	78	Giant bat	bat	27	22	22	22	32	1	1	true	2	0
2896	9911	0	78	Giant bat	bat	27	22	22	22	32	1	1	true	2	0
2908	9905	0	55	Blue dragon	blue_dragon	111	95	95	95	105	1	1	false	4	0
2934	9887	0	78	Giant bat	bat	27	22	22	22	32	1	1	true	2	0
2936	9896	0	78	Giant bat	bat	27	22	22	22	32	1	1	true	2	0
2939	9892	0	78	Giant bat	bat	27	22	22	22	32	1	1	true	2	0
2880	9927	0	111	Ice giant	icegiant	49	40	40	40	70	1	1	false	2	0
2883	9932	0	111	Ice giant	icegiant	49	40	40	40	70	1	1	false	2	0
2883	9965	0	111	Ice giant	icegiant	49	40	40	40	70	1	1	false	2	0
2884	9959	0	111	Ice giant	icegiant	49	40	40	40	70	1	1	false	2	0
2885	9962	0	64	Ice spider	ice_spider	61	50	43	55	65	1	1	false	1	0
2887	9936	0	64	Ice spider	ice_spider	61	50	43	55	65	1	1	false	1	0
2887	9955	0	111	Ice giant	icegiant	49	40	40	40	70	1	1	false	2	0
2890	9950	0	111	Ice giant	icegiant	49	40	40	40	70	1	1	false	2	0
2891	9941	0	111	Ice giant	icegiant	49	40	40	40	70	1	1	false	2	0
2921	10027	0	1138	Mountain Troll	troll_melee1	71	40	25	90	90	0	0	false	1	0
2921	10032	0	1109	Mountain Troll	death_troll_melee4	69	40	40	75	90	0	0	false	1	0
2924	10031	0	1112	Mountain Troll	death_troll_melee7	69	40	40	75	90	0	0	false	1	0
2925	10034	0	1111	Mountain Troll	death_troll_melee6	69	40	40	75	90	0	0	false	1	0
2890	10086	2	1113	Eadgar	troll_eadgar	0	1	1	1	1	1	1	false	1	0
2880	2922	0	128	Snake	snake	5	4	3	5	6	1	1	false	1	0
2881	2919	0	128	Snake	snake	5	4	3	5	6	1	1	false	1	0
2884	2921	0	128	Snake	snake	5	4	3	5	6	1	1	false	1	0
2885	2926	0	48	Oomlie Bird	oomlie_bird	46	40	40	40	40	1	1	false	1	0
2887	2914	0	931	Jungle Savage	jungle_savage	90	76	76	76	90	0	0	false	1	0
2887	2929	0	143	Jungle Wolf	jungle_wolf	64	50	52	55	69	1	1	false	2	0
2888	2896	0	48	Oomlie Bird	oomlie_bird	46	40	40	40	40	1	1	false	1	0
2890	2907	0	48	Oomlie Bird	oomlie_bird	46	40	40	40	40	1	1	false	1	0
2893	2893	0	143	Jungle Wolf	jungle_wolf	64	50	52	55	69	1	1	false	2	0
2898	2926	0	48	Oomlie Bird	oomlie_bird	46	40	40	40	40	1	1	false	1	0
2901	2907	0	931	Jungle Savage	jungle_savage	90	76	76	76	90	0	0	false	1	0
2904	2892	0	48	Oomlie Bird	oomlie_bird	46	40	40	40	40	1	1	false	1	0
2910	2906	0	48	Oomlie Bird	oomlie_bird	46	40	40	40	40	1	1	false	1	0
2910	2919	0	128	Snake	snake	5	4	3	5	6	1	1	false	1	0
2911	2894	0	143	Jungle Wolf	jungle_wolf	64	50	52	55	69	1	1	false	2	0
2912	2916	0	128	Snake	snake	5	4	3	5	6	1	1	false	1	0
2913	2913	0	128	Snake	snake	5	4	3	5	6	1	1	false	1	0
2915	2906	0	143	Jungle Wolf	jungle_wolf	64	50	52	55	69	1	1	false	2	0
2916	2914	0	931	Jungle Savage	jungle_savage	90	76	76	76	90	0	0	false	1	0
2918	2896	0	48	Oomlie Bird	oomlie_bird	46	40	40	40	40	1	1	false	1	0
2918	2927	0	143	Jungle Wolf	jungle_wolf	64	50	52	55	69	1	1	false	2	0
2919	2907	0	143	Jungle Wolf	jungle_wolf	64	50	52	55	69	1	1	false	2	0
2921	2924	0	48	Oomlie Bird	oomlie_bird	46	40	40	40	40	1	1	false	1	0
2925	2923	0	931	Jungle Savage	jungle_savage	90	76	76	76	90	0	0	false	1	0
2930	2903	0	931	Jungle Savage	jungle_savage	90	76	76	76	90	0	0	false	1	0
2936	2910	0	48	Oomlie Bird	oomlie_bird	46	40	40	40	40	1	1	false	1	0
2937	2893	0	48	Oomlie Bird	oomlie_bird	46	40	40	40	40	1	1	false	1	0
2939	2914	0	931	Jungle Savage	jungle_savage	90	76	76	76	90	0	0	false	1	0
2941	2887	0	143	Jungle Wolf	jungle_wolf	64	50	52	55	69	1	1	false	2	0
2883	2951	0	500	Mosol Rei	mosol_rei	0	1	1	1	1	1	1	false	1	0
2883	2996	0	62	Jungle spider	jungle_spider	44	35	35	37	50	1	1	false	1	0
2884	3005	0	62	Jungle spider	jungle_spider	44	35	35	37	50	1	1	false	1	0
2887	3006	0	62	Jungle spider	jungle_spider	44	35	35	37	50	1	1	false	1	0
2888	2946	0	62	Jungle spider	jungle_spider	44	35	35	37	50	1	1	false	1	0
2888	2998	0	62	Jungle spider	jungle_spider	44	35	35	37	50	1	1	false	1	0
2890	3007	0	62	Jungle spider	jungle_spider	44	35	35	37	50	1	1	false	1	0
2891	2994	0	62	Jungle spider	jungle_spider	44	35	35	37	50	1	1	false	1	0
2892	2946	0	62	Jungle spider	jungle_spider	44	35	35	37	50	1	1	false	1	0
2892	2997	0	62	Jungle spider	jungle_spider	44	35	35	37	50	1	1	false	1	0
2892	3000	0	62	Jungle spider	jungle_spider	44	35	35	37	50	1	1	false	1	0
2893	2948	0	62	Jungle spider	jungle_spider	44	35	35	37	50	1	1	false	1	0
2894	3006	0	62	Jungle spider	jungle_spider	44	35	35	37	50	1	1	false	1	0
2896	2945	0	113	Jogre	jogre	53	43	43	43	60	1	1	false	2	0
2896	3000	0	62	Jungle spider	jungle_spider	44	35	35	37	50	1	1	false	1	0
2903	2945	0	113	Jogre	jogre	53	43	43	43	60	1	1	false	2	0
2918	2963	0	113	Jogre	jogre	53	43	43	43	60	1	1	false	2	0
2918	2987	0	191	Tribesman	tribesman	32	23	26	27	39	1	1	false	1	0
2921	2959	0	113	Jogre	jogre	53	43	43	43	60	1	1	false	2	0
2923	2985	0	113	Jogre	jogre	53	43	43	43	60	1	1	false	2	0
2924	2979	0	128	Snake	snake	5	4	3	5	6	1	1	false	1	0
2925	2956	0	113	Jogre	jogre	53	43	43	43	60	1	1	false	2	0
2927	2977	0	128	Snake	snake	5	4	3	5	6	1	1	false	1	0
2928	2973	0	128	Snake	snake	5	4	3	5	6	1	1	false	1	0
2931	2987	0	113	Jogre	jogre	53	43	43	43	60	1	1	false	2	0
2933	2981	0	128	Snake	snake	5	4	3	5	6	1	1	false	1	0
2935	2945	0	402	Jungle Forester	jungleforester_f	0	1	1	1	1	1	1	false	1	0
2935	2973	0	128	Snake	snake	5	4	3	5	6	1	1	false	1	0
2936	2986	0	128	Snake	snake	5	4	3	5	6	1	1	false	1	0
2937	2978	0	128	Snake	snake	5	4	3	5	6	1	1	false	1	0
2937	2993	0	191	Tribesman	tribesman	32	23	26	27	39	1	1	false	1	0
2938	2995	0	191	Tribesman	tribesman	32	23	26	27	39	1	1	false	1	0
2939	2985	0	128	Snake	snake	5	4	3	5	6	1	1	false	1	0
2940	2991	0	191	Tribesman	tribesman	32	23	26	27	39	1	1	false	1	0
2942	2995	0	191	Tribesman	tribesman	32	23	26	27	39	1	1	false	1	0
2909	3023	0	132	Monkey	monkey	3	2	2	3	6	1	1	false	1	0
2912	3019	0	132	Monkey	monkey	3	2	2	3	6	1	1	false	1	0
2914	3046	0	62	Jungle spider	jungle_spider	44	35	35	37	50	1	1	false	1	0
2915	3048	0	62	Jungle spider	jungle_spider	44	35	35	37	50	1	1	false	1	0
2916	3043	0	62	Jungle spider	jungle_spider	44	35	35	37	50	1	1	false	1	0
2916	3055	0	113	Jogre	jogre	53	43	43	43	60	1	1	false	2	0
2916	3062	0	113	Jogre	jogre	53	43	43	43	60	1	1	false	2	0
2918	3057	0	170	Gnome pilot	gnomepilot	0	1	1	1	1	1	1	false	1	0
2919	3052	0	113	Jogre	jogre	53	43	43	43	60	1	1	false	2	0
2920	3027	0	132	Monkey	monkey	3	2	2	3	6	1	1	false	1	0
2920	3046	0	62	Jungle spider	jungle_spider	44	35	35	37	50	1	1	false	1	0
2921	3024	0	132	Monkey	monkey	3	2	2	3	6	1	1	false	1	0
2921	3040	0	62	Jungle spider	jungle_spider	44	35	35	37	50	1	1	false	1	0
2922	3018	0	132	Monkey	monkey	3	2	2	3	6	1	1	false	1	0
2923	3027	0	132	Monkey	monkey	3	2	2	3	6	1	1	false	1	0
2923	3046	0	62	Jungle spider	jungle_spider	44	35	35	37	50	1	1	false	1	0
2924	3018	0	132	Monkey	monkey	3	2	2	3	6	1	1	false	1	0
2924	3022	0	132	Monkey	monkey	3	2	2	3	6	1	1	false	1	0
2924	3060	0	113	Jogre	jogre	53	43	43	43	60	1	1	false	2	0
2927	3043	0	62	Jungle spider	jungle_spider	44	35	35	37	50	1	1	false	1	0
2927	3056	0	113	Jogre	jogre	53	43	43	43	60	1	1	false	2	0
2928	3018	0	132	Monkey	monkey	3	2	2	3	6	1	1	false	1	0
2928	3022	0	132	Monkey	monkey	3	2	2	3	6	1	1	false	1	0
2928	3058	0	113	Jogre	jogre	53	43	43	43	60	1	1	false	2	0
2929	3047	0	62	Jungle spider	jungle_spider	44	35	35	37	50	1	1	false	1	0
2930	3044	0	62	Jungle spider	jungle_spider	44	35	35	37	50	1	1	false	1	0
2931	3032	0	62	Jungle spider	jungle_spider	44	35	35	37	50	1	1	false	1	0
2932	3032	0	62	Jungle spider	jungle_spider	44	35	35	37	50	1	1	false	1	0
2932	3043	0	113	Jogre	jogre	53	43	43	43	60	1	1	false	2	0
2932	3054	0	62	Jungle spider	jungle_spider	44	35	35	37	50	1	1	false	1	0
2932	3057	0	62	Jungle spider	jungle_spider	44	35	35	37	50	1	1	false	1	0
2933	3048	0	62	Jungle spider	jungle_spider	44	35	35	37	50	1	1	false	1	0
2935	3046	0	113	Jogre	jogre	53	43	43	43	60	1	1	false	2	0
2893	3078	0	132	Monkey	monkey	3	2	2	3	6	1	1	false	1	0
2897	3081	0	132	Monkey	monkey	3	2	2	3	6	1	1	false	1	0
2900	3080	0	132	Monkey	monkey	3	2	2	3	6	1	1	false	1	0
2902	3073	0	132	Monkey	monkey	3	2	2	3	6	1	1	false	1	0
2906	3084	0	132	Monkey	monkey	3	2	2	3	6	1	1	false	1	0
2906	3095	0	1172	The Shaikahan	tbwt_beast	83	80	80	25	100	1	1	false	3	0
2908	3080	0	132	Monkey	monkey	3	2	2	3	6	1	1	false	1	0
2909	3077	0	132	Monkey	monkey	3	2	2	3	6	1	1	false	1	0
2912	3118	0	1163	Tiadeche	tbwt_tiadeche	0	1	1	1	1	1	1	false	1	0
2914	3106	0	1181	Albatross	0_45_48_seabird3	26	22	17	22	32	1	1	false	2	0
2931	3108	0	1180	Cormorant	0_45_48_seabird2	26	22	17	22	32	1	1	false	2	0
2934	3105	0	1181	Albatross	0_45_48_seabird3	26	22	17	22	32	1	1	false	2	0
2937	3104	0	1179	Gull	0_45_48_seabird1	26	22	17	22	32	1	1	false	2	0
2881	3157	0	128	Snake	snake	5	4	3	5	6	1	1	false	1	0
2889	3146	0	128	Snake	snake	5	4	3	5	6	1	1	false	1	0
2889	3173	0	1	Man	man	2	1	1	1	7	1	1	false	1	0
2902	3146	0	532	Shop keeper	generalshopkeeper7	0	1	1	1	1	1	1	false	1	0
2902	3150	0	533	Shop assistant	generalassistant7	0	1	1	1	1	1	1	false	1	0
2925	3143	0	568	Zambo	zambo	0	1	1	1	1	1	1	false	1	0
2939	3154	0	379	Luthas	luthas	0	1	1	1	1	1	1	false	1	0
2923	3251	0	47	Rat	rat	1	1	1	1	2	1	1	false	1	0
2925	3256	0	87	Giant rat	giantrat1	6	6	2	5	10	1	1	false	2	0
2927	3251	0	47	Rat	rat	1	1	1	1	2	1	1	false	1	0
2928	3244	0	87	Giant rat	giantrat1	6	6	2	5	10	1	1	false	2	0
2930	3243	0	47	Rat	rat	1	1	1	1	2	1	1	false	1	0
2930	3252	0	748	Giant rat	dragonslayer_giantrat	6	6	2	5	10	1	1	false	2	0
2931	3219	0	340	Hops	drunk1	0	1	1	1	1	1	1	false	1	0
2931	3249	0	87	Giant rat	giantrat1	6	6	2	5	10	1	1	false	2	0
2933	3219	0	336	DeVinci	artist1	0	1	1	1	1	1	1	false	1	0
2933	3244	0	87	Giant rat	giantrat1	6	6	2	5	10	1	1	false	2	0
2933	3250	0	47	Rat	rat	1	1	1	1	2	1	1	false	1	0
2934	3210	0	367	Chemist	chemist	0	1	1	1	1	1	1	false	1	0
2934	3254	0	87	Giant rat	giantrat1	6	6	2	5	10	1	1	false	2	0
2935	3219	0	338	Chancy	gambler1	0	1	1	1	1	1	1	false	1	0
2935	3248	0	87	Giant rat	giantrat1	6	6	2	5	10	1	1	false	2	0
2939	3242	0	47	Rat	rat	1	1	1	1	2	1	1	false	1	0
2941	3236	0	708	Imp	imp	2	1	1	1	8	1	1	false	1	0
2925	3255	1	103	Ghost	ghost	19	13	18	13	25	1	1	false	1	0
2926	3254	1	103	Ghost	ghost	19	13	18	13	25	1	1	false	1	0
2927	3251	1	103	Ghost	ghost	19	13	18	13	25	1	1	false	1	0
2929	3249	1	749	Ghost	dragonslayer_ghost	19	13	18	13	25	1	1	false	1	0
2930	3253	1	103	Ghost	ghost	19	13	18	13	25	1	1	false	1	0
2932	3242	1	47	Rat	rat	1	1	1	1	2	1	1	false	1	0
2934	3240	1	47	Rat	rat	1	1	1	1	2	1	1	false	1	0
2923	3245	2	47	Rat	rat	1	1	1	1	2	1	1	false	1	0
2923	3251	2	750	Skeleton	dragonslayer_skeleton	22	15	17	18	29	1	1	false	1	0
2924	3240	2	47	Rat	rat	1	1	1	1	2	1	1	false	1	0
2926	3255	2	92	Skeleton	skeleton_armed	22	15	17	18	29	1	1	false	1	0
2928	3253	2	92	Skeleton	skeleton_armed	22	15	17	18	29	1	1	false	1	0
2929	3251	2	92	Skeleton	skeleton_armed	22	15	17	18	29	1	1	false	1	0
2930	3254	2	92	Skeleton	skeleton_armed	22	15	17	18	29	1	1	false	1	0
2933	3256	2	92	Skeleton	skeleton_armed	22	15	17	18	29	1	1	false	1	0
2905	3295	0	122	Hobgoblin	hobgoblin_unarmed	28	22	24	24	29	1	1	false	1	0
2906	3288	0	122	Hobgoblin	hobgoblin_unarmed	28	22	24	24	29	1	1	false	1	0
2908	3291	0	122	Hobgoblin	hobgoblin_unarmed	28	22	24	24	29	1	1	false	1	0
2909	3282	0	122	Hobgoblin	hobgoblin_unarmed	28	22	24	24	29	1	1	false	1	0
2909	3285	0	122	Hobgoblin	hobgoblin_unarmed	28	22	24	24	29	1	1	false	1	0
2909	3294	0	123	Hobgoblin	hobgoblin_armed	42	33	36	31	49	1	1	false	1	0
2912	3279	0	122	Hobgoblin	hobgoblin_unarmed	28	22	24	24	29	1	1	false	1	0
2915	3273	0	122	Hobgoblin	hobgoblin_unarmed	28	22	24	24	29	1	1	false	1	0
2916	3323	0	599	Make-over mage	makeover_mage	0	1	1	1	1	1	1	false	1	0
2917	3269	0	122	Hobgoblin	hobgoblin_unarmed	28	22	24	24	29	1	1	false	1	0
2917	3289	0	81	Cow	cow	2	1	1	1	8	1	1	false	2	0
2920	3266	0	122	Hobgoblin	hobgoblin_unarmed	28	22	24	24	29	1	1	false	1	0
2920	3285	0	81	Cow	cow	2	1	1	1	8	1	1	false	2	0
2921	3287	0	81	Cow	cow	2	1	1	1	8	1	1	false	2	0
2923	3325	0	43	Sheep	sheepunsheered	0	1	1	1	1	1	1	false	1	0
2924	3277	0	81	Cow	cow	2	1	1	1	8	1	1	false	2	0
2924	3288	0	81	Cow	cow	2	1	1	1	8	1	1	false	2	0
2925	3282	0	81	Cow	cow	2	1	1	1	8	1	1	false	2	0
2925	3324	0	43	Sheep	sheepunsheered	0	1	1	1	1	1	1	false	1	0
2926	3271	0	81	Cow	cow	2	1	1	1	8	1	1	false	2	0
2926	3322	0	43	Sheep	sheepunsheered	0	1	1	1	1	1	1	false	1	0
2930	3269	0	81	Cow	cow	2	1	1	1	8	1	1	false	2	0
2931	3280	0	805	 Master crafter	master_crafter	0	1	1	1	1	1	1	false	1	0
2932	3287	0	805	 Master crafter	master_crafter	0	1	1	1	1	1	1	false	1	0
2933	3274	0	81	Cow	cow	2	1	1	1	8	1	1	false	2	0
2936	3274	0	81	Cow	cow	2	1	1	1	8	1	1	false	2	0
2937	3290	0	805	 Master crafter	master_crafter	0	1	1	1	1	1	1	false	1	0
2934	3284	1	804	Tanner	tanner	0	1	1	1	1	1	1	false	1	0
2905	3335	0	172	Dark wizard	bearded_dark_wizard	20	17	14	17	24	1	22	false	1	5
2906	3334	0	174	Dark wizard	young_dark_wizard	7	5	5	2	12	1	6	false	1	5
2907	3337	0	172	Dark wizard	bearded_dark_wizard	20	17	14	17	24	1	22	false	1	5
2908	3333	0	174	Dark wizard	young_dark_wizard	7	5	5	2	12	1	6	false	1	5
2909	3331	0	172	Dark wizard	bearded_dark_wizard	20	17	14	17	24	1	22	false	1	5
2909	3334	0	172	Dark wizard	bearded_dark_wizard	20	17	14	17	24	1	22	false	1	5
2910	3337	0	172	Dark wizard	bearded_dark_wizard	20	17	14	17	24	1	22	false	1	5
2906	3333	1	172	Dark wizard	bearded_dark_wizard	20	17	14	17	24	1	22	false	1	5
2906	3336	1	174	Dark wizard	young_dark_wizard	7	5	5	2	12	1	6	false	1	5
2909	3333	1	174	Dark wizard	young_dark_wizard	7	5	5	2	12	1	6	false	1	5
2909	3336	1	172	Dark wizard	bearded_dark_wizard	20	17	14	17	24	1	22	false	1	5
2906	3336	2	172	Dark wizard	bearded_dark_wizard	20	17	14	17	24	1	22	false	1	5
2908	3332	2	174	Dark wizard	young_dark_wizard	7	5	5	2	12	1	6	false	1	5
2909	3334	2	172	Dark wizard	bearded_dark_wizard	20	17	14	17	24	1	22	false	1	5
2910	3336	2	174	Dark wizard	young_dark_wizard	7	5	5	2	12	1	6	false	1	5
2883	3431	0	14	Druid	druid	33	28	32	28	30	1	25	false	1	8
2884	3434	0	14	Druid	druid	33	28	32	28	30	1	25	false	1	8
2885	3418	0	14	Druid	druid	33	28	32	28	30	1	25	false	1	8
2885	3449	0	586	Gaius	gaius	0	1	1	1	1	1	1	false	1	0
2888	3440	0	14	Druid	druid	33	28	32	28	30	1	25	false	1	8
2889	3448	0	14	Druid	druid	33	28	32	28	30	1	25	false	1	8
2890	3435	0	14	Druid	druid	33	28	32	28	30	1	25	false	1	8
2893	3419	0	14	Druid	druid	33	28	32	28	30	1	25	false	1	8
2893	3440	0	14	Druid	druid	33	28	32	28	30	1	25	false	1	8
2896	3442	0	14	Druid	druid	33	28	32	28	30	1	25	false	1	8
2897	3429	0	14	Druid	druid	33	28	32	28	30	1	25	false	1	8
2897	3436	0	14	Druid	druid	33	28	32	28	30	1	25	false	1	8
2898	3419	0	14	Druid	druid	33	28	32	28	30	1	25	false	1	8
2899	3427	0	587	Jatix	jatix	0	1	1	1	1	1	1	false	1	0
2900	3449	0	14	Druid	druid	33	28	32	28	30	1	25	false	1	8
2902	3449	0	14	Druid	druid	33	28	32	28	30	1	25	false	1	8
2906	3441	0	14	Druid	druid	33	28	32	28	30	1	25	false	1	8
2913	3417	0	1213	Tegid	eadgar_druid_washing	0	1	1	1	1	1	1	false	2	0
2913	3450	0	14	Druid	druid	33	28	32	28	30	1	25	false	1	8
2915	3446	0	14	Druid	druid	33	28	32	28	30	1	25	false	1	8
2924	3405	0	250	The Lady of the Lake	ladyofthelake	0	1	1	1	1	1	1	false	1	0
2897	3426	1	454	Sanfew	sanfew	0	1	1	1	1	1	1	false	1	0
2898	3432	1	14	Druid	druid	33	28	32	28	30	1	25	false	1	8
2906	3451	1	14	Druid	druid	33	28	32	28	30	1	25	false	1	8
2903	3510	0	796	Achietties	achietties	0	35	40	38	42	1	1	false	1	0
2904	3463	0	896	Nora T. Hagg	nora_t_hagg	0	1	1	1	1	1	1	false	1	0
2919	3486	0	14	Druid	druid	33	28	32	28	30	1	25	false	1	8
2921	3514	0	1092	White Knight	death_white_knight	36	27	21	29	52	1	1	false	1	0
2924	3486	0	455	Kaqemeex	kaqemeex	0	1	1	1	1	1	1	false	1	0
2925	3480	0	14	Druid	druid	33	28	32	28	30	1	25	false	1	8
2928	3456	0	895	Boy	ballboy	0	1	1	1	1	1	1	false	1	0
2928	3490	0	14	Druid	druid	33	28	32	28	30	1	25	false	1	8
2929	3484	0	14	Druid	druid	33	28	32	28	30	1	25	false	1	8
2931	3480	0	14	Druid	druid	33	28	32	28	30	1	25	false	1	8
2931	3516	0	189	Monk of Zamorak	chaosmonk2	17	8	12	8	10	1	25	false	1	0
2933	3514	0	189	Monk of Zamorak	chaosmonk2	17	8	12	8	10	1	25	false	1	0
2934	3515	0	188	Monk of Zamorak	chaosmonk1	22	18	22	18	20	1	25	false	1	0
2934	3516	0	188	Monk of Zamorak	chaosmonk1	22	18	22	18	20	1	25	false	1	0
2936	3515	0	189	Monk of Zamorak	chaosmonk2	17	8	12	8	10	1	25	false	1	0
2940	3517	0	189	Monk of Zamorak	chaosmonk2	17	8	12	8	10	1	25	false	1	0
2894	3510	1	797	Helemos	helemos	0	1	1	1	1	1	1	false	1	0
2885	3528	0	1065	Soldier	death_ig_solider_wander	48	40	40	40	50	0	1	false	1	0
2885	3533	0	1065	Soldier	death_ig_solider_wander	48	40	40	40	50	0	1	false	1	0
2891	3537	0	1063	Soldier	death_ig_solider_drilling	0	1	1	1	1	1	1	false	1	0
2891	3539	0	1063	Soldier	death_ig_solider_drilling	0	1	1	1	1	1	1	false	1	0
2892	3532	0	1066	Soldier	death_ig_solider_sitting1	0	1	1	1	1	1	1	false	1	0
2892	3537	0	1063	Soldier	death_ig_solider_drilling	0	1	1	1	1	1	1	false	1	0
2892	3539	0	1063	Soldier	death_ig_solider_drilling	0	1	1	1	1	1	1	false	1	0
2893	3533	0	1067	Soldier	death_ig_solider_sitting2	0	1	1	1	1	1	1	false	1	0
2893	3537	0	1063	Soldier	death_ig_solider_drilling	0	1	1	1	1	1	1	false	1	0
2893	3539	0	1063	Soldier	death_ig_solider_drilling	0	1	1	1	1	1	1	false	1	0
2893	3541	0	1061	Sergeant	death_ig_sergeant_drilling	0	1	1	1	1	1	1	false	1	0
2893	3558	0	1072	Eadburg	death_cook	4	3	3	2	10	1	1	false	1	0
2894	3532	0	1068	Soldier	death_ig_solider_sitting3	0	1	1	1	1	1	1	false	1	0
2894	3537	0	1063	Soldier	death_ig_solider_drilling	0	1	1	1	1	1	1	false	1	0
2894	3539	0	1063	Soldier	death_ig_solider_drilling	0	1	1	1	1	1	1	false	1	0
2895	3537	0	1063	Soldier	death_ig_solider_drilling	0	1	1	1	1	1	1	false	1	0
2895	3539	0	1063	Soldier	death_ig_solider_drilling	0	1	1	1	1	1	1	false	1	0
2896	3528	0	1060	Denulth	death_ig_commander	0	1	1	1	1	1	1	false	1	0
2896	3566	0	1076	Guard	death_guard1	37	30	30	30	40	0	1	false	1	0
2897	3549	0	1073	Archer	death_archer1	42	0	40	0	50	40	1	false	1	10
2897	3556	0	1076	Guard	death_guard1	37	30	30	30	40	0	1	false	1	0
2900	3531	0	1064	Soldier	death_ig_solider_training	0	1	1	1	1	1	1	false	1	0
2900	3532	0	1062	Sergeant	death_ig_sergeant_training	0	1	1	1	1	1	1	false	1	0
2900	3533	0	1064	Soldier	death_ig_solider_training	0	1	1	1	1	1	1	false	1	0
2900	3539	0	1065	Soldier	death_ig_solider_wander	48	40	40	40	50	0	1	false	1	0
2900	3549	0	1074	Archer	death_archer2	42	0	40	0	50	40	1	false	1	10
2900	3556	0	1077	Guard	death_guard2	37	30	30	30	40	0	1	false	1	0
2901	3564	0	1081	Servant	death_servant1	5	3	3	3	10	1	1	false	1	0
2906	3537	0	1079	Tostig	death_barman	0	1	1	1	1	1	1	false	1	0
2907	3542	0	1065	Soldier	death_ig_solider_wander	48	40	40	40	50	0	1	false	1	0
2910	3539	0	1087	Penda	death_man_indoors2	5	3	3	3	10	1	1	false	1	0
2911	3542	0	1065	Soldier	death_ig_solider_wander	48	40	40	40	50	0	1	false	1	0
2916	3523	0	1089	Ceolburg	death_woman_outdoors2	4	3	3	2	10	1	1	false	1	0
2918	3558	0	1086	Unferth	death_man_indoors1	6	3	3	8	10	1	1	false	1	0
2919	3550	0	1084	Breoca	death_man_outdoors1	5	3	3	3	10	1	1	false	1	0
2919	3574	0	1082	Dunstan	death_smithy	0	1	1	1	1	1	1	false	1	0
2924	3565	0	1091	Bob	death_growncat_black	0	1	1	1	1	1	1	false	1	0
2926	3536	0	1088	Hygd	death_woman_outdoors1	4	3	3	2	10	1	1	false	1	0
2927	3559	0	1085	Ocga	death_man_outdoors2	5	3	3	3	10	1	1	false	1	0
2928	3546	0	1083	Wistan	death_shopkeeper	0	1	1	1	1	1	1	false	1	0
2930	3566	0	1090	Hild	death_woman_indoors1	4	3	3	2	10	1	1	false	1	0
2892	3558	1	1073	Archer	death_archer1	42	0	40	0	50	40	1	false	1	10
2893	3559	1	1074	Archer	death_archer2	42	0	40	0	50	40	1	false	1	10
2893	3569	1	1075	Archer	death_archer_trapped	42	0	40	0	50	40	1	false	1	10
2902	3565	1	1080	Eohric	death_headservant	0	1	1	1	1	1	1	false	1	0
2903	3559	1	1073	Archer	death_archer1	42	0	40	0	50	40	1	false	1	10
2904	3568	1	1074	Archer	death_archer2	42	0	40	0	50	40	1	false	1	10
2904	3570	1	1073	Archer	death_archer1	42	0	40	0	50	40	1	false	1	10
2905	3539	1	1078	Harold	death_guard_equiproom	0	1	1	1	1	1	1	false	1	0
2905	3557	1	1074	Archer	death_archer2	42	0	40	0	50	40	1	false	1	10
2902	3604	0	1124	Troll Spectator	troll_spectator7	71	40	25	90	90	0	0	false	1	0
2904	3642	0	1138	Mountain Troll	troll_melee1	71	40	25	90	90	0	0	false	1	0
2906	3623	0	1118	Troll Spectator	troll_spectator1	71	40	25	90	90	0	0	false	1	0
2909	3641	0	1109	Mountain Troll	death_troll_melee4	69	40	40	75	90	0	0	false	1	0
2911	3612	0	1125	Dad	troll_champion	101	60	50	120	120	0	0	false	3	0
2916	3601	0	1123	Troll Spectator	troll_spectator6	71	40	25	90	90	0	0	false	1	0
2916	3631	0	1106	Mountain Troll	death_troll_melee1	69	40	40	75	90	0	0	false	1	0
2917	3634	0	1107	Mountain Troll	death_troll_melee2	69	40	40	75	90	0	0	false	1	0
2920	3622	0	1119	Troll Spectator	troll_spectator2	71	40	25	90	90	0	0	false	1	0
2922	3606	0	1122	Troll Spectator	troll_spectator5	71	40	25	90	90	0	0	false	1	0
2923	3612	0	1121	Troll Spectator	troll_spectator4	71	40	25	90	90	0	0	false	1	0
2923	3616	0	1120	Troll Spectator	troll_spectator3	71	40	25	90	90	0	0	false	1	0
2885	3670	0	1140	Mountain Goat	troll_mountain_goat	0	1	1	1	1	1	1	false	1	0
2886	3698	0	1134	Thrower Troll	troll_thrower5	68	30	15	95	95	60	0	false	1	8
2888	3675	0	1140	Mountain Goat	troll_mountain_goat	0	1	1	1	1	1	1	false	1	0
2889	3699	0	1133	Thrower Troll	troll_thrower4	68	30	15	95	95	60	0	false	1	8
2891	3676	0	1214	Thistle	eadgar_troll_thistle	0	1	1	1	1	1	1	false	1	0
2892	3685	0	1140	Mountain Goat	troll_mountain_goat	0	1	1	1	1	1	1	false	1	0
2893	3678	0	1140	Mountain Goat	troll_mountain_goat	0	1	1	1	1	1	1	false	1	0
2893	3700	0	1132	Thrower Troll	troll_thrower3	68	30	15	95	95	60	0	false	1	8
2898	3698	0	1131	Thrower Troll	troll_thrower2	68	30	15	95	95	60	0	false	1	8
2900	3671	0	1140	Mountain Goat	troll_mountain_goat	0	1	1	1	1	1	1	false	1	0
2902	3696	0	1130	Thrower Troll	troll_thrower1	68	30	15	95	95	60	0	false	1	8
2940	4678	0	739	Bartender	dragon_bartender	0	1	1	1	1	1	1	false	1	0
2928	4712	2	872	Watchtower wizard	watchtower_wizard	0	1	1	1	1	1	1	false	1	0
2928	4717	2	872	Watchtower wizard	watchtower_wizard	0	1	1	1	1	1	1	false	1	0
2933	4712	2	872	Watchtower wizard	watchtower_wizard	0	1	1	1	1	1	1	false	1	0
2933	4716	2	872	Watchtower wizard	watchtower_wizard	0	1	1	1	1	1	1	false	1	0
2984	9575	0	184	Pirate	pirate_aggressive	26	23	23	23	23	1	1	false	1	0
2986	9582	0	184	Pirate	pirate_aggressive	26	23	23	23	23	1	1	false	1	0
2990	9571	0	184	Pirate	pirate_aggressive	26	23	23	23	23	1	1	false	1	0
2991	9583	0	184	Pirate	pirate_aggressive	26	23	23	23	23	1	1	false	1	0
2993	9545	0	175	Mugger	mugger	6	5	5	5	8	1	1	false	1	0
2995	9548	0	175	Mugger	mugger	6	5	5	5	8	1	1	false	1	0
2995	9576	0	184	Pirate	pirate_aggressive	26	23	23	23	23	1	1	false	1	0
2997	9544	0	175	Mugger	mugger	6	5	5	5	8	1	1	false	1	0
2997	9569	0	184	Pirate	pirate_aggressive	26	23	23	23	23	1	1	false	1	0
2998	9572	0	184	Pirate	pirate_aggressive	26	23	23	23	23	1	1	false	1	0
2999	9550	0	175	Mugger	mugger	6	5	5	5	8	1	1	false	1	0
2999	9584	0	184	Pirate	pirate_aggressive	26	23	23	23	23	1	1	false	1	0
3000	9579	0	184	Pirate	pirate_aggressive	26	23	23	23	23	1	1	false	1	0
2955	9775	0	127	Magic axe	magicaxe	42	38	29	38	44	1	1	false	1	0
2956	9790	0	127	Magic axe	magicaxe	42	38	29	38	44	1	1	false	1	0
2957	9780	0	127	Magic axe	magicaxe	42	38	29	38	44	1	1	false	1	0
2962	9791	0	127	Magic axe	magicaxe	42	38	29	38	44	1	1	false	1	0
2966	9775	0	127	Magic axe	magicaxe	42	38	29	38	44	1	1	false	1	0
2966	9787	0	127	Magic axe	magicaxe	42	38	29	38	44	1	1	false	1	0
2955	9795	0	127	Magic axe	magicaxe	42	38	29	38	44	1	1	false	1	0
2965	9811	0	665	Boot	boot_the_dwarf	0	8	7	8	16	1	1	false	1	0
2984	9807	0	118	Dwarf	dwarf_normal	10	8	6	8	16	1	1	false	1	0
2992	9844	0	118	Dwarf	dwarf_normal	10	8	6	8	16	1	1	false	1	0
2993	9828	0	582	Dwarf	dwarven_shopkeeper	0	1	1	1	1	1	1	false	1	0
2994	9826	0	118	Dwarf	dwarf_normal	10	8	6	8	16	1	1	false	1	0
2995	9805	0	118	Dwarf	dwarf_normal	10	8	6	8	16	1	1	false	1	0
2998	9841	0	118	Dwarf	dwarf_normal	10	8	6	8	16	1	1	false	1	0
2998	9844	0	594	Nurmof	nurmof	0	1	1	1	1	1	1	false	1	0
2999	9817	0	118	Dwarf	dwarf_normal	10	8	6	8	16	1	1	false	1	0
3000	9809	0	118	Dwarf	dwarf_normal	10	8	6	8	16	1	1	false	1	0
3000	9826	0	118	Dwarf	dwarf_normal	10	8	6	8	16	1	1	false	1	0
3001	9796	0	118	Dwarf	dwarf_normal	10	8	6	8	16	1	1	false	1	0
3001	9844	0	118	Dwarf	dwarf_normal	10	8	6	8	16	1	1	false	1	0
3002	9829	0	118	Dwarf	dwarf_normal	10	8	6	8	16	1	1	false	1	0
3005	9799	0	118	Dwarf	dwarf_normal	10	8	6	8	16	1	1	false	1	0
2994	10346	0	92	Skeleton	skeleton_armed	22	15	17	18	29	1	1	false	1	0
2998	10342	0	92	Skeleton	skeleton_armed	22	15	17	18	29	1	1	false	1	0
2998	10350	0	92	Skeleton	skeleton_armed	22	15	17	18	29	1	1	false	1	0
3002	10356	0	92	Skeleton	skeleton_armed	22	15	17	18	29	1	1	false	1	0
3003	10347	0	92	Skeleton	skeleton_armed	22	15	17	18	29	1	1	false	1	0
3004	10362	0	92	Skeleton	skeleton_armed	22	15	17	18	29	1	1	false	1	0
3006	10352	0	92	Skeleton	skeleton_armed	22	15	17	18	29	1	1	false	1	0
3006	10357	0	92	Skeleton	skeleton_armed	22	15	17	18	29	1	1	false	1	0
2954	2904	0	132	Monkey	monkey	3	2	2	3	6	1	1	false	1	0
2958	2900	0	132	Monkey	monkey	3	2	2	3	6	1	1	false	1	0
2958	2903	0	132	Monkey	monkey	3	2	2	3	6	1	1	false	1	0
2961	2896	0	132	Monkey	monkey	3	2	2	3	6	1	1	false	1	0
2948	2970	0	132	Monkey	monkey	3	2	2	3	6	1	1	false	1	0
2948	3001	0	132	Monkey	monkey	3	2	2	3	6	1	1	false	1	0
2950	2997	0	132	Monkey	monkey	3	2	2	3	6	1	1	false	1	0
2952	2973	0	132	Monkey	monkey	3	2	2	3	6	1	1	false	1	0
2953	2965	0	132	Monkey	monkey	3	2	2	3	6	1	1	false	1	0
2970	2973	0	170	Gnome pilot	gnomepilot	0	1	1	1	1	1	1	false	1	0
2944	3040	0	675	Shipyard worker	grandtree_shipyardguard	0	10	10	10	10	0	0	false	1	0
2953	3056	0	38	Shipyard worker	shipyardworker1	11	10	10	10	10	0	0	false	1	0
2953	3061	0	38	Shipyard worker	shipyardworker1	11	10	10	10	10	0	0	false	1	0
2955	3029	0	39	Shipyard worker	shipyardworker2	11	10	10	10	10	0	0	false	1	0
2957	3032	0	38	Shipyard worker	shipyardworker1	11	10	10	10	10	0	0	false	1	0
2957	3055	0	39	Shipyard worker	shipyardworker2	11	10	10	10	10	0	0	false	1	0
2969	3034	0	38	Shipyard worker	shipyardworker1	11	10	10	10	10	0	0	false	1	0
2969	3042	0	39	Shipyard worker	shipyardworker2	11	10	10	10	10	0	0	false	1	0
2974	3068	0	146	Gull	seabird1	26	22	17	22	32	1	1	false	2	0
2976	3064	0	39	Shipyard worker	shipyardworker2	11	10	10	10	10	0	0	false	1	0
2977	3052	0	146	Gull	seabird1	26	22	17	22	32	1	1	false	2	0
2983	3049	0	38	Shipyard worker	shipyardworker1	11	10	10	10	10	0	0	false	1	0
2983	3061	0	39	Shipyard worker	shipyardworker2	11	10	10	10	10	0	0	false	1	0
2987	3034	0	146	Gull	seabird1	26	22	17	22	32	1	1	false	2	0
2987	3049	0	39	Shipyard worker	shipyardworker2	11	10	10	10	10	0	0	false	1	0
2988	3058	0	39	Shipyard worker	shipyardworker2	11	10	10	10	10	0	0	false	1	0
2990	3025	0	146	Gull	seabird1	26	22	17	22	32	1	1	false	2	0
2992	3040	0	146	Gull	seabird1	26	22	17	22	32	1	1	false	2	0
2995	3061	0	39	Shipyard worker	shipyardworker2	11	10	10	10	10	0	0	false	1	0
2999	3043	0	674	Foreman	grandtree_foreman	23	20	20	20	20	0	0	false	1	0
3001	3049	0	39	Shipyard worker	shipyardworker2	11	10	10	10	10	0	0	false	1	0
3003	3069	0	40	Shark	shark	1	1	1	1	1	1	1	false	1	0
3007	3063	0	40	Shark	shark	1	1	1	1	1	1	1	false	1	0
2948	3146	0	1	Man	man	2	1	1	1	7	1	1	false	1	0
2953	3147	0	380	Customs officer	customs_officer	0	1	1	1	1	1	1	false	1	0
2955	3146	0	380	Customs officer	customs_officer	0	1	1	1	1	1	1	false	1	0
2995	3191	0	87	Giant rat	giantrat1	6	6	2	5	10	1	1	false	2	0
2999	3194	0	87	Giant rat	giantrat1	6	6	2	5	10	1	1	false	2	0
3001	3144	0	604	Thurgo	thurgo	0	1	1	1	1	1	1	false	1	0
2946	3205	0	585	Rommik	rommik	0	1	1	1	1	1	1	false	1	0
2947	3216	0	530	Shop keeper	generalshopkeeper6	0	1	1	1	1	1	1	false	1	0
2948	3216	0	531	Shop assistant	generalassistant6	0	1	1	1	1	1	1	false	1	0
2953	3204	0	47	Rat	rat	1	1	1	1	2	1	1	false	1	0
2955	3202	0	47	Rat	rat	1	1	1	1	2	1	1	false	1	0
2959	3202	0	47	Rat	rat	1	1	1	1	2	1	1	false	1	0
2960	3205	0	47	Rat	rat	1	1	1	1	2	1	1	false	1	0
2968	3206	0	307	Hetty	hetty	0	1	1	1	1	1	1	false	1	0
2995	3209	0	100	Goblin	goblin	2	1	1	1	5	1	1	false	1	0
2996	3201	0	100	Goblin	goblin	2	1	1	1	5	1	1	false	1	0
2997	3216	0	100	Goblin	goblin	2	1	1	1	5	1	1	false	1	0
2998	3205	0	100	Goblin	goblin	2	1	1	1	5	1	1	false	1	0
2999	3208	0	100	Goblin	goblin	2	1	1	1	5	1	1	false	1	0
2999	3211	0	100	Goblin	goblin	2	1	1	1	5	1	1	false	1	0
3001	3202	0	100	Goblin	goblin	2	1	1	1	5	1	1	false	1	0
3002	3206	0	100	Goblin	goblin	2	1	1	1	5	1	1	false	1	0
3002	3210	0	100	Goblin	goblin	2	1	1	1	5	1	1	false	1	0
3003	3205	0	100	Goblin	goblin	2	1	1	1	5	1	1	false	1	0
3004	3201	0	100	Goblin	goblin	2	1	1	1	5	1	1	false	1	0
3004	3209	0	100	Goblin	goblin	2	1	1	1	5	1	1	false	1	0
2967	3210	1	1	Man	man	2	1	1	1	7	1	1	false	1	0
2967	3213	1	4	Woman	woman	2	1	1	1	7	1	1	false	1	0
2959	3307	0	2	Man	man2	2	1	1	1	7	1	1	false	1	0
2973	3312	0	581	Wayne	wayne	0	1	1	1	1	1	1	false	1	0
3006	3321	0	9	Guard	guard1	21	19	14	18	22	1	1	false	1	0
3006	3323	0	9	Guard	guard1	21	19	14	18	22	1	1	false	1	0
3007	3273	0	180	Highwayman	highwayman	5	2	2	2	13	1	1	false	1	3
3007	3323	0	9	Guard	guard1	21	19	14	18	22	1	1	false	1	0
2944	3334	0	584	Herquin	herquin	0	1	1	1	1	1	1	false	1	0
2945	3366	0	494	Banker	banker1	0	1	1	1	1	1	1	false	1	0
2946	3366	0	494	Banker	banker1	0	1	1	1	1	1	1	false	1	0
2946	3379	0	598	Hairdresser	hairdresser	0	1	1	1	1	1	1	false	1	0
2947	3329	0	708	Imp	imp	2	1	1	1	8	1	1	false	1	0
2947	3366	0	495	Banker	banker2	0	1	1	1	1	1	1	false	1	0
2948	3366	0	494	Banker	banker1	0	1	1	1	1	1	1	false	1	0
2949	3366	0	494	Banker	banker1	0	1	1	1	1	1	1	false	1	0
2950	3379	0	9	Guard	guard1	21	19	14	18	22	1	1	false	1	0
2951	3360	0	708	Imp	imp	2	1	1	1	8	1	1	false	1	0
2951	3386	0	580	Flynn	flynn	0	1	1	1	1	1	1	false	1	0
2953	3382	0	9	Guard	guard1	21	19	14	18	22	1	1	false	1	0
2955	3389	0	527	Shop assistant	generalassistant4	0	1	1	1	1	1	1	false	1	0
2956	3337	0	19	White Knight	white_knight	36	27	21	29	52	1	1	false	1	0
2957	3370	0	736	Barmaid	risingsun_barmaid	0	1	1	1	1	1	1	false	1	0
2957	3386	0	526	Shop keeper	generalshopkeeper4	0	1	1	1	1	1	1	false	1	0
2962	3338	0	19	White Knight	white_knight	36	27	21	29	52	1	1	false	1	0
2962	3381	0	9	Guard	guard1	21	19	14	18	22	1	1	false	1	0
2965	3384	0	9	Guard	guard1	21	19	14	18	22	1	1	false	1	0
2966	3346	0	41	Chicken	chicken	1	1	1	1	3	1	1	false	1	0
2967	3373	0	1	Man	man	2	1	1	1	7	1	1	false	1	0
2968	3379	0	9	Guard	guard1	21	19	14	18	22	1	1	false	1	0
2970	3389	0	6	Woman	woman3	2	1	1	1	7	1	1	false	1	0
2972	3345	0	19	White Knight	white_knight	36	27	21	29	52	1	1	false	1	0
2973	3347	0	19	White Knight	white_knight	36	27	21	29	52	1	1	false	1	0
2976	3339	0	19	White Knight	white_knight	36	27	21	29	52	1	1	false	1	0
2977	3342	0	606	Squire	squire	0	1	1	1	1	1	1	false	1	0
2978	3348	0	19	White Knight	white_knight	36	27	21	29	52	1	1	false	1	0
2979	3383	0	577	Cassie	cassie	0	1	1	1	1	1	1	false	1	0
2981	3378	0	3	Man	man3	2	1	1	1	7	1	1	false	1	0
2983	3330	0	19	White Knight	white_knight	36	27	21	29	52	1	1	false	1	0
2983	3334	0	19	White Knight	white_knight	36	27	21	29	52	1	1	false	1	0
2983	3343	0	19	White Knight	white_knight	36	27	21	29	52	1	1	false	1	0
2987	3341	0	19	White Knight	white_knight	36	27	21	29	52	1	1	false	1	0
2996	3342	0	19	White Knight	white_knight	36	27	21	29	52	1	1	false	1	0
2996	3381	0	1217	Gardener	falador_gardener	3	2	5	1	7	1	1	false	1	0
2956	3373	1	736	Barmaid	risingsun_barmaid	0	1	1	1	1	1	1	false	1	0
2958	3341	1	19	White Knight	white_knight	36	27	21	29	52	1	1	false	1	0
2961	3351	1	19	White Knight	white_knight	36	27	21	29	52	1	1	false	1	0
2963	3336	1	19	White Knight	white_knight	36	27	21	29	52	1	1	false	1	0
2969	3329	1	19	White Knight	white_knight	36	27	21	29	52	1	1	false	1	0
2969	3338	1	19	White Knight	white_knight	36	27	21	29	52	1	1	false	1	0
2974	3337	1	19	White Knight	white_knight	36	27	21	29	52	1	1	false	1	0
2978	3329	1	19	White Knight	white_knight	36	27	21	29	52	1	1	false	1	0
2982	3345	1	19	White Knight	white_knight	36	27	21	29	52	1	1	false	1	0
2983	3335	1	19	White Knight	white_knight	36	27	21	29	52	1	1	false	1	0
2987	3345	1	19	White Knight	white_knight	36	27	21	29	52	1	1	false	1	0
2989	3338	1	19	White Knight	white_knight	36	27	21	29	52	1	1	false	1	0
2957	3341	2	19	White Knight	white_knight	36	27	21	29	52	1	1	false	1	0
2960	3336	2	608	Sir Amik Varze	sir_amik_varze	0	1	1	1	1	1	1	false	1	0
2964	3352	2	19	White Knight	white_knight	36	27	21	29	52	1	1	false	1	0
2966	3328	2	19	White Knight	white_knight	36	27	21	29	52	1	1	false	1	0
2972	3329	2	19	White Knight	white_knight	36	27	21	29	52	1	1	false	1	0
2975	3328	2	19	White Knight	white_knight	36	27	21	29	52	1	1	false	1	0
2981	3339	2	19	White Knight	white_knight	36	27	21	29	52	1	1	false	1	0
2983	3335	2	605	Sir Vyvin	sir_vyvin	0	1	1	1	1	1	1	false	1	0
2984	3350	2	19	White Knight	white_knight	36	27	21	29	52	1	1	false	1	0
2985	3343	2	19	White Knight	white_knight	36	27	21	29	52	1	1	false	1	0
2990	3346	2	19	White Knight	white_knight	36	27	21	29	52	1	1	false	1	0
2960	3338	3	19	White Knight	white_knight	36	27	21	29	52	1	1	false	1	0
2963	3340	3	19	White Knight	white_knight	36	27	21	29	52	1	1	false	1	0
2982	3352	3	19	White Knight	white_knight	36	27	21	29	52	1	1	false	1	0
2952	3451	0	284	Doric	doric	0	1	1	1	1	1	1	false	1	0
2955	3451	0	2	Man	man2	2	1	1	1	7	1	1	false	1	0
2964	3396	0	9	Guard	guard1	21	19	14	18	22	1	1	false	1	0
2966	3398	0	9	Guard	guard1	21	19	14	18	22	1	1	false	1	0
2968	3396	0	9	Guard	guard1	21	19	14	18	22	1	1	false	1	0
2987	3426	0	2	Man	man2	2	1	1	1	7	1	1	false	1	0
2998	3445	0	118	Dwarf	dwarf_normal	10	8	6	8	16	1	1	false	1	0
2999	3453	0	118	Dwarf	dwarf_normal	10	8	6	8	16	1	1	false	1	0
2951	3481	0	299	Goblin	goblin_redarmour	5	3	4	1	12	1	1	false	1	0
2951	3483	0	299	Goblin	goblin_redarmour	5	3	4	1	12	1	1	false	1	0
2951	3497	0	298	Goblin	goblin_greenarmour	5	3	4	1	12	1	1	false	1	0
2951	3501	0	299	Goblin	goblin_redarmour	5	3	4	1	12	1	1	false	1	0
2952	3507	0	299	Goblin	goblin_redarmour	5	3	4	1	12	1	1	false	1	0
2952	3510	0	298	Goblin	goblin_greenarmour	5	3	4	1	12	1	1	false	1	0
2953	3487	0	299	Goblin	goblin_redarmour	5	3	4	1	12	1	1	false	1	0
2954	3491	0	298	Goblin	goblin_greenarmour	5	3	4	1	12	1	1	false	1	0
2954	3500	0	299	Goblin	goblin_redarmour	5	3	4	1	12	1	1	false	1	0
2954	3503	0	298	Goblin	goblin_greenarmour	5	3	4	1	12	1	1	false	1	0
2955	3507	0	299	Goblin	goblin_redarmour	5	3	4	1	12	1	1	false	1	0
2956	3500	0	298	Goblin	goblin_greenarmour	5	3	4	1	12	1	1	false	1	0
2957	3482	0	298	Goblin	goblin_greenarmour	5	3	4	1	12	1	1	false	1	0
2957	3484	0	298	Goblin	goblin_greenarmour	5	3	4	1	12	1	1	false	1	0
2957	3492	0	299	Goblin	goblin_redarmour	5	3	4	1	12	1	1	false	1	0
2957	3508	0	298	Goblin	goblin_greenarmour	5	3	4	1	12	1	1	false	1	0
2957	3511	0	297	General Wartface	general_wartface	0	1	1	1	1	1	1	false	1	0
2958	3507	0	298	Goblin	goblin_greenarmour	5	3	4	1	12	1	1	false	1	0
2958	3511	0	296	General Bentnoze	general_bentnoze	0	1	1	1	1	1	1	false	1	0
2959	3499	0	299	Goblin	goblin_redarmour	5	3	4	1	12	1	1	false	1	0
2962	3503	0	299	Goblin	goblin_redarmour	5	3	4	1	12	1	1	false	1	0
2963	3514	0	298	Goblin	goblin_greenarmour	5	3	4	1	12	1	1	false	1	0
2964	3511	0	299	Goblin	goblin_redarmour	5	3	4	1	12	1	1	false	1	0
2965	3465	0	106	Bear	darkbear	19	15	13	16	25	1	1	false	2	0
2966	3474	0	106	Bear	darkbear	19	15	13	16	25	1	1	false	2	0
2967	3480	0	106	Bear	darkbear	19	15	13	16	25	1	1	false	2	0
2979	3501	0	106	Bear	darkbear	19	15	13	16	25	1	1	false	2	0
3006	3458	0	1	Man	man	2	1	1	1	7	1	1	false	1	0
2976	3570	0	174	Dark wizard	young_dark_wizard	7	5	5	2	12	1	6	false	1	5
2977	3565	0	174	Dark wizard	young_dark_wizard	7	5	5	2	12	1	6	false	1	5
2980	3575	0	174	Dark wizard	young_dark_wizard	7	5	5	2	12	1	6	false	1	5
2981	3562	0	172	Dark wizard	bearded_dark_wizard	20	17	14	17	24	1	22	false	1	5
2984	3568	0	174	Dark wizard	young_dark_wizard	7	5	5	2	12	1	6	false	1	5
2985	3575	0	174	Dark wizard	young_dark_wizard	7	5	5	2	12	1	6	false	1	5
2987	3569	0	172	Dark wizard	bearded_dark_wizard	20	17	14	17	24	1	22	false	1	5
2988	3563	0	172	Dark wizard	bearded_dark_wizard	20	17	14	17	24	1	22	false	1	5
2954	3707	0	47	Rat	rat	1	1	1	1	2	1	1	false	1	0
2955	3702	0	47	Rat	rat	1	1	1	1	2	1	1	false	1	0
2956	3704	0	47	Rat	rat	1	1	1	1	2	1	1	false	1	0
2958	3706	0	47	Rat	rat	1	1	1	1	2	1	1	false	1	0
2960	3702	0	47	Rat	rat	1	1	1	1	2	1	1	false	1	0
2962	3689	0	87	Giant rat	giantrat1	6	6	2	5	10	1	1	false	2	0
2966	3691	0	47	Rat	rat	1	1	1	1	2	1	1	false	1	0
2967	3688	0	47	Rat	rat	1	1	1	1	2	1	1	false	1	0
2967	3694	0	86	Giant rat	giantrat	3	2	2	3	5	1	1	false	2	0
2969	3686	0	87	Giant rat	giantrat1	6	6	2	5	10	1	1	false	2	0
2971	3690	0	87	Giant rat	giantrat1	6	6	2	5	10	1	1	false	2	0
2973	3686	0	47	Rat	rat	1	1	1	1	2	1	1	false	1	0
2973	3690	0	47	Rat	rat	1	1	1	1	2	1	1	false	1	0
2973	3694	0	86	Giant rat	giantrat	3	2	2	3	5	1	1	false	2	0
2974	3705	0	47	Rat	rat	1	1	1	1	2	1	1	false	1	0
2976	3697	0	47	Rat	rat	1	1	1	1	2	1	1	false	1	0
2977	3700	0	86	Giant rat	giantrat	3	2	2	3	5	1	1	false	2	0
2981	3699	0	47	Rat	rat	1	1	1	1	2	1	1	false	1	0
2982	3683	0	61	Spider	spider	1	1	1	1	2	1	1	false	1	0
2985	3677	0	59	Giant spider	giantspider1	2	1	1	1	5	1	1	false	1	0
2987	3683	0	61	Spider	spider	1	1	1	1	2	1	1	false	1	0
2987	3687	0	59	Giant spider	giantspider1	2	1	1	1	5	1	1	false	1	0
2988	3671	0	105	Bear	brownbear	21	17	15	18	27	1	1	false	2	0
2988	3679	0	61	Spider	spider	1	1	1	1	2	1	1	false	1	0
2989	3684	0	59	Giant spider	giantspider1	2	1	1	1	5	1	1	false	1	0
2989	3686	0	61	Spider	spider	1	1	1	1	2	1	1	false	1	0
2990	3688	0	59	Giant spider	giantspider1	2	1	1	1	5	1	1	false	1	0
2991	3692	0	61	Spider	spider	1	1	1	1	2	1	1	false	1	0
2992	3689	0	59	Giant spider	giantspider1	2	1	1	1	5	1	1	false	1	0
2993	3684	0	61	Spider	spider	1	1	1	1	2	1	1	false	1	0
2996	3700	0	47	Rat	rat	1	1	1	1	2	1	1	false	1	0
2997	3702	0	47	Rat	rat	1	1	1	1	2	1	1	false	1	0
2999	3700	0	47	Rat	rat	1	1	1	1	2	1	1	false	1	0
3000	3703	0	47	Rat	rat	1	1	1	1	2	1	1	false	1	0
3001	3674	0	105	Bear	brownbear	21	17	15	18	27	1	1	false	2	0
2962	3755	0	103	Ghost	ghost	19	13	18	13	25	1	1	false	1	0
2968	3749	0	103	Ghost	ghost	19	13	18	13	25	1	1	false	1	0
2968	3761	0	103	Ghost	ghost	19	13	18	13	25	1	1	false	1	0
2974	3742	0	1	Man	man	2	1	1	1	7	1	1	false	1	0
2977	3753	0	92	Skeleton	skeleton_armed	22	15	17	18	29	1	1	false	1	0
2980	3763	0	92	Skeleton	skeleton_armed	22	15	17	18	29	1	1	false	1	0
2985	3749	0	103	Ghost	ghost	19	13	18	13	25	1	1	false	1	0
2985	3761	0	103	Ghost	ghost	19	13	18	13	25	1	1	false	1	0
2990	3755	0	103	Ghost	ghost	19	13	18	13	25	1	1	false	1	0
2945	3866	0	125	Ice warrior	icewarrior	57	47	47	47	59	1	1	false	1	0
2946	3857	0	125	Ice warrior	icewarrior	57	47	47	47	59	1	1	false	1	0
2947	3895	0	111	Ice giant	icegiant	49	40	40	40	70	1	1	false	2	0
2948	3878	0	125	Ice warrior	icewarrior	57	47	47	47	59	1	1	false	1	0
2948	3886	0	125	Ice warrior	icewarrior	57	47	47	47	59	1	1	false	1	0
2952	3874	0	125	Ice warrior	icewarrior	57	47	47	47	59	1	1	false	1	0
2952	3902	0	111	Ice giant	icegiant	49	40	40	40	70	1	1	false	2	0
2953	3858	0	125	Ice warrior	icewarrior	57	47	47	47	59	1	1	false	1	0
2953	3889	0	111	Ice giant	icegiant	49	40	40	40	70	1	1	false	2	0
2954	3877	0	125	Ice warrior	icewarrior	57	47	47	47	59	1	1	false	1	0
2954	3883	0	125	Ice warrior	icewarrior	57	47	47	47	59	1	1	false	1	0
2954	3894	0	111	Ice giant	icegiant	49	40	40	40	70	1	1	false	2	0
2957	3887	0	125	Ice warrior	icewarrior	57	47	47	47	59	1	1	false	1	0
2958	3866	0	125	Ice warrior	icewarrior	57	47	47	47	59	1	1	false	1	0
2958	3898	0	111	Ice giant	icegiant	49	40	40	40	70	1	1	false	2	0
2959	3876	0	125	Ice warrior	icewarrior	57	47	47	47	59	1	1	false	1	0
2962	3883	0	125	Ice warrior	icewarrior	57	47	47	47	59	1	1	false	1	0
2963	3874	0	125	Ice warrior	icewarrior	57	47	47	47	59	1	1	false	1	0
2947	3921	0	111	Ice giant	icegiant	49	40	40	40	70	1	1	false	2	0
2947	3934	0	125	Ice warrior	icewarrior	57	47	47	47	59	1	1	false	1	0
2948	3917	0	125	Ice warrior	icewarrior	57	47	47	47	59	1	1	false	1	0
2949	3926	0	125	Ice warrior	icewarrior	57	47	47	47	59	1	1	false	1	0
2950	3932	0	111	Ice giant	icegiant	49	40	40	40	70	1	1	false	2	0
2952	3913	0	125	Ice warrior	icewarrior	57	47	47	47	59	1	1	false	1	0
2952	3936	0	125	Ice warrior	icewarrior	57	47	47	47	59	1	1	false	1	0
2954	3921	0	125	Ice warrior	icewarrior	57	47	47	47	59	1	1	false	1	0
2955	3945	0	111	Ice giant	icegiant	49	40	40	40	70	1	1	false	2	0
2956	3930	0	125	Ice warrior	icewarrior	57	47	47	47	59	1	1	false	1	0
2959	3917	0	64	Ice spider	ice_spider	61	50	43	55	65	1	1	false	1	0
2960	3925	0	64	Ice spider	ice_spider	61	50	43	55	65	1	1	false	1	0
2961	3920	0	64	Ice spider	ice_spider	61	50	43	55	65	1	1	false	1	0
2962	3915	0	64	Ice spider	ice_spider	61	50	43	55	65	1	1	false	1	0
2962	3933	0	64	Ice spider	ice_spider	61	50	43	55	65	1	1	false	1	0
2963	3923	0	64	Ice spider	ice_spider	61	50	43	55	65	1	1	false	1	0
2963	3929	0	64	Ice spider	ice_spider	61	50	43	55	65	1	1	false	1	0
2964	3944	0	125	Ice warrior	icewarrior	57	47	47	47	59	1	1	false	1	0
2965	3927	0	64	Ice spider	ice_spider	61	50	43	55	65	1	1	false	1	0
2965	3931	0	64	Ice spider	ice_spider	61	50	43	55	65	1	1	false	1	0
2970	3947	0	125	Ice warrior	icewarrior	57	47	47	47	59	1	1	false	1	0
2971	3938	0	125	Ice warrior	icewarrior	57	47	47	47	59	1	1	false	1	0
2977	3953	0	125	Ice warrior	icewarrior	57	47	47	47	59	1	1	false	1	0
2978	3942	0	125	Ice warrior	icewarrior	57	47	47	47	59	1	1	false	1	0
2978	3956	0	111	Ice giant	icegiant	49	40	40	40	70	1	1	false	2	0
2982	3947	0	92	Skeleton	skeleton_armed	22	15	17	18	29	1	1	false	1	0
2984	3933	0	125	Ice warrior	icewarrior	57	47	47	47	59	1	1	false	1	0
2988	3921	0	97	White wolf	whitewolf	38	30	32	31	44	1	1	false	2	0
2989	3944	0	92	Skeleton	skeleton_armed	22	15	17	18	29	1	1	false	1	0
2991	3924	0	97	White wolf	whitewolf	38	30	32	31	44	1	1	false	2	0
2992	3917	0	97	White wolf	whitewolf	38	30	32	31	44	1	1	false	2	0
2992	3942	0	92	Skeleton	skeleton_armed	22	15	17	18	29	1	1	false	1	0
2994	3921	0	97	White wolf	whitewolf	38	30	32	31	44	1	1	false	2	0
3002	3924	0	97	White wolf	whitewolf	38	30	32	31	44	1	1	false	2	0
3004	3917	0	97	White wolf	whitewolf	38	30	32	31	44	1	1	false	2	0
3005	3926	0	97	White wolf	whitewolf	38	30	32	31	44	1	1	false	2	0
3006	3921	0	97	White wolf	whitewolf	38	30	32	31	44	1	1	false	2	0
3010	9578	0	122	Hobgoblin	hobgoblin_unarmed	28	22	24	24	29	1	1	false	1	0
3010	9593	0	122	Hobgoblin	hobgoblin_unarmed	28	22	24	24	29	1	1	false	1	0
3010	9595	0	122	Hobgoblin	hobgoblin_unarmed	28	22	24	24	29	1	1	false	1	0
3011	9579	0	122	Hobgoblin	hobgoblin_unarmed	28	22	24	24	29	1	1	false	1	0
3016	9578	0	122	Hobgoblin	hobgoblin_unarmed	28	22	24	24	29	1	1	false	1	0
3016	9594	0	122	Hobgoblin	hobgoblin_unarmed	28	22	24	24	29	1	1	false	1	0
3019	9591	0	123	Hobgoblin	hobgoblin_armed	42	33	36	31	49	1	1	false	1	0
3044	9581	0	125	Ice warrior	icewarrior	57	47	47	47	59	1	1	false	1	0
3046	9575	0	125	Ice warrior	icewarrior	57	47	47	47	59	1	1	false	1	0
3048	9583	0	125	Ice warrior	icewarrior	57	47	47	47	59	1	1	false	1	0
3049	9590	0	125	Ice warrior	icewarrior	57	47	47	47	59	1	1	false	1	0
3052	9568	0	125	Ice warrior	icewarrior	57	47	47	47	59	1	1	false	1	0
3053	9576	0	125	Ice warrior	icewarrior	57	47	47	47	59	1	1	false	1	0
3054	9564	0	111	Ice giant	icegiant	49	40	40	40	70	1	1	false	2	0
3056	9583	0	125	Ice warrior	icewarrior	57	47	47	47	59	1	1	false	1	0
3056	9587	0	125	Ice warrior	icewarrior	57	47	47	47	59	1	1	false	1	0
3057	9566	0	125	Ice warrior	icewarrior	57	47	47	47	59	1	1	false	1	0
3057	9568	0	111	Ice giant	icegiant	49	40	40	40	70	1	1	false	2	0
3062	9576	0	125	Ice warrior	icewarrior	57	47	47	47	59	1	1	false	1	0
3062	9581	0	125	Ice warrior	icewarrior	57	47	47	47	59	1	1	false	1	0
3065	9571	0	111	Ice giant	icegiant	49	40	40	40	70	1	1	false	2	0
3046	9640	3	743	Ned	dragonslayer_ned	0	1	1	1	1	1	1	false	1	0
3038	9771	0	107	Scorpion	scorpion	14	11	11	12	17	1	1	false	2	0
3039	9790	0	107	Scorpion	scorpion	14	11	11	12	17	1	1	false	2	0
3040	9775	0	144	King Scorpion	kingscorpion	32	30	23	29	30	1	1	false	2	0
3041	9781	0	107	Scorpion	scorpion	14	11	11	12	17	1	1	false	2	0
3044	9787	0	107	Scorpion	scorpion	14	11	11	12	17	1	1	false	2	0
3045	9758	0	382	Dwarf	guilddwarf	0	1	1	1	1	1	1	false	1	0
3045	9777	0	107	Scorpion	scorpion	14	11	11	12	17	1	1	false	2	0
3046	9767	0	107	Scorpion	scorpion	14	11	11	12	17	1	1	false	2	0
3047	9758	0	382	Dwarf	guilddwarf	0	1	1	1	1	1	1	false	1	0
3047	9784	0	107	Scorpion	scorpion	14	11	11	12	17	1	1	false	2	0
3048	9770	0	144	King Scorpion	kingscorpion	32	30	23	29	30	1	1	false	2	0
3049	9777	0	107	Scorpion	scorpion	14	11	11	12	17	1	1	false	2	0
3054	9773	0	107	Scorpion	scorpion	14	11	11	12	17	1	1	false	2	0
3056	9778	0	107	Scorpion	scorpion	14	11	11	12	17	1	1	false	2	0
3010	9813	0	118	Dwarf	dwarf_normal	10	8	6	8	16	1	1	false	1	0
3013	9811	0	118	Dwarf	dwarf_normal	10	8	6	8	16	1	1	false	1	0
3014	9814	0	118	Dwarf	dwarf_normal	10	8	6	8	16	1	1	false	1	0
3017	9819	0	118	Dwarf	dwarf_normal	10	8	6	8	16	1	1	false	1	0
3017	9851	0	118	Dwarf	dwarf_normal	10	8	6	8	16	1	1	false	1	0
3018	9809	0	118	Dwarf	dwarf_normal	10	8	6	8	16	1	1	false	1	0
3018	9814	0	118	Dwarf	dwarf_normal	10	8	6	8	16	1	1	false	1	0
3018	9835	0	118	Dwarf	dwarf_normal	10	8	6	8	16	1	1	false	1	0
3019	9845	0	118	Dwarf	dwarf_normal	10	8	6	8	16	1	1	false	1	0
3020	9849	0	118	Dwarf	dwarf_normal	10	8	6	8	16	1	1	false	1	0
3022	9851	0	118	Dwarf	dwarf_normal	10	8	6	8	16	1	1	false	1	0
3023	9820	0	118	Dwarf	dwarf_normal	10	8	6	8	16	1	1	false	1	0
3025	9828	0	118	Dwarf	dwarf_normal	10	8	6	8	16	1	1	false	1	0
3026	9833	0	118	Dwarf	dwarf_normal	10	8	6	8	16	1	1	false	1	0
3026	9837	0	47	Rat	rat	1	1	1	1	2	1	1	false	1	0
3028	9816	0	118	Dwarf	dwarf_normal	10	8	6	8	16	1	1	false	1	0
3033	9827	0	47	Rat	rat	1	1	1	1	2	1	1	false	1	0
3034	9848	0	118	Dwarf	dwarf_normal	10	8	6	8	16	1	1	false	1	0
3036	9846	0	579	Drogo dwarf	drogo	0	1	1	1	1	1	1	false	1	0
3037	9844	0	118	Dwarf	dwarf_normal	10	8	6	8	16	1	1	false	1	0
3039	9802	0	107	Scorpion	scorpion	14	11	11	12	17	1	1	false	2	0
3042	9793	0	107	Scorpion	scorpion	14	11	11	12	17	1	1	false	2	0
3042	9800	0	107	Scorpion	scorpion	14	11	11	12	17	1	1	false	2	0
3042	9818	0	47	Rat	rat	1	1	1	1	2	1	1	false	1	0
3043	9815	0	47	Rat	rat	1	1	1	1	2	1	1	false	1	0
3044	9830	0	118	Dwarf	dwarf_normal	10	8	6	8	16	1	1	false	1	0
3048	9823	0	118	Dwarf	dwarf_normal	10	8	6	8	16	1	1	false	1	0
3050	9813	0	118	Dwarf	dwarf_normal	10	8	6	8	16	1	1	false	1	0
3050	9827	0	118	Dwarf	dwarf_normal	10	8	6	8	16	1	1	false	1	0
3051	9817	0	118	Dwarf	dwarf_normal	10	8	6	8	16	1	1	false	1	0
3053	9826	0	118	Dwarf	dwarf_normal	10	8	6	8	16	1	1	false	1	0
3054	9821	0	118	Dwarf	dwarf_normal	10	8	6	8	16	1	1	false	1	0
3028	10250	0	83	Greater demon	greater_demon	92	76	81	78	87	1	1	false	3	0
3030	10259	0	83	Greater demon	greater_demon	92	76	81	78	87	1	1	false	3	0
3035	10245	0	83	Greater demon	greater_demon	92	76	81	78	87	1	1	false	3	0
3037	10263	0	134	Poison spider	poisonspider	64	50	52	58	64	1	1	true	1	0
3043	10262	0	134	Poison spider	poisonspider	64	50	52	58	64	1	1	true	1	0
3044	10252	0	134	Poison spider	poisonspider	64	50	52	58	64	1	1	true	1	0
3048	10266	0	54	Black dragon	black_dragon	227	200	200	200	190	1	100	false	4	0
3051	10257	0	134	Poison spider	poisonspider	64	50	52	58	64	1	1	true	1	0
3054	10269	0	54	Black dragon	black_dragon	227	200	200	200	190	1	100	false	4	0
3055	10253	0	134	Poison spider	poisonspider	64	50	52	58	64	1	1	true	1	0
3067	10255	0	134	Poison spider	poisonspider	64	50	52	58	64	1	1	true	1	0
3067	10257	0	134	Poison spider	poisonspider	64	50	52	58	64	1	1	true	1	0
3068	10253	0	134	Poison spider	poisonspider	64	50	52	58	64	1	1	true	1	0
3069	10257	0	134	Poison spider	poisonspider	64	50	52	58	64	1	1	true	1	0
3069	10259	0	134	Poison spider	poisonspider	64	50	52	58	64	1	1	true	1	0
3015	10318	0	58	Shadow spider	shadow_spider	52	44	44	42	55	1	1	false	1	0
3016	10323	0	58	Shadow spider	shadow_spider	52	44	44	42	55	1	1	false	1	0
3019	10313	0	58	Shadow spider	shadow_spider	52	44	44	42	55	1	1	false	1	0
3020	10322	0	58	Shadow spider	shadow_spider	52	44	44	42	55	1	1	false	1	0
3020	10329	0	58	Shadow spider	shadow_spider	52	44	44	42	55	1	1	false	1	0
3025	10330	0	58	Shadow spider	shadow_spider	52	44	44	42	55	1	1	false	1	0
3026	10339	0	58	Shadow spider	shadow_spider	52	44	44	42	55	1	1	false	1	0
3028	10327	0	58	Shadow spider	shadow_spider	52	44	44	42	55	1	1	false	1	0
3029	10313	0	119	Chaos dwarf	dwarf_chaos	48	38	28	42	61	1	1	false	1	0
3029	10334	0	58	Shadow spider	shadow_spider	52	44	44	42	55	1	1	false	1	0
3030	10308	0	119	Chaos dwarf	dwarf_chaos	48	38	28	42	61	1	1	false	1	0
3030	10346	0	58	Shadow spider	shadow_spider	52	44	44	42	55	1	1	false	1	0
3032	10342	0	58	Shadow spider	shadow_spider	52	44	44	42	55	1	1	false	1	0
3034	10310	0	119	Chaos dwarf	dwarf_chaos	48	38	28	42	61	1	1	false	1	0
3036	10311	0	119	Chaos dwarf	dwarf_chaos	48	38	28	42	61	1	1	false	1	0
3039	10343	0	58	Shadow spider	shadow_spider	52	44	44	42	55	1	1	false	1	0
3042	10317	0	117	Giant	giant	28	18	26	22	35	1	1	false	2	0
3044	10306	0	117	Giant	giant	28	18	26	22	35	1	1	false	2	0
3045	10308	0	117	Giant	giant	28	18	26	22	35	1	1	false	2	0
3045	10311	0	117	Giant	giant	28	18	26	22	35	1	1	false	2	0
3045	10321	0	117	Giant	giant	28	18	26	22	35	1	1	false	2	0
3046	10315	0	117	Giant	giant	28	18	26	22	35	1	1	false	2	0
3046	10341	0	110	Fire giant	firegiant	86	65	65	65	111	1	1	false	2	0
3047	10344	0	110	Fire giant	firegiant	86	65	65	65	111	1	1	false	2	0
3049	10338	0	110	Fire giant	firegiant	86	65	65	65	111	1	1	false	2	0
3052	10347	0	110	Fire giant	firegiant	86	65	65	65	111	1	1	false	2	0
3054	10338	0	110	Fire giant	firegiant	86	65	65	65	111	1	1	false	2	0
3011	3189	0	47	Rat	rat	1	1	1	1	2	1	1	false	1	0
3013	3184	0	47	Rat	rat	1	1	1	1	2	1	1	false	1	0
3013	3190	0	47	Rat	rat	1	1	1	1	2	1	1	false	1	0
3013	3194	0	47	Rat	rat	1	1	1	1	2	1	1	false	1	0
3014	3186	0	745	Wormbrain	wormbrain	2	1	1	1	5	1	1	false	1	0
3014	3191	0	182	Pirate	pirate1	23	20	20	20	20	1	1	false	1	0
3014	3195	0	8	Thief	thief1	16	14	12	13	17	1	1	false	1	0
3015	3182	0	47	Rat	rat	1	1	1	1	2	1	1	false	1	0
3018	3185	0	175	Mugger	mugger	6	5	5	5	8	1	1	false	1	0
3019	3182	0	178	Black Knight	black_knight	33	25	25	25	42	1	1	false	1	0
3011	3236	0	4	Woman	woman	2	1	1	1	7	1	1	false	1	0
3012	3259	0	583	Betty	betty	0	1	1	1	1	1	1	false	1	0
3013	3225	0	558	Gerrant	gerrant	0	1	1	1	1	1	1	false	1	0
3013	3248	0	556	Grum	grum	0	1	1	1	1	1	1	false	1	0
3014	3204	0	557	Wydin	wydin	0	1	1	1	1	1	1	false	1	0
3014	3232	0	8	Thief	thief1	16	14	12	13	17	1	1	false	1	0
3016	3232	0	8	Thief	thief1	16	14	12	13	17	1	1	false	1	0
3017	3238	0	1	Man	man	2	1	1	1	7	1	1	false	1	0
3026	3217	0	378	Seaman Thresnor	seaman_thresnor	0	1	1	1	1	1	1	false	1	0
3028	3216	0	376	Captain Tobias	captain_tobias	0	1	1	1	1	1	1	false	1	0
3028	3221	0	377	Seaman Lorris	seaman_lorris	0	1	1	1	1	1	1	false	1	0
3028	3250	0	559	Brian	brian	0	1	1	1	1	1	1	false	1	0
3045	3236	0	657	Monk of Entrana	shipmonk	0	1	1	1	1	1	1	false	1	0
3045	3257	0	734	Bartender	rustyanchor_bartender	0	1	1	1	1	1	1	false	1	0
3046	3234	0	657	Monk of Entrana	shipmonk	0	1	1	1	1	1	1	false	1	0
3047	3204	0	744	Klarense	klarense	0	1	1	1	1	1	1	false	1	0
3049	3235	0	657	Monk of Entrana	shipmonk	0	1	1	1	1	1	1	false	1	0
3053	3250	0	375	Redbeard Frank	redbeard_frank	0	1	1	1	1	1	1	false	1	0
3046	3207	1	754	Cabin Boy Jenkins	cabin_boy_jenkins	0	1	1	1	1	1	1	false	1	0
3009	3280	0	180	Highwayman	highwayman	5	2	2	2	13	1	1	false	1	3
3009	3307	0	708	Imp	imp	2	1	1	1	8	1	1	false	1	0
3011	3314	0	708	Imp	imp	2	1	1	1	8	1	1	false	1	0
3015	3287	0	41	Chicken	chicken	1	1	1	1	3	1	1	false	1	0
3015	3295	0	47	Rat	rat	1	1	1	1	2	1	1	false	1	0
3015	3314	0	708	Imp	imp	2	1	1	1	8	1	1	false	1	0
3016	3294	0	41	Chicken	chicken	1	1	1	1	3	1	1	false	1	0
3018	3283	0	41	Chicken	chicken	1	1	1	1	3	1	1	false	1	0
3018	3289	0	41	Chicken	chicken	1	1	1	1	3	1	1	false	1	0
3018	3291	0	98	Dog	dog	0	1	1	1	1	1	1	false	1	0
3018	3294	0	41	Chicken	chicken	1	1	1	1	3	1	1	false	1	0
3019	3285	0	41	Chicken	chicken	1	1	1	1	3	1	1	false	1	0
3019	3296	0	47	Rat	rat	1	1	1	1	2	1	1	false	1	0
3027	3307	0	81	Cow	cow	2	1	1	1	8	1	1	false	2	0
3029	3305	0	81	Cow	cow	2	1	1	1	8	1	1	false	2	0
3029	3312	0	81	Cow	cow	2	1	1	1	8	1	1	false	2	0
3030	3300	0	81	Cow	cow	2	1	1	1	8	1	1	false	2	0
3033	3305	0	81	Cow	cow	2	1	1	1	8	1	1	false	2	0
3035	3296	0	7	Farmer	farmer1	7	3	8	4	12	1	1	false	1	0
3037	3306	0	81	Cow	cow	2	1	1	1	8	1	1	false	2	0
3040	3310	0	81	Cow	cow	2	1	1	1	8	1	1	false	2	0
3011	3353	0	494	Banker	banker1	0	1	1	1	1	1	1	false	1	0
3012	3337	0	118	Dwarf	dwarf_normal	10	8	6	8	16	1	1	false	1	0
3012	3353	0	495	Banker	banker2	0	1	1	1	1	1	1	false	1	0
3012	3372	0	1217	Gardener	falador_gardener	3	2	5	1	7	1	1	false	1	0
3013	3353	0	494	Banker	banker1	0	1	1	1	1	1	1	false	1	0
3014	3353	0	494	Banker	banker1	0	1	1	1	1	1	1	false	1	0
3015	3353	0	495	Banker	banker2	0	1	1	1	1	1	1	false	1	0
3017	3340	0	382	Dwarf	guilddwarf	0	1	1	1	1	1	1	false	1	0
3018	3337	0	382	Dwarf	guilddwarf	0	1	1	1	1	1	1	false	1	0
3019	3333	0	118	Dwarf	dwarf_normal	10	8	6	8	16	1	1	false	1	0
3021	3338	0	382	Dwarf	guilddwarf	0	1	1	1	1	1	1	false	1	0
3025	3347	0	118	Dwarf	dwarf_normal	10	8	6	8	16	1	1	false	1	0
3027	3379	0	36	Wyson the gardener	wyson	0	2	5	1	7	1	1	false	1	0
3008	3436	0	118	Dwarf	dwarf_normal	10	8	6	8	16	1	1	false	1	0
3011	3453	0	209	Nulodion	nulodion	0	1	1	1	1	1	1	false	1	0
3015	3435	0	118	Dwarf	dwarf_normal	10	8	6	8	16	1	1	false	1	0
3016	3448	0	206	Dwarf	mcannonguard	10	8	9	6	16	1	1	false	1	0
3016	3450	0	206	Dwarf	mcannonguard	10	8	9	6	16	1	1	false	1	0
3017	3447	0	206	Dwarf	mcannonguard	10	8	9	6	16	1	1	false	1	0
3021	3437	0	118	Dwarf	dwarf_normal	10	8	6	8	16	1	1	false	1	0
3021	3447	0	206	Dwarf	mcannonguard	10	8	9	6	16	1	1	false	1	0
3029	3445	0	118	Dwarf	dwarf_normal	10	8	6	8	16	1	1	false	1	0
3008	3517	0	609	Fortress Guard	fortressguard	20	18	15	18	22	1	1	false	1	0
3009	3458	0	206	Dwarf	mcannonguard	10	8	9	6	16	1	1	false	1	0
3013	3515	0	609	Fortress Guard	fortressguard	20	18	15	18	22	1	1	false	1	0
3015	3459	0	206	Dwarf	mcannonguard	10	8	9	6	16	1	1	false	1	0
3015	3504	0	746	Oracle	oracle	0	1	1	1	1	1	1	false	1	0
3015	3514	0	609	Fortress Guard	fortressguard	20	18	15	18	22	1	1	false	1	0
3016	3513	0	609	Fortress Guard	fortressguard	20	18	15	18	22	1	1	false	1	0
3017	3514	0	609	Fortress Guard	fortressguard	20	18	15	18	22	1	1	false	1	0
3018	3456	0	206	Dwarf	mcannonguard	10	8	9	6	16	1	1	false	1	0
3018	3516	0	609	Fortress Guard	fortressguard	20	18	15	18	22	1	1	false	1	0
3022	3513	0	179	Black Knight	aggressive_black_knight	33	25	25	25	42	1	1	false	1	0
3023	3517	0	179	Black Knight	aggressive_black_knight	33	25	25	25	42	1	1	false	1	0
3027	3457	0	206	Dwarf	mcannonguard	10	8	9	6	16	1	1	false	1	0
3027	3506	0	611	Witch	fortwitch	0	1	1	1	1	1	1	false	1	0
3027	3512	0	179	Black Knight	aggressive_black_knight	33	25	25	25	42	1	1	false	1	0
3028	3508	0	610	Black Knight	grillknight	0	1	1	1	1	1	1	false	1	0
3028	3514	0	179	Black Knight	aggressive_black_knight	33	25	25	25	42	1	1	false	1	0
3029	3517	0	179	Black Knight	aggressive_black_knight	33	25	25	25	42	1	1	false	1	0
3030	3502	0	179	Black Knight	aggressive_black_knight	33	25	25	25	42	1	1	false	1	0
3030	3505	0	612	Greldo	greldo	0	1	1	1	1	1	1	false	1	0
3031	3502	0	179	Black Knight	aggressive_black_knight	33	25	25	25	42	1	1	false	1	0
3032	3503	0	179	Black Knight	aggressive_black_knight	33	25	25	25	42	1	1	false	1	0
3045	3484	0	803	Monk	monk	5	2	3	2	15	1	1	false	1	0
3045	3497	0	803	Monk	monk	5	2	3	2	15	1	1	false	1	0
3050	3491	0	803	Monk	monk	5	2	3	2	15	1	1	false	1	0
3050	3518	0	43	Sheep	sheepunsheered	0	1	1	1	1	1	1	false	1	0
3052	3519	0	43	Sheep	sheepunsheered	0	1	1	1	1	1	1	false	1	0
3054	3491	0	803	Monk	monk	5	2	3	2	15	1	1	false	1	0
3054	3517	0	43	Sheep	sheepunsheered	0	1	1	1	1	1	1	false	1	0
3058	3484	0	801	Abbot Langley	abbot_langley	0	2	3	2	15	1	1	false	1	0
3069	3517	0	747	Oziach	oziach	0	1	1	1	1	1	1	false	1	0
3015	3515	1	179	Black Knight	aggressive_black_knight	33	25	25	25	42	1	1	false	1	0
3023	3512	1	179	Black Knight	aggressive_black_knight	33	25	25	25	42	1	1	false	1	0
3023	3516	1	179	Black Knight	aggressive_black_knight	33	25	25	25	42	1	1	false	1	0
3024	3510	1	179	Black Knight	aggressive_black_knight	33	25	25	25	42	1	1	false	1	0
3045	3492	1	803	Monk	monk	5	2	3	2	15	1	1	false	1	0
3046	3488	1	802	Brother Jered	brother_jered	0	2	3	2	15	1	1	false	1	0
3056	3497	1	803	Monk	monk	5	2	3	2	15	1	1	false	1	0
3058	3488	1	387	Kharid Scorpion	questscorpionc	0	1	1	1	1	1	1	false	1	0
3014	3516	2	179	Black Knight	aggressive_black_knight	33	25	25	25	42	1	1	false	1	0
3023	3514	2	179	Black Knight	aggressive_black_knight	33	25	25	25	42	1	1	false	1	0
3026	3507	2	179	Black Knight	aggressive_black_knight	33	25	25	25	42	1	1	false	1	0
3025	3568	0	107	Scorpion	scorpion	14	11	11	12	17	1	1	false	2	0
3028	3577	0	107	Scorpion	scorpion	14	11	11	12	17	1	1	false	2	0
3032	3570	0	107	Scorpion	scorpion	14	11	11	12	17	1	1	false	2	0
3040	3581	0	107	Scorpion	scorpion	14	11	11	12	17	1	1	false	2	0
3041	3572	0	107	Scorpion	scorpion	14	11	11	12	17	1	1	false	2	0
3047	3567	0	107	Scorpion	scorpion	14	11	11	12	17	1	1	false	2	0
3055	3574	0	107	Scorpion	scorpion	14	11	11	12	17	1	1	false	2	0
3056	3566	0	107	Scorpion	scorpion	14	11	11	12	17	1	1	false	2	0
3062	3555	0	107	Scorpion	scorpion	14	11	11	12	17	1	1	false	2	0
3062	3570	0	107	Scorpion	scorpion	14	11	11	12	17	1	1	false	2	0
3008	3595	0	90	Skeleton	skeleton_unarmed	25	24	24	24	17	1	1	false	1	0
3011	3590	0	90	Skeleton	skeleton_unarmed	25	24	24	24	17	1	1	false	1	0
3012	3597	0	90	Skeleton	skeleton_unarmed	25	24	24	24	17	1	1	false	1	0
3013	3586	0	90	Skeleton	skeleton_unarmed	25	24	24	24	17	1	1	false	1	0
3013	3602	0	90	Skeleton	skeleton_unarmed	25	24	24	24	17	1	1	false	1	0
3016	3596	0	90	Skeleton	skeleton_unarmed	25	24	24	24	17	1	1	false	1	0
3018	3584	0	90	Skeleton	skeleton_unarmed	25	24	24	24	17	1	1	false	1	0
3018	3592	0	90	Skeleton	skeleton_unarmed	25	24	24	24	17	1	1	false	1	0
3018	3599	0	90	Skeleton	skeleton_unarmed	25	24	24	24	17	1	1	false	1	0
3022	3586	0	90	Skeleton	skeleton_unarmed	25	24	24	24	17	1	1	false	1	0
3022	3595	0	90	Skeleton	skeleton_unarmed	25	24	24	24	17	1	1	false	1	0
3022	3624	0	192	Dark warrior	dark_warrior	8	5	5	5	17	1	1	false	1	0
3022	3639	0	192	Dark warrior	dark_warrior	8	5	5	5	17	1	1	false	1	0
3025	3590	0	90	Skeleton	skeleton_unarmed	25	24	24	24	17	1	1	false	1	0
3025	3597	0	90	Skeleton	skeleton_unarmed	25	24	24	24	17	1	1	false	1	0
3029	3638	0	192	Dark warrior	dark_warrior	8	5	5	5	17	1	1	false	1	0
3030	3626	0	192	Dark warrior	dark_warrior	8	5	5	5	17	1	1	false	1	0
3035	3632	0	192	Dark warrior	dark_warrior	8	5	5	5	17	1	1	false	1	0
3036	3624	0	192	Dark warrior	dark_warrior	8	5	5	5	17	1	1	false	1	0
3036	3639	0	192	Dark warrior	dark_warrior	8	5	5	5	17	1	1	false	1	0
3022	3624	1	192	Dark warrior	dark_warrior	8	5	5	5	17	1	1	false	1	0
3022	3639	1	192	Dark warrior	dark_warrior	8	5	5	5	17	1	1	false	1	0
3023	3632	1	192	Dark warrior	dark_warrior	8	5	5	5	17	1	1	false	1	0
3028	3626	1	192	Dark warrior	dark_warrior	8	5	5	5	17	1	1	false	1	0
3029	3637	1	192	Dark warrior	dark_warrior	8	5	5	5	17	1	1	false	1	0
3035	3631	1	192	Dark warrior	dark_warrior	8	5	5	5	17	1	1	false	1	0
3036	3624	1	192	Dark warrior	dark_warrior	8	5	5	5	17	1	1	false	1	0
3036	3639	1	192	Dark warrior	dark_warrior	8	5	5	5	17	1	1	false	1	0
3025	3701	0	597	Noterazzo	noterazzo	0	1	1	1	1	1	1	false	1	0
3029	3701	0	195	Bandit	brawling_bandit	22	17	17	17	27	1	1	false	1	0
3031	3685	0	195	Bandit	brawling_bandit	22	17	17	17	27	1	1	false	1	0
3032	3695	0	195	Bandit	brawling_bandit	22	17	17	17	27	1	1	false	1	0
3033	3705	0	195	Bandit	brawling_bandit	22	17	17	17	27	1	1	false	1	0
3035	3696	0	204	Speedy Keith	speedy_keith	34	32	27	26	37	1	1	false	1	0
3036	3672	0	196	Guard Bandit	guard_bandit	22	17	17	17	27	1	1	false	1	1
3036	3707	0	596	Fat tony	fat_tony	0	1	1	1	1	1	1	false	1	0
3037	3661	0	196	Guard Bandit	guard_bandit	22	17	17	17	27	1	1	false	1	1
3037	3683	0	195	Bandit	brawling_bandit	22	17	17	17	27	1	1	false	1	0
3038	3670	0	196	Guard Bandit	guard_bandit	22	17	17	17	27	1	1	false	1	1
3038	3695	0	203	Donny the lad	donny_the_lad	34	32	27	26	37	1	1	false	1	0
3039	3660	0	196	Guard Bandit	guard_bandit	22	17	17	17	27	1	1	false	1	1
3039	3700	0	202	Black Heather	black_heather	34	32	27	26	37	1	1	false	1	0
3040	3703	0	195	Bandit	brawling_bandit	22	17	17	17	27	1	1	false	1	0
3049	3691	0	86	Giant rat	giantrat	3	2	2	3	5	1	1	false	2	0
3049	3695	0	87	Giant rat	giantrat1	6	6	2	5	10	1	1	false	2	0
3019	3760	0	119	Chaos dwarf	dwarf_chaos	48	38	28	42	61	1	1	false	1	0
3019	3766	0	119	Chaos dwarf	dwarf_chaos	48	38	28	42	61	1	1	false	1	0
3021	3755	0	119	Chaos dwarf	dwarf_chaos	48	38	28	42	61	1	1	false	1	0
3025	3763	0	119	Chaos dwarf	dwarf_chaos	48	38	28	42	61	1	1	false	1	0
3070	3829	0	144	King Scorpion	kingscorpion	32	30	23	29	30	1	1	false	2	0
3070	3836	0	144	King Scorpion	kingscorpion	32	30	23	29	30	1	1	false	2	0
3014	3848	0	82	Lesser demon	lesser_demon	82	68	71	70	79	1	1	false	2	0
3015	3851	0	82	Lesser demon	lesser_demon	82	68	71	70	79	1	1	false	2	0
3016	3845	0	82	Lesser demon	lesser_demon	82	68	71	70	79	1	1	false	2	0
3017	3852	0	82	Lesser demon	lesser_demon	82	68	71	70	79	1	1	false	2	0
3023	3849	0	179	Black Knight	aggressive_black_knight	33	25	25	25	42	1	1	false	1	0
3029	3852	0	179	Black Knight	aggressive_black_knight	33	25	25	25	42	1	1	false	1	0
3032	3851	0	179	Black Knight	aggressive_black_knight	33	25	25	25	42	1	1	false	1	0
3038	3854	0	179	Black Knight	aggressive_black_knight	33	25	25	25	42	1	1	false	1	0
3042	3856	0	179	Black Knight	aggressive_black_knight	33	25	25	25	42	1	1	false	1	0
3046	3882	0	63	Deadly red spider	deadly_red_spider	34	30	30	25	35	1	1	false	1	0
3046	3884	0	63	Deadly red spider	deadly_red_spider	34	30	30	25	35	1	1	false	1	0
3047	3874	0	63	Deadly red spider	deadly_red_spider	34	30	30	25	35	1	1	false	1	0
3047	3876	0	63	Deadly red spider	deadly_red_spider	34	30	30	25	35	1	1	false	1	0
3047	3890	0	63	Deadly red spider	deadly_red_spider	34	30	30	25	35	1	1	false	1	0
3047	3892	0	63	Deadly red spider	deadly_red_spider	34	30	30	25	35	1	1	false	1	0
3049	3896	0	63	Deadly red spider	deadly_red_spider	34	30	30	25	35	1	1	false	1	0
3050	3849	0	179	Black Knight	aggressive_black_knight	33	25	25	25	42	1	1	false	1	0
3050	3871	0	63	Deadly red spider	deadly_red_spider	34	30	30	25	35	1	1	false	1	0
3052	3871	0	63	Deadly red spider	deadly_red_spider	34	30	30	25	35	1	1	false	1	0
3052	3896	0	63	Deadly red spider	deadly_red_spider	34	30	30	25	35	1	1	false	1	0
3054	3852	0	179	Black Knight	aggressive_black_knight	33	25	25	25	42	1	1	false	1	0
3057	3842	0	179	Black Knight	aggressive_black_knight	33	25	25	25	42	1	1	false	1	0
3058	3854	0	179	Black Knight	aggressive_black_knight	33	25	25	25	42	1	1	false	1	0
3058	3897	0	63	Deadly red spider	deadly_red_spider	34	30	30	25	35	1	1	false	1	0
3061	3897	0	63	Deadly red spider	deadly_red_spider	34	30	30	25	35	1	1	false	1	0
3067	3896	0	63	Deadly red spider	deadly_red_spider	34	30	30	25	35	1	1	false	1	0
3070	3896	0	63	Deadly red spider	deadly_red_spider	34	30	30	25	35	1	1	false	1	0
3039	3950	0	184	Pirate	pirate_aggressive	26	23	23	23	23	1	1	false	1	0
3039	3955	0	184	Pirate	pirate_aggressive	26	23	23	23	23	1	1	false	1	0
3039	3958	0	184	Pirate	pirate_aggressive	26	23	23	23	23	1	1	false	1	0
3040	3955	0	184	Pirate	pirate_aggressive	26	23	23	23	23	1	1	false	1	0
3041	3950	0	184	Pirate	pirate_aggressive	26	23	23	23	23	1	1	false	1	0
3041	3951	0	184	Pirate	pirate_aggressive	26	23	23	23	23	1	1	false	1	0
3041	3953	0	184	Pirate	pirate_aggressive	26	23	23	23	23	1	1	false	1	0
3041	3956	0	184	Pirate	pirate_aggressive	26	23	23	23	23	1	1	false	1	0
3043	3950	0	184	Pirate	pirate_aggressive	26	23	23	23	23	1	1	false	1	0
3043	3951	0	184	Pirate	pirate_aggressive	26	23	23	23	23	1	1	false	1	0
3043	3956	0	184	Pirate	pirate_aggressive	26	23	23	23	23	1	1	false	1	0
3043	3958	0	184	Pirate	pirate_aggressive	26	23	23	23	23	1	1	false	1	0
3081	9504	0	948	Mining Instructor	newbie_mining_instructor	0	1	1	1	1	1	1	false	1	0
3098	9519	0	950	Giant rat	newbiegiantrat	3	3	3	3	3	1	1	false	2	0
3099	9514	0	950	Giant rat	newbiegiantrat	3	3	3	3	3	1	1	false	2	0
3100	9517	0	950	Giant rat	newbiegiantrat	3	3	3	3	3	1	1	false	2	0
3100	9521	0	950	Giant rat	newbiegiantrat	3	3	3	3	3	1	1	false	2	0
3102	9513	0	950	Giant rat	newbiegiantrat	3	3	3	3	3	1	1	false	2	0
3103	9518	0	950	Giant rat	newbiegiantrat	3	3	3	3	3	1	1	false	2	0
3103	9521	0	950	Giant rat	newbiegiantrat	3	3	3	3	3	1	1	false	2	0
3104	9512	0	950	Giant rat	newbiegiantrat	3	3	3	3	3	1	1	false	2	0
3105	9514	0	950	Giant rat	newbiegiantrat	3	3	3	3	3	1	1	false	2	0
3105	9518	0	950	Giant rat	newbiegiantrat	3	3	3	3	3	1	1	false	2	0
3106	9509	0	944	Combat Instructor	newbie_combat_instructor	146	1	1	1	1	1	1	false	1	0
3107	9516	0	950	Giant rat	newbiegiantrat	3	3	3	3	3	1	1	false	2	0
3107	9521	0	950	Giant rat	newbiegiantrat	3	3	3	3	3	1	1	false	2	0
3109	9518	0	950	Giant rat	newbiegiantrat	3	3	3	3	3	1	1	false	2	0
3103	9571	0	300	Sedridor	head_wizard	0	1	1	1	1	1	1	false	1	0
3109	9558	0	13	Wizard	wizard	9	8	5	8	14	1	10	false	1	8
3109	9569	0	41	Chicken	chicken	1	1	1	1	3	1	1	false	1	0
3093	9754	0	47	Rat	rat	1	1	1	1	2	1	1	false	1	0
3099	9755	0	47	Rat	rat	1	1	1	1	2	1	1	false	1	0
3099	9765	0	47	Rat	rat	1	1	1	1	2	1	1	false	1	0
3101	9748	0	47	Rat	rat	1	1	1	1	2	1	1	false	1	0
3103	9764	0	47	Rat	rat	1	1	1	1	2	1	1	false	1	0
3104	9760	0	47	Rat	rat	1	1	1	1	2	1	1	false	1	0
3110	9745	0	61	Spider	spider	1	1	1	1	2	1	1	false	1	0
3111	9746	0	61	Spider	spider	1	1	1	1	2	1	1	false	1	0
3111	9752	0	47	Rat	rat	1	1	1	1	2	1	1	false	1	0
3112	9748	0	61	Spider	spider	1	1	1	1	2	1	1	false	1	0
3112	9749	0	61	Spider	spider	1	1	1	1	2	1	1	false	1	0
3113	9754	0	47	Rat	rat	1	1	1	1	2	1	1	false	1	0
3116	9754	0	47	Rat	rat	1	1	1	1	2	1	1	false	1	0
3099	9832	0	117	Giant	giant	28	18	26	22	35	1	1	false	2	0
3100	9836	0	117	Giant	giant	28	18	26	22	35	1	1	false	2	0
3106	9827	0	117	Giant	giant	28	18	26	22	35	1	1	false	2	0
3107	9835	0	117	Giant	giant	28	18	26	22	35	1	1	false	2	0
3110	9845	0	117	Giant	giant	28	18	26	22	35	1	1	false	2	0
3111	9841	0	117	Giant	giant	28	18	26	22	35	1	1	false	2	0
3113	9831	0	117	Giant	giant	28	18	26	22	35	1	1	false	2	0
3116	9832	0	117	Giant	giant	28	18	26	22	35	1	1	false	2	0
3117	9835	0	117	Giant	giant	28	18	26	22	35	1	1	false	2	0
3117	9843	0	117	Giant	giant	28	18	26	22	35	1	1	false	2	0
3117	9850	0	117	Giant	giant	28	18	26	22	35	1	1	false	2	0
3122	9844	0	117	Giant	giant	28	18	26	22	35	1	1	false	2	0
3089	9895	0	87	Giant rat	giantrat1	6	6	2	5	10	1	1	false	2	0
3091	9897	0	86	Giant rat	giantrat	3	2	2	3	5	1	1	false	2	0
3094	9889	0	91	Skeleton	skeleton_unagressive	21	17	17	17	24	1	1	false	1	0
3095	9899	0	91	Skeleton	skeleton_unagressive	21	17	17	17	24	1	1	false	1	0
3095	9909	0	91	Skeleton	skeleton_unagressive	21	17	17	17	24	1	1	false	1	0
3096	9878	0	59	Giant spider	giantspider1	2	1	1	1	5	1	1	false	1	0
3096	9893	0	91	Skeleton	skeleton_unagressive	21	17	17	17	24	1	1	false	1	0
3097	9878	0	59	Giant spider	giantspider1	2	1	1	1	5	1	1	false	1	0
3098	9906	0	91	Skeleton	skeleton_unagressive	21	17	17	17	24	1	1	false	1	0
3099	9912	0	91	Skeleton	skeleton_unagressive	21	17	17	17	24	1	1	false	1	0
3102	9880	0	86	Giant rat	giantrat	3	2	2	3	5	1	1	false	2	0
3112	9884	0	47	Rat	rat	1	1	1	1	2	1	1	false	1	0
3114	9910	0	90	Skeleton	skeleton_unarmed	25	24	24	24	17	1	1	false	1	0
3117	9889	0	87	Giant rat	giantrat1	6	6	2	5	10	1	1	false	2	0
3118	9871	0	123	Hobgoblin	hobgoblin_armed	42	33	36	31	49	1	1	false	1	0
3119	9862	0	75	Zombie	zombie_armed	24	19	16	21	30	1	1	false	1	0
3121	9893	0	86	Giant rat	giantrat	3	2	2	3	5	1	1	false	2	0
3121	9908	0	92	Skeleton	skeleton_armed	22	15	17	18	29	1	1	false	1	0
3122	9874	0	122	Hobgoblin	hobgoblin_unarmed	28	22	24	24	29	1	1	false	1	0
3122	9889	0	87	Giant rat	giantrat1	6	6	2	5	10	1	1	false	2	0
3123	9879	0	123	Hobgoblin	hobgoblin_armed	42	33	36	31	49	1	1	false	1	0
3124	9861	0	75	Zombie	zombie_armed	24	19	16	21	30	1	1	false	1	0
3124	9882	0	47	Rat	rat	1	1	1	1	2	1	1	false	1	0
3126	9865	0	75	Zombie	zombie_armed	24	19	16	21	30	1	1	false	1	0
3126	9875	0	122	Hobgoblin	hobgoblin_unarmed	28	22	24	24	29	1	1	false	1	0
3128	9876	0	123	Hobgoblin	hobgoblin_armed	42	33	36	31	49	1	1	false	1	0
3128	9909	0	90	Skeleton	skeleton_unarmed	25	24	24	24	17	1	1	false	1	0
3130	9860	0	75	Zombie	zombie_armed	24	19	16	21	30	1	1	false	1	0
3132	9904	0	90	Skeleton	skeleton_unarmed	25	24	24	24	17	1	1	false	1	0
3132	9908	0	90	Skeleton	skeleton_unarmed	25	24	24	24	17	1	1	false	1	0
3132	9914	0	90	Skeleton	skeleton_unarmed	25	24	24	24	17	1	1	false	1	0
3134	9911	0	92	Skeleton	skeleton_armed	22	15	17	18	29	1	1	false	1	0
3084	9957	0	84	Black Demon	black_demon	172	145	152	148	157	1	1	false	3	0
3087	9937	0	667	Chronozon	chronozon	170	173	173	172	60	1	1	false	3	0
3088	9945	0	134	Poison spider	poisonspider	64	50	52	58	64	1	1	true	1	0
3088	9961	0	84	Black Demon	black_demon	172	145	152	148	157	1	1	false	3	0
3089	9943	0	134	Poison spider	poisonspider	64	50	52	58	64	1	1	true	1	0
3090	9944	0	134	Poison spider	poisonspider	64	50	52	58	64	1	1	true	1	0
3092	9958	0	84	Black Demon	black_demon	172	145	152	148	157	1	1	false	3	0
3101	9956	0	93	Skeleton	giantskeleton	45	32	36	35	59	1	1	false	1	0
3104	9942	0	181	Chaos druid	chaos_druid	13	8	12	8	20	1	10	false	1	8
3104	9948	0	93	Skeleton	giantskeleton	45	32	36	35	59	1	1	false	1	0
3104	9955	0	93	Skeleton	giantskeleton	45	32	36	35	59	1	1	false	1	0
3105	9936	0	181	Chaos druid	chaos_druid	13	8	12	8	20	1	10	false	1	8
3106	9940	0	181	Chaos druid	chaos_druid	13	8	12	8	20	1	10	false	1	8
3107	9943	0	181	Chaos druid	chaos_druid	13	8	12	8	20	1	10	false	1	8
3108	9951	0	93	Skeleton	giantskeleton	45	32	36	35	59	1	1	false	1	0
3108	9954	0	93	Skeleton	giantskeleton	45	32	36	35	59	1	1	false	1	0
3109	9931	0	181	Chaos druid	chaos_druid	13	8	12	8	20	1	10	false	1	8
3110	9941	0	181	Chaos druid	chaos_druid	13	8	12	8	20	1	10	false	1	8
3111	9936	0	181	Chaos druid	chaos_druid	13	8	12	8	20	1	10	false	1	8
3111	9939	0	181	Chaos druid	chaos_druid	13	8	12	8	20	1	10	false	1	8
3111	9954	0	93	Skeleton	giantskeleton	45	32	36	35	59	1	1	false	1	0
3112	9958	0	93	Skeleton	giantskeleton	45	32	36	35	59	1	1	false	1	0
3114	9929	0	181	Chaos druid	chaos_druid	13	8	12	8	20	1	10	false	1	8
3115	9925	0	181	Chaos druid	chaos_druid	13	8	12	8	20	1	10	false	1	8
3115	9932	0	181	Chaos druid	chaos_druid	13	8	12	8	20	1	10	false	1	8
3118	9950	0	63	Deadly red spider	deadly_red_spider	34	30	30	25	35	1	1	false	1	0
3118	9956	0	63	Deadly red spider	deadly_red_spider	34	30	30	25	35	1	1	false	1	0
3118	9974	0	124	Earth warrior	earthwarrior	51	42	42	42	54	1	1	false	1	0
3119	9971	0	124	Earth warrior	earthwarrior	51	42	42	42	54	1	1	false	1	0
3120	9952	0	63	Deadly red spider	deadly_red_spider	34	30	30	25	35	1	1	false	1	0
3120	9976	0	124	Earth warrior	earthwarrior	51	42	42	42	54	1	1	false	1	0
3122	9955	0	63	Deadly red spider	deadly_red_spider	34	30	30	25	35	1	1	false	1	0
3123	9929	0	186	Thug	thug	10	7	9	5	18	1	1	true	1	0
3124	9951	0	63	Deadly red spider	deadly_red_spider	34	30	30	25	35	1	1	false	1	0
3124	9974	0	124	Earth warrior	earthwarrior	51	42	42	42	54	1	1	false	1	0
3125	9958	0	63	Deadly red spider	deadly_red_spider	34	30	30	25	35	1	1	false	1	0
3126	9948	0	63	Deadly red spider	deadly_red_spider	34	30	30	25	35	1	1	false	1	0
3127	9929	0	186	Thug	thug	10	7	9	5	18	1	1	true	1	0
3127	9933	0	186	Thug	thug	10	7	9	5	18	1	1	true	1	0
3127	9956	0	63	Deadly red spider	deadly_red_spider	34	30	30	25	35	1	1	false	1	0
3128	9954	0	63	Deadly red spider	deadly_red_spider	34	30	30	25	35	1	1	false	1	0
3130	9930	0	186	Thug	thug	10	7	9	5	18	1	1	true	1	0
3131	9934	0	186	Thug	thug	10	7	9	5	18	1	1	true	1	0
3132	9921	0	186	Thug	thug	10	7	9	5	18	1	1	true	1	0
3132	9926	0	186	Thug	thug	10	7	9	5	18	1	1	true	1	0
3133	9928	0	186	Thug	thug	10	7	9	5	18	1	1	true	1	0
3134	9935	0	186	Thug	thug	10	7	9	5	18	1	1	true	1	0
3116	9992	0	124	Earth warrior	earthwarrior	51	42	42	42	54	1	1	false	1	0
3118	9989	0	124	Earth warrior	earthwarrior	51	42	42	42	54	1	1	false	1	0
3121	9992	0	124	Earth warrior	earthwarrior	51	42	42	42	54	1	1	false	1	0
3122	9996	0	124	Earth warrior	earthwarrior	51	42	42	42	54	1	1	false	1	0
3123	9988	0	124	Earth warrior	earthwarrior	51	42	42	42	54	1	1	false	1	0
3125	9994	0	124	Earth warrior	earthwarrior	51	42	42	42	54	1	1	false	1	0
3126	9992	0	124	Earth warrior	earthwarrior	51	42	42	42	54	1	1	false	1	0
3075	3085	0	942	Master Chef	newbie_cook_instructor	0	1	1	1	1	1	1	false	1	0
3082	3077	0	153	Butterfly	butterfly	0	1	1	1	1	1	1	false	1	0
3085	3122	0	949	Quest Guide	newbie_quest_instructor	0	1	1	1	1	1	1	false	1	0
3092	3082	0	153	Butterfly	butterfly	0	1	1	1	1	1	1	false	1	0
3093	3086	0	155	Butterfly	butterfly_bluemorpo	0	1	1	1	1	1	1	false	1	0
3094	3107	0	945	RuneScape Guide	newbie_basics_instructor	0	1	1	1	1	1	1	false	1	0
3097	3085	0	155	Butterfly	butterfly_bluemorpo	0	1	1	1	1	1	1	false	1	0
3103	3095	0	943	Survival Expert	newbie_survival_instructor	0	1	1	1	1	1	1	false	1	0
3109	3090	0	153	Butterfly	butterfly	0	1	1	1	1	1	1	false	1	0
3112	3093	0	153	Butterfly	butterfly	0	1	1	1	1	1	1	false	1	0
3120	3125	0	953	Banker	noobbanker	0	1	1	1	1	1	1	false	1	0
3122	3125	0	953	Banker	noobbanker	0	1	1	1	1	1	1	false	1	0
3125	3084	0	154	Butterfly	butterfly2	0	1	1	1	1	1	1	false	1	0
3125	3106	0	954	Brother Brace	brother_noob	0	2	3	2	15	1	1	false	1	0
3127	3124	0	947	Financial Advisor	newbie_account_instructor	0	1	1	1	1	1	1	false	1	0
3129	3091	0	155	Butterfly	butterfly_bluemorpo	0	1	1	1	1	1	1	false	1	0
3135	3084	0	155	Butterfly	butterfly_bluemorpo	0	1	1	1	1	1	1	false	1	0
3107	3158	0	13	Wizard	wizard	9	8	5	8	14	1	10	false	1	8
3110	3158	0	13	Wizard	wizard	9	8	5	8	14	1	10	false	1	8
3111	3166	0	13	Wizard	wizard	9	8	5	8	14	1	10	false	1	8
3111	3168	0	13	Wizard	wizard	9	8	5	8	14	1	10	false	1	8
3107	3157	1	13	Wizard	wizard	9	8	5	8	14	1	10	false	1	8
3108	3161	1	1263	Wizard	armourmaking_wizard	0	1	1	1	1	1	1	false	1	0
3112	3157	1	13	Wizard	wizard	9	8	5	8	14	1	10	false	1	8
3112	3162	1	881	Traiborn	traiborn	0	1	1	1	1	1	1	false	1	0
3103	3163	2	706	Wizard Mizgog	wizard_mizgog	0	20	15	10	3	1	1	false	1	0
3110	3157	2	82	Lesser demon	lesser_demon	82	68	71	70	79	1	1	false	2	0
3110	3161	2	707	Wizard Grayzag	wizard_grayzag	41	37	34	37	34	1	40	false	1	0
3073	3250	0	708	Imp	imp	2	1	1	1	8	1	1	false	1	0
3079	3250	0	970	Diango	aprilfoolshorsesalesman	0	1	1	1	1	1	1	false	1	0
3084	3236	0	174	Dark wizard	young_dark_wizard	7	5	5	2	12	1	6	false	1	5
3085	3238	0	174	Dark wizard	young_dark_wizard	7	5	5	2	12	1	6	false	1	5
3086	3259	0	922	Aggie	aggie	0	1	1	1	1	1	1	false	1	0
3088	3242	0	494	Banker	banker1	0	1	1	1	1	1	1	false	1	0
3090	3242	0	495	Banker	banker2	0	1	1	1	1	1	1	false	1	0
3090	3243	0	495	Banker	banker2	0	1	1	1	1	1	1	false	1	0
3090	3245	0	494	Banker	banker1	0	1	1	1	1	1	1	false	1	0
3100	3258	0	918	Ned	ned	0	1	1	1	1	1	1	false	1	0
3101	3220	0	178	Black Knight	black_knight	33	25	25	25	42	1	1	false	1	0
3109	3237	0	917	Jail guard	jailguard	26	19	21	23	32	1	1	false	1	0
3113	3263	0	915	Leela	leela	0	1	1	1	1	1	1	false	1	0
3120	3238	0	917	Jail guard	jailguard	26	19	21	23	32	1	1	false	1	0
3121	3249	0	917	Jail guard	jailguard	26	19	21	23	32	1	1	false	1	0
3123	3242	0	920	Prince Ali	prince_ali_prison	0	1	1	1	1	1	1	false	1	0
3123	3245	0	916	Joe	joe	0	1	1	1	1	1	1	false	1	0
3127	3248	0	917	Jail guard	jailguard	26	19	21	23	32	1	1	false	1	0
3128	3244	0	919	Lady Keli	lady_keli	0	1	1	1	1	1	1	false	1	0
3098	3268	0	755	Morgan	morgan	0	1	1	1	1	1	1	false	1	0
3100	3273	0	47	Rat	rat	1	1	1	1	2	1	1	false	1	0
3100	3277	0	47	Rat	rat	1	1	1	1	2	1	1	false	1	0
3100	3279	0	1	Man	man	2	1	1	1	7	1	1	false	1	0
3110	3281	0	101	Goblin	goblin_armed	5	3	4	1	12	1	1	false	1	0
3110	3295	0	180	Highwayman	highwayman	5	2	2	2	13	1	1	false	1	3
3114	3310	0	101	Goblin	goblin_armed	5	3	4	1	12	1	1	false	1	0
3097	3269	1	4	Woman	woman	2	1	1	1	7	1	1	false	1	0
3075	3366	0	59	Giant spider	giantspider1	2	1	1	1	5	1	1	false	1	0
3099	3366	0	47	Rat	rat	1	1	1	1	2	1	1	false	1	0
3099	3370	0	176	Witch	witch1	25	25	25	25	10	1	30	false	1	5
3101	3355	0	47	Rat	rat	1	1	1	1	2	1	1	false	1	0
3103	3347	0	152	Tree	nasty_tree	0	20	40	20	250	1	1	false	1	0
3107	3337	0	152	Tree	nasty_tree	0	20	40	20	250	1	1	false	1	0
3107	3342	0	152	Tree	nasty_tree	0	20	40	20	250	1	1	false	1	0
3107	3344	0	152	Tree	nasty_tree	0	20	40	20	250	1	1	false	1	0
3108	3346	0	152	Tree	nasty_tree	0	20	40	20	250	1	1	false	1	0
3110	3330	0	285	Veronica	veronica	0	1	1	1	1	1	1	false	1	0
3110	3367	0	90	Skeleton	skeleton_unarmed	25	24	24	24	17	1	1	false	1	0
3111	3339	0	152	Tree	nasty_tree	0	20	40	20	250	1	1	false	1	0
3111	3348	0	152	Tree	nasty_tree	0	20	40	20	250	1	1	false	1	0
3115	3344	0	152	Tree	nasty_tree	0	20	40	20	250	1	1	false	1	0
3120	3344	0	152	Tree	nasty_tree	0	20	40	20	250	1	1	false	1	0
3122	3335	0	152	Tree	nasty_tree	0	20	40	20	250	1	1	false	1	0
3135	3340	0	59	Giant spider	giantspider1	2	1	1	1	5	1	1	false	1	0
3094	3356	1	104	Ghost	house_ghost	19	13	18	13	25	1	1	false	1	0
3098	3359	1	104	Ghost	house_ghost	19	13	18	13	25	1	1	false	1	0
3101	3356	1	104	Ghost	house_ghost	19	13	18	13	25	1	1	false	1	0
3108	3358	1	104	Ghost	house_ghost	19	13	18	13	25	1	1	false	1	0
3123	3356	1	104	Ghost	house_ghost	19	13	18	13	25	1	1	false	1	0
3110	3366	2	288	Ernest	questchicken	0	1	1	1	1	1	1	false	1	0
3110	3367	2	286	Professor Oddenstein	professor_oddenstein	0	1	1	1	1	1	1	false	1	0
3075	3420	0	17	Barbarian woman	barbarian_woman	8	6	5	5	14	1	1	false	1	0
3075	3445	0	17	Barbarian woman	barbarian_woman	8	6	5	5	14	1	1	false	1	0
3076	3414	0	12	Barbarian	barbarian	7	6	2	6	14	1	1	false	1	0
3076	3429	0	538	Peksa	peksa	0	1	1	1	1	1	1	false	1	0
3078	3419	0	12	Barbarian	barbarian	7	6	2	6	14	1	1	false	1	0
3078	3436	0	12	Barbarian	barbarian	7	6	2	6	14	1	1	false	1	0
3078	3440	0	17	Barbarian woman	barbarian_woman	8	6	5	5	14	1	1	false	1	0
3078	3442	0	12	Barbarian	barbarian	7	6	2	6	14	1	1	false	1	0
3079	3409	0	12	Barbarian	barbarian	7	6	2	6	14	1	1	false	1	0
3079	3437	0	12	Barbarian	barbarian	7	6	2	6	14	1	1	false	1	0
3079	3444	0	12	Barbarian	barbarian	7	6	2	6	14	1	1	false	1	0
3080	3423	0	12	Barbarian	barbarian	7	6	2	6	14	1	1	false	1	0
3081	3444	0	199	Gunthor the brave	gunthor_the_brave	29	22	25	22	35	1	1	false	1	0
3083	3429	0	12	Barbarian	barbarian	7	6	2	6	14	1	1	false	1	0
3084	3426	0	17	Barbarian woman	barbarian_woman	8	6	5	5	14	1	1	false	1	0
3084	3454	0	89	Unicorn	unicorn	15	11	13	13	19	1	1	false	2	0
3085	3409	0	12	Barbarian	barbarian	7	6	2	6	14	1	1	false	1	0
3086	3419	0	17	Barbarian woman	barbarian_woman	8	6	5	5	14	1	1	false	1	0
3086	3440	0	12	Barbarian	barbarian	7	6	2	6	14	1	1	false	1	0
3090	3450	0	89	Unicorn	unicorn	15	11	13	13	19	1	1	false	2	0
3096	3432	0	12	Barbarian	barbarian	7	6	2	6	14	1	1	false	1	0
3118	3432	0	101	Goblin	goblin_armed	5	3	4	1	12	1	1	false	1	0
3119	3444	0	101	Goblin	goblin_armed	5	3	4	1	12	1	1	false	1	0
3121	3422	0	101	Goblin	goblin_armed	5	3	4	1	12	1	1	false	1	0
3126	3431	0	101	Goblin	goblin_armed	5	3	4	1	12	1	1	false	1	0
3126	3450	0	101	Goblin	goblin_armed	5	3	4	1	12	1	1	false	1	0
3096	3428	2	12	Barbarian	barbarian	7	6	2	6	14	1	1	false	1	0
3073	3498	0	708	Imp	imp	2	1	1	1	8	1	1	false	1	0
3078	3461	0	708	Imp	imp	2	1	1	1	8	1	1	false	1	0
3078	3499	0	708	Imp	imp	2	1	1	1	8	1	1	false	1	0
3080	3511	0	528	Shop keeper	generalshopkeeper5	0	1	1	1	1	1	1	false	1	0
3081	3511	0	529	Shop assistant	generalassistant5	0	1	1	1	1	1	1	false	1	0
3085	3518	0	9	Guard	guard1	21	19	14	18	22	1	1	false	1	0
3092	3510	0	3	Man	man3	2	1	1	1	7	1	1	false	1	0
3093	3512	0	1	Man	man	2	1	1	1	7	1	1	false	1	0
3093	3518	0	9	Guard	guard1	21	19	14	18	22	1	1	false	1	0
3096	3489	0	494	Banker	banker1	0	1	1	1	1	1	1	false	1	0
3096	3491	0	495	Banker	banker2	0	1	1	1	1	1	1	false	1	0
3096	3492	0	495	Banker	banker2	0	1	1	1	1	1	1	false	1	0
3097	3508	0	3	Man	man3	2	1	1	1	7	1	1	false	1	0
3097	3512	0	1	Man	man	2	1	1	1	7	1	1	false	1	0
3098	3492	0	494	Banker	banker1	0	1	1	1	1	1	1	false	1	0
3100	3509	0	1	Man	man	2	1	1	1	7	1	1	false	1	0
3100	3511	0	2	Man	man2	2	1	1	1	7	1	1	false	1	0
3101	3509	0	3	Man	man3	2	1	1	1	7	1	1	false	1	0
3109	3513	0	9	Guard	guard1	21	19	14	18	22	1	1	false	1	0
3110	3515	0	9	Guard	guard1	21	19	14	18	22	1	1	false	1	0
3114	3512	0	9	Guard	guard1	21	19	14	18	22	1	1	false	1	0
3114	3517	0	9	Guard	guard1	21	19	14	18	22	1	1	false	1	0
3134	3487	0	708	Imp	imp	2	1	1	1	8	1	1	false	1	0
3072	3531	0	90	Skeleton	skeleton_unarmed	25	24	24	24	17	1	1	false	1	0
3074	3532	0	90	Skeleton	skeleton_unarmed	25	24	24	24	17	1	1	false	1	0
3081	3551	0	92	Skeleton	skeleton_armed	22	15	17	18	29	1	1	false	1	0
3096	3559	0	90	Skeleton	skeleton_unarmed	25	24	24	24	17	1	1	false	1	0
3102	3569	0	92	Skeleton	skeleton_armed	22	15	17	18	29	1	1	false	1	0
3103	3567	0	92	Skeleton	skeleton_armed	22	15	17	18	29	1	1	false	1	0
3104	3566	0	92	Skeleton	skeleton_armed	22	15	17	18	29	1	1	false	1	0
3106	3548	0	90	Skeleton	skeleton_unarmed	25	24	24	24	17	1	1	false	1	0
3106	3567	0	92	Skeleton	skeleton_armed	22	15	17	18	29	1	1	false	1	0
3106	3570	0	92	Skeleton	skeleton_armed	22	15	17	18	29	1	1	false	1	0
3107	3528	0	90	Skeleton	skeleton_unarmed	25	24	24	24	17	1	1	false	1	0
3112	3538	0	90	Skeleton	skeleton_unarmed	25	24	24	24	17	1	1	false	1	0
3116	3524	0	90	Skeleton	skeleton_unarmed	25	24	24	24	17	1	1	false	1	0
3117	3532	0	90	Skeleton	skeleton_unarmed	25	24	24	24	17	1	1	false	1	0
3099	3602	0	105	Bear	brownbear	21	17	15	18	27	1	1	false	2	0
3100	3594	0	105	Bear	brownbear	21	17	15	18	27	1	1	false	2	0
3107	3608	0	105	Bear	brownbear	21	17	15	18	27	1	1	false	2	0
3088	3700	0	103	Ghost	ghost	19	13	18	13	25	1	1	false	1	0
3092	3692	0	103	Ghost	ghost	19	13	18	13	25	1	1	false	1	0
3097	3700	0	103	Ghost	ghost	19	13	18	13	25	1	1	false	1	0
3098	3652	0	105	Bear	brownbear	21	17	15	18	27	1	1	false	2	0
3105	3696	0	103	Ghost	ghost	19	13	18	13	25	1	1	false	1	0
3106	3677	0	105	Bear	brownbear	21	17	15	18	27	1	1	false	2	0
3110	3664	0	105	Bear	brownbear	21	17	15	18	27	1	1	false	2	0
3113	3689	0	103	Ghost	ghost	19	13	18	13	25	1	1	false	1	0
3119	3673	0	105	Bear	brownbear	21	17	15	18	27	1	1	false	2	0
3120	3653	0	105	Bear	brownbear	21	17	15	18	27	1	1	false	2	0
3125	3693	0	105	Bear	brownbear	21	17	15	18	27	1	1	false	2	0
3075	3748	0	122	Hobgoblin	hobgoblin_unarmed	28	22	24	24	29	1	1	false	1	0
3076	3774	0	122	Hobgoblin	hobgoblin_unarmed	28	22	24	24	29	1	1	false	1	0
3078	3742	0	122	Hobgoblin	hobgoblin_unarmed	28	22	24	24	29	1	1	false	1	0
3078	3754	0	122	Hobgoblin	hobgoblin_unarmed	28	22	24	24	29	1	1	false	1	0
3078	3764	0	122	Hobgoblin	hobgoblin_unarmed	28	22	24	24	29	1	1	false	1	0
3080	3750	0	122	Hobgoblin	hobgoblin_unarmed	28	22	24	24	29	1	1	false	1	0
3080	3759	0	122	Hobgoblin	hobgoblin_unarmed	28	22	24	24	29	1	1	false	1	0
3081	3770	0	122	Hobgoblin	hobgoblin_unarmed	28	22	24	24	29	1	1	false	1	0
3083	3766	0	122	Hobgoblin	hobgoblin_unarmed	28	22	24	24	29	1	1	false	1	0
3085	3742	0	122	Hobgoblin	hobgoblin_unarmed	28	22	24	24	29	1	1	false	1	0
3085	3757	0	122	Hobgoblin	hobgoblin_unarmed	28	22	24	24	29	1	1	false	1	0
3085	3773	0	122	Hobgoblin	hobgoblin_unarmed	28	22	24	24	29	1	1	false	1	0
3087	3752	0	122	Hobgoblin	hobgoblin_unarmed	28	22	24	24	29	1	1	false	1	0
3088	3758	0	122	Hobgoblin	hobgoblin_unarmed	28	22	24	24	29	1	1	false	1	0
3088	3765	0	122	Hobgoblin	hobgoblin_unarmed	28	22	24	24	29	1	1	false	1	0
3089	3770	0	122	Hobgoblin	hobgoblin_unarmed	28	22	24	24	29	1	1	false	1	0
3092	3756	0	122	Hobgoblin	hobgoblin_unarmed	28	22	24	24	29	1	1	false	1	0
3092	3763	0	122	Hobgoblin	hobgoblin_unarmed	28	22	24	24	29	1	1	false	1	0
3094	3746	0	122	Hobgoblin	hobgoblin_unarmed	28	22	24	24	29	1	1	false	1	0
3094	3772	0	122	Hobgoblin	hobgoblin_unarmed	28	22	24	24	29	1	1	false	1	0
3096	3767	0	122	Hobgoblin	hobgoblin_unarmed	28	22	24	24	29	1	1	false	1	0
3097	3756	0	122	Hobgoblin	hobgoblin_unarmed	28	22	24	24	29	1	1	false	1	0
3097	3761	0	122	Hobgoblin	hobgoblin_unarmed	28	22	24	24	29	1	1	false	1	0
3099	3770	0	122	Hobgoblin	hobgoblin_unarmed	28	22	24	24	29	1	1	false	1	0
3105	3763	0	122	Hobgoblin	hobgoblin_unarmed	28	22	24	24	29	1	1	false	1	0
3107	3758	0	122	Hobgoblin	hobgoblin_unarmed	28	22	24	24	29	1	1	false	1	0
3078	3810	0	941	Green dragon	green_dragon	79	68	68	68	75	1	68	true	4	0
3092	3810	0	941	Green dragon	green_dragon	79	68	68	68	75	1	68	true	4	0
3098	3821	0	941	Green dragon	green_dragon	79	68	68	68	75	1	68	true	4	0
3107	3812	0	941	Green dragon	green_dragon	79	68	68	68	75	1	68	true	4	0
3118	3820	0	941	Green dragon	green_dragon	79	68	68	68	75	1	68	true	4	0
3075	3848	0	144	King Scorpion	kingscorpion	32	30	23	29	30	1	1	false	2	0
3090	3841	0	144	King Scorpion	kingscorpion	32	30	23	29	30	1	1	false	2	0
3091	3861	0	82	Lesser demon	lesser_demon	82	68	71	70	79	1	1	false	2	0
3094	3849	0	117	Giant	giant	28	18	26	22	35	1	1	false	2	0
3094	3869	0	82	Lesser demon	lesser_demon	82	68	71	70	79	1	1	false	2	0
3104	3875	0	117	Giant	giant	28	18	26	22	35	1	1	false	2	0
3110	3854	0	117	Giant	giant	28	18	26	22	35	1	1	false	2	0
3117	3854	0	117	Giant	giant	28	18	26	22	35	1	1	false	2	0
3073	3961	0	78	Giant bat	bat	27	22	22	22	32	1	1	true	2	0
3074	3952	0	78	Giant bat	bat	27	22	22	22	32	1	1	true	2	0
3075	3955	0	78	Giant bat	bat	27	22	22	22	32	1	1	true	2	0
3076	3916	0	187	Rogue	rogue	15	13	13	13	17	1	1	false	1	0
3076	3961	0	78	Giant bat	bat	27	22	22	22	32	1	1	true	2	0
3077	3949	0	78	Giant bat	bat	27	22	22	22	32	1	1	true	2	0
3079	3909	0	187	Rogue	rogue	15	13	13	13	17	1	1	false	1	0
3079	3957	0	78	Giant bat	bat	27	22	22	22	32	1	1	true	2	0
3080	3961	0	78	Giant bat	bat	27	22	22	22	32	1	1	true	2	0
3098	3925	0	913	Battle mage	saradomin_mage	54	1	1	1	120	1	50	false	1	5
3098	3942	0	914	Battle mage	guthix_mage	54	1	1	1	120	1	50	false	1	5
3100	3927	0	912	Battle mage	zamorak_mage	54	1	1	1	120	1	50	false	1	5
3100	3940	0	913	Battle mage	saradomin_mage	54	1	1	1	120	1	50	false	1	5
3102	3929	0	914	Battle mage	guthix_mage	54	1	1	1	120	1	50	false	1	5
3102	3938	0	912	Battle mage	zamorak_mage	54	1	1	1	120	1	50	false	1	5
3110	3934	0	913	Battle mage	saradomin_mage	54	1	1	1	120	1	50	false	1	5
3113	3934	0	914	Battle mage	guthix_mage	54	1	1	1	120	1	50	false	1	5
3116	3934	0	912	Battle mage	zamorak_mage	54	1	1	1	120	1	50	false	1	5
3141	9567	0	57	Fairy	fairy	0	1	1	1	1	1	1	false	1	0
3143	9568	0	57	Fairy	fairy	0	1	1	1	1	1	1	false	1	0
3144	9565	0	57	Fairy	fairy	0	1	1	1	1	1	1	false	1	0
3144	9567	0	535	Fairy shop assistant	generalassistant8	0	1	1	1	1	1	1	false	1	0
3145	9570	0	57	Fairy	fairy	0	1	1	1	1	1	1	false	1	0
3146	9567	0	534	Fairy shop keeper	generalshopkeeper8	0	1	1	1	1	1	1	false	1	0
3149	9545	0	126	Otherworldly being	otherworldly_being	64	56	46	56	66	1	1	false	1	0
3149	9579	0	57	Fairy	fairy	0	1	1	1	1	1	1	false	1	0
3150	9541	0	126	Otherworldly being	otherworldly_being	64	56	46	56	66	1	1	false	1	0
3150	9549	0	126	Otherworldly being	otherworldly_being	64	56	46	56	66	1	1	false	1	0
3150	9577	0	498	Banker	fairy_banker	0	1	1	1	1	1	1	false	1	0
3151	9544	0	57	Fairy	fairy	0	1	1	1	1	1	1	false	1	0
3151	9575	0	57	Fairy	fairy	0	1	1	1	1	1	1	false	1	0
3153	9577	0	498	Banker	fairy_banker	0	1	1	1	1	1	1	false	1	0
3153	9578	0	57	Fairy	fairy	0	1	1	1	1	1	1	false	1	0
3153	9579	0	498	Banker	fairy_banker	0	1	1	1	1	1	1	false	1	0
3154	9539	0	126	Otherworldly being	otherworldly_being	64	56	46	56	66	1	1	false	1	0
3154	9551	0	57	Fairy	fairy	0	1	1	1	1	1	1	false	1	0
3154	9580	0	498	Banker	fairy_banker	0	1	1	1	1	1	1	false	1	0
3156	9545	0	57	Fairy	fairy	0	1	1	1	1	1	1	false	1	0
3156	9548	0	126	Otherworldly being	otherworldly_being	64	56	46	56	66	1	1	false	1	0
3157	9542	0	126	Otherworldly being	otherworldly_being	64	56	46	56	66	1	1	false	1	0
3159	9573	0	57	Fairy	fairy	0	1	1	1	1	1	1	false	1	0
3161	9567	0	57	Fairy	fairy	0	1	1	1	1	1	1	false	1	0
3162	9560	0	57	Fairy	fairy	0	1	1	1	1	1	1	false	1	0
3162	9573	0	154	Butterfly	butterfly2	0	1	1	1	1	1	1	false	1	0
3162	9577	0	154	Butterfly	butterfly2	0	1	1	1	1	1	1	false	1	0
3163	9581	0	57	Fairy	fairy	0	1	1	1	1	1	1	false	1	0
3164	9577	0	57	Fairy	fairy	0	1	1	1	1	1	1	false	1	0
3166	9568	0	57	Fairy	fairy	0	1	1	1	1	1	1	false	1	0
3174	9567	0	154	Butterfly	butterfly2	0	1	1	1	1	1	1	false	1	0
3176	9565	0	57	Fairy	fairy	0	1	1	1	1	1	1	false	1	0
3178	9576	0	43	Sheep	sheepunsheered	0	1	1	1	1	1	1	false	1	0
3180	9557	0	57	Fairy	fairy	0	1	1	1	1	1	1	false	1	0
3183	9549	0	43	Sheep	sheepunsheered	0	1	1	1	1	1	1	false	1	0
3183	9558	0	57	Fairy	fairy	0	1	1	1	1	1	1	false	1	0
3183	9571	0	43	Sheep	sheepunsheered	0	1	1	1	1	1	1	false	1	0
3183	9586	0	153	Butterfly	butterfly	0	1	1	1	1	1	1	false	1	0
3184	9555	0	43	Sheep	sheepunsheered	0	1	1	1	1	1	1	false	1	0
3186	9557	0	57	Fairy	fairy	0	1	1	1	1	1	1	false	1	0
3186	9567	0	57	Fairy	fairy	0	1	1	1	1	1	1	false	1	0
3187	9547	0	153	Butterfly	butterfly	0	1	1	1	1	1	1	false	1	0
3187	9585	0	57	Fairy	fairy	0	1	1	1	1	1	1	false	1	0
3189	9588	0	153	Butterfly	butterfly	0	1	1	1	1	1	1	false	1	0
3191	9552	0	43	Sheep	sheepunsheered	0	1	1	1	1	1	1	false	1	0
3191	9581	0	57	Fairy	fairy	0	1	1	1	1	1	1	false	1	0
3194	9551	0	153	Butterfly	butterfly	0	1	1	1	1	1	1	false	1	0
3194	9553	0	57	Fairy	fairy	0	1	1	1	1	1	1	false	1	0
3195	9581	0	57	Fairy	fairy	0	1	1	1	1	1	1	false	1	0
3199	9577	0	57	Fairy	fairy	0	1	1	1	1	1	1	false	1	0
3137	9871	0	92	Skeleton	skeleton_armed	22	15	17	18	29	1	1	false	1	0
3138	9874	0	90	Skeleton	skeleton_unarmed	25	24	24	24	17	1	1	false	1	0
3139	9877	0	92	Skeleton	skeleton_armed	22	15	17	18	29	1	1	false	1	0
3139	9885	0	74	Zombie	zombie2	18	13	18	13	24	1	1	false	1	0
3140	9893	0	74	Zombie	zombie2	18	13	18	13	24	1	1	false	1	0
3141	9869	0	92	Skeleton	skeleton_armed	22	15	17	18	29	1	1	false	1	0
3141	9873	0	92	Skeleton	skeleton_armed	22	15	17	18	29	1	1	false	1	0
3143	9904	0	74	Zombie	zombie2	18	13	18	13	24	1	1	false	1	0
3144	9869	0	92	Skeleton	skeleton_armed	22	15	17	18	29	1	1	false	1	0
3146	9892	0	74	Zombie	zombie2	18	13	18	13	24	1	1	false	1	0
3147	9883	0	74	Zombie	zombie2	18	13	18	13	24	1	1	false	1	0
3147	9899	0	74	Zombie	zombie2	18	13	18	13	24	1	1	false	1	0
3148	9904	0	74	Zombie	zombie2	18	13	18	13	24	1	1	false	1	0
3150	9889	0	74	Zombie	zombie2	18	13	18	13	24	1	1	false	1	0
3150	9907	0	74	Zombie	zombie2	18	13	18	13	24	1	1	false	1	0
3151	9884	0	74	Zombie	zombie2	18	13	18	13	24	1	1	false	1	0
3157	9905	0	112	Moss giant	mossgiant	42	30	30	30	60	1	1	false	2	0
3159	9900	0	112	Moss giant	mossgiant	42	30	30	30	60	1	1	false	2	0
3163	9878	0	112	Moss giant	mossgiant	42	30	30	30	60	1	1	false	2	0
3167	9879	0	112	Moss giant	mossgiant	42	30	30	30	60	1	1	false	2	0
3171	9884	0	63	Deadly red spider	deadly_red_spider	34	30	30	25	35	1	1	false	1	0
3174	9891	0	63	Deadly red spider	deadly_red_spider	34	30	30	25	35	1	1	false	1	0
3175	9881	0	63	Deadly red spider	deadly_red_spider	34	30	30	25	35	1	1	false	1	0
3176	9883	0	63	Deadly red spider	deadly_red_spider	34	30	30	25	35	1	1	false	1	0
3178	9880	0	63	Deadly red spider	deadly_red_spider	34	30	30	25	35	1	1	false	1	0
3178	9888	0	63	Deadly red spider	deadly_red_spider	34	30	30	25	35	1	1	false	1	0
3180	9883	0	63	Deadly red spider	deadly_red_spider	34	30	30	25	35	1	1	false	1	0
3183	9885	0	63	Deadly red spider	deadly_red_spider	34	30	30	25	35	1	1	false	1	0
3186	9892	0	63	Deadly red spider	deadly_red_spider	34	30	30	25	35	1	1	false	1	0
3150	3044	0	839	Desert Wolf	desert_wolf	27	20	22	21	34	0	0	false	1	0
3153	3047	0	839	Desert Wolf	desert_wolf	27	20	22	21	34	0	0	false	1	0
3159	3042	0	833	Bedabin Nomad	bedabin	0	1	1	1	1	1	1	false	1	0
3160	3031	0	1239	Bedabin Nomad Fighter	bedabin_fighter	56	40	60	50	50	0	0	false	1	0
3160	3039	0	833	Bedabin Nomad	bedabin	0	1	1	1	1	1	1	false	1	0
3162	3033	0	1239	Bedabin Nomad Fighter	bedabin_fighter	56	40	60	50	50	0	0	false	1	0
3163	3035	0	833	Bedabin Nomad	bedabin	0	1	1	1	1	1	1	false	1	0
3164	3031	0	1239	Bedabin Nomad Fighter	bedabin_fighter	56	40	60	50	50	0	0	false	1	0
3169	3030	0	833	Bedabin Nomad	bedabin	0	1	1	1	1	1	1	false	1	0
3170	3045	0	834	Bedabin Nomad Guard	bedabin_guard	0	51	60	47	70	0	0	false	1	0
3171	3025	0	832	Al Shabim	al_shabim	0	1	1	1	1	1	1	false	1	0
3172	3009	0	839	Desert Wolf	desert_wolf	27	20	22	21	34	0	0	false	1	0
3172	3031	0	833	Bedabin Nomad	bedabin	0	1	1	1	1	1	1	false	1	0
3173	3035	0	833	Bedabin Nomad	bedabin	0	1	1	1	1	1	1	false	1	0
3173	3039	0	80	Camel	camel	0	1	1	1	1	1	1	false	2	0
3174	3010	0	839	Desert Wolf	desert_wolf	27	20	22	21	34	0	0	false	1	0
3176	3038	0	833	Bedabin Nomad	bedabin	0	1	1	1	1	1	1	false	1	0
3176	3043	0	833	Bedabin Nomad	bedabin	0	1	1	1	1	1	1	false	1	0
3177	3033	0	1239	Bedabin Nomad Fighter	bedabin_fighter	56	40	60	50	50	0	0	false	1	0
3178	3030	0	1239	Bedabin Nomad Fighter	bedabin_fighter	56	40	60	50	50	0	0	false	1	0
3180	3033	0	1239	Bedabin Nomad Fighter	bedabin_fighter	56	40	60	50	50	0	0	false	1	0
3190	3054	0	840	Ugthanki	ugthanki	42	35	35	35	45	0	0	false	2	0
3192	3016	0	840	Ugthanki	ugthanki	42	35	35	35	45	0	0	false	2	0
3196	3063	0	839	Desert Wolf	desert_wolf	27	20	22	21	34	0	0	false	1	0
3197	3012	0	839	Desert Wolf	desert_wolf	27	20	22	21	34	0	0	false	1	0
3198	3040	0	839	Desert Wolf	desert_wolf	27	20	22	21	34	0	0	false	1	0
3198	3061	0	839	Desert Wolf	desert_wolf	27	20	22	21	34	0	0	false	1	0
3199	3016	0	839	Desert Wolf	desert_wolf	27	20	22	21	34	0	0	false	1	0
3199	3036	0	839	Desert Wolf	desert_wolf	27	20	22	21	34	0	0	false	1	0
3138	3093	0	951	Chicken	newbiechicken	3	3	3	3	3	1	1	false	1	0
3138	3095	0	951	Chicken	newbiechicken	3	3	3	3	3	1	1	false	1	0
3140	3093	0	951	Chicken	newbiechicken	3	3	3	3	3	1	1	false	1	0
3140	3094	0	951	Chicken	newbiechicken	3	3	3	3	3	1	1	false	1	0
3140	3096	0	951	Chicken	newbiechicken	3	3	3	3	3	1	1	false	1	0
3141	3088	0	946	Magic Instructor	newbie_magic_instructor	0	1	1	1	1	1	1	false	1	0
3140	3209	0	89	Unicorn	unicorn	15	11	13	13	19	1	1	false	2	0
3141	3258	0	100	Goblin	goblin	2	1	1	1	5	1	1	false	1	0
3141	3261	0	100	Goblin	goblin	2	1	1	1	5	1	1	false	1	0
3142	3230	0	100	Goblin	goblin	2	1	1	1	5	1	1	false	1	0
3142	3260	0	100	Goblin	goblin	2	1	1	1	5	1	1	false	1	0
3143	3210	0	157	Butterfly	butterfly_viceroy	0	1	1	1	1	1	1	false	1	0
3143	3227	0	100	Goblin	goblin	2	1	1	1	5	1	1	false	1	0
3144	3231	0	100	Goblin	goblin	2	1	1	1	5	1	1	false	1	0
3144	3233	0	100	Goblin	goblin	2	1	1	1	5	1	1	false	1	0
3144	3259	0	100	Goblin	goblin	2	1	1	1	5	1	1	false	1	0
3145	3200	0	649	Archer	archeradventurerpg	0	1	1	1	1	1	1	false	1	0
3145	3202	0	650	Warrior	warrioradventurerpg	0	1	1	1	1	1	1	false	1	0
3145	3229	0	100	Goblin	goblin	2	1	1	1	5	1	1	false	1	0
3146	3234	0	100	Goblin	goblin	2	1	1	1	5	1	1	false	1	0
3146	3260	0	100	Goblin	goblin	2	1	1	1	5	1	1	false	1	0
3147	3202	0	651	Monk	monkadventurerpg	0	1	1	1	1	1	1	false	1	0
3148	3200	0	652	Wizard	wizardadventuterpg	0	1	1	1	1	1	1	false	1	0
3155	3253	0	157	Butterfly	butterfly_viceroy	0	1	1	1	1	1	1	false	1	0
3159	3233	0	105	Bear	brownbear	21	17	15	18	27	1	1	false	2	0
3163	3261	0	157	Butterfly	butterfly_viceroy	0	1	1	1	1	1	1	false	1	0
3165	3247	0	61	Spider	spider	1	1	1	1	2	1	1	false	1	0
3165	3249	0	59	Giant spider	giantspider1	2	1	1	1	5	1	1	false	1	0
3166	3242	0	59	Giant spider	giantspider1	2	1	1	1	5	1	1	false	1	0
3166	3248	0	61	Spider	spider	1	1	1	1	2	1	1	false	1	0
3167	3205	0	101	Goblin	goblin_armed	5	3	4	1	12	1	1	false	1	0
3167	3247	0	59	Giant spider	giantspider1	2	1	1	1	5	1	1	false	1	0
3168	3245	0	61	Spider	spider	1	1	1	1	2	1	1	false	1	0
3168	3258	0	157	Butterfly	butterfly_viceroy	0	1	1	1	1	1	1	false	1	0
3169	3243	0	61	Spider	spider	1	1	1	1	2	1	1	false	1	0
3170	3245	0	59	Giant spider	giantspider1	2	1	1	1	5	1	1	false	1	0
3170	3248	0	59	Giant spider	giantspider1	2	1	1	1	5	1	1	false	1	0
3173	3204	0	101	Goblin	goblin_armed	5	3	4	1	12	1	1	false	1	0
3175	3226	0	153	Butterfly	butterfly	0	1	1	1	1	1	1	false	1	0
3176	3223	0	105	Bear	brownbear	21	17	15	18	27	1	1	false	2	0
3178	3228	0	153	Butterfly	butterfly	0	1	1	1	1	1	1	false	1	0
3179	3226	0	153	Butterfly	butterfly	0	1	1	1	1	1	1	false	1	0
3182	3251	0	153	Butterfly	butterfly	0	1	1	1	1	1	1	false	1	0
3183	3244	0	100	Goblin	goblin	2	1	1	1	5	1	1	false	1	0
3183	3246	0	100	Goblin	goblin	2	1	1	1	5	1	1	false	1	0
3183	3254	0	153	Butterfly	butterfly	0	1	1	1	1	1	1	false	1	0
3185	3244	0	100	Goblin	goblin	2	1	1	1	5	1	1	false	1	0
3185	3246	0	100	Goblin	goblin	2	1	1	1	5	1	1	false	1	0
3187	3244	0	100	Goblin	goblin	2	1	1	1	5	1	1	false	1	0
3187	3246	0	100	Goblin	goblin	2	1	1	1	5	1	1	false	1	0
3191	3204	0	47	Rat	rat	1	1	1	1	2	1	1	false	1	0
3192	3207	0	86	Giant rat	giantrat	3	2	2	3	5	1	1	false	2	0
3193	3205	0	47	Rat	rat	1	1	1	1	2	1	1	false	1	0
3193	3262	0	43	Sheep	sheepunsheered	0	1	1	1	1	1	1	false	1	0
3194	3203	0	86	Giant rat	giantrat	3	2	2	3	5	1	1	false	2	0
3195	3207	0	86	Giant rat	giantrat	3	2	2	3	5	1	1	false	2	0
3196	3206	0	47	Rat	rat	1	1	1	1	2	1	1	false	1	0
3196	3259	0	43	Sheep	sheepunsheered	0	1	1	1	1	1	1	false	1	0
3197	3201	0	86	Giant rat	giantrat	3	2	2	3	5	1	1	false	2	0
3197	3204	0	47	Rat	rat	1	1	1	1	2	1	1	false	1	0
3198	3261	0	43	Sheep	sheepunsheered	0	1	1	1	1	1	1	false	1	0
3142	3297	0	101	Goblin	goblin_armed	5	3	4	1	12	1	1	false	1	0
3154	3293	0	7	Farmer	farmer1	7	3	8	4	12	1	1	false	1	0
3154	3325	0	81	Cow	cow	2	1	1	1	8	1	1	false	2	0
3160	3318	0	81	Cow	cow	2	1	1	1	8	1	1	false	2	0
3162	3277	0	101	Goblin	goblin_armed	5	3	4	1	12	1	1	false	1	0
3165	3324	0	7	Farmer	farmer1	7	3	8	4	12	1	1	false	1	0
3173	3323	0	81	Cow	cow	2	1	1	1	8	1	1	false	2	0
3185	3277	0	41	Chicken	chicken	1	1	1	1	3	1	1	false	1	0
3186	3279	0	41	Chicken	chicken	1	1	1	1	3	1	1	false	1	0
3187	3278	0	41	Chicken	chicken	1	1	1	1	3	1	1	false	1	0
3189	3273	0	758	Fred the Farmer	fred_the_farmer	0	1	1	1	1	1	1	false	1	0
3189	3278	0	41	Chicken	chicken	1	1	1	1	3	1	1	false	1	0
3191	3277	0	41	Chicken	chicken	1	1	1	1	3	1	1	false	1	0
3194	3267	0	43	Sheep	sheepunsheered	0	1	1	1	1	1	1	false	1	0
3195	3272	0	43	Sheep	sheepunsheered	0	1	1	1	1	1	1	false	1	0
3197	3269	0	43	Sheep	sheepunsheered	0	1	1	1	1	1	1	false	1	0
3197	3320	0	81	Cow	cow	2	1	1	1	8	1	1	false	2	0
3198	3265	0	43	Sheep	sheepunsheered	0	1	1	1	1	1	1	false	1	0
3198	3272	0	43	Sheep	sheepunsheered	0	1	1	1	1	1	1	false	1	0
3138	3352	0	152	Tree	nasty_tree	0	20	40	20	250	1	1	false	1	0
3140	3360	0	152	Tree	nasty_tree	0	20	40	20	250	1	1	false	1	0
3140	3387	0	44	Duck	duck	1	1	1	1	3	1	1	false	1	0
3142	3386	0	45	Duck	duck_female	1	1	1	1	3	1	1	false	1	0
3143	3357	0	152	Tree	nasty_tree	0	20	40	20	250	1	1	false	1	0
3143	3365	0	152	Tree	nasty_tree	0	20	40	20	250	1	1	false	1	0
3143	3384	0	44	Duck	duck	1	1	1	1	3	1	1	false	1	0
3144	3382	0	45	Duck	duck_female	1	1	1	1	3	1	1	false	1	0
3146	3382	0	44	Duck	duck	1	1	1	1	3	1	1	false	1	0
3147	3380	0	45	Duck	duck_female	1	1	1	1	3	1	1	false	1	0
3148	3372	0	44	Duck	duck	1	1	1	1	3	1	1	false	1	0
3148	3374	0	45	Duck	duck_female	1	1	1	1	3	1	1	false	1	0
3150	3368	0	44	Duck	duck	1	1	1	1	3	1	1	false	1	0
3150	3370	0	45	Duck	duck_female	1	1	1	1	3	1	1	false	1	0
3150	3371	0	44	Duck	duck	1	1	1	1	3	1	1	false	1	0
3150	3373	0	44	Duck	duck	1	1	1	1	3	1	1	false	1	0
3151	3371	0	45	Duck	duck_female	1	1	1	1	3	1	1	false	1	0
3152	3357	0	45	Duck	duck_female	1	1	1	1	3	1	1	false	1	0
3156	3342	0	81	Cow	cow	2	1	1	1	8	1	1	false	2	0
3157	3352	0	45	Duck	duck_female	1	1	1	1	3	1	1	false	1	0
3157	3354	0	44	Duck	duck	1	1	1	1	3	1	1	false	1	0
3160	3351	0	44	Duck	duck	1	1	1	1	3	1	1	false	1	0
3161	3350	0	45	Duck	duck_female	1	1	1	1	3	1	1	false	1	0
3162	3351	0	45	Duck	duck_female	1	1	1	1	3	1	1	false	1	0
3163	3350	0	44	Duck	duck	1	1	1	1	3	1	1	false	1	0
3164	3348	0	45	Duck	duck_female	1	1	1	1	3	1	1	false	1	0
3169	3345	0	44	Duck	duck	1	1	1	1	3	1	1	false	1	0
3169	3346	0	45	Duck	duck_female	1	1	1	1	3	1	1	false	1	0
3169	3355	0	44	Duck	duck	1	1	1	1	3	1	1	false	1	0
3171	3355	0	44	Duck	duck	1	1	1	1	3	1	1	false	1	0
3172	3345	0	44	Duck	duck	1	1	1	1	3	1	1	false	1	0
3172	3355	0	45	Duck	duck_female	1	1	1	1	3	1	1	false	1	0
3173	3346	0	45	Duck	duck_female	1	1	1	1	3	1	1	false	1	0
3173	3356	0	44	Duck	duck	1	1	1	1	3	1	1	false	1	0
3174	3347	0	44	Duck	duck	1	1	1	1	3	1	1	false	1	0
3175	3346	0	45	Duck	duck_female	1	1	1	1	3	1	1	false	1	0
3175	3354	0	45	Duck	duck_female	1	1	1	1	3	1	1	false	1	0
3175	3361	0	175	Mugger	mugger	6	5	5	5	8	1	1	false	1	0
3176	3347	0	44	Duck	duck	1	1	1	1	3	1	1	false	1	0
3176	3354	0	44	Duck	duck	1	1	1	1	3	1	1	false	1	0
3177	3349	0	45	Duck	duck_female	1	1	1	1	3	1	1	false	1	0
3177	3352	0	45	Duck	duck_female	1	1	1	1	3	1	1	false	1	0
3182	3329	0	81	Cow	cow	2	1	1	1	8	1	1	false	2	0
3183	3348	0	44	Duck	duck	1	1	1	1	3	1	1	false	1	0
3184	3385	0	8	Thief	thief1	16	14	12	13	17	1	1	false	1	0
3184	3389	0	8	Thief	thief1	16	14	12	13	17	1	1	false	1	0
3185	3390	0	8	Thief	thief1	16	14	12	13	17	1	1	false	1	0
3186	3385	0	642	Katrine	katrine	0	1	1	1	1	1	1	false	1	0
3191	3342	0	44	Duck	duck	1	1	1	1	3	1	1	false	1	0
3191	3362	0	198	Guild master	guildmaster	0	1	1	1	1	1	1	false	1	0
3194	3341	0	44	Duck	duck	1	1	1	1	3	1	1	false	1	0
3194	3343	0	44	Duck	duck	1	1	1	1	3	1	1	false	1	0
3196	3339	0	44	Duck	duck	1	1	1	1	3	1	1	false	1	0
3196	3352	0	41	Chicken	chicken	1	1	1	1	3	1	1	false	1	0
3197	3331	0	81	Cow	cow	2	1	1	1	8	1	1	false	2	0
3197	3352	0	41	Chicken	chicken	1	1	1	1	3	1	1	false	1	0
3197	3353	0	41	Chicken	chicken	1	1	1	1	3	1	1	false	1	0
3198	3354	0	41	Chicken	chicken	1	1	1	1	3	1	1	false	1	0
3198	3355	0	41	Chicken	chicken	1	1	1	1	3	1	1	false	1	0
3191	3351	1	537	Scavvo	scavvo	0	1	1	1	1	1	1	false	1	0
3193	3361	1	536	Valaine	valaine	0	1	1	1	1	1	1	false	1	0
3143	3444	0	847	Head chef	head_chef	0	1	1	1	1	1	1	false	1	0
3150	3407	0	782	Philop	philop	0	1	1	1	1	1	1	true	1	0
3151	3410	0	780	Gertrude	gertrude	0	1	1	1	1	1	1	true	1	0
3151	3414	0	47	Rat	rat	1	1	1	1	2	1	1	false	1	0
3154	3428	0	1	Man	man	2	1	1	1	7	1	1	false	1	0
3155	3406	0	784	Kanel	kanel	0	1	1	1	1	1	1	true	1	0
3173	3429	0	9	Guard	guard1	21	19	14	18	22	1	1	false	1	0
3175	3423	0	9	Guard	guard1	21	19	14	18	22	1	1	false	1	0
3175	3428	0	9	Guard	guard1	21	19	14	18	22	1	1	false	1	0
3177	3405	0	708	Imp	imp	2	1	1	1	8	1	1	false	1	0
3180	3401	0	9	Guard	guard1	21	19	14	18	22	1	1	false	1	0
3187	3436	0	494	Banker	banker1	0	1	1	1	1	1	1	false	1	0
3187	3438	0	495	Banker	banker2	0	1	1	1	1	1	1	false	1	0
3187	3440	0	495	Banker	banker2	0	1	1	1	1	1	1	false	1	0
3187	3442	0	494	Banker	banker1	0	1	1	1	1	1	1	false	1	0
3187	3444	0	494	Banker	banker1	0	1	1	1	1	1	1	false	1	0
3187	3446	0	495	Banker	banker2	0	1	1	1	1	1	1	false	1	0
3194	3396	0	3	Man	man3	2	1	1	1	7	1	1	false	1	0
3195	3404	0	638	Apothecary	apothecary	0	1	1	1	1	1	1	false	1	0
3158	3425	1	637	Juliet	juliet	0	1	1	1	1	1	1	false	1	0
3175	3403	1	9	Guard	guard1	21	19	14	18	22	1	1	false	1	0
3175	3414	1	9	Guard	guard1	21	19	14	18	22	1	1	false	1	0
3145	3481	0	59	Giant spider	giantspider1	2	1	1	1	5	1	1	false	1	0
3148	3478	0	59	Giant spider	giantspider1	2	1	1	1	5	1	1	false	1	0
3149	3482	0	59	Giant spider	giantspider1	2	1	1	1	5	1	1	false	1	0
3150	3507	0	106	Bear	darkbear	19	15	13	16	25	1	1	false	2	0
3162	3514	0	106	Bear	darkbear	19	15	13	16	25	1	1	false	2	0
3173	3478	0	47	Rat	rat	1	1	1	1	2	1	1	false	1	0
3176	3476	0	272	Lucien	ikov_lucien2	14	12	10	11	17	1	1	false	1	0
3176	3480	0	47	Rat	rat	1	1	1	1	2	1	1	false	1	0
3179	3478	0	47	Rat	rat	1	1	1	1	2	1	1	false	1	0
3160	3568	0	186	Thug	thug	10	7	9	5	18	1	1	true	1	0
3167	3576	0	186	Thug	thug	10	7	9	5	18	1	1	true	1	0
3171	3579	0	186	Thug	thug	10	7	9	5	18	1	1	true	1	0
3172	3561	0	186	Thug	thug	10	7	9	5	18	1	1	true	1	0
3175	3572	0	186	Thug	thug	10	7	9	5	18	1	1	true	1	0
3179	3564	0	186	Thug	thug	10	7	9	5	18	1	1	true	1	0
3184	3580	0	186	Thug	thug	10	7	9	5	18	1	1	true	1	0
3189	3563	0	186	Thug	thug	10	7	9	5	18	1	1	true	1	0
3190	3570	0	186	Thug	thug	10	7	9	5	18	1	1	true	1	0
3156	3634	0	47	Rat	rat	1	1	1	1	2	1	1	false	1	0
3159	3635	0	47	Rat	rat	1	1	1	1	2	1	1	false	1	0
3160	3639	0	47	Rat	rat	1	1	1	1	2	1	1	false	1	0
3152	3674	0	74	Zombie	zombie2	18	13	18	13	24	1	1	false	1	0
3153	3658	0	74	Zombie	zombie2	18	13	18	13	24	1	1	false	1	0
3153	3676	0	75	Zombie	zombie_armed	24	19	16	21	30	1	1	false	1	0
3157	3681	0	74	Zombie	zombie2	18	13	18	13	24	1	1	false	1	0
3158	3676	0	74	Zombie	zombie2	18	13	18	13	24	1	1	false	1	0
3162	3665	0	75	Zombie	zombie_armed	24	19	16	21	30	1	1	false	1	0
3163	3685	0	75	Zombie	zombie_armed	24	19	16	21	30	1	1	false	1	0
3165	3678	0	74	Zombie	zombie2	18	13	18	13	24	1	1	false	1	0
3166	3663	0	74	Zombie	zombie2	18	13	18	13	24	1	1	false	1	0
3168	3668	0	75	Zombie	zombie_armed	24	19	16	21	30	1	1	false	1	0
3171	3675	0	75	Zombie	zombie_armed	24	19	16	21	30	1	1	false	1	0
3172	3669	0	74	Zombie	zombie2	18	13	18	13	24	1	1	false	1	0
3173	3685	0	74	Zombie	zombie2	18	13	18	13	24	1	1	false	1	0
3175	3680	0	74	Zombie	zombie2	18	13	18	13	24	1	1	false	1	0
3176	3677	0	74	Zombie	zombie2	18	13	18	13	24	1	1	false	1	0
3176	3682	0	75	Zombie	zombie_armed	24	19	16	21	30	1	1	false	1	0
3177	3686	0	74	Zombie	zombie2	18	13	18	13	24	1	1	false	1	0
3179	3680	0	74	Zombie	zombie2	18	13	18	13	24	1	1	false	1	0
3180	3684	0	74	Zombie	zombie2	18	13	18	13	24	1	1	false	1	0
3181	3675	0	74	Zombie	zombie2	18	13	18	13	24	1	1	false	1	0
3182	3682	0	74	Zombie	zombie2	18	13	18	13	24	1	1	false	1	0
3145	3730	0	63	Deadly red spider	deadly_red_spider	34	30	30	25	35	1	1	false	1	0
3149	3734	0	63	Deadly red spider	deadly_red_spider	34	30	30	25	35	1	1	false	1	0
3150	3744	0	63	Deadly red spider	deadly_red_spider	34	30	30	25	35	1	1	false	1	0
3157	3740	0	63	Deadly red spider	deadly_red_spider	34	30	30	25	35	1	1	false	1	0
3164	3734	0	63	Deadly red spider	deadly_red_spider	34	30	30	25	35	1	1	false	1	0
3168	3736	0	63	Deadly red spider	deadly_red_spider	34	30	30	25	35	1	1	false	1	0
3170	3739	0	63	Deadly red spider	deadly_red_spider	34	30	30	25	35	1	1	false	1	0
3174	3733	0	63	Deadly red spider	deadly_red_spider	34	30	30	25	35	1	1	false	1	0
3178	3737	0	63	Deadly red spider	deadly_red_spider	34	30	30	25	35	1	1	false	1	0
3182	3726	0	47	Rat	rat	1	1	1	1	2	1	1	false	1	0
3182	3744	0	63	Deadly red spider	deadly_red_spider	34	30	30	25	35	1	1	false	1	0
3183	3724	0	47	Rat	rat	1	1	1	1	2	1	1	false	1	0
3183	3742	0	63	Deadly red spider	deadly_red_spider	34	30	30	25	35	1	1	false	1	0
3185	3725	0	47	Rat	rat	1	1	1	1	2	1	1	false	1	0
3139	3818	0	112	Moss giant	mossgiant	42	30	30	30	60	1	1	false	2	0
3140	3805	0	112	Moss giant	mossgiant	42	30	30	30	60	1	1	false	2	0
3141	3826	0	112	Moss giant	mossgiant	42	30	30	30	60	1	1	false	2	0
3143	3802	0	92	Skeleton	skeleton_armed	22	15	17	18	29	1	1	false	1	0
3145	3779	0	92	Skeleton	skeleton_armed	22	15	17	18	29	1	1	false	1	0
3179	3786	0	92	Skeleton	skeleton_armed	22	15	17	18	29	1	1	false	1	0
3190	3834	0	53	Red dragon	red_dragon	152	130	130	130	140	1	1	false	4	0
3162	3882	0	60	Giant spider	giantspider2	27	20	21	24	32	1	1	false	1	0
3162	3887	0	61	Spider	spider	1	1	1	1	2	1	1	false	1	0
3163	3879	0	61	Spider	spider	1	1	1	1	2	1	1	false	1	0
3163	3892	0	60	Giant spider	giantspider2	27	20	21	24	32	1	1	false	1	0
3164	3881	0	61	Spider	spider	1	1	1	1	2	1	1	false	1	0
3164	3887	0	61	Spider	spider	1	1	1	1	2	1	1	false	1	0
3165	3889	0	60	Giant spider	giantspider2	27	20	21	24	32	1	1	false	1	0
3165	3895	0	60	Giant spider	giantspider2	27	20	21	24	32	1	1	false	1	0
3166	3883	0	60	Giant spider	giantspider2	27	20	21	24	32	1	1	false	1	0
3166	3886	0	61	Spider	spider	1	1	1	1	2	1	1	false	1	0
3167	3889	0	61	Spider	spider	1	1	1	1	2	1	1	false	1	0
3168	3877	0	60	Giant spider	giantspider2	27	20	21	24	32	1	1	false	1	0
3168	3886	0	61	Spider	spider	1	1	1	1	2	1	1	false	1	0
3168	3893	0	61	Spider	spider	1	1	1	1	2	1	1	false	1	0
3169	3883	0	61	Spider	spider	1	1	1	1	2	1	1	false	1	0
3169	3888	0	60	Giant spider	giantspider2	27	20	21	24	32	1	1	false	1	0
3171	3881	0	61	Spider	spider	1	1	1	1	2	1	1	false	1	0
3171	3883	0	60	Giant spider	giantspider2	27	20	21	24	32	1	1	false	1	0
3171	3889	0	61	Spider	spider	1	1	1	1	2	1	1	false	1	0
3171	3894	0	60	Giant spider	giantspider2	27	20	21	24	32	1	1	false	1	0
3173	3882	0	61	Spider	spider	1	1	1	1	2	1	1	false	1	0
3173	3885	0	61	Spider	spider	1	1	1	1	2	1	1	false	1	0
3173	3888	0	60	Giant spider	giantspider2	27	20	21	24	32	1	1	false	1	0
3174	3879	0	61	Spider	spider	1	1	1	1	2	1	1	false	1	0
3176	3887	0	61	Spider	spider	1	1	1	1	2	1	1	false	1	0
3177	3877	0	60	Giant spider	giantspider2	27	20	21	24	32	1	1	false	1	0
3177	3883	0	61	Spider	spider	1	1	1	1	2	1	1	false	1	0
3178	3885	0	61	Spider	spider	1	1	1	1	2	1	1	false	1	0
3181	3850	0	53	Red dragon	red_dragon	152	130	130	130	140	1	1	false	4	0
3181	3887	0	60	Giant spider	giantspider2	27	20	21	24	32	1	1	false	1	0
3187	3959	0	127	Magic axe	magicaxe	42	38	29	38	44	1	1	false	1	0
3188	3961	0	127	Magic axe	magicaxe	42	38	29	38	44	1	1	false	1	0
3189	3960	0	127	Magic axe	magicaxe	42	38	29	38	44	1	1	false	1	0
3190	3959	0	127	Magic axe	magicaxe	42	38	29	38	44	1	1	false	1	0
3191	3959	0	127	Magic axe	magicaxe	42	38	29	38	44	1	1	false	1	0
3191	3961	0	127	Magic axe	magicaxe	42	38	29	38	44	1	1	false	1	0
3192	3960	0	127	Magic axe	magicaxe	42	38	29	38	44	1	1	false	1	0
3193	3958	0	127	Magic axe	magicaxe	42	38	29	38	44	1	1	false	1	0
3194	3960	0	127	Magic axe	magicaxe	42	38	29	38	44	1	1	false	1	0
3203	9562	0	81	Cow	cow	2	1	1	1	8	1	1	false	2	0
3207	9577	0	81	Cow	cow	2	1	1	1	8	1	1	false	2	0
3208	9545	0	57	Fairy	fairy	0	1	1	1	1	1	1	false	1	0
3209	9549	0	57	Fairy	fairy	0	1	1	1	1	1	1	false	1	0
3209	9568	0	81	Cow	cow	2	1	1	1	8	1	1	false	2	0
3213	9547	0	653	Fairy Queen	fairy_queen	0	1	1	1	1	1	1	false	1	0
3214	9552	0	57	Fairy	fairy	0	1	1	1	1	1	1	false	1	0
3219	9543	0	57	Fairy	fairy	0	1	1	1	1	1	1	false	1	0
3219	9547	0	57	Fairy	fairy	0	1	1	1	1	1	1	false	1	0
3220	9551	0	57	Fairy	fairy	0	1	1	1	1	1	1	false	1	0
3232	9541	0	153	Butterfly	butterfly	0	1	1	1	1	1	1	false	1	0
3232	9556	0	33	Door man	doorman	0	1	1	1	1	1	1	false	1	0
3234	9543	0	153	Butterfly	butterfly	0	1	1	1	1	1	1	false	1	0
3234	9552	0	33	Door man	doorman	0	1	1	1	1	1	1	false	1	0
3235	9558	0	33	Door man	doorman	0	1	1	1	1	1	1	false	1	0
3239	9556	0	33	Door man	doorman	0	1	1	1	1	1	1	false	1	0
3242	9575	0	57	Fairy	fairy	0	1	1	1	1	1	1	false	1	0
3243	9579	0	154	Butterfly	butterfly2	0	1	1	1	1	1	1	false	1	0
3243	9585	0	565	Lunderwin	fairy_lunderwin	0	1	1	1	1	1	1	false	1	0
3244	9561	0	57	Fairy	fairy	0	1	1	1	1	1	1	false	1	0
3247	9589	0	566	Irksol	irksol	0	1	1	1	1	1	1	false	1	0
3248	9578	0	154	Butterfly	butterfly2	0	1	1	1	1	1	1	false	1	0
3249	9570	0	57	Fairy	fairy	0	1	1	1	1	1	1	false	1	0
3249	9574	0	154	Butterfly	butterfly2	0	1	1	1	1	1	1	false	1	0
3252	9572	0	564	Jakut	jakut	0	1	1	1	1	1	1	false	1	0
3252	9583	0	57	Fairy	fairy	0	1	1	1	1	1	1	false	1	0
3253	9590	0	567	Fairy	fairy_ladder_attendant	0	1	1	1	1	1	1	false	1	0
3254	9584	0	153	Butterfly	butterfly	0	1	1	1	1	1	1	false	1	0
3256	9577	0	57	Fairy	fairy	0	1	1	1	1	1	1	false	1	0
3256	9585	0	154	Butterfly	butterfly2	0	1	1	1	1	1	1	false	1	0
3257	9548	0	57	Fairy	fairy	0	1	1	1	1	1	1	false	1	0
3240	9573	2	57	Fairy	fairy	0	1	1	1	1	1	1	false	1	0
3248	9574	2	57	Fairy	fairy	0	1	1	1	1	1	1	false	1	0
3251	9584	2	57	Fairy	fairy	0	1	1	1	1	1	1	false	1	0
3258	9571	2	57	Fairy	fairy	0	1	1	1	1	1	1	false	1	0
3209	9618	0	61	Spider	spider	1	1	1	1	2	1	1	false	1	0
3211	9621	0	61	Spider	spider	1	1	1	1	2	1	1	false	1	0
3216	9616	0	61	Spider	spider	1	1	1	1	2	1	1	false	1	0
3216	9624	0	61	Spider	spider	1	1	1	1	2	1	1	false	1	0
3237	9769	0	8	Thief	thief1	16	14	12	13	17	1	1	false	1	0
3238	9764	0	8	Thief	thief1	16	14	12	13	17	1	1	false	1	0
3245	9769	0	8	Thief	thief1	16	14	12	13	17	1	1	false	1	0
3245	9772	0	8	Thief	thief1	16	14	12	13	17	1	1	false	1	0
3246	9780	0	644	Straven	straven	23	21	21	21	20	1	1	false	1	0
3247	9776	0	8	Thief	thief1	16	14	12	13	17	1	1	false	1	0
3251	9768	0	8	Thief	thief1	16	14	12	13	17	1	1	false	1	0
3205	9877	0	61	Spider	spider	1	1	1	1	2	1	1	false	1	0
3206	9880	0	61	Spider	spider	1	1	1	1	2	1	1	false	1	0
3210	9887	0	61	Spider	spider	1	1	1	1	2	1	1	false	1	0
3210	9893	0	61	Spider	spider	1	1	1	1	2	1	1	false	1	0
3210	9908	0	92	Skeleton	skeleton_armed	22	15	17	18	29	1	1	false	1	0
3211	9906	0	92	Skeleton	skeleton_armed	22	15	17	18	29	1	1	false	1	0
3212	9888	0	61	Spider	spider	1	1	1	1	2	1	1	false	1	0
3212	9891	0	61	Spider	spider	1	1	1	1	2	1	1	false	1	0
3217	9886	0	60	Giant spider	giantspider2	27	20	21	24	32	1	1	false	1	0
3217	9889	0	60	Giant spider	giantspider2	27	20	21	24	32	1	1	false	1	0
3218	9864	0	47	Rat	rat	1	1	1	1	2	1	1	false	1	0
3218	9869	0	47	Rat	rat	1	1	1	1	2	1	1	false	1	0
3219	9867	0	47	Rat	rat	1	1	1	1	2	1	1	false	1	0
3219	9886	0	59	Giant spider	giantspider1	2	1	1	1	5	1	1	false	1	0
3220	9859	0	47	Rat	rat	1	1	1	1	2	1	1	false	1	0
3220	9863	0	86	Giant rat	giantrat	3	2	2	3	5	1	1	false	2	0
3220	9888	0	60	Giant spider	giantspider2	27	20	21	24	32	1	1	false	1	0
3221	9872	0	47	Rat	rat	1	1	1	1	2	1	1	false	1	0
3221	9886	0	59	Giant spider	giantspider1	2	1	1	1	5	1	1	false	1	0
3223	9860	0	87	Giant rat	giantrat1	6	6	2	5	10	1	1	false	2	0
3224	9906	0	75	Zombie	zombie_armed	24	19	16	21	30	1	1	false	1	0
3225	9863	0	47	Rat	rat	1	1	1	1	2	1	1	false	1	0
3226	9862	0	47	Rat	rat	1	1	1	1	2	1	1	false	1	0
3226	9903	0	75	Zombie	zombie_armed	24	19	16	21	30	1	1	false	1	0
3229	9867	0	47	Rat	rat	1	1	1	1	2	1	1	false	1	0
3230	9865	0	47	Rat	rat	1	1	1	1	2	1	1	false	1	0
3230	9903	0	75	Zombie	zombie_armed	24	19	16	21	30	1	1	false	1	0
3230	9906	0	75	Zombie	zombie_armed	24	19	16	21	30	1	1	false	1	0
3233	9866	0	86	Giant rat	giantrat	3	2	2	3	5	1	1	false	2	0
3234	9865	0	47	Rat	rat	1	1	1	1	2	1	1	false	1	0
3235	9864	0	47	Rat	rat	1	1	1	1	2	1	1	false	1	0
3237	9864	0	47	Rat	rat	1	1	1	1	2	1	1	false	1	0
3237	9868	0	87	Giant rat	giantrat1	6	6	2	5	10	1	1	false	2	0
3238	9863	0	47	Rat	rat	1	1	1	1	2	1	1	false	1	0
3239	9864	0	87	Giant rat	giantrat1	6	6	2	5	10	1	1	false	2	0
3239	9915	0	103	Ghost	ghost	19	13	18	13	25	1	1	false	1	0
3241	9913	0	103	Ghost	ghost	19	13	18	13	25	1	1	false	1	0
3242	9893	0	47	Rat	rat	1	1	1	1	2	1	1	false	1	0
3242	9895	0	47	Rat	rat	1	1	1	1	2	1	1	false	1	0
3243	9893	0	73	Zombie	zombie_unarmed	13	8	10	9	22	1	1	false	1	0
3243	9915	0	103	Ghost	ghost	19	13	18	13	25	1	1	false	1	0
3244	9863	0	47	Rat	rat	1	1	1	1	2	1	1	false	1	0
3244	9866	0	86	Giant rat	giantrat	3	2	2	3	5	1	1	false	2	0
3244	9875	0	47	Rat	rat	1	1	1	1	2	1	1	false	1	0
3244	9886	0	47	Rat	rat	1	1	1	1	2	1	1	false	1	0
3246	9864	0	47	Rat	rat	1	1	1	1	2	1	1	false	1	0
3248	9867	0	87	Giant rat	giantrat1	6	6	2	5	10	1	1	false	2	0
3248	9914	0	91	Skeleton	skeleton_unagressive	21	17	17	17	24	1	1	false	1	0
3251	9893	0	47	Rat	rat	1	1	1	1	2	1	1	false	1	0
3251	9908	0	107	Scorpion	scorpion	14	11	11	12	17	1	1	false	2	0
3251	9916	0	91	Skeleton	skeleton_unagressive	21	17	17	17	24	1	1	false	1	0
3252	9870	0	86	Giant rat	giantrat	3	2	2	3	5	1	1	false	2	0
3252	9892	0	47	Rat	rat	1	1	1	1	2	1	1	false	1	0
3253	9867	0	47	Rat	rat	1	1	1	1	2	1	1	false	1	0
3253	9903	0	107	Scorpion	scorpion	14	11	11	12	17	1	1	false	2	0
3254	9916	0	91	Skeleton	skeleton_unagressive	21	17	17	17	24	1	1	false	1	0
3255	9869	0	47	Rat	rat	1	1	1	1	2	1	1	false	1	0
3259	9891	0	73	Zombie	zombie_unarmed	13	8	10	9	22	1	1	false	1	0
3261	9869	0	61	Spider	spider	1	1	1	1	2	1	1	false	1	0
3262	9868	0	61	Spider	spider	1	1	1	1	2	1	1	false	1	0
3262	9870	0	61	Spider	spider	1	1	1	1	2	1	1	false	1	0
3208	3032	0	840	Ugthanki	ugthanki	42	35	35	35	45	0	0	false	2	0
3217	3064	0	840	Ugthanki	ugthanki	42	35	35	35	45	0	0	false	2	0
3223	3011	0	839	Desert Wolf	desert_wolf	27	20	22	21	34	0	0	false	1	0
3223	3035	0	839	Desert Wolf	desert_wolf	27	20	22	21	34	0	0	false	1	0
3224	3013	0	839	Desert Wolf	desert_wolf	27	20	22	21	34	0	0	false	1	0
3225	3011	0	839	Desert Wolf	desert_wolf	27	20	22	21	34	0	0	false	1	0
3225	3034	0	839	Desert Wolf	desert_wolf	27	20	22	21	34	0	0	false	1	0
3226	3060	0	839	Desert Wolf	desert_wolf	27	20	22	21	34	0	0	false	1	0
3228	3060	0	839	Desert Wolf	desert_wolf	27	20	22	21	34	0	0	false	1	0
3238	3015	0	840	Ugthanki	ugthanki	42	35	35	35	45	0	0	false	2	0
3250	3057	0	839	Desert Wolf	desert_wolf	27	20	22	21	34	0	0	false	1	0
3251	3059	0	839	Desert Wolf	desert_wolf	27	20	22	21	34	0	0	false	1	0
3258	3063	0	840	Ugthanki	ugthanki	42	35	35	35	45	0	0	false	2	0
3215	3092	0	839	Desert Wolf	desert_wolf	27	20	22	21	34	0	0	false	1	0
3217	3092	0	839	Desert Wolf	desert_wolf	27	20	22	21	34	0	0	false	1	0
3217	3111	0	840	Ugthanki	ugthanki	42	35	35	35	45	0	0	false	2	0
3217	3124	0	839	Desert Wolf	desert_wolf	27	20	22	21	34	0	0	false	1	0
3219	3125	0	839	Desert Wolf	desert_wolf	27	20	22	21	34	0	0	false	1	0
3222	3086	0	840	Ugthanki	ugthanki	42	35	35	35	45	0	0	false	2	0
3227	3106	0	1152	Weird Old Man	kalphite_oldman	0	1	1	1	1	1	1	false	1	0
3233	3075	0	839	Desert Wolf	desert_wolf	27	20	22	21	34	0	0	false	1	0
3235	3074	0	839	Desert Wolf	desert_wolf	27	20	22	21	34	0	0	false	1	0
3238	3101	0	840	Ugthanki	ugthanki	42	35	35	35	45	0	0	false	2	0
3244	3080	0	840	Ugthanki	ugthanki	42	35	35	35	45	0	0	false	2	0
3250	3126	0	839	Desert Wolf	desert_wolf	27	20	22	21	34	0	0	false	1	0
3252	3125	0	839	Desert Wolf	desert_wolf	27	20	22	21	34	0	0	false	1	0
3253	3116	0	840	Ugthanki	ugthanki	42	35	35	35	45	0	0	false	2	0
3255	3095	0	840	Ugthanki	ugthanki	42	35	35	35	45	0	0	false	2	0
3258	3078	0	839	Desert Wolf	desert_wolf	27	20	22	21	34	0	0	false	1	0
3260	3077	0	839	Desert Wolf	desert_wolf	27	20	22	21	34	0	0	false	1	0
3200	3174	0	87	Giant rat	giantrat1	6	6	2	5	10	1	1	false	2	0
3206	3175	0	87	Giant rat	giantrat1	6	6	2	5	10	1	1	false	2	0
3211	3187	0	87	Giant rat	giantrat1	6	6	2	5	10	1	1	false	2	0
3211	3195	0	87	Giant rat	giantrat1	6	6	2	5	10	1	1	false	2	0
3214	3181	0	87	Giant rat	giantrat1	6	6	2	5	10	1	1	false	2	0
3215	3172	0	87	Giant rat	giantrat1	6	6	2	5	10	1	1	false	2	0
3215	3177	0	87	Giant rat	giantrat1	6	6	2	5	10	1	1	false	2	0
3235	3153	0	458	Father Urhney	father_urhney	0	1	1	1	1	1	1	false	1	0
3200	3238	0	59	Giant spider	giantspider1	2	1	1	1	5	1	1	false	1	0
3202	3253	0	100	Goblin	goblin	2	1	1	1	5	1	1	false	1	0
3202	3262	0	43	Sheep	sheepunsheered	0	1	1	1	1	1	1	false	1	0
3203	3239	0	59	Giant spider	giantspider1	2	1	1	1	5	1	1	false	1	0
3204	3259	0	43	Sheep	sheepunsheered	0	1	1	1	1	1	1	false	1	0
3204	3261	0	43	Sheep	sheepunsheered	0	1	1	1	1	1	1	false	1	0
3205	3203	0	47	Rat	rat	1	1	1	1	2	1	1	false	1	0
3205	3204	0	47	Rat	rat	1	1	1	1	2	1	1	false	1	0
3205	3209	0	47	Rat	rat	1	1	1	1	2	1	1	false	1	0
3206	3202	0	47	Rat	rat	1	1	1	1	2	1	1	false	1	0
3206	3204	0	47	Rat	rat	1	1	1	1	2	1	1	false	1	0
3206	3209	0	47	Rat	rat	1	1	1	1	2	1	1	false	1	0
3206	3252	0	100	Goblin	goblin	2	1	1	1	5	1	1	false	1	0
3207	3202	0	47	Rat	rat	1	1	1	1	2	1	1	false	1	0
3207	3203	0	47	Rat	rat	1	1	1	1	2	1	1	false	1	0
3207	3227	0	1	Man	man	2	1	1	1	7	1	1	false	1	0
3207	3233	0	0	Hans	hans	0	1	1	1	1	1	1	false	1	0
3207	3260	0	43	Sheep	sheepunsheered	0	1	1	1	1	1	1	false	1	0
3209	3215	0	278	Cook	cook	0	1	1	1	1	1	1	false	1	0
3209	3247	0	520	Shop keeper	generalshopkeeper1	0	1	1	1	1	1	1	false	1	0
3210	3262	0	43	Sheep	sheepunsheered	0	1	1	1	1	1	1	false	1	0
3212	3247	0	521	Shop assistant	generalassistant1	0	1	1	1	1	1	1	false	1	0
3216	3219	0	1	Man	man	2	1	1	1	7	1	1	false	1	0
3217	3205	0	4	Woman	woman	2	1	1	1	7	1	1	false	1	0
3217	3226	0	708	Imp	imp	2	1	1	1	8	1	1	false	1	0
3217	3236	0	3	Man	man3	2	1	1	1	7	1	1	false	1	0
3221	3219	0	3	Man	man3	2	1	1	1	7	1	1	false	1	0
3222	3215	0	47	Rat	rat	1	1	1	1	2	1	1	false	1	0
3223	3240	0	1	Man	man	2	1	1	1	7	1	1	false	1	0
3224	3262	0	100	Goblin	goblin	2	1	1	1	5	1	1	false	1	0
3229	3223	0	47	Rat	rat	1	1	1	1	2	1	1	false	1	0
3229	3239	0	2	Man	man2	2	1	1	1	7	1	1	false	1	0
3231	3207	0	1	Man	man	2	1	1	1	7	1	1	false	1	0
3231	3240	0	6	Woman	woman3	2	1	1	1	7	1	1	false	1	0
3232	3203	0	519	Bob	bob	0	1	1	1	1	1	1	false	1	0
3232	3229	0	47	Rat	rat	1	1	1	1	2	1	1	false	1	0
3233	3216	0	155	Butterfly	butterfly_bluemorpo	0	1	1	1	1	1	1	false	1	0
3235	3206	0	4	Woman	woman	2	1	1	1	7	1	1	false	1	0
3235	3219	0	2	Man	man2	2	1	1	1	7	1	1	false	1	0
3235	3259	0	44	Duck	duck	1	1	1	1	3	1	1	false	1	0
3236	3222	0	47	Rat	rat	1	1	1	1	2	1	1	false	1	0
3238	3238	0	45	Duck	duck_female	1	1	1	1	3	1	1	false	1	0
3238	3244	0	44	Duck	duck	1	1	1	1	3	1	1	false	1	0
3238	3246	0	45	Duck	duck_female	1	1	1	1	3	1	1	false	1	0
3239	3235	0	45	Duck	duck_female	1	1	1	1	3	1	1	false	1	0
3241	3230	0	44	Duck	duck	1	1	1	1	3	1	1	false	1	0
3241	3234	0	44	Duck	duck	1	1	1	1	3	1	1	false	1	0
3243	3228	0	44	Duck	duck	1	1	1	1	3	1	1	false	1	0
3243	3236	0	59	Giant spider	giantspider1	2	1	1	1	5	1	1	false	1	0
3244	3206	0	456	Father Aereck	father_aereck	0	1	1	1	1	1	1	false	1	0
3244	3211	0	6	Woman	woman3	2	1	1	1	7	1	1	false	1	0
3244	3245	0	100	Goblin	goblin	2	1	1	1	5	1	1	false	1	0
3244	3247	0	100	Goblin	goblin	2	1	1	1	5	1	1	false	1	0
3245	3232	0	59	Giant spider	giantspider1	2	1	1	1	5	1	1	false	1	0
3246	3244	0	100	Goblin	goblin	2	1	1	1	5	1	1	false	1	0
3246	3245	0	100	Goblin	goblin	2	1	1	1	5	1	1	false	1	0
3247	3221	0	44	Duck	duck	1	1	1	1	3	1	1	false	1	0
3247	3245	0	100	Goblin	goblin	2	1	1	1	5	1	1	false	1	0
3247	3247	0	100	Goblin	goblin	2	1	1	1	5	1	1	false	1	0
3248	3220	0	44	Duck	duck	1	1	1	1	3	1	1	false	1	0
3249	3243	0	100	Goblin	goblin	2	1	1	1	5	1	1	false	1	0
3250	3238	0	100	Goblin	goblin	2	1	1	1	5	1	1	false	1	0
3252	3228	0	100	Goblin	goblin	2	1	1	1	5	1	1	false	1	0
3253	3234	0	100	Goblin	goblin	2	1	1	1	5	1	1	false	1	0
3254	3230	0	155	Butterfly	butterfly_bluemorpo	0	1	1	1	1	1	1	false	1	0
3254	3258	0	81	Cow	cow	2	1	1	1	8	1	1	false	2	0
3255	3222	0	100	Goblin	goblin	2	1	1	1	5	1	1	false	1	0
3255	3249	0	100	Goblin	goblin	2	1	1	1	5	1	1	false	1	0
3255	3252	0	100	Goblin	goblin	2	1	1	1	5	1	1	false	1	0
3258	3220	0	100	Goblin	goblin	2	1	1	1	5	1	1	false	1	0
3258	3228	0	100	Goblin	goblin	2	1	1	1	5	1	1	false	1	0
3258	3245	0	100	Goblin	goblin	2	1	1	1	5	1	1	false	1	0
3258	3249	0	100	Goblin	goblin	2	1	1	1	5	1	1	false	1	0
3258	3260	0	81	Cow	cow	2	1	1	1	8	1	1	false	2	0
3259	3212	0	44	Duck	duck	1	1	1	1	3	1	1	false	1	0
3260	3233	0	100	Goblin	goblin	2	1	1	1	5	1	1	false	1	0
3260	3237	0	100	Goblin	goblin	2	1	1	1	5	1	1	false	1	0
3260	3240	0	100	Goblin	goblin	2	1	1	1	5	1	1	false	1	0
3261	3259	0	81	Cow	cow	2	1	1	1	8	1	1	false	2	0
3262	3218	0	100	Goblin	goblin	2	1	1	1	5	1	1	false	1	0
3206	3219	1	1	Man	man	2	1	1	1	7	1	1	false	1	0
3212	3220	1	741	Duke Horacio	duke_of_lumbridge	0	1	1	1	1	1	1	false	1	0
3202	3271	0	43	Sheep	sheepunsheered	0	1	1	1	1	1	1	false	1	0
3205	3266	0	43	Sheep	sheepunsheered	0	1	1	1	1	1	1	false	1	0
3210	3274	0	43	Sheep	sheepunsheered	0	1	1	1	1	1	1	false	1	0
3211	3322	0	44	Duck	duck	1	1	1	1	3	1	1	false	1	0
3214	3281	0	708	Imp	imp	2	1	1	1	8	1	1	false	1	0
3214	3313	0	45	Duck	duck_female	1	1	1	1	3	1	1	false	1	0
3214	3314	0	44	Duck	duck	1	1	1	1	3	1	1	false	1	0
3214	3318	0	44	Duck	duck	1	1	1	1	3	1	1	false	1	0
3214	3320	0	45	Duck	duck_female	1	1	1	1	3	1	1	false	1	0
3215	3276	0	101	Goblin	goblin_armed	5	3	4	1	12	1	1	false	1	0
3215	3303	0	45	Duck	duck_female	1	1	1	1	3	1	1	false	1	0
3216	3314	0	44	Duck	duck	1	1	1	1	3	1	1	false	1	0
3217	3278	0	101	Goblin	goblin_armed	5	3	4	1	12	1	1	false	1	0
3218	3287	0	44	Duck	duck	1	1	1	1	3	1	1	false	1	0
3219	3285	0	45	Duck	duck_female	1	1	1	1	3	1	1	false	1	0
3219	3288	0	45	Duck	duck_female	1	1	1	1	3	1	1	false	1	0
3223	3281	0	44	Duck	duck	1	1	1	1	3	1	1	false	1	0
3225	3300	0	41	Chicken	chicken	1	1	1	1	3	1	1	false	1	0
3227	3290	0	7	Farmer	farmer1	7	3	8	4	12	1	1	false	1	0
3228	3297	0	41	Chicken	chicken	1	1	1	1	3	1	1	false	1	0
3228	3299	0	41	Chicken	chicken	1	1	1	1	3	1	1	false	1	0
3230	3298	0	41	Chicken	chicken	1	1	1	1	3	1	1	false	1	0
3230	3299	0	41	Chicken	chicken	1	1	1	1	3	1	1	false	1	0
3231	3271	0	44	Duck	duck	1	1	1	1	3	1	1	false	1	0
3231	3297	0	41	Chicken	chicken	1	1	1	1	3	1	1	false	1	0
3231	3300	0	41	Chicken	chicken	1	1	1	1	3	1	1	false	1	0
3232	3299	0	41	Chicken	chicken	1	1	1	1	3	1	1	false	1	0
3233	3267	0	44	Duck	duck	1	1	1	1	3	1	1	false	1	0
3233	3270	0	44	Duck	duck	1	1	1	1	3	1	1	false	1	0
3233	3308	0	7	Farmer	farmer1	7	3	8	4	12	1	1	false	1	0
3234	3267	0	45	Duck	duck_female	1	1	1	1	3	1	1	false	1	0
3234	3268	0	45	Duck	duck_female	1	1	1	1	3	1	1	false	1	0
3235	3265	0	44	Duck	duck	1	1	1	1	3	1	1	false	1	0
3235	3298	0	41	Chicken	chicken	1	1	1	1	3	1	1	false	1	0
3240	3307	0	708	Imp	imp	2	1	1	1	8	1	1	false	1	0
3243	3295	0	81	Cow	cow	2	1	1	1	8	1	1	false	2	0
3244	3289	0	81	Cow	cow	2	1	1	1	8	1	1	false	2	0
3247	3284	0	81	Cow	cow	2	1	1	1	8	1	1	false	2	0
3255	3278	0	81	Cow	cow	2	1	1	1	8	1	1	false	2	0
3256	3292	0	81	Cow	cow	2	1	1	1	8	1	1	false	2	0
3261	3270	0	81	Cow	cow	2	1	1	1	8	1	1	false	2	0
3261	3292	0	81	Cow	cow	2	1	1	1	8	1	1	false	2	0
3262	3325	0	7	Farmer	farmer1	7	3	8	4	12	1	1	false	1	0
3205	3355	0	708	Imp	imp	2	1	1	1	8	1	1	false	1	0
3205	3379	0	9	Guard	guard1	21	19	14	18	22	1	1	false	1	0
3208	3391	0	641	Tramp	tramppg	0	1	1	1	1	1	1	false	1	0
3211	3378	0	9	Guard	guard1	21	19	14	18	22	1	1	false	1	0
3211	3381	0	9	Guard	guard1	21	19	14	18	22	1	1	false	1	0
3223	3367	0	174	Dark wizard	young_dark_wizard	7	5	5	2	12	1	6	false	1	5
3223	3372	0	174	Dark wizard	young_dark_wizard	7	5	5	2	12	1	6	false	1	5
3224	3370	0	174	Dark wizard	young_dark_wizard	7	5	5	2	12	1	6	false	1	5
3225	3365	0	174	Dark wizard	young_dark_wizard	7	5	5	2	12	1	6	false	1	5
3225	3374	0	172	Dark wizard	bearded_dark_wizard	20	17	14	17	24	1	22	false	1	5
3228	3373	0	174	Dark wizard	young_dark_wizard	7	5	5	2	12	1	6	false	1	5
3229	3369	0	879	Delrith	delrith	27	32	27	25	7	1	1	false	2	0
3230	3346	0	42	Sheep	sheepsheered	0	1	1	1	1	1	1	false	1	0
3230	3363	0	174	Dark wizard	young_dark_wizard	7	5	5	2	12	1	6	false	1	5
3230	3365	0	172	Dark wizard	bearded_dark_wizard	20	17	14	17	24	1	22	false	1	5
3230	3374	0	174	Dark wizard	young_dark_wizard	7	5	5	2	12	1	6	false	1	5
3230	3391	0	8	Thief	thief1	16	14	12	13	17	1	1	false	1	0
3232	3367	0	174	Dark wizard	young_dark_wizard	7	5	5	2	12	1	6	false	1	5
3232	3372	0	174	Dark wizard	young_dark_wizard	7	5	5	2	12	1	6	false	1	5
3233	3343	0	43	Sheep	sheepunsheered	0	1	1	1	1	1	1	false	1	0
3234	3349	0	42	Sheep	sheepsheered	0	1	1	1	1	1	1	false	1	0
3238	3345	0	42	Sheep	sheepsheered	0	1	1	1	1	1	1	false	1	0
3238	3349	0	43	Sheep	sheepunsheered	0	1	1	1	1	1	1	false	1	0
3238	3390	0	708	Imp	imp	2	1	1	1	8	1	1	false	1	0
3240	3342	0	42	Sheep	sheepsheered	0	1	1	1	1	1	1	false	1	0
3240	3345	0	7	Farmer	farmer1	7	3	8	4	12	1	1	false	1	0
3246	3343	0	43	Sheep	sheepunsheered	0	1	1	1	1	1	1	false	1	0
3246	3350	0	43	Sheep	sheepunsheered	0	1	1	1	1	1	1	false	1	0
3249	3391	0	175	Mugger	mugger	6	5	5	5	8	1	1	false	1	0
3253	3355	0	42	Sheep	sheepsheered	0	1	1	1	1	1	1	false	1	0
3259	3338	0	101	Goblin	goblin_armed	5	3	4	1	12	1	1	false	1	0
3262	3348	0	43	Sheep	sheepunsheered	0	1	1	1	1	1	1	false	1	0
3234	3385	1	2	Man	man2	2	1	1	1	7	1	1	false	1	0
3246	3384	1	643	Weaponsmaster	weaponsmaster	23	21	21	21	20	1	1	false	1	0
3203	3397	0	551	Shop keeper	swordshop1	0	1	1	1	1	1	1	false	1	0
3203	3424	0	882	Gypsy	aris	0	1	1	1	1	1	1	false	1	0
3203	3433	0	546	Zaff	zaff	0	1	1	1	1	1	1	false	1	0
3204	3417	0	548	Thessalia	thessalia	0	1	1	1	1	1	1	false	1	0
3205	3399	0	552	Shop assistant	swordshop2	0	1	1	1	1	1	1	false	1	0
3211	3425	0	639	Romeo	romeo	0	1	1	1	1	1	1	false	1	0
3217	3411	0	523	Shop assistant	generalassistant2	0	1	1	1	1	1	1	false	1	0
3218	3415	0	522	Shop keeper	generalshopkeeper2	0	1	1	1	1	1	1	false	1	0
3218	3435	0	547	Baraek	baraek	0	1	1	1	1	1	1	false	1	0
3221	3434	0	781	Shilop	shilop	0	1	1	1	1	1	1	true	1	0
3221	3435	0	783	Wilough	wilough	0	1	1	1	1	1	1	true	1	0
3223	3395	0	645	Jonny the beard	jonny_the_beard	2	1	1	1	8	1	1	false	1	0
3223	3398	0	1	Man	man	2	1	1	1	7	1	1	false	1	0
3223	3401	0	5	Woman	woman2	2	1	1	1	7	1	1	false	1	0
3225	3395	0	17	Barbarian woman	barbarian_woman	8	6	5	5	14	1	1	false	1	0
3226	3399	0	733	Bartender	bluemoon_bartender	0	1	1	1	1	1	1	false	1	0
3229	3438	0	549	Horvik	horvik_the_armourer	0	1	1	1	1	1	1	false	1	0
3232	3423	0	550	Lowe	lowe	0	1	1	1	1	1	1	false	1	0
3235	3401	0	11	Tramp	tramp	2	1	1	1	7	1	1	false	1	0
3237	3406	0	1	Man	man	2	1	1	1	7	1	1	false	1	0
3238	3392	0	61	Spider	spider	1	1	1	1	2	1	1	false	1	0
3238	3406	0	3	Man	man3	2	1	1	1	7	1	1	false	1	0
3243	3393	0	47	Rat	rat	1	1	1	1	2	1	1	false	1	0
3245	3395	0	1	Man	man	2	1	1	1	7	1	1	false	1	0
3252	3418	0	495	Banker	banker2	0	1	1	1	1	1	1	false	1	0
3253	3402	0	553	Aubury	aubury	0	1	1	1	1	1	1	false	1	0
3253	3418	0	494	Banker	banker1	0	1	1	1	1	1	1	false	1	0
3254	3417	0	495	Banker	banker2	0	1	1	1	1	1	1	false	1	0
3254	3418	0	494	Banker	banker1	0	1	1	1	1	1	1	false	1	0
3255	3445	0	646	Curator	curator	0	1	1	1	1	1	1	false	1	0
3256	3418	0	494	Banker	banker1	0	1	1	1	1	1	1	false	1	0
3261	3402	0	2	Man	man2	2	1	1	1	7	1	1	false	1	0
3263	3407	0	368	Guard	bioguard1	0	1	1	1	1	1	1	false	1	0
3231	3399	1	3	Man	man3	2	1	1	1	7	1	1	false	1	0
3202	3487	0	15	Warrior woman	warrior_woman	24	22	22	22	20	1	1	false	1	0
3204	3473	0	883	Sir Prysin	sir_prysin	0	1	1	1	1	1	1	false	1	0
3204	3496	0	9	Guard	guard1	21	19	14	18	22	1	1	false	1	0
3205	3487	0	15	Warrior woman	warrior_woman	24	22	22	22	20	1	1	false	1	0
3206	3462	0	9	Guard	guard1	21	19	14	18	22	1	1	false	1	0
3209	3495	0	647	Reldo	reldo	0	1	1	1	1	1	1	false	1	0
3211	3463	0	9	Guard	guard1	21	19	14	18	22	1	1	false	1	0
3212	3462	0	9	Guard	guard1	21	19	14	18	22	1	1	false	1	0
3213	3465	0	9	Guard	guard1	21	19	14	18	22	1	1	false	1	0
3213	3476	0	189	Monk of Zamorak	chaosmonk2	17	8	12	8	10	1	25	false	1	0
3213	3502	0	708	Imp	imp	2	1	1	1	8	1	1	false	1	0
3215	3464	0	9	Guard	guard1	21	19	14	18	22	1	1	false	1	0
3217	3461	0	9	Guard	guard1	21	19	14	18	22	1	1	false	1	0
3222	3476	0	648	King Roald	king_roald	0	1	1	1	1	1	1	false	1	0
3226	3515	0	178	Black Knight	black_knight	33	25	25	25	42	1	1	false	1	0
3230	3500	0	105	Bear	brownbear	21	17	15	18	27	1	1	false	2	0
3234	3506	0	708	Imp	imp	2	1	1	1	8	1	1	false	1	0
3234	3518	0	178	Black Knight	black_knight	33	25	25	25	42	1	1	false	1	0
3240	3500	0	9	Guard	guard1	21	19	14	18	22	1	1	false	1	0
3246	3458	0	708	Imp	imp	2	1	1	1	8	1	1	false	1	0
3246	3501	0	9	Guard	guard1	21	19	14	18	22	1	1	false	1	0
3254	3475	0	640	Father Lawrence	father_lawrence	0	1	1	1	1	1	1	false	1	0
3261	3514	0	708	Imp	imp	2	1	1	1	8	1	1	false	1	0
3201	3495	1	9	Guard	guard1	21	19	14	18	22	1	1	false	1	0
3204	3491	1	9	Guard	guard1	21	19	14	18	22	1	1	false	1	0
3205	3494	1	9	Guard	guard1	21	19	14	18	22	1	1	false	1	0
3205	3498	1	9	Guard	guard1	21	19	14	18	22	1	1	false	1	0
3204	3496	2	884	Captain Rovin	captain_rovin	0	1	1	1	1	1	1	false	1	0
3227	3533	0	87	Giant rat	giantrat1	6	6	2	5	10	1	1	false	2	0
3227	3547	0	87	Giant rat	giantrat1	6	6	2	5	10	1	1	false	2	0
3236	3549	0	87	Giant rat	giantrat1	6	6	2	5	10	1	1	false	2	0
3242	3530	0	87	Giant rat	giantrat1	6	6	2	5	10	1	1	false	2	0
3248	3553	0	87	Giant rat	giantrat1	6	6	2	5	10	1	1	false	2	0
3251	3528	0	87	Giant rat	giantrat1	6	6	2	5	10	1	1	false	2	0
3256	3541	0	87	Giant rat	giantrat1	6	6	2	5	10	1	1	false	2	0
3209	3672	0	133	Black unicorn	black_unicorn	27	21	23	23	29	1	1	true	2	0
3213	3673	0	133	Black unicorn	black_unicorn	27	21	23	23	29	1	1	true	2	0
3214	3670	0	133	Black unicorn	black_unicorn	27	21	23	23	29	1	1	true	2	0
3215	3677	0	133	Black unicorn	black_unicorn	27	21	23	23	29	1	1	true	2	0
3216	3683	0	133	Black unicorn	black_unicorn	27	21	23	23	29	1	1	true	2	0
3218	3675	0	133	Black unicorn	black_unicorn	27	21	23	23	29	1	1	true	2	0
3220	3681	0	133	Black unicorn	black_unicorn	27	21	23	23	29	1	1	true	2	0
3222	3685	0	133	Black unicorn	black_unicorn	27	21	23	23	29	1	1	true	2	0
3238	3668	0	133	Black unicorn	black_unicorn	27	21	23	23	29	1	1	true	2	0
3240	3670	0	133	Black unicorn	black_unicorn	27	21	23	23	29	1	1	true	2	0
3240	3673	0	133	Black unicorn	black_unicorn	27	21	23	23	29	1	1	true	2	0
3244	3670	0	133	Black unicorn	black_unicorn	27	21	23	23	29	1	1	true	2	0
3251	3677	0	47	Rat	rat	1	1	1	1	2	1	1	false	1	0
3252	3673	0	47	Rat	rat	1	1	1	1	2	1	1	false	1	0
3252	3676	0	47	Rat	rat	1	1	1	1	2	1	1	false	1	0
3257	3668	0	47	Rat	rat	1	1	1	1	2	1	1	false	1	0
3260	3670	0	47	Rat	rat	1	1	1	1	2	1	1	false	1	0
3261	3673	0	47	Rat	rat	1	1	1	1	2	1	1	false	1	0
3211	3741	0	92	Skeleton	skeleton_armed	22	15	17	18	29	1	1	false	1	0
3217	3738	0	92	Skeleton	skeleton_armed	22	15	17	18	29	1	1	false	1	0
3221	3742	0	92	Skeleton	skeleton_armed	22	15	17	18	29	1	1	false	1	0
3227	3746	0	92	Skeleton	skeleton_armed	22	15	17	18	29	1	1	false	1	0
3228	3739	0	92	Skeleton	skeleton_armed	22	15	17	18	29	1	1	false	1	0
3240	3741	0	92	Skeleton	skeleton_armed	22	15	17	18	29	1	1	false	1	0
3246	3745	0	92	Skeleton	skeleton_armed	22	15	17	18	29	1	1	false	1	0
3252	3737	0	92	Skeleton	skeleton_armed	22	15	17	18	29	1	1	false	1	0
3261	3736	0	92	Skeleton	skeleton_armed	22	15	17	18	29	1	1	false	1	0
3213	3819	0	53	Red dragon	red_dragon	152	130	130	130	140	1	1	false	4	0
3223	3830	0	53	Red dragon	red_dragon	152	130	130	130	140	1	1	false	4	0
3233	3783	0	119	Chaos dwarf	dwarf_chaos	48	38	28	42	61	1	1	false	1	0
3241	3796	0	119	Chaos dwarf	dwarf_chaos	48	38	28	42	61	1	1	false	1	0
3253	3782	0	119	Chaos dwarf	dwarf_chaos	48	38	28	42	61	1	1	false	1	0
3207	3919	0	95	Wolf	wolf	64	50	52	55	69	1	1	false	2	0
3218	3924	0	95	Wolf	wolf	64	50	52	55	69	1	1	false	2	0
3225	3943	0	107	Scorpion	scorpion	14	11	11	12	17	1	1	false	2	0
3229	3917	0	95	Wolf	wolf	64	50	52	55	69	1	1	false	2	0
3231	3940	0	107	Scorpion	scorpion	14	11	11	12	17	1	1	false	2	0
3235	3946	0	107	Scorpion	scorpion	14	11	11	12	17	1	1	false	2	0
3239	3942	0	107	Scorpion	scorpion	14	11	11	12	17	1	1	false	2	0
3241	3921	0	95	Wolf	wolf	64	50	52	55	69	1	1	false	2	0
3246	3945	0	107	Scorpion	scorpion	14	11	11	12	17	1	1	false	2	0
3249	3949	0	107	Scorpion	scorpion	14	11	11	12	17	1	1	false	2	0
3256	3954	0	107	Scorpion	scorpion	14	11	11	12	17	1	1	false	2	0
3266	9457	0	825	Male slave	mining_slave_male	0	1	1	1	1	1	1	false	1	0
3266	9459	0	825	Male slave	mining_slave_male	0	1	1	1	1	1	1	false	1	0
3267	9428	0	824	Female slave	mining_slave_female	0	1	1	1	1	1	1	false	1	0
3267	9431	0	825	Male slave	mining_slave_male	0	1	1	1	1	1	1	false	1	0
3267	9441	0	824	Female slave	mining_slave_female	0	1	1	1	1	1	1	false	1	0
3267	9443	0	825	Male slave	mining_slave_male	0	1	1	1	1	1	1	false	1	0
3268	9417	0	842	Rowdy Guard	rowdymineguard	43	32	32	32	60	0	0	false	1	0
3269	9420	0	825	Male slave	mining_slave_male	0	1	1	1	1	1	1	false	1	0
3270	9415	0	824	Female slave	mining_slave_female	0	1	1	1	1	1	1	false	1	0
3271	9450	0	825	Male slave	mining_slave_male	0	1	1	1	1	1	1	false	1	0
3272	9429	0	825	Male slave	mining_slave_male	0	1	1	1	1	1	1	false	1	0
3272	9433	0	824	Female slave	mining_slave_female	0	1	1	1	1	1	1	false	1	0
3272	9452	0	824	Female slave	mining_slave_female	0	1	1	1	1	1	1	false	1	0
3273	9420	0	827	Rowdy slave	slave_rowdy	10	7	7	7	16	0	0	false	1	0
3273	9422	0	824	Female slave	mining_slave_female	0	1	1	1	1	1	1	false	1	0
3273	9430	0	825	Male slave	mining_slave_male	0	1	1	1	1	1	1	false	1	0
3273	9460	0	824	Female slave	mining_slave_female	0	1	1	1	1	1	1	false	1	0
3274	9465	0	825	Male slave	mining_slave_male	0	1	1	1	1	1	1	false	1	0
3275	9459	0	824	Female slave	mining_slave_female	0	1	1	1	1	1	1	false	1	0
3276	9434	0	824	Female slave	mining_slave_female	0	1	1	1	1	1	1	false	1	0
3276	9464	0	825	Male slave	mining_slave_male	0	1	1	1	1	1	1	false	1	0
3277	9452	0	842	Rowdy Guard	rowdymineguard	43	32	32	32	60	0	0	false	1	0
3277	9454	0	824	Female slave	mining_slave_female	0	1	1	1	1	1	1	false	1	0
3279	9414	0	829	Mercenary	desertminingmercenary2	45	32	39	32	60	0	0	false	1	0
3279	9416	0	829	Mercenary	desertminingmercenary2	45	32	39	32	60	0	0	false	1	0
3281	9438	0	825	Male slave	mining_slave_male	0	1	1	1	1	1	1	false	1	0
3282	9446	0	825	Male slave	mining_slave_male	0	1	1	1	1	1	1	false	1	0
3286	9466	0	842	Rowdy Guard	rowdymineguard	43	32	32	32	60	0	0	false	1	0
3287	9414	0	842	Rowdy Guard	rowdymineguard	43	32	32	32	60	0	0	false	1	0
3287	9416	0	828	Mercenary	desertminingmercenary1	45	32	39	32	60	0	0	false	1	0
3288	9446	0	827	Rowdy slave	slave_rowdy	10	7	7	7	16	0	0	false	1	0
3289	9459	0	824	Female slave	mining_slave_female	0	1	1	1	1	1	1	false	1	0
3289	9468	0	824	Female slave	mining_slave_female	0	1	1	1	1	1	1	false	1	0
3290	9466	0	825	Male slave	mining_slave_male	0	1	1	1	1	1	1	false	1	0
3291	9423	0	829	Mercenary	desertminingmercenary2	45	32	39	32	60	0	0	false	1	0
3292	9460	0	825	Male slave	mining_slave_male	0	1	1	1	1	1	1	false	1	0
3293	9435	0	829	Mercenary	desertminingmercenary2	45	32	39	32	60	0	0	false	1	0
3295	9468	0	825	Male slave	mining_slave_male	0	1	1	1	1	1	1	false	1	0
3297	9426	0	824	Female slave	mining_slave_female	0	1	1	1	1	1	1	false	1	0
3297	9463	0	825	Male slave	mining_slave_male	0	1	1	1	1	1	1	false	1	0
3297	9468	0	824	Female slave	mining_slave_female	0	1	1	1	1	1	1	false	1	0
3298	9432	0	842	Rowdy Guard	rowdymineguard	43	32	32	32	60	0	0	false	1	0
3298	9438	0	825	Male slave	mining_slave_male	0	1	1	1	1	1	1	false	1	0
3299	9425	0	825	Male slave	mining_slave_male	0	1	1	1	1	1	1	false	1	0
3299	9467	0	828	Mercenary	desertminingmercenary1	45	32	39	32	60	0	0	false	1	0
3300	9453	0	825	Male slave	mining_slave_male	0	1	1	1	1	1	1	false	1	0
3301	9425	0	824	Female slave	mining_slave_female	0	1	1	1	1	1	1	false	1	0
3302	9466	0	822	Ana	ana	0	1	1	1	1	1	1	false	1	0
3303	9425	0	825	Male slave	mining_slave_male	0	1	1	1	1	1	1	false	1	0
3304	9451	0	825	Male slave	mining_slave_male	0	1	1	1	1	1	1	false	1	0
3305	9443	0	824	Female slave	mining_slave_female	0	1	1	1	1	1	1	false	1	0
3307	9457	0	825	Male slave	mining_slave_male	0	1	1	1	1	1	1	false	1	0
3314	9458	0	824	Female slave	mining_slave_female	0	1	1	1	1	1	1	false	1	0
3317	9441	0	842	Rowdy Guard	rowdymineguard	43	32	32	32	60	0	0	false	1	0
3320	9465	0	825	Male slave	mining_slave_male	0	1	1	1	1	1	1	false	1	0
3322	9426	0	824	Female slave	mining_slave_female	0	1	1	1	1	1	1	false	1	0
3323	9432	0	825	Male slave	mining_slave_male	0	1	1	1	1	1	1	false	1	0
3323	9439	0	825	Male slave	mining_slave_male	0	1	1	1	1	1	1	false	1	0
3269	9869	0	47	Rat	rat	1	1	1	1	2	1	1	false	1	0
3270	9914	0	91	Skeleton	skeleton_unagressive	21	17	17	17	24	1	1	false	1	0
3274	9873	0	47	Rat	rat	1	1	1	1	2	1	1	false	1	0
3274	9913	0	91	Skeleton	skeleton_unagressive	21	17	17	17	24	1	1	false	1	0
3275	9865	0	47	Rat	rat	1	1	1	1	2	1	1	false	1	0
3275	9909	0	91	Skeleton	skeleton_unagressive	21	17	17	17	24	1	1	false	1	0
3275	9911	0	91	Skeleton	skeleton_unagressive	21	17	17	17	24	1	1	false	1	0
3276	9871	0	47	Rat	rat	1	1	1	1	2	1	1	false	1	0
3277	9863	0	47	Rat	rat	1	1	1	1	2	1	1	false	1	0
3277	9872	0	47	Rat	rat	1	1	1	1	2	1	1	false	1	0
3279	9894	0	87	Giant rat	giantrat1	6	6	2	5	10	1	1	false	2	0
3283	9896	0	87	Giant rat	giantrat1	6	6	2	5	10	1	1	false	2	0
3264	3008	0	839	Desert Wolf	desert_wolf	27	20	22	21	34	0	0	false	1	0
3265	3031	0	828	Mercenary	desertminingmercenary1	45	32	39	32	60	0	0	false	1	0
3265	3066	0	839	Desert Wolf	desert_wolf	27	20	22	21	34	0	0	false	1	0
3266	3008	0	839	Desert Wolf	desert_wolf	27	20	22	21	34	0	0	false	1	0
3266	3010	0	839	Desert Wolf	desert_wolf	27	20	22	21	34	0	0	false	1	0
3266	3027	0	828	Mercenary	desertminingmercenary1	45	32	39	32	60	0	0	false	1	0
3267	3066	0	839	Desert Wolf	desert_wolf	27	20	22	21	34	0	0	false	1	0
3267	3068	0	839	Desert Wolf	desert_wolf	27	20	22	21	34	0	0	false	1	0
3268	3052	0	840	Ugthanki	ugthanki	42	35	35	35	45	0	0	false	2	0
3269	3031	0	828	Mercenary	desertminingmercenary1	45	32	39	32	60	0	0	false	1	0
3270	3027	0	828	Mercenary	desertminingmercenary1	45	32	39	32	60	0	0	false	1	0
3270	3029	0	830	Mercenary Captain	desertminingcaptain	47	32	32	29	80	0	0	false	1	0
3276	3026	0	829	Mercenary	desertminingmercenary2	45	32	39	32	60	0	0	false	1	0
3277	3030	0	829	Mercenary	desertminingmercenary2	45	32	39	32	60	0	0	false	1	0
3280	3026	0	842	Rowdy Guard	rowdymineguard	43	32	32	32	60	0	0	false	1	0
3281	3056	0	840	Ugthanki	ugthanki	42	35	35	35	45	0	0	false	2	0
3285	3066	0	839	Desert Wolf	desert_wolf	27	20	22	21	34	0	0	false	1	0
3287	3016	0	825	Male slave	mining_slave_male	0	1	1	1	1	1	1	false	1	0
3287	3022	0	841	Mine cart driver	mining_cart_driver	0	1	1	1	1	1	1	false	1	0
3287	3030	0	842	Rowdy Guard	rowdymineguard	43	32	32	32	60	0	0	false	1	0
3287	3065	0	839	Desert Wolf	desert_wolf	27	20	22	21	34	0	0	false	1	0
3287	3067	0	839	Desert Wolf	desert_wolf	27	20	22	21	34	0	0	false	1	0
3288	3018	0	828	Mercenary	desertminingmercenary1	45	32	39	32	60	0	0	false	1	0
3291	3035	0	828	Mercenary	desertminingmercenary1	45	32	39	32	60	0	0	false	1	0
3293	3016	0	825	Male slave	mining_slave_male	0	1	1	1	1	1	1	false	1	0
3296	3018	0	828	Mercenary	desertminingmercenary1	45	32	39	32	60	0	0	false	1	0
3296	3026	0	842	Rowdy Guard	rowdymineguard	43	32	32	32	60	0	0	false	1	0
3300	3016	0	824	Female slave	mining_slave_female	0	1	1	1	1	1	1	false	1	0
3301	3022	0	828	Mercenary	desertminingmercenary1	45	32	39	32	60	0	0	false	1	0
3302	3016	0	825	Male slave	mining_slave_male	0	1	1	1	1	1	1	false	1	0
3302	3030	0	825	Male slave	mining_slave_male	0	1	1	1	1	1	1	false	1	0
3303	3023	0	824	Female slave	mining_slave_female	0	1	1	1	1	1	1	false	1	0
3303	3025	0	825	Male slave	mining_slave_male	0	1	1	1	1	1	1	false	1	0
3303	3035	0	828	Mercenary	desertminingmercenary1	45	32	39	32	60	0	0	false	1	0
3307	3055	0	840	Ugthanki	ugthanki	42	35	35	35	45	0	0	false	2	0
3310	3068	0	839	Desert Wolf	desert_wolf	27	20	22	21	34	0	0	false	1	0
3310	3070	0	839	Desert Wolf	desert_wolf	27	20	22	21	34	0	0	false	1	0
3312	3068	0	839	Desert Wolf	desert_wolf	27	20	22	21	34	0	0	false	1	0
3318	3020	0	840	Ugthanki	ugthanki	42	35	35	35	45	0	0	false	2	0
3318	3040	0	840	Ugthanki	ugthanki	42	35	35	35	45	0	0	false	2	0
3320	3054	0	839	Desert Wolf	desert_wolf	27	20	22	21	34	0	0	false	1	0
3322	3011	0	839	Desert Wolf	desert_wolf	27	20	22	21	34	0	0	false	1	0
3322	3032	0	839	Desert Wolf	desert_wolf	27	20	22	21	34	0	0	false	1	0
3322	3052	0	839	Desert Wolf	desert_wolf	27	20	22	21	34	0	0	false	1	0
3323	3055	0	839	Desert Wolf	desert_wolf	27	20	22	21	34	0	0	false	1	0
3324	3013	0	839	Desert Wolf	desert_wolf	27	20	22	21	34	0	0	false	1	0
3324	3030	0	839	Desert Wolf	desert_wolf	27	20	22	21	34	0	0	false	1	0
3325	3010	0	839	Desert Wolf	desert_wolf	27	20	22	21	34	0	0	false	1	0
3325	3033	0	839	Desert Wolf	desert_wolf	27	20	22	21	34	0	0	false	1	0
3286	3036	1	828	Mercenary	desertminingmercenary1	45	32	39	32	60	0	0	false	1	0
3291	3032	1	831	Captain Siad	capt_siad	0	1	1	1	1	1	1	false	1	0
3267	3077	0	840	Ugthanki	ugthanki	42	35	35	35	45	0	0	false	2	0
3269	3110	0	840	Ugthanki	ugthanki	42	35	35	35	45	0	0	false	2	0
3275	3094	0	840	Ugthanki	ugthanki	42	35	35	35	45	0	0	false	2	0
3283	3084	0	839	Desert Wolf	desert_wolf	27	20	22	21	34	0	0	false	1	0
3283	3108	0	839	Desert Wolf	desert_wolf	27	20	22	21	34	0	0	false	1	0
3291	3078	0	840	Ugthanki	ugthanki	42	35	35	35	45	0	0	false	2	0
3291	3100	0	840	Ugthanki	ugthanki	42	35	35	35	45	0	0	false	2	0
3299	3124	0	837	Shantay Guard	shantay_guard	22	17	16	16	32	0	0	false	1	0
3303	3113	0	835	Irena	irena	0	1	1	1	1	1	1	false	1	0
3303	3118	0	838	Shantay Guard	shantay_guard_still	22	17	16	16	32	0	0	false	1	0
3304	3109	0	80	Camel	camel	0	1	1	1	1	1	1	false	2	0
3304	3123	0	836	Shantay	shantay	0	1	1	1	1	1	1	false	1	0
3305	3089	0	840	Ugthanki	ugthanki	42	35	35	35	45	0	0	false	2	0
3305	3129	0	837	Shantay Guard	shantay_guard	22	17	16	16	32	0	0	false	1	0
3307	3123	0	837	Shantay Guard	shantay_guard	22	17	16	16	32	0	0	false	1	0
3310	3076	0	839	Desert Wolf	desert_wolf	27	20	22	21	34	0	0	false	1	0
3318	3078	0	840	Ugthanki	ugthanki	42	35	35	35	45	0	0	false	2	0
3321	3104	0	840	Ugthanki	ugthanki	42	35	35	35	45	0	0	false	2	0
3323	3094	0	839	Desert Wolf	desert_wolf	27	20	22	21	34	0	0	false	1	0
3267	3164	0	496	Banker	kharidbanker1	0	1	1	1	1	1	1	false	1	0
3267	3166	0	497	Banker	kharidbanker2	0	1	1	1	1	1	1	false	1	0
3267	3167	0	496	Banker	kharidbanker1	0	1	1	1	1	1	1	false	1	0
3267	3168	0	497	Banker	kharidbanker2	0	1	1	1	1	1	1	false	1	0
3267	3169	0	496	Banker	kharidbanker1	0	1	1	1	1	1	1	false	1	0
3272	3182	0	543	Kebab seller	kebab_seller	0	1	1	1	1	1	1	false	1	0
3274	3167	0	80	Camel	camel	0	1	1	1	1	1	1	false	2	0
3276	3193	0	804	Tanner	tanner	0	1	1	1	1	1	1	false	1	0
3277	3187	0	16	Man	al_kharid_man	2	1	1	1	7	1	1	false	1	0
3280	3145	0	107	Scorpion	scorpion	14	11	11	12	17	1	1	false	2	0
3282	3176	0	18	Al-Kharid warrior	al_kharid_warrior	9	7	4	5	19	1	1	false	1	0
3284	3170	0	18	Al-Kharid warrior	al_kharid_warrior	9	7	4	5	19	1	1	false	1	0
3284	3174	0	18	Al-Kharid warrior	al_kharid_warrior	9	7	4	5	19	1	1	false	1	0
3284	3199	0	16	Man	al_kharid_man	2	1	1	1	7	1	1	false	1	0
3286	3180	0	924	Osman	osman	0	1	1	1	1	1	1	false	1	0
3288	3168	0	18	Al-Kharid warrior	al_kharid_warrior	9	7	4	5	19	1	1	false	1	0
3288	3190	0	541	Zeke	zeke	0	1	1	1	1	1	1	false	1	0
3292	3169	0	18	Al-Kharid warrior	al_kharid_warrior	9	7	4	5	19	1	1	false	1	0
3294	3196	0	16	Man	al_kharid_man	2	1	1	1	7	1	1	false	1	0
3295	3168	0	18	Al-Kharid warrior	al_kharid_warrior	9	7	4	5	19	1	1	false	1	0
3301	3170	0	18	Al-Kharid warrior	al_kharid_warrior	9	7	4	5	19	1	1	false	1	0
3301	3174	0	18	Al-Kharid warrior	al_kharid_warrior	9	7	4	5	19	1	1	false	1	0
3301	3177	0	18	Al-Kharid warrior	al_kharid_warrior	9	7	4	5	19	1	1	false	1	0
3302	3163	0	923	Hassan	hassan	0	1	1	1	1	1	1	false	1	0
3303	3199	0	16	Man	al_kharid_man	2	1	1	1	7	1	1	false	1	0
3316	3164	0	544	Ranael	ranael	0	1	1	1	1	1	1	false	1	0
3316	3175	0	542	Louie legs	louie_legs	0	1	1	1	1	1	1	false	1	0
3316	3182	0	525	Shop assistant	generalassistant3	0	1	1	1	1	1	1	false	1	0
3316	3184	0	524	Shop keeper	generalshopkeeper3	0	1	1	1	1	1	1	false	1	0
3319	3139	0	61	Spider	spider	1	1	1	1	2	1	1	false	1	0
3321	3139	0	177	Witch	witch2	25	25	25	25	10	1	30	false	1	5
3322	3141	0	61	Spider	spider	1	1	1	1	2	1	1	false	1	0
3322	3194	0	545	Dommik	dommik	0	1	1	1	1	1	1	false	1	0
3324	3138	0	61	Spider	spider	1	1	1	1	2	1	1	false	1	0
3267	3226	0	925	Border Guard	borderguard1	0	18	17	18	22	1	1	false	1	0
3267	3229	0	925	Border Guard	borderguard1	0	18	17	18	22	1	1	false	1	0
3268	3226	0	926	Border Guard	borderguard2	0	18	17	18	22	1	1	false	1	0
3268	3229	0	926	Border Guard	borderguard2	0	18	17	18	22	1	1	false	1	0
3284	3212	0	170	Gnome pilot	gnomepilot	0	1	1	1	1	1	1	false	1	0
3285	3201	0	80	Camel	camel	0	1	1	1	1	1	1	false	2	0
3288	3212	0	540	Gem trader	gem_trader	0	1	1	1	1	1	1	false	1	0
3290	3209	0	80	Camel	camel	0	1	1	1	1	1	1	false	2	0
3293	3205	0	16	Man	al_kharid_man	2	1	1	1	7	1	1	false	1	0
3296	3227	0	80	Camel	camel	0	1	1	1	1	1	1	false	2	0
3298	3206	0	16	Man	al_kharid_man	2	1	1	1	7	1	1	false	1	0
3299	3204	0	539	Silk trader	silk_trader	0	1	1	1	1	1	1	false	1	0
3311	3208	0	80	Camel	camel	0	1	1	1	1	1	1	false	2	0
3314	3240	0	957	Mubariz	duel_mubariz	0	1	1	1	1	1	1	false	1	0
3319	3250	0	47	Rat	rat	1	1	1	1	2	1	1	false	1	0
3292	3297	0	107	Scorpion	scorpion	14	11	11	12	17	1	1	false	2	0
3295	3285	0	663	Man	avan	0	1	1	1	1	1	1	false	1	0
3298	3299	0	107	Scorpion	scorpion	14	11	11	12	17	1	1	false	2	0
3298	3304	0	107	Scorpion	scorpion	14	11	11	12	17	1	1	false	2	0
3298	3311	0	107	Scorpion	scorpion	14	11	11	12	17	1	1	false	2	0
3299	3273	0	708	Imp	imp	2	1	1	1	8	1	1	false	1	0
3299	3288	0	107	Scorpion	scorpion	14	11	11	12	17	1	1	false	2	0
3300	3315	0	107	Scorpion	scorpion	14	11	11	12	17	1	1	false	2	0
3301	3278	0	107	Scorpion	scorpion	14	11	11	12	17	1	1	false	2	0
3302	3306	0	107	Scorpion	scorpion	14	11	11	12	17	1	1	false	2	0
3303	3292	0	107	Scorpion	scorpion	14	11	11	12	17	1	1	false	2	0
3310	3269	0	80	Camel	camel	0	1	1	1	1	1	1	false	2	0
3264	3383	0	87	Giant rat	giantrat1	6	6	2	5	10	1	1	false	2	0
3266	3381	0	87	Giant rat	giantrat1	6	6	2	5	10	1	1	false	2	0
3268	3389	0	341	Hops	drunk2	0	1	1	1	1	1	1	false	1	0
3270	3391	0	339	Chancy	gambler2	0	1	1	1	1	1	1	false	1	0
3274	3390	0	337	DeVinci	artist2	0	1	1	1	1	1	1	false	1	0
3281	3383	0	342	Guidor's wife	guidors_wife	0	1	1	1	1	1	1	false	1	0
3283	3355	0	89	Unicorn	unicorn	15	11	13	13	19	1	1	false	2	0
3285	3381	0	343	Guidor	guidor	0	1	1	1	1	1	1	false	1	0
3286	3349	0	89	Unicorn	unicorn	15	11	13	13	19	1	1	false	2	0
3292	3377	0	87	Giant rat	giantrat1	6	6	2	5	10	1	1	false	2	0
3296	3347	0	106	Bear	darkbear	19	15	13	16	25	1	1	false	2	0
3311	3375	0	101	Goblin	goblin_armed	5	3	4	1	12	1	1	false	1	0
3268	3393	0	732	Bartender	donkey_bartender	0	1	1	1	1	1	1	false	1	0
3271	3411	0	595	Tea seller	tea_seller	0	1	1	1	1	1	1	false	1	0
3271	3428	0	9	Guard	guard1	21	19	14	18	22	1	1	false	1	0
3273	3430	0	9	Guard	guard1	21	19	14	18	22	1	1	false	1	0
3275	3422	0	9	Guard	guard1	21	19	14	18	22	1	1	false	1	0
3275	3428	0	9	Guard	guard1	21	19	14	18	22	1	1	false	1	0
3279	3404	0	664	Dimintheis	dimintheis	0	1	1	1	1	1	1	false	1	0
3281	3398	0	554	Fancy dress shop owner	tailorp	0	1	1	1	1	1	1	false	1	0
3321	3431	0	170	Gnome pilot	gnomepilot	0	1	1	1	1	1	1	false	1	0
3277	3488	0	731	Bartender	jollyboar_bartender	0	1	1	1	1	1	1	false	1	0
3277	3492	0	756	Dr Harlow	dr_harlow	0	1	1	1	1	1	1	false	1	0
3277	3505	0	178	Black Knight	black_knight	33	25	25	25	42	1	1	false	1	0
3278	3502	0	5	Woman	woman2	2	1	1	1	7	1	1	false	1	0
3279	3496	0	4	Woman	woman	2	1	1	1	7	1	1	false	1	0
3283	3501	0	3	Man	man3	2	1	1	1	7	1	1	false	1	0
3285	3501	0	8	Thief	thief1	16	14	12	13	17	1	1	false	1	0
3298	3514	0	767	Crate	kittens_mew	0	1	1	1	1	1	1	true	1	0
3303	3506	0	767	Crate	kittens_mew	0	1	1	1	1	1	1	true	1	0
3305	3500	0	767	Crate	kittens_mew	0	1	1	1	1	1	1	true	1	0
3307	3507	0	767	Crate	kittens_mew	0	1	1	1	1	1	1	true	1	0
3310	3499	0	767	Crate	kittens_mew	0	1	1	1	1	1	1	true	1	0
3311	3511	0	767	Crate	kittens_mew	0	1	1	1	1	1	1	true	1	0
3279	3503	1	668	Johnathon	johnathon_fitzharmon	0	1	1	1	1	1	1	false	1	0
3306	3512	1	759	Gertrudes cat	gertrudescat	0	1	1	1	1	1	1	true	1	0
3272	3664	0	103	Ghost	ghost	19	13	18	13	25	1	1	false	1	0
3278	3663	0	103	Ghost	ghost	19	13	18	13	25	1	1	false	1	0
3279	3654	0	103	Ghost	ghost	19	13	18	13	25	1	1	false	1	0
3282	3662	0	103	Ghost	ghost	19	13	18	13	25	1	1	false	1	0
3288	3650	0	103	Ghost	ghost	19	13	18	13	25	1	1	false	1	0
3290	3653	0	103	Ghost	ghost	19	13	18	13	25	1	1	false	1	0
3300	3649	0	117	Giant	giant	28	18	26	22	35	1	1	false	2	0
3308	3661	0	117	Giant	giant	28	18	26	22	35	1	1	false	2	0
3264	3727	0	92	Skeleton	skeleton_armed	22	15	17	18	29	1	1	false	1	0
3267	3729	0	92	Skeleton	skeleton_armed	22	15	17	18	29	1	1	false	1	0
3272	3731	0	92	Skeleton	skeleton_armed	22	15	17	18	29	1	1	false	1	0
3274	3726	0	92	Skeleton	skeleton_armed	22	15	17	18	29	1	1	false	1	0
3280	3727	0	92	Skeleton	skeleton_armed	22	15	17	18	29	1	1	false	1	0
3310	3769	0	179	Black Knight	aggressive_black_knight	33	25	25	25	42	1	1	false	1	0
3313	3769	0	179	Black Knight	aggressive_black_knight	33	25	25	25	42	1	1	false	1	0
3268	3823	0	134	Poison spider	poisonspider	64	50	52	58	64	1	1	true	1	0
3269	3824	0	134	Poison spider	poisonspider	64	50	52	58	64	1	1	true	1	0
3270	3822	0	134	Poison spider	poisonspider	64	50	52	58	64	1	1	true	1	0
3271	3795	0	134	Poison spider	poisonspider	64	50	52	58	64	1	1	true	1	0
3271	3797	0	134	Poison spider	poisonspider	64	50	52	58	64	1	1	true	1	0
3272	3798	0	134	Poison spider	poisonspider	64	50	52	58	64	1	1	true	1	0
3273	3795	0	134	Poison spider	poisonspider	64	50	52	58	64	1	1	true	1	0
3275	3807	0	134	Poison spider	poisonspider	64	50	52	58	64	1	1	true	1	0
3276	3782	0	134	Poison spider	poisonspider	64	50	52	58	64	1	1	true	1	0
3276	3803	0	134	Poison spider	poisonspider	64	50	52	58	64	1	1	true	1	0
3276	3815	0	134	Poison spider	poisonspider	64	50	52	58	64	1	1	true	1	0
3277	3783	0	134	Poison spider	poisonspider	64	50	52	58	64	1	1	true	1	0
3278	3813	0	134	Poison spider	poisonspider	64	50	52	58	64	1	1	true	1	0
3278	3816	0	134	Poison spider	poisonspider	64	50	52	58	64	1	1	true	1	0
3278	3832	0	134	Poison spider	poisonspider	64	50	52	58	64	1	1	true	1	0
3280	3807	0	134	Poison spider	poisonspider	64	50	52	58	64	1	1	true	1	0
3280	3830	0	134	Poison spider	poisonspider	64	50	52	58	64	1	1	true	1	0
3281	3833	0	134	Poison spider	poisonspider	64	50	52	58	64	1	1	true	1	0
3283	3791	0	134	Poison spider	poisonspider	64	50	52	58	64	1	1	true	1	0
3285	3788	0	134	Poison spider	poisonspider	64	50	52	58	64	1	1	true	1	0
3285	3811	0	134	Poison spider	poisonspider	64	50	52	58	64	1	1	true	1	0
3286	3790	0	134	Poison spider	poisonspider	64	50	52	58	64	1	1	true	1	0
3286	3794	0	134	Poison spider	poisonspider	64	50	52	58	64	1	1	true	1	0
3286	3823	0	134	Poison spider	poisonspider	64	50	52	58	64	1	1	true	1	0
3288	3790	0	134	Poison spider	poisonspider	64	50	52	58	64	1	1	true	1	0
3288	3801	0	134	Poison spider	poisonspider	64	50	52	58	64	1	1	true	1	0
3290	3807	0	134	Poison spider	poisonspider	64	50	52	58	64	1	1	true	1	0
3290	3823	0	134	Poison spider	poisonspider	64	50	52	58	64	1	1	true	1	0
3292	3809	0	134	Poison spider	poisonspider	64	50	52	58	64	1	1	true	1	0
3293	3807	0	134	Poison spider	poisonspider	64	50	52	58	64	1	1	true	1	0
3293	3833	0	134	Poison spider	poisonspider	64	50	52	58	64	1	1	true	1	0
3294	3800	0	134	Poison spider	poisonspider	64	50	52	58	64	1	1	true	1	0
3294	3819	0	134	Poison spider	poisonspider	64	50	52	58	64	1	1	true	1	0
3294	3832	0	134	Poison spider	poisonspider	64	50	52	58	64	1	1	true	1	0
3295	3818	0	134	Poison spider	poisonspider	64	50	52	58	64	1	1	true	1	0
3295	3833	0	134	Poison spider	poisonspider	64	50	52	58	64	1	1	true	1	0
3297	3793	0	134	Poison spider	poisonspider	64	50	52	58	64	1	1	true	1	0
3297	3825	0	134	Poison spider	poisonspider	64	50	52	58	64	1	1	true	1	0
3299	3806	0	134	Poison spider	poisonspider	64	50	52	58	64	1	1	true	1	0
3300	3830	0	134	Poison spider	poisonspider	64	50	52	58	64	1	1	true	1	0
3302	3786	0	134	Poison spider	poisonspider	64	50	52	58	64	1	1	true	1	0
3303	3787	0	134	Poison spider	poisonspider	64	50	52	58	64	1	1	true	1	0
3303	3800	0	134	Poison spider	poisonspider	64	50	52	58	64	1	1	true	1	0
3304	3785	0	134	Poison spider	poisonspider	64	50	52	58	64	1	1	true	1	0
3305	3800	0	134	Poison spider	poisonspider	64	50	52	58	64	1	1	true	1	0
3305	3833	0	134	Poison spider	poisonspider	64	50	52	58	64	1	1	true	1	0
3306	3799	0	134	Poison spider	poisonspider	64	50	52	58	64	1	1	true	1	0
3306	3819	0	134	Poison spider	poisonspider	64	50	52	58	64	1	1	true	1	0
3306	3834	0	134	Poison spider	poisonspider	64	50	52	58	64	1	1	true	1	0
3307	3801	0	134	Poison spider	poisonspider	64	50	52	58	64	1	1	true	1	0
3307	3808	0	134	Poison spider	poisonspider	64	50	52	58	64	1	1	true	1	0
3307	3814	0	134	Poison spider	poisonspider	64	50	52	58	64	1	1	true	1	0
3308	3821	0	134	Poison spider	poisonspider	64	50	52	58	64	1	1	true	1	0
3310	3818	0	134	Poison spider	poisonspider	64	50	52	58	64	1	1	true	1	0
3317	3795	0	134	Poison spider	poisonspider	64	50	52	58	64	1	1	true	1	0
3318	3799	0	134	Poison spider	poisonspider	64	50	52	58	64	1	1	true	1	0
3319	3830	0	134	Poison spider	poisonspider	64	50	52	58	64	1	1	true	1	0
3320	3798	0	134	Poison spider	poisonspider	64	50	52	58	64	1	1	true	1	0
3321	3828	0	134	Poison spider	poisonspider	64	50	52	58	64	1	1	true	1	0
3321	3832	0	134	Poison spider	poisonspider	64	50	52	58	64	1	1	true	1	0
3322	3829	0	134	Poison spider	poisonspider	64	50	52	58	64	1	1	true	1	0
3323	3794	0	134	Poison spider	poisonspider	64	50	52	58	64	1	1	true	1	0
3282	3880	0	83	Greater demon	greater_demon	92	76	81	78	87	1	1	false	3	0
3287	3894	0	83	Greater demon	greater_demon	92	76	81	78	87	1	1	false	3	0
3296	3872	0	83	Greater demon	greater_demon	92	76	81	78	87	1	1	false	3	0
3304	3886	0	83	Greater demon	greater_demon	92	76	81	78	87	1	1	false	3	0
3311	3845	0	82	Lesser demon	lesser_demon	82	68	71	70	79	1	1	false	2	0
3324	3856	0	82	Lesser demon	lesser_demon	82	68	71	70	79	1	1	false	2	0
3276	3930	0	187	Rogue	rogue	15	13	13	13	17	1	1	false	1	0
3276	3933	0	187	Rogue	rogue	15	13	13	13	17	1	1	false	1	0
3278	3927	0	187	Rogue	rogue	15	13	13	13	17	1	1	false	1	0
3281	3934	0	187	Rogue	rogue	15	13	13	13	17	1	1	false	1	0
3284	3929	0	187	Rogue	rogue	15	13	13	13	17	1	1	false	1	0
3285	3933	0	187	Rogue	rogue	15	13	13	13	17	1	1	false	1	0
3285	3939	0	187	Rogue	rogue	15	13	13	13	17	1	1	false	1	0
3287	3930	0	187	Rogue	rogue	15	13	13	13	17	1	1	false	1	0
3291	3932	0	187	Rogue	rogue	15	13	13	13	17	1	1	false	1	0
3292	3924	0	187	Rogue	rogue	15	13	13	13	17	1	1	false	1	0
3288	3931	1	187	Rogue	rogue	15	13	13	13	17	1	1	false	1	0
3289	3930	1	187	Rogue	rogue	15	13	13	13	17	1	1	false	1	0
3286	3939	2	187	Rogue	rogue	15	13	13	13	17	1	1	false	1	0
3287	3929	2	187	Rogue	rogue	15	13	13	13	17	1	1	false	1	0
3289	3932	2	187	Rogue	rogue	15	13	13	13	17	1	1	false	1	0
3290	3931	2	187	Rogue	rogue	15	13	13	13	17	1	1	false	1	0
3293	3933	2	187	Rogue	rogue	15	13	13	13	17	1	1	false	1	0
3296	3934	2	187	Rogue	rogue	15	13	13	13	17	1	1	false	1	0
3281	3934	3	187	Rogue	rogue	15	13	13	13	17	1	1	false	1	0
3282	3938	3	187	Rogue	rogue	15	13	13	13	17	1	1	false	1	0
3352	9757	0	614	Digsite workman	digworkman2	0	1	1	1	1	1	1	false	1	0
3369	9749	0	90	Skeleton	skeleton_unarmed	25	24	24	24	17	1	1	false	1	0
3374	9749	0	90	Skeleton	skeleton_unarmed	25	24	24	24	17	1	1	false	1	0
3377	9752	0	90	Skeleton	skeleton_unarmed	25	24	24	24	17	1	1	false	1	0
3378	9744	0	90	Skeleton	skeleton_unarmed	25	24	24	24	17	1	1	false	1	0
3378	9755	0	90	Skeleton	skeleton_unarmed	25	24	24	24	17	1	1	false	1	0
3379	9749	0	90	Skeleton	skeleton_unarmed	25	24	24	24	17	1	1	false	1	0
3379	9758	0	90	Skeleton	skeleton_unarmed	25	24	24	24	17	1	1	false	1	0
3381	9757	0	90	Skeleton	skeleton_unarmed	25	24	24	24	17	1	1	false	1	0
3383	9754	0	90	Skeleton	skeleton_unarmed	25	24	24	24	17	1	1	false	1	0
3384	9747	0	90	Skeleton	skeleton_unarmed	25	24	24	24	17	1	1	false	1	0
3352	9821	0	614	Digsite workman	digworkman2	0	1	1	1	1	1	1	false	1	0
3369	9813	0	90	Skeleton	skeleton_unarmed	25	24	24	24	17	1	1	false	1	0
3374	9813	0	90	Skeleton	skeleton_unarmed	25	24	24	24	17	1	1	false	1	0
3377	9816	0	90	Skeleton	skeleton_unarmed	25	24	24	24	17	1	1	false	1	0
3378	9808	0	90	Skeleton	skeleton_unarmed	25	24	24	24	17	1	1	false	1	0
3378	9819	0	90	Skeleton	skeleton_unarmed	25	24	24	24	17	1	1	false	1	0
3379	9813	0	90	Skeleton	skeleton_unarmed	25	24	24	24	17	1	1	false	1	0
3379	9822	0	90	Skeleton	skeleton_unarmed	25	24	24	24	17	1	1	false	1	0
3381	9821	0	90	Skeleton	skeleton_unarmed	25	24	24	24	17	1	1	false	1	0
3383	9818	0	90	Skeleton	skeleton_unarmed	25	24	24	24	17	1	1	false	1	0
3384	9811	0	90	Skeleton	skeleton_unarmed	25	24	24	24	17	1	1	false	1	0
3329	3233	0	967	Dalal	duel_crowdfemale1	0	1	1	1	7	1	1	false	1	0
3329	3234	0	964	Ima	duel_crowdmale1	0	1	1	1	7	1	1	false	1	0
3359	3222	0	966	Jadid	duel_crowdmale3	0	1	1	1	7	1	1	false	1	0
3360	3242	0	965	Sabeil	duel_crowdmale2	0	1	1	1	7	1	1	false	1	0
3361	3242	0	969	Jeed	duel_crowdfemale3	0	1	1	1	7	1	1	false	1	0
3385	3204	0	968	Afrah	duel_crowdfemale2	0	1	1	1	7	1	1	false	1	0
3358	3276	0	962	Jaraah	duel_jaraah	0	1	1	1	1	1	1	false	1	0
3362	3273	0	959	A'abla	duel_nurse1	0	1	1	1	1	1	1	false	1	0
3368	3278	0	960	Sabreen	duel_nurse2	0	1	1	1	1	1	1	false	1	0
3372	3279	0	963	Zahwa	duel_injured1	0	1	1	1	1	1	1	false	1	0
3373	3272	0	961	Tafani	duel_nurse3	0	1	1	1	1	1	1	false	1	0
3375	3285	0	1008	Hamid	duel_monk	0	1	1	1	1	1	1	false	1	0
3383	3269	0	958	Fadli	duel_fadli	0	1	1	1	1	1	1	false	1	0
3355	3333	0	619	Archaeological expert	archaeological_expert	0	1	1	1	1	1	1	false	1	0
3356	3385	0	613	Digsite workman	digworkman1	0	1	1	1	1	1	1	false	1	0
3360	3343	0	618	Examiner	examiner	0	1	1	1	1	1	1	false	1	0
3364	3339	0	618	Examiner	examiner	0	1	1	1	1	1	1	false	1	0
3364	3342	0	618	Examiner	examiner	0	1	1	1	1	1	1	false	1	0
3370	3387	0	613	Digsite workman	digworkman1	0	1	1	1	1	1	1	false	1	0
3376	3377	0	620	Panning guide	panning_guide	0	1	1	1	1	1	1	false	1	0
3347	3412	0	613	Digsite workman	digworkman1	0	1	1	1	1	1	1	false	1	0
3348	3424	0	617	Student	student2	0	1	1	1	1	1	1	false	1	0
3348	3428	0	613	Digsite workman	digworkman1	0	1	1	1	1	1	1	false	1	0
3349	3410	0	616	Student	student3	0	1	1	1	1	1	1	false	1	0
3350	3401	0	613	Digsite workman	digworkman1	0	1	1	1	1	1	1	false	1	0
3354	3408	0	613	Digsite workman	digworkman1	0	1	1	1	1	1	1	false	1	0
3356	3406	0	615	Student	student1	0	1	1	1	1	1	1	false	1	0
3357	3415	0	613	Digsite workman	digworkman1	0	1	1	1	1	1	1	false	1	0
3358	3420	0	617	Student	student2	0	1	1	1	1	1	1	false	1	0
3359	3396	0	613	Digsite workman	digworkman1	0	1	1	1	1	1	1	false	1	0
3359	3401	0	615	Student	student1	0	1	1	1	1	1	1	false	1	0
3360	3409	0	616	Student	student3	0	1	1	1	1	1	1	false	1	0
3362	3408	0	613	Digsite workman	digworkman1	0	1	1	1	1	1	1	false	1	0
3362	3416	0	613	Digsite workman	digworkman1	0	1	1	1	1	1	1	false	1	0
3362	3423	0	613	Digsite workman	digworkman1	0	1	1	1	1	1	1	false	1	0
3363	3397	0	615	Student	student1	0	1	1	1	1	1	1	false	1	0
3364	3410	0	617	Student	student2	0	1	1	1	1	1	1	false	1	0
3365	3429	0	613	Digsite workman	digworkman1	0	1	1	1	1	1	1	false	1	0
3366	3407	0	613	Digsite workman	digworkman1	0	1	1	1	1	1	1	false	1	0
3366	3425	0	613	Digsite workman	digworkman1	0	1	1	1	1	1	1	false	1	0
3367	3432	0	617	Student	student2	0	1	1	1	1	1	1	false	1	0
3370	3416	0	616	Student	student3	0	1	1	1	1	1	1	false	1	0
3372	3401	0	613	Digsite workman	digworkman1	0	1	1	1	1	1	1	false	1	0
3373	3412	0	615	Student	student1	0	1	1	1	1	1	1	false	1	0
3373	3418	0	613	Digsite workman	digworkman1	0	1	1	1	1	1	1	false	1	0
3373	3432	0	616	Student	student3	0	1	1	1	1	1	1	false	1	0
3374	3430	0	613	Digsite workman	digworkman1	0	1	1	1	1	1	1	false	1	0
3341	3478	0	412	Bat	small_bat	6	5	5	5	8	1	1	false	1	0
3343	3484	0	412	Bat	small_bat	6	5	5	5	8	1	1	false	1	0
3345	3484	0	412	Bat	small_bat	6	5	5	5	8	1	1	false	1	0
3350	3493	0	412	Bat	small_bat	6	5	5	5	8	1	1	false	1	0
3353	3494	0	412	Bat	small_bat	6	5	5	5	8	1	1	false	1	0
3361	3484	0	412	Bat	small_bat	6	5	5	5	8	1	1	false	1	0
3364	3489	0	412	Bat	small_bat	6	5	5	5	8	1	1	false	1	0
3370	3497	0	412	Bat	small_bat	6	5	5	5	8	1	1	false	1	0
3379	3478	0	412	Bat	small_bat	6	5	5	5	8	1	1	false	1	0
3379	3484	0	412	Bat	small_bat	6	5	5	5	8	1	1	false	1	0
3387	3483	0	412	Bat	small_bat	6	5	5	5	8	1	1	false	1	0
3388	3494	0	412	Bat	small_bat	6	5	5	5	8	1	1	false	1	0
3389	3483	0	412	Bat	small_bat	6	5	5	5	8	1	1	false	1	0
3405	9902	0	1047	Temple guardian	priestperilguarddog	30	20	20	20	45	1	1	false	2	0
3440	9895	0	1049	Drezel	priestperiltrappedmonk2	0	1	1	1	1	1	1	false	1	0
3421	3291	0	1232	Myre Blamish Snail	mmsnailpoint_swamp	10	0	12	0	13	8	1	false	1	3
3423	3299	0	1232	Myre Blamish Snail	mmsnailpoint_swamp	10	0	12	0	13	8	1	false	1	3
3425	3278	0	1229	Ochre Blamish Snail	mmsnailround_yellow	10	0	18	0	10	7	1	false	1	3
3425	3317	0	1227	Myre Blamish Snail	mmsnailround_swamp	9	0	22	0	8	5	1	false	1	3
3426	3275	0	1234	Ochre Blamish Snail	mmsnailpoint_yellow	15	0	25	0	20	8	1	false	1	3
3426	3277	0	1229	Ochre Blamish Snail	mmsnailround_yellow	10	0	18	0	10	7	1	false	1	3
3426	3308	0	1232	Myre Blamish Snail	mmsnailpoint_swamp	10	0	12	0	13	8	1	false	1	3
3427	3319	0	1227	Myre Blamish Snail	mmsnailround_swamp	9	0	22	0	8	5	1	false	1	3
3429	3299	0	1232	Myre Blamish Snail	mmsnailpoint_swamp	10	0	12	0	13	8	1	false	1	3
3430	3291	0	1227	Myre Blamish Snail	mmsnailround_swamp	9	0	22	0	8	5	1	false	1	3
3430	3310	0	1231	Bark Blamish Snail	mmsnailround_orange	15	0	20	0	22	10	1	false	1	3
3430	3311	0	1231	Bark Blamish Snail	mmsnailround_orange	15	0	20	0	22	10	1	false	1	3
3431	3309	0	1234	Ochre Blamish Snail	mmsnailpoint_yellow	15	0	25	0	20	8	1	false	1	3
3432	3287	0	1232	Myre Blamish Snail	mmsnailpoint_swamp	10	0	12	0	13	8	1	false	1	3
3434	3286	0	1227	Myre Blamish Snail	mmsnailround_swamp	9	0	22	0	8	5	1	false	1	3
3437	3302	0	1232	Myre Blamish Snail	mmsnailpoint_swamp	10	0	12	0	13	8	1	false	1	3
3438	3290	0	1232	Myre Blamish Snail	mmsnailpoint_swamp	10	0	12	0	13	8	1	false	1	3
3438	3294	0	1227	Myre Blamish Snail	mmsnailround_swamp	9	0	22	0	8	5	1	false	1	3
3438	3311	0	1232	Myre Blamish Snail	mmsnailpoint_swamp	10	0	12	0	13	8	1	false	1	3
3438	3312	0	1229	Ochre Blamish Snail	mmsnailround_yellow	10	0	18	0	10	7	1	false	1	3
3439	3312	0	1231	Bark Blamish Snail	mmsnailround_orange	15	0	20	0	22	10	1	false	1	3
3443	3306	0	1227	Myre Blamish Snail	mmsnailround_swamp	9	0	22	0	8	5	1	false	1	3
3445	3284	0	1229	Ochre Blamish Snail	mmsnailround_yellow	10	0	18	0	10	7	1	false	1	3
3445	3286	0	1227	Myre Blamish Snail	mmsnailround_swamp	9	0	22	0	8	5	1	false	1	3
3447	3267	0	1234	Ochre Blamish Snail	mmsnailpoint_yellow	15	0	25	0	20	8	1	false	1	3
3447	3269	0	1229	Ochre Blamish Snail	mmsnailround_yellow	10	0	18	0	10	7	1	false	1	3
3447	3284	0	1232	Myre Blamish Snail	mmsnailpoint_swamp	10	0	12	0	13	8	1	false	1	3
3447	3286	0	1232	Myre Blamish Snail	mmsnailpoint_swamp	10	0	12	0	13	8	1	false	1	3
3448	3268	0	1231	Bark Blamish Snail	mmsnailround_orange	15	0	20	0	22	10	1	false	1	3
3448	3300	0	1232	Myre Blamish Snail	mmsnailpoint_swamp	10	0	12	0	13	8	1	false	1	3
3450	3308	0	1231	Bark Blamish Snail	mmsnailround_orange	15	0	20	0	22	10	1	false	1	3
3451	3291	0	1227	Myre Blamish Snail	mmsnailround_swamp	9	0	22	0	8	5	1	false	1	3
3451	3309	0	1227	Myre Blamish Snail	mmsnailround_swamp	9	0	22	0	8	5	1	false	1	3
3452	3307	0	1234	Ochre Blamish Snail	mmsnailpoint_yellow	15	0	25	0	20	8	1	false	1	3
3452	3308	0	1229	Ochre Blamish Snail	mmsnailround_yellow	10	0	18	0	10	7	1	false	1	3
3454	3309	0	1232	Myre Blamish Snail	mmsnailpoint_swamp	10	0	12	0	13	8	1	false	1	3
3401	3361	0	1052	Ghast	ghast_invis	0	22	18	22	45	1	1	false	2	0
3404	3371	0	1052	Ghast	ghast_invis	0	22	18	22	45	1	1	false	2	0
3406	3354	0	1052	Ghast	ghast_invis	0	22	18	22	45	1	1	false	2	0
3406	3386	0	1052	Ghast	ghast_invis	0	22	18	22	45	1	1	false	2	0
3407	3379	0	1052	Ghast	ghast_invis	0	22	18	22	45	1	1	false	2	0
3409	3369	0	1043	Willow the wisp	willothewisp	0	1	1	1	1	1	1	false	1	0
3409	3391	0	1227	Myre Blamish Snail	mmsnailround_swamp	9	0	22	0	8	5	1	false	1	3
3411	3361	0	1232	Myre Blamish Snail	mmsnailpoint_swamp	10	0	12	0	13	8	1	false	1	3
3411	3380	0	1052	Ghast	ghast_invis	0	22	18	22	45	1	1	false	2	0
3411	3387	0	1234	Ochre Blamish Snail	mmsnailpoint_yellow	15	0	25	0	20	8	1	false	1	3
3412	3357	0	1052	Ghast	ghast_invis	0	22	18	22	45	1	1	false	2	0
3414	3357	0	1227	Myre Blamish Snail	mmsnailround_swamp	9	0	22	0	8	5	1	false	1	3
3414	3365	0	1052	Ghast	ghast_invis	0	22	18	22	45	1	1	false	2	0
3415	3372	0	1052	Ghast	ghast_invis	0	22	18	22	45	1	1	false	2	0
3415	3390	0	1052	Ghast	ghast_invis	0	22	18	22	45	1	1	false	2	0
3416	3345	0	1052	Ghast	ghast_invis	0	22	18	22	45	1	1	false	2	0
3416	3362	0	1227	Myre Blamish Snail	mmsnailround_swamp	9	0	22	0	8	5	1	false	1	3
3416	3363	0	1232	Myre Blamish Snail	mmsnailpoint_swamp	10	0	12	0	13	8	1	false	1	3
3416	3371	0	1232	Myre Blamish Snail	mmsnailpoint_swamp	10	0	12	0	13	8	1	false	1	3
3417	3337	0	1052	Ghast	ghast_invis	0	22	18	22	45	1	1	false	2	0
3417	3368	0	1232	Myre Blamish Snail	mmsnailpoint_swamp	10	0	12	0	13	8	1	false	1	3
3417	3385	0	1052	Ghast	ghast_invis	0	22	18	22	45	1	1	false	2	0
3418	3356	0	1052	Ghast	ghast_invis	0	22	18	22	45	1	1	false	2	0
3419	3361	0	1052	Ghast	ghast_invis	0	22	18	22	45	1	1	false	2	0
3419	3370	0	1227	Myre Blamish Snail	mmsnailround_swamp	9	0	22	0	8	5	1	false	1	3
3420	3333	0	1052	Ghast	ghast_invis	0	22	18	22	45	1	1	false	2	0
3420	3349	0	1043	Willow the wisp	willothewisp	0	1	1	1	1	1	1	false	1	0
3422	3377	0	1234	Ochre Blamish Snail	mmsnailpoint_yellow	15	0	25	0	20	8	1	false	1	3
3423	3348	0	1052	Ghast	ghast_invis	0	22	18	22	45	1	1	false	2	0
3424	3337	0	1052	Ghast	ghast_invis	0	22	18	22	45	1	1	false	2	0
3426	3366	0	1052	Ghast	ghast_invis	0	22	18	22	45	1	1	false	2	0
3427	3377	0	1227	Myre Blamish Snail	mmsnailround_swamp	9	0	22	0	8	5	1	false	1	3
3427	3379	0	1052	Ghast	ghast_invis	0	22	18	22	45	1	1	false	2	0
3427	3389	0	1052	Ghast	ghast_invis	0	22	18	22	45	1	1	false	2	0
3429	3330	0	1052	Ghast	ghast_invis	0	22	18	22	45	1	1	false	2	0
3429	3352	0	1052	Ghast	ghast_invis	0	22	18	22	45	1	1	false	2	0
3430	3340	0	1043	Willow the wisp	willothewisp	0	1	1	1	1	1	1	false	1	0
3430	3344	0	1052	Ghast	ghast_invis	0	22	18	22	45	1	1	false	2	0
3430	3375	0	1229	Ochre Blamish Snail	mmsnailround_yellow	10	0	18	0	10	7	1	false	1	3
3430	3380	0	1232	Myre Blamish Snail	mmsnailpoint_swamp	10	0	12	0	13	8	1	false	1	3
3431	3366	0	1052	Ghast	ghast_invis	0	22	18	22	45	1	1	false	2	0
3435	3330	0	1043	Willow the wisp	willothewisp	0	1	1	1	1	1	1	false	1	0
3435	3359	0	1043	Willow the wisp	willothewisp	0	1	1	1	1	1	1	false	1	0
3436	3389	0	1052	Ghast	ghast_invis	0	22	18	22	45	1	1	false	2	0
3437	3374	0	1043	Willow the wisp	willothewisp	0	1	1	1	1	1	1	false	1	0
3439	3354	0	1231	Bark Blamish Snail	mmsnailround_orange	15	0	20	0	22	10	1	false	1	3
3441	3353	0	1234	Ochre Blamish Snail	mmsnailpoint_yellow	15	0	25	0	20	8	1	false	1	3
3441	3355	0	1227	Myre Blamish Snail	mmsnailround_swamp	9	0	22	0	8	5	1	false	1	3
3441	3364	0	1052	Ghast	ghast_invis	0	22	18	22	45	1	1	false	2	0
3443	3383	0	1052	Ghast	ghast_invis	0	22	18	22	45	1	1	false	2	0
3446	3385	0	1043	Willow the wisp	willothewisp	0	1	1	1	1	1	1	false	1	0
3447	3388	0	1043	Willow the wisp	willothewisp	0	1	1	1	1	1	1	false	1	0
3447	3391	0	1052	Ghast	ghast_invis	0	22	18	22	45	1	1	false	2	0
3449	3345	0	1052	Ghast	ghast_invis	0	22	18	22	45	1	1	false	2	0
3450	3370	0	1043	Willow the wisp	willothewisp	0	1	1	1	1	1	1	false	1	0
3450	3387	0	1043	Willow the wisp	willothewisp	0	1	1	1	1	1	1	false	1	0
3451	3336	0	1043	Willow the wisp	willothewisp	0	1	1	1	1	1	1	false	1	0
3452	3355	0	1043	Willow the wisp	willothewisp	0	1	1	1	1	1	1	false	1	0
3453	3357	0	1052	Ghast	ghast_invis	0	22	18	22	45	1	1	false	2	0
3453	3386	0	1052	Ghast	ghast_invis	0	22	18	22	45	1	1	false	2	0
3454	3346	0	1052	Ghast	ghast_invis	0	22	18	22	45	1	1	false	2	0
3454	3369	0	1052	Ghast	ghast_invis	0	22	18	22	45	1	1	false	2	0
3410	3398	0	1052	Ghast	ghast_invis	0	22	18	22	45	1	1	false	2	0
3413	3410	0	1227	Myre Blamish Snail	mmsnailround_swamp	9	0	22	0	8	5	1	false	1	3
3413	3423	0	1052	Ghast	ghast_invis	0	22	18	22	45	1	1	false	2	0
3413	3443	0	1052	Ghast	ghast_invis	0	22	18	22	45	1	1	false	2	0
3414	3418	0	1052	Ghast	ghast_invis	0	22	18	22	45	1	1	false	2	0
3415	3407	0	1052	Ghast	ghast_invis	0	22	18	22	45	1	1	false	2	0
3415	3432	0	1052	Ghast	ghast_invis	0	22	18	22	45	1	1	false	2	0
3418	3420	0	1043	Willow the wisp	willothewisp	0	1	1	1	1	1	1	false	1	0
3419	3395	0	1052	Ghast	ghast_invis	0	22	18	22	45	1	1	false	2	0
3419	3413	0	1052	Ghast	ghast_invis	0	22	18	22	45	1	1	false	2	0
3420	3425	0	1052	Ghast	ghast_invis	0	22	18	22	45	1	1	false	2	0
3420	3435	0	1052	Ghast	ghast_invis	0	22	18	22	45	1	1	false	2	0
3420	3440	0	1052	Ghast	ghast_invis	0	22	18	22	45	1	1	false	2	0
3421	3408	0	1227	Myre Blamish Snail	mmsnailround_swamp	9	0	22	0	8	5	1	false	1	3
3422	3395	0	1052	Ghast	ghast_invis	0	22	18	22	45	1	1	false	2	0
3422	3406	0	1229	Ochre Blamish Snail	mmsnailround_yellow	10	0	18	0	10	7	1	false	1	3
3423	3408	0	1227	Myre Blamish Snail	mmsnailround_swamp	9	0	22	0	8	5	1	false	1	3
3424	3403	0	1052	Ghast	ghast_invis	0	22	18	22	45	1	1	false	2	0
3424	3427	0	1229	Ochre Blamish Snail	mmsnailround_yellow	10	0	18	0	10	7	1	false	1	3
3424	3452	0	1043	Willow the wisp	willothewisp	0	1	1	1	1	1	1	false	1	0
3425	3395	0	1052	Ghast	ghast_invis	0	22	18	22	45	1	1	false	2	0
3425	3424	0	1227	Myre Blamish Snail	mmsnailround_swamp	9	0	22	0	8	5	1	false	1	3
3426	3419	0	1052	Ghast	ghast_invis	0	22	18	22	45	1	1	false	2	0
3427	3431	0	1052	Ghast	ghast_invis	0	22	18	22	45	1	1	false	2	0
3428	3395	0	1052	Ghast	ghast_invis	0	22	18	22	45	1	1	false	2	0
3428	3400	0	1229	Ochre Blamish Snail	mmsnailround_yellow	10	0	18	0	10	7	1	false	1	3
3428	3409	0	1043	Willow the wisp	willothewisp	0	1	1	1	1	1	1	false	1	0
3428	3445	0	1052	Ghast	ghast_invis	0	22	18	22	45	1	1	false	2	0
3429	3436	0	1052	Ghast	ghast_invis	0	22	18	22	45	1	1	false	2	0
3432	3419	0	1052	Ghast	ghast_invis	0	22	18	22	45	1	1	false	2	0
3432	3445	0	1052	Ghast	ghast_invis	0	22	18	22	45	1	1	false	2	0
3433	3416	0	1043	Willow the wisp	willothewisp	0	1	1	1	1	1	1	false	1	0
3434	3394	0	1043	Willow the wisp	willothewisp	0	1	1	1	1	1	1	false	1	0
3436	3407	0	1043	Willow the wisp	willothewisp	0	1	1	1	1	1	1	false	1	0
3437	3401	0	1052	Ghast	ghast_invis	0	22	18	22	45	1	1	false	2	0
3437	3435	0	1052	Ghast	ghast_invis	0	22	18	22	45	1	1	false	2	0
3438	3414	0	1043	Willow the wisp	willothewisp	0	1	1	1	1	1	1	false	1	0
3439	3398	0	1229	Ochre Blamish Snail	mmsnailround_yellow	10	0	18	0	10	7	1	false	1	3
3439	3449	0	1043	Willow the wisp	willothewisp	0	1	1	1	1	1	1	false	1	0
3441	3415	0	1052	Ghast	ghast_invis	0	22	18	22	45	1	1	false	2	0
3441	3428	0	1052	Ghast	ghast_invis	0	22	18	22	45	1	1	false	2	0
3442	3395	0	1052	Ghast	ghast_invis	0	22	18	22	45	1	1	false	2	0
3442	3405	0	1227	Myre Blamish Snail	mmsnailround_swamp	9	0	22	0	8	5	1	false	1	3
3443	3432	0	1052	Ghast	ghast_invis	0	22	18	22	45	1	1	false	2	0
3444	3406	0	1052	Ghast	ghast_invis	0	22	18	22	45	1	1	false	2	0
3445	3394	0	1052	Ghast	ghast_invis	0	22	18	22	45	1	1	false	2	0
3446	3405	0	1229	Ochre Blamish Snail	mmsnailround_yellow	10	0	18	0	10	7	1	false	1	3
3446	3439	0	1043	Willow the wisp	willothewisp	0	1	1	1	1	1	1	false	1	0
3448	3393	0	1052	Ghast	ghast_invis	0	22	18	22	45	1	1	false	2	0
3450	3423	0	1052	Ghast	ghast_invis	0	22	18	22	45	1	1	false	2	0
3450	3430	0	1052	Ghast	ghast_invis	0	22	18	22	45	1	1	false	2	0
3451	3396	0	1052	Ghast	ghast_invis	0	22	18	22	45	1	1	false	2	0
3453	3395	0	1052	Ghast	ghast_invis	0	22	18	22	45	1	1	false	2	0
3453	3436	0	1052	Ghast	ghast_invis	0	22	18	22	45	1	1	false	2	0
3454	3410	0	1043	Willow the wisp	willothewisp	0	1	1	1	1	1	1	false	1	0
3454	3414	0	1052	Ghast	ghast_invis	0	22	18	22	45	1	1	false	2	0
3454	3423	0	1043	Willow the wisp	willothewisp	0	1	1	1	1	1	1	false	1	0
3410	3484	0	1044	Monk of Zamorak	priestperilevilmonk1	22	18	22	18	20	1	25	false	1	0
3410	3493	0	1044	Monk of Zamorak	priestperilevilmonk1	22	18	22	18	20	1	25	false	1	0
3411	3489	0	1046	Monk of Zamorak	priestperilevilmonk3	30	25	25	25	25	1	40	false	1	0
3412	3512	0	1218	Ghoul	ghoul	42	30	30	40	50	1	1	false	1	0
3412	3515	0	1218	Ghoul	ghoul	42	30	30	40	50	1	1	false	1	0
3413	3514	0	1219	Leech	vampire_leech	52	80	35	20	45	1	1	false	1	0
3414	3512	0	1218	Ghoul	ghoul	42	30	30	40	50	1	1	false	1	0
3415	3485	0	1046	Monk of Zamorak	priestperilevilmonk3	30	25	25	25	25	1	40	false	1	0
3415	3489	0	1045	Monk of Zamorak	priestperilevilmonk2	17	8	12	8	10	1	25	false	1	0
3415	3518	0	1218	Ghoul	ghoul	42	30	30	40	50	1	1	false	1	0
3416	3509	0	1218	Ghoul	ghoul	42	30	30	40	50	1	1	false	1	0
3416	3511	0	1218	Ghoul	ghoul	42	30	30	40	50	1	1	false	1	0
3417	3518	0	1218	Ghoul	ghoul	42	30	30	40	50	1	1	false	1	0
3418	3509	0	1218	Ghoul	ghoul	42	30	30	40	50	1	1	false	1	0
3419	3512	0	1218	Ghoul	ghoul	42	30	30	40	50	1	1	false	1	0
3420	3517	0	1218	Ghoul	ghoul	42	30	30	40	50	1	1	false	1	0
3420	3518	0	1218	Ghoul	ghoul	42	30	30	40	50	1	1	false	1	0
3423	3461	0	1218	Ghoul	ghoul	42	30	30	40	50	1	1	false	1	0
3426	3465	0	1218	Ghoul	ghoul	42	30	30	40	50	1	1	false	1	0
3427	3463	0	1218	Ghoul	ghoul	42	30	30	40	50	1	1	false	1	0
3428	3458	0	1218	Ghoul	ghoul	42	30	30	40	50	1	1	false	1	0
3428	3465	0	1218	Ghoul	ghoul	42	30	30	40	50	1	1	false	1	0
3430	3462	0	1218	Ghoul	ghoul	42	30	30	40	50	1	1	false	1	0
3430	3467	0	1218	Ghoul	ghoul	42	30	30	40	50	1	1	false	1	0
3433	3458	0	1218	Ghoul	ghoul	42	30	30	40	50	1	1	false	1	0
3433	3468	0	1218	Ghoul	ghoul	42	30	30	40	50	1	1	false	1	0
3434	3464	0	1218	Ghoul	ghoul	42	30	30	40	50	1	1	false	1	0
3444	3459	0	1054	Ulizius	mort_myre_gate_guard	0	1	1	1	1	1	1	false	1	0
3411	3485	1	1045	Monk of Zamorak	priestperilevilmonk2	17	8	12	8	10	1	25	false	1	0
3412	3489	1	1044	Monk of Zamorak	priestperilevilmonk1	22	18	22	18	20	1	25	false	1	0
3414	3487	1	1044	Monk of Zamorak	priestperilevilmonk1	22	18	22	18	20	1	25	false	1	0
3415	3489	1	1045	Monk of Zamorak	priestperilevilmonk2	17	8	12	8	10	1	25	false	1	0
3416	3491	1	1046	Monk of Zamorak	priestperilevilmonk3	30	25	25	25	25	1	40	false	1	0
3417	3489	2	1048	Drezel	priestperiltrappedmonk	0	1	1	1	1	1	1	false	1	0
3472	9490	0	1161	Kalphite Larva	kalphite_larva	0	1	1	1	1	1	1	false	1	5
3474	9496	0	1158	Kalphite Queen	kalphite_queen	333	300	300	300	255	1	150	false	5	15
3475	9504	0	1161	Kalphite Larva	kalphite_larva	0	1	1	1	1	1	1	false	1	5
3484	9510	0	1161	Kalphite Larva	kalphite_larva	0	1	1	1	1	1	1	false	1	5
3491	9498	0	1161	Kalphite Larva	kalphite_larva	0	1	1	1	1	1	1	false	1	5
3493	9492	0	1161	Kalphite Larva	kalphite_larva	0	1	1	1	1	1	1	false	1	5
3495	9489	0	1157	Kalphite Guardian	kalphite_lord_chamber	141	110	110	110	170	1	1	false	4	0
3495	9508	0	1161	Kalphite Larva	kalphite_larva	0	1	1	1	1	1	1	false	1	5
3496	9502	0	1157	Kalphite Guardian	kalphite_lord_chamber	141	110	110	110	170	1	1	false	4	0
3463	9481	2	1154	Kalphite Soldier	kalphite_soldier	85	70	70	70	90	1	1	false	3	0
3465	9486	2	1154	Kalphite Soldier	kalphite_soldier	85	70	70	70	90	1	1	false	3	0
3465	9502	2	1153	Kalphite Worker	kalphite_worker	28	20	20	20	40	1	1	false	2	0
3466	9476	2	1154	Kalphite Soldier	kalphite_soldier	85	70	70	70	90	1	1	false	3	0
3467	9485	2	1161	Kalphite Larva	kalphite_larva	0	1	1	1	1	1	1	false	1	5
3467	9489	2	1154	Kalphite Soldier	kalphite_soldier	85	70	70	70	90	1	1	false	3	0
3467	9503	2	1161	Kalphite Larva	kalphite_larva	0	1	1	1	1	1	1	false	1	5
3469	9481	2	1154	Kalphite Soldier	kalphite_soldier	85	70	70	70	90	1	1	false	3	0
3472	9516	2	1153	Kalphite Worker	kalphite_worker	28	20	20	20	40	1	1	false	2	0
3477	9501	2	1154	Kalphite Soldier	kalphite_soldier	85	70	70	70	90	1	1	false	3	0
3479	9478	2	1153	Kalphite Worker	kalphite_worker	28	20	20	20	40	1	1	false	2	0
3482	9526	2	1153	Kalphite Worker	kalphite_worker	28	20	20	20	40	1	1	false	2	0
3486	9500	2	1161	Kalphite Larva	kalphite_larva	0	1	1	1	1	1	1	false	1	5
3488	9490	2	1153	Kalphite Worker	kalphite_worker	28	20	20	20	40	1	1	false	2	0
3493	9510	2	1153	Kalphite Worker	kalphite_worker	28	20	20	20	40	1	1	false	2	0
3494	9491	2	1154	Kalphite Soldier	kalphite_soldier	85	70	70	70	90	1	1	false	3	0
3495	9501	2	1153	Kalphite Worker	kalphite_worker	28	20	20	20	40	1	1	false	2	0
3497	9476	2	1153	Kalphite Worker	kalphite_worker	28	20	20	20	40	1	1	false	2	0
3499	9511	2	1153	Kalphite Worker	kalphite_worker	28	20	20	20	40	1	1	false	2	0
3500	9520	2	1153	Kalphite Worker	kalphite_worker	28	20	20	20	40	1	1	false	2	0
3503	9527	2	1153	Kalphite Worker	kalphite_worker	28	20	20	20	40	1	1	false	2	0
3505	9493	2	1155	Kalphite Guardian	kalphite_lord	141	110	110	110	170	1	1	false	4	0
3505	9520	2	1153	Kalphite Worker	kalphite_worker	28	20	20	20	40	1	1	false	2	0
3505	9524	2	1161	Kalphite Larva	kalphite_larva	0	1	1	1	1	1	1	false	1	5
3508	9525	2	1153	Kalphite Worker	kalphite_worker	28	20	20	20	40	1	1	false	2	0
3511	9499	2	1155	Kalphite Guardian	kalphite_lord	141	110	110	110	170	1	1	false	4	0
3458	9702	0	1249	Fiyr Shadow	shadeshadow_level5	120	120	85	100	110	0	0	false	1	0
3458	9711	0	1249	Fiyr Shadow	shadeshadow_level5	120	120	85	100	110	0	0	false	1	0
3458	9720	0	1249	Fiyr Shadow	shadeshadow_level5	120	120	85	100	110	0	0	false	1	0
3459	9666	0	1247	Asyn Shadow	shadeshadow_level4	100	102	70	84	90	0	0	false	1	0
3459	9711	0	1249	Fiyr Shadow	shadeshadow_level5	120	120	85	100	110	0	0	false	1	0
3460	9673	0	1247	Asyn Shadow	shadeshadow_level4	100	102	70	84	90	0	0	false	1	0
3460	9680	0	1247	Asyn Shadow	shadeshadow_level4	100	102	70	84	90	0	0	false	1	0
3460	9687	0	1247	Asyn Shadow	shadeshadow_level4	100	102	70	84	90	0	0	false	1	0
3463	9698	0	1249	Fiyr Shadow	shadeshadow_level5	120	120	85	100	110	0	0	false	1	0
3463	9711	0	1249	Fiyr Shadow	shadeshadow_level5	120	120	85	100	110	0	0	false	1	0
3463	9723	0	1249	Fiyr Shadow	shadeshadow_level5	120	120	85	100	110	0	0	false	1	0
3464	9715	0	1249	Fiyr Shadow	shadeshadow_level5	120	120	85	100	110	0	0	false	1	0
3468	9676	0	1247	Asyn Shadow	shadeshadow_level4	100	102	70	84	90	0	0	false	1	0
3469	9671	0	1247	Asyn Shadow	shadeshadow_level4	100	102	70	84	90	0	0	false	1	0
3469	9683	0	1247	Asyn Shadow	shadeshadow_level4	100	102	70	84	90	0	0	false	1	0
3469	9725	0	1243	Phrin Shadow	shadeshadow_level2	60	64	42	47	56	0	0	false	1	0
3470	9687	0	1247	Asyn Shadow	shadeshadow_level4	100	102	70	84	90	0	0	false	1	0
3470	9705	0	1245	Riyl Shadow	shadeshadow_level3	80	88	60	55	76	0	0	false	1	0
3471	9717	0	1245	Riyl Shadow	shadeshadow_level3	80	88	60	55	76	0	0	false	1	0
3474	9714	0	1245	Riyl Shadow	shadeshadow_level3	80	88	60	55	76	0	0	false	1	0
3474	9722	0	1243	Phrin Shadow	shadeshadow_level2	60	64	42	47	56	0	0	false	1	0
3477	9667	0	1247	Asyn Shadow	shadeshadow_level4	100	102	70	84	90	0	0	false	1	0
3477	9674	0	1247	Asyn Shadow	shadeshadow_level4	100	102	70	84	90	0	0	false	1	0
3477	9681	0	1247	Asyn Shadow	shadeshadow_level4	100	102	70	84	90	0	0	false	1	0
3478	9706	0	1245	Riyl Shadow	shadeshadow_level3	80	88	60	55	76	0	0	false	1	0
3481	9724	0	1243	Phrin Shadow	shadeshadow_level2	60	64	42	47	56	0	0	false	1	0
3482	9717	0	1245	Riyl Shadow	shadeshadow_level3	80	88	60	55	76	0	0	false	1	0
3484	9667	0	1247	Asyn Shadow	shadeshadow_level4	100	102	70	84	90	0	0	false	1	0
3484	9707	0	1245	Riyl Shadow	shadeshadow_level3	80	88	60	55	76	0	0	false	1	0
3485	9674	0	1247	Asyn Shadow	shadeshadow_level4	100	102	70	84	90	0	0	false	1	0
3485	9681	0	1247	Asyn Shadow	shadeshadow_level4	100	102	70	84	90	0	0	false	1	0
3485	9721	0	1243	Phrin Shadow	shadeshadow_level2	60	64	42	47	56	0	0	false	1	0
3486	9713	0	1245	Riyl Shadow	shadeshadow_level3	80	88	60	55	76	0	0	false	1	0
3486	9724	0	1243	Phrin Shadow	shadeshadow_level2	60	64	42	47	56	0	0	false	1	0
3488	9704	0	1245	Riyl Shadow	shadeshadow_level3	80	88	60	55	76	0	0	false	1	0
3491	9724	0	1243	Phrin Shadow	shadeshadow_level2	60	64	42	47	56	0	0	false	1	0
3493	9677	0	1247	Asyn Shadow	shadeshadow_level4	100	102	70	84	90	0	0	false	1	0
3494	9667	0	1247	Asyn Shadow	shadeshadow_level4	100	102	70	84	90	0	0	false	1	0
3494	9682	0	1247	Asyn Shadow	shadeshadow_level4	100	102	70	84	90	0	0	false	1	0
3494	9688	0	1247	Asyn Shadow	shadeshadow_level4	100	102	70	84	90	0	0	false	1	0
3494	9707	0	1245	Riyl Shadow	shadeshadow_level3	80	88	60	55	76	0	0	false	1	0
3494	9722	0	1243	Phrin Shadow	shadeshadow_level2	60	64	42	47	56	0	0	false	1	0
3497	9673	0	1247	Asyn Shadow	shadeshadow_level4	100	102	70	84	90	0	0	false	1	0
3498	9683	0	1247	Asyn Shadow	shadeshadow_level4	100	102	70	84	90	0	0	false	1	0
3498	9715	0	1245	Riyl Shadow	shadeshadow_level3	80	88	60	55	76	0	0	false	1	0
3499	9722	0	1243	Phrin Shadow	shadeshadow_level2	60	64	42	47	56	0	0	false	1	0
3499	9723	0	1243	Phrin Shadow	shadeshadow_level2	60	64	42	47	56	0	0	false	1	0
3500	9706	0	1245	Riyl Shadow	shadeshadow_level3	80	88	60	55	76	0	0	false	1	0
3502	9723	0	1243	Phrin Shadow	shadeshadow_level2	60	64	42	47	56	0	0	false	1	0
3504	9674	0	1247	Asyn Shadow	shadeshadow_level4	100	102	70	84	90	0	0	false	1	0
3504	9685	0	1247	Asyn Shadow	shadeshadow_level4	100	102	70	84	90	0	0	false	1	0
3505	9668	0	1247	Asyn Shadow	shadeshadow_level4	100	102	70	84	90	0	0	false	1	0
3505	9714	0	1245	Riyl Shadow	shadeshadow_level3	80	88	60	55	76	0	0	false	1	0
3507	9680	0	1247	Asyn Shadow	shadeshadow_level4	100	102	70	84	90	0	0	false	1	0
3507	9705	0	1245	Riyl Shadow	shadeshadow_level3	80	88	60	55	76	0	0	false	1	0
3508	9725	0	1243	Phrin Shadow	shadeshadow_level2	60	64	42	47	56	0	0	false	1	0
3511	9714	0	1245	Riyl Shadow	shadeshadow_level3	80	88	60	55	76	0	0	false	1	0
3512	9721	0	1243	Phrin Shadow	shadeshadow_level2	60	64	42	47	56	0	0	false	1	0
3513	9667	0	1247	Asyn Shadow	shadeshadow_level4	100	102	70	84	90	0	0	false	1	0
3514	9679	0	1247	Asyn Shadow	shadeshadow_level4	100	102	70	84	90	0	0	false	1	0
3514	9685	0	1247	Asyn Shadow	shadeshadow_level4	100	102	70	84	90	0	0	false	1	0
3515	9706	0	1245	Riyl Shadow	shadeshadow_level3	80	88	60	55	76	0	0	false	1	0
3516	9675	0	1247	Asyn Shadow	shadeshadow_level4	100	102	70	84	90	0	0	false	1	0
3517	9714	0	1245	Riyl Shadow	shadeshadow_level3	80	88	60	55	76	0	0	false	1	0
3518	9667	0	1247	Asyn Shadow	shadeshadow_level4	100	102	70	84	90	0	0	false	1	0
3466	3306	0	1257	Afflicted	mort_afflicted_man	37	30	40	30	30	1	1	false	1	0
3466	3309	0	1258	Afflicted	mort_afflicted_woman	34	28	38	28	28	1	1	false	1	0
3469	3308	0	1261	Afflicted	mort_afflicted_man2	32	26	36	26	26	1	1	false	1	0
3471	3285	0	1257	Afflicted	mort_afflicted_man	37	30	40	30	30	1	1	false	1	0
3472	3304	0	1262	Afflicted	mort_afflicted_woman2	30	24	34	24	24	1	1	false	1	0
3474	3280	0	1240	Loar Shadow	shadeshadow_level1	40	45	26	30	38	0	0	false	1	0
3474	3293	0	1261	Afflicted	mort_afflicted_man2	32	26	36	26	26	1	1	false	1	0
3475	3274	0	1262	Afflicted	mort_afflicted_woman2	30	24	34	24	24	1	1	false	1	0
3476	3288	0	1258	Afflicted	mort_afflicted_woman	34	28	38	28	28	1	1	false	1	0
3477	3308	0	1262	Afflicted	mort_afflicted_woman2	30	24	34	24	24	1	1	false	1	0
3478	3307	0	1240	Loar Shadow	shadeshadow_level1	40	45	26	30	38	0	0	false	1	0
3479	3283	0	1240	Loar Shadow	shadeshadow_level1	40	45	26	30	38	0	0	false	1	0
3479	3300	0	1257	Afflicted	mort_afflicted_man	37	30	40	30	30	1	1	false	1	0
3480	3271	0	1240	Loar Shadow	shadeshadow_level1	40	45	26	30	38	0	0	false	1	0
3481	3277	0	1262	Afflicted	mort_afflicted_woman2	30	24	34	24	24	1	1	false	1	0
3481	3305	0	1258	Afflicted	mort_afflicted_woman	34	28	38	28	28	1	1	false	1	0
3482	3302	0	1240	Loar Shadow	shadeshadow_level1	40	45	26	30	38	0	0	false	1	0
3483	3283	0	1240	Loar Shadow	shadeshadow_level1	40	45	26	30	38	0	0	false	1	0
3483	3295	0	1240	Loar Shadow	shadeshadow_level1	40	45	26	30	38	0	0	false	1	0
3485	3271	0	1258	Afflicted	mort_afflicted_woman	34	28	38	28	28	1	1	false	1	0
3487	3272	0	1240	Loar Shadow	shadeshadow_level1	40	45	26	30	38	0	0	false	1	0
3487	3277	0	1262	Afflicted	mort_afflicted_woman2	30	24	34	24	24	1	1	false	1	0
3488	3282	0	1240	Loar Shadow	shadeshadow_level1	40	45	26	30	38	0	0	false	1	0
3488	3284	0	1258	Afflicted	mort_afflicted_woman	34	28	38	28	28	1	1	false	1	0
3488	3288	0	1240	Loar Shadow	shadeshadow_level1	40	45	26	30	38	0	0	false	1	0
3489	3267	0	1240	Loar Shadow	shadeshadow_level1	40	45	26	30	38	0	0	false	1	0
3489	3296	0	1253	Afflicted(Razmire)	razmire_keelgan_afflicted	0	1	1	1	1	1	1	false	1	0
3489	3302	0	1240	Loar Shadow	shadeshadow_level1	40	45	26	30	38	0	0	false	1	0
3491	3291	0	1261	Afflicted	mort_afflicted_man2	32	26	36	26	26	1	1	false	1	0
3492	3285	0	1240	Loar Shadow	shadeshadow_level1	40	45	26	30	38	0	0	false	1	0
3493	3293	0	1240	Loar Shadow	shadeshadow_level1	40	45	26	30	38	0	0	false	1	0
3493	3299	0	1262	Afflicted	mort_afflicted_woman2	30	24	34	24	24	1	1	false	1	0
3495	3285	0	1258	Afflicted	mort_afflicted_woman	34	28	38	28	28	1	1	false	1	0
3496	3271	0	1261	Afflicted	mort_afflicted_man2	32	26	36	26	26	1	1	false	1	0
3496	3277	0	1240	Loar Shadow	shadeshadow_level1	40	45	26	30	38	0	0	false	1	0
3496	3289	0	1251	Afflicted(Ulsquire)	ulsquire_shauncy_afflicted	0	1	1	1	1	1	1	false	1	0
3496	3296	0	1240	Loar Shadow	shadeshadow_level1	40	45	26	30	38	0	0	false	1	0
3499	3298	0	1257	Afflicted	mort_afflicted_man	37	30	40	30	30	1	1	false	1	0
3500	3286	0	1240	Loar Shadow	shadeshadow_level1	40	45	26	30	38	0	0	false	1	0
3501	3294	0	1240	Loar Shadow	shadeshadow_level1	40	45	26	30	38	0	0	false	1	0
3501	3297	0	1240	Loar Shadow	shadeshadow_level1	40	45	26	30	38	0	0	false	1	0
3501	3313	0	1240	Loar Shadow	shadeshadow_level1	40	45	26	30	38	0	0	false	1	0
3501	3321	0	1240	Loar Shadow	shadeshadow_level1	40	45	26	30	38	0	0	false	1	0
3502	3277	0	1257	Afflicted	mort_afflicted_man	37	30	40	30	30	1	1	false	1	0
3503	3288	0	1261	Afflicted	mort_afflicted_man2	32	26	36	26	26	1	1	false	1	0
3503	3302	0	1258	Afflicted	mort_afflicted_woman	34	28	38	28	28	1	1	false	1	0
3504	3281	0	1262	Afflicted	mort_afflicted_woman2	30	24	34	24	24	1	1	false	1	0
3504	3299	0	1240	Loar Shadow	shadeshadow_level1	40	45	26	30	38	0	0	false	1	0
3506	3304	0	1258	Afflicted	mort_afflicted_woman	34	28	38	28	28	1	1	false	1	0
3507	3301	0	1240	Loar Shadow	shadeshadow_level1	40	45	26	30	38	0	0	false	1	0
3509	3284	0	1258	Afflicted	mort_afflicted_woman	34	28	38	28	28	1	1	false	1	0
3511	3300	0	1257	Afflicted	mort_afflicted_man	37	30	40	30	30	1	1	false	1	0
3513	3321	0	1240	Loar Shadow	shadeshadow_level1	40	45	26	30	38	0	0	false	1	0
3515	3302	0	1262	Afflicted	mort_afflicted_woman2	30	24	34	24	24	1	1	false	1	0
3516	3315	0	1240	Loar Shadow	shadeshadow_level1	40	45	26	30	38	0	0	false	1	0
3517	3285	0	1257	Afflicted	mort_afflicted_man	37	30	40	30	30	1	1	false	1	0
3456	3343	0	1052	Ghast	ghast_invis	0	22	18	22	45	1	1	false	2	0
3456	3366	0	1052	Ghast	ghast_invis	0	22	18	22	45	1	1	false	2	0
3456	3390	0	1052	Ghast	ghast_invis	0	22	18	22	45	1	1	false	2	0
3457	3351	0	1052	Ghast	ghast_invis	0	22	18	22	45	1	1	false	2	0
3457	3356	0	1052	Ghast	ghast_invis	0	22	18	22	45	1	1	false	2	0
3457	3370	0	1052	Ghast	ghast_invis	0	22	18	22	45	1	1	false	2	0
3457	3378	0	1052	Ghast	ghast_invis	0	22	18	22	45	1	1	false	2	0
3458	3340	0	1052	Ghast	ghast_invis	0	22	18	22	45	1	1	false	2	0
3458	3347	0	1227	Myre Blamish Snail	mmsnailround_swamp	9	0	22	0	8	5	1	false	1	3
3460	3375	0	1052	Ghast	ghast_invis	0	22	18	22	45	1	1	false	2	0
3463	3336	0	1052	Ghast	ghast_invis	0	22	18	22	45	1	1	false	2	0
3463	3341	0	1052	Ghast	ghast_invis	0	22	18	22	45	1	1	false	2	0
3463	3346	0	1227	Myre Blamish Snail	mmsnailround_swamp	9	0	22	0	8	5	1	false	1	3
3463	3353	0	1052	Ghast	ghast_invis	0	22	18	22	45	1	1	false	2	0
3463	3357	0	1234	Ochre Blamish Snail	mmsnailpoint_yellow	15	0	25	0	20	8	1	false	1	3
3464	3372	0	1052	Ghast	ghast_invis	0	22	18	22	45	1	1	false	2	0
3464	3380	0	1052	Ghast	ghast_invis	0	22	18	22	45	1	1	false	2	0
3465	3359	0	1052	Ghast	ghast_invis	0	22	18	22	45	1	1	false	2	0
3466	3332	0	1052	Ghast	ghast_invis	0	22	18	22	45	1	1	false	2	0
3466	3364	0	1227	Myre Blamish Snail	mmsnailround_swamp	9	0	22	0	8	5	1	false	1	3
3467	3345	0	1227	Myre Blamish Snail	mmsnailround_swamp	9	0	22	0	8	5	1	false	1	3
3467	3380	0	1052	Ghast	ghast_invis	0	22	18	22	45	1	1	false	2	0
3468	3348	0	1052	Ghast	ghast_invis	0	22	18	22	45	1	1	false	2	0
3469	3368	0	1052	Ghast	ghast_invis	0	22	18	22	45	1	1	false	2	0
3469	3390	0	1052	Ghast	ghast_invis	0	22	18	22	45	1	1	false	2	0
3470	3381	0	1052	Ghast	ghast_invis	0	22	18	22	45	1	1	false	2	0
3471	3346	0	1233	Blood Blamish Snail	mmsnailpoint_red+black	20	0	30	0	10	21	1	false	1	3
3472	3362	0	1052	Ghast	ghast_invis	0	22	18	22	45	1	1	false	2	0
3473	3346	0	1235	Bruise Blamish Snail	mmsnailpoint_blue	20	0	27	0	15	20	1	false	1	3
3473	3348	0	1234	Ochre Blamish Snail	mmsnailpoint_yellow	15	0	25	0	20	8	1	false	1	3
3473	3352	0	1052	Ghast	ghast_invis	0	22	18	22	45	1	1	false	2	0
3474	3347	0	1230	Bruise Blamish Snail	mmsnailround_blue	20	0	40	0	12	15	1	false	1	3
3474	3380	0	1052	Ghast	ghast_invis	0	22	18	22	45	1	1	false	2	0
3474	3387	0	1052	Ghast	ghast_invis	0	22	18	22	45	1	1	false	2	0
3475	3373	0	1052	Ghast	ghast_invis	0	22	18	22	45	1	1	false	2	0
3477	3354	0	1052	Ghast	ghast_invis	0	22	18	22	45	1	1	false	2	0
3477	3367	0	1234	Ochre Blamish Snail	mmsnailpoint_yellow	15	0	25	0	20	8	1	false	1	3
3477	3368	0	1229	Ochre Blamish Snail	mmsnailround_yellow	10	0	18	0	10	7	1	false	1	3
3478	3328	0	1052	Ghast	ghast_invis	0	22	18	22	45	1	1	false	2	0
3478	3371	0	1227	Myre Blamish Snail	mmsnailround_swamp	9	0	22	0	8	5	1	false	1	3
3480	3363	0	1229	Ochre Blamish Snail	mmsnailround_yellow	10	0	18	0	10	7	1	false	1	3
3482	3343	0	1052	Ghast	ghast_invis	0	22	18	22	45	1	1	false	2	0
3485	3373	0	1052	Ghast	ghast_invis	0	22	18	22	45	1	1	false	2	0
3486	3329	0	1052	Ghast	ghast_invis	0	22	18	22	45	1	1	false	2	0
3486	3380	0	1052	Ghast	ghast_invis	0	22	18	22	45	1	1	false	2	0
3487	3368	0	1052	Ghast	ghast_invis	0	22	18	22	45	1	1	false	2	0
3487	3378	0	1227	Myre Blamish Snail	mmsnailround_swamp	9	0	22	0	8	5	1	false	1	3
3488	3343	0	1052	Ghast	ghast_invis	0	22	18	22	45	1	1	false	2	0
3488	3350	0	1052	Ghast	ghast_invis	0	22	18	22	45	1	1	false	2	0
3488	3357	0	1052	Ghast	ghast_invis	0	22	18	22	45	1	1	false	2	0
3491	3376	0	1052	Ghast	ghast_invis	0	22	18	22	45	1	1	false	2	0
3491	3381	0	1052	Ghast	ghast_invis	0	22	18	22	45	1	1	false	2	0
3491	3388	0	1052	Ghast	ghast_invis	0	22	18	22	45	1	1	false	2	0
3492	3360	0	1052	Ghast	ghast_invis	0	22	18	22	45	1	1	false	2	0
3492	3371	0	1052	Ghast	ghast_invis	0	22	18	22	45	1	1	false	2	0
3494	3328	0	1052	Ghast	ghast_invis	0	22	18	22	45	1	1	false	2	0
3494	3341	0	1052	Ghast	ghast_invis	0	22	18	22	45	1	1	false	2	0
3494	3380	0	1227	Myre Blamish Snail	mmsnailround_swamp	9	0	22	0	8	5	1	false	1	3
3494	3389	0	1229	Ochre Blamish Snail	mmsnailround_yellow	10	0	18	0	10	7	1	false	1	3
3496	3386	0	1229	Ochre Blamish Snail	mmsnailround_yellow	10	0	18	0	10	7	1	false	1	3
3498	3354	0	1052	Ghast	ghast_invis	0	22	18	22	45	1	1	false	2	0
3498	3382	0	1227	Myre Blamish Snail	mmsnailround_swamp	9	0	22	0	8	5	1	false	1	3
3500	3385	0	1052	Ghast	ghast_invis	0	22	18	22	45	1	1	false	2	0
3501	3382	0	1227	Myre Blamish Snail	mmsnailround_swamp	9	0	22	0	8	5	1	false	1	3
3501	3388	0	1052	Ghast	ghast_invis	0	22	18	22	45	1	1	false	2	0
3502	3328	0	1052	Ghast	ghast_invis	0	22	18	22	45	1	1	false	2	0
3502	3350	0	1052	Ghast	ghast_invis	0	22	18	22	45	1	1	false	2	0
3502	3363	0	1052	Ghast	ghast_invis	0	22	18	22	45	1	1	false	2	0
3503	3359	0	1052	Ghast	ghast_invis	0	22	18	22	45	1	1	false	2	0
3503	3380	0	1227	Myre Blamish Snail	mmsnailround_swamp	9	0	22	0	8	5	1	false	1	3
3505	3379	0	1052	Ghast	ghast_invis	0	22	18	22	45	1	1	false	2	0
3506	3382	0	1227	Myre Blamish Snail	mmsnailround_swamp	9	0	22	0	8	5	1	false	1	3
3507	3348	0	1052	Ghast	ghast_invis	0	22	18	22	45	1	1	false	2	0
3508	3367	0	1052	Ghast	ghast_invis	0	22	18	22	45	1	1	false	2	0
3510	3341	0	1052	Ghast	ghast_invis	0	22	18	22	45	1	1	false	2	0
3510	3381	0	1052	Ghast	ghast_invis	0	22	18	22	45	1	1	false	2	0
3512	3328	0	1052	Ghast	ghast_invis	0	22	18	22	45	1	1	false	2	0
3513	3383	0	1052	Ghast	ghast_invis	0	22	18	22	45	1	1	false	2	0
3517	3329	0	1052	Ghast	ghast_invis	0	22	18	22	45	1	1	false	2	0
3517	3336	0	1052	Ghast	ghast_invis	0	22	18	22	45	1	1	false	2	0
3456	3417	0	1227	Myre Blamish Snail	mmsnailround_swamp	9	0	22	0	8	5	1	false	1	3
3456	3418	0	1229	Ochre Blamish Snail	mmsnailround_yellow	10	0	18	0	10	7	1	false	1	3
3457	3411	0	1052	Ghast	ghast_invis	0	22	18	22	45	1	1	false	2	0
3458	3401	0	1052	Ghast	ghast_invis	0	22	18	22	45	1	1	false	2	0
3460	3418	0	1227	Myre Blamish Snail	mmsnailround_swamp	9	0	22	0	8	5	1	false	1	3
3460	3424	0	1227	Myre Blamish Snail	mmsnailround_swamp	9	0	22	0	8	5	1	false	1	3
3461	3406	0	1052	Ghast	ghast_invis	0	22	18	22	45	1	1	false	2	0
3461	3437	0	1052	Ghast	ghast_invis	0	22	18	22	45	1	1	false	2	0
3462	3399	0	1052	Ghast	ghast_invis	0	22	18	22	45	1	1	false	2	0
3462	3432	0	1227	Myre Blamish Snail	mmsnailround_swamp	9	0	22	0	8	5	1	false	1	3
3463	3404	0	1232	Myre Blamish Snail	mmsnailpoint_swamp	10	0	12	0	13	8	1	false	1	3
3463	3416	0	1052	Ghast	ghast_invis	0	22	18	22	45	1	1	false	2	0
3463	3425	0	1052	Ghast	ghast_invis	0	22	18	22	45	1	1	false	2	0
3463	3448	0	1052	Ghast	ghast_invis	0	22	18	22	45	1	1	false	2	0
3464	3441	0	1052	Ghast	ghast_invis	0	22	18	22	45	1	1	false	2	0
3466	3433	0	1052	Ghast	ghast_invis	0	22	18	22	45	1	1	false	2	0
3467	3404	0	1229	Ochre Blamish Snail	mmsnailround_yellow	10	0	18	0	10	7	1	false	1	3
3467	3409	0	1234	Ochre Blamish Snail	mmsnailpoint_yellow	15	0	25	0	20	8	1	false	1	3
3467	3410	0	1234	Ochre Blamish Snail	mmsnailpoint_yellow	15	0	25	0	20	8	1	false	1	3
3467	3415	0	1052	Ghast	ghast_invis	0	22	18	22	45	1	1	false	2	0
3469	3397	0	1052	Ghast	ghast_invis	0	22	18	22	45	1	1	false	2	0
3469	3432	0	1227	Myre Blamish Snail	mmsnailround_swamp	9	0	22	0	8	5	1	false	1	3
3470	3426	0	1052	Ghast	ghast_invis	0	22	18	22	45	1	1	false	2	0
3471	3399	0	1232	Myre Blamish Snail	mmsnailpoint_swamp	10	0	12	0	13	8	1	false	1	3
3471	3402	0	1229	Ochre Blamish Snail	mmsnailround_yellow	10	0	18	0	10	7	1	false	1	3
3472	3415	0	1232	Myre Blamish Snail	mmsnailpoint_swamp	10	0	12	0	13	8	1	false	1	3
3472	3418	0	1232	Myre Blamish Snail	mmsnailpoint_swamp	10	0	12	0	13	8	1	false	1	3
3472	3420	0	1052	Ghast	ghast_invis	0	22	18	22	45	1	1	false	2	0
3473	3394	0	1052	Ghast	ghast_invis	0	22	18	22	45	1	1	false	2	0
3473	3412	0	1052	Ghast	ghast_invis	0	22	18	22	45	1	1	false	2	0
3475	3401	0	1052	Ghast	ghast_invis	0	22	18	22	45	1	1	false	2	0
3475	3440	0	1052	Ghast	ghast_invis	0	22	18	22	45	1	1	false	2	0
3477	3419	0	1232	Myre Blamish Snail	mmsnailpoint_swamp	10	0	12	0	13	8	1	false	1	3
3478	3429	0	1052	Ghast	ghast_invis	0	22	18	22	45	1	1	false	2	0
3480	3424	0	1234	Ochre Blamish Snail	mmsnailpoint_yellow	15	0	25	0	20	8	1	false	1	3
3481	3406	0	1052	Ghast	ghast_invis	0	22	18	22	45	1	1	false	2	0
3481	3439	0	1232	Myre Blamish Snail	mmsnailpoint_swamp	10	0	12	0	13	8	1	false	1	3
3481	3441	0	1232	Myre Blamish Snail	mmsnailpoint_swamp	10	0	12	0	13	8	1	false	1	3
3481	3442	0	1227	Myre Blamish Snail	mmsnailround_swamp	9	0	22	0	8	5	1	false	1	3
3482	3419	0	1052	Ghast	ghast_invis	0	22	18	22	45	1	1	false	2	0
3482	3431	0	1052	Ghast	ghast_invis	0	22	18	22	45	1	1	false	2	0
3482	3444	0	1227	Myre Blamish Snail	mmsnailround_swamp	9	0	22	0	8	5	1	false	1	3
3483	3440	0	1229	Ochre Blamish Snail	mmsnailround_yellow	10	0	18	0	10	7	1	false	1	3
3483	3445	0	1227	Myre Blamish Snail	mmsnailround_swamp	9	0	22	0	8	5	1	false	1	3
3484	3442	0	1234	Ochre Blamish Snail	mmsnailpoint_yellow	15	0	25	0	20	8	1	false	1	3
3485	3436	0	1052	Ghast	ghast_invis	0	22	18	22	45	1	1	false	2	0
3485	3441	0	1235	Bruise Blamish Snail	mmsnailpoint_blue	20	0	27	0	15	20	1	false	1	3
3485	3443	0	1229	Ochre Blamish Snail	mmsnailround_yellow	10	0	18	0	10	7	1	false	1	3
3485	3451	0	1052	Ghast	ghast_invis	0	22	18	22	45	1	1	false	2	0
3486	3399	0	1052	Ghast	ghast_invis	0	22	18	22	45	1	1	false	2	0
3486	3407	0	1052	Ghast	ghast_invis	0	22	18	22	45	1	1	false	2	0
3486	3440	0	1230	Bruise Blamish Snail	mmsnailround_blue	20	0	40	0	12	15	1	false	1	3
3486	3442	0	1233	Blood Blamish Snail	mmsnailpoint_red+black	20	0	30	0	10	21	1	false	1	3
3487	3423	0	1052	Ghast	ghast_invis	0	22	18	22	45	1	1	false	2	0
3490	3395	0	1052	Ghast	ghast_invis	0	22	18	22	45	1	1	false	2	0
3490	3446	0	1052	Ghast	ghast_invis	0	22	18	22	45	1	1	false	2	0
3491	3430	0	1052	Ghast	ghast_invis	0	22	18	22	45	1	1	false	2	0
3492	3405	0	1052	Ghast	ghast_invis	0	22	18	22	45	1	1	false	2	0
3493	3393	0	1227	Myre Blamish Snail	mmsnailround_swamp	9	0	22	0	8	5	1	false	1	3
3495	3418	0	1231	Bark Blamish Snail	mmsnailround_orange	15	0	20	0	22	10	1	false	1	3
3495	3439	0	1052	Ghast	ghast_invis	0	22	18	22	45	1	1	false	2	0
3496	3395	0	1052	Ghast	ghast_invis	0	22	18	22	45	1	1	false	2	0
3496	3421	0	1229	Ochre Blamish Snail	mmsnailround_yellow	10	0	18	0	10	7	1	false	1	3
3496	3444	0	1233	Blood Blamish Snail	mmsnailpoint_red+black	20	0	30	0	10	21	1	false	1	3
3497	3409	0	1052	Ghast	ghast_invis	0	22	18	22	45	1	1	false	2	0
3497	3417	0	1052	Ghast	ghast_invis	0	22	18	22	45	1	1	false	2	0
3498	3420	0	1231	Bark Blamish Snail	mmsnailround_orange	15	0	20	0	22	10	1	false	1	3
3498	3452	0	1052	Ghast	ghast_invis	0	22	18	22	45	1	1	false	2	0
3499	3394	0	1227	Myre Blamish Snail	mmsnailround_swamp	9	0	22	0	8	5	1	false	1	3
3499	3446	0	1052	Ghast	ghast_invis	0	22	18	22	45	1	1	false	2	0
3500	3422	0	1052	Ghast	ghast_invis	0	22	18	22	45	1	1	false	2	0
3500	3425	0	1227	Myre Blamish Snail	mmsnailround_swamp	9	0	22	0	8	5	1	false	1	3
3501	3403	0	1052	Ghast	ghast_invis	0	22	18	22	45	1	1	false	2	0
3502	3425	0	1227	Myre Blamish Snail	mmsnailround_swamp	9	0	22	0	8	5	1	false	1	3
3504	3404	0	1227	Myre Blamish Snail	mmsnailround_swamp	9	0	22	0	8	5	1	false	1	3
3504	3422	0	1227	Myre Blamish Snail	mmsnailround_swamp	9	0	22	0	8	5	1	false	1	3
3504	3424	0	1229	Ochre Blamish Snail	mmsnailround_yellow	10	0	18	0	10	7	1	false	1	3
3505	3418	0	1229	Ochre Blamish Snail	mmsnailround_yellow	10	0	18	0	10	7	1	false	1	3
3505	3433	0	1231	Bark Blamish Snail	mmsnailround_orange	15	0	20	0	22	10	1	false	1	3
3506	3420	0	1227	Myre Blamish Snail	mmsnailround_swamp	9	0	22	0	8	5	1	false	1	3
3507	3428	0	1052	Ghast	ghast_invis	0	22	18	22	45	1	1	false	2	0
3508	3393	0	1052	Ghast	ghast_invis	0	22	18	22	45	1	1	false	2	0
3508	3400	0	1052	Ghast	ghast_invis	0	22	18	22	45	1	1	false	2	0
3509	3421	0	1052	Ghast	ghast_invis	0	22	18	22	45	1	1	false	2	0
3510	3435	0	1231	Bark Blamish Snail	mmsnailround_orange	15	0	20	0	22	10	1	false	1	3
3511	3393	0	1227	Myre Blamish Snail	mmsnailround_swamp	9	0	22	0	8	5	1	false	1	3
3511	3397	0	1052	Ghast	ghast_invis	0	22	18	22	45	1	1	false	2	0
3511	3408	0	1052	Ghast	ghast_invis	0	22	18	22	45	1	1	false	2	0
3514	3418	0	1052	Ghast	ghast_invis	0	22	18	22	45	1	1	false	2	0
3515	3414	0	1052	Ghast	ghast_invis	0	22	18	22	45	1	1	false	2	0
3516	3404	0	1052	Ghast	ghast_invis	0	22	18	22	45	1	1	false	2	0
3516	3409	0	1227	Myre Blamish Snail	mmsnailround_swamp	9	0	22	0	8	5	1	false	1	3
3516	3448	0	1052	Ghast	ghast_invis	0	22	18	22	45	1	1	false	2	0
3517	3437	0	1230	Bruise Blamish Snail	mmsnailround_blue	20	0	40	0	12	15	1	false	1	3
3518	3399	0	1052	Ghast	ghast_invis	0	22	18	22	45	1	1	false	2	0
3518	3417	0	1052	Ghast	ghast_invis	0	22	18	22	45	1	1	false	2	0
3518	3428	0	1052	Ghast	ghast_invis	0	22	18	22	45	1	1	false	2	0
3519	3439	0	1228	Blood Blamish Snail	mmsnailround_red+black	20	0	45	0	13	12	1	false	1	3
3459	3457	0	1043	Willow the wisp	willothewisp	0	1	1	1	1	1	1	false	1	0
3460	3462	0	1043	Willow the wisp	willothewisp	0	1	1	1	1	1	1	false	1	0
3462	3459	0	1043	Willow the wisp	willothewisp	0	1	1	1	1	1	1	false	1	0
3463	3490	0	1043	Willow the wisp	willothewisp	0	1	1	1	1	1	1	false	1	0
3464	3511	0	1043	Willow the wisp	willothewisp	0	1	1	1	1	1	1	false	1	0
3465	3466	0	1043	Willow the wisp	willothewisp	0	1	1	1	1	1	1	false	1	0
3466	3495	0	1043	Willow the wisp	willothewisp	0	1	1	1	1	1	1	false	1	0
3466	3497	0	1043	Willow the wisp	willothewisp	0	1	1	1	1	1	1	false	1	0
3467	3485	0	1043	Willow the wisp	willothewisp	0	1	1	1	1	1	1	false	1	0
3467	3497	0	1043	Willow the wisp	willothewisp	0	1	1	1	1	1	1	false	1	0
3467	3509	0	1043	Willow the wisp	willothewisp	0	1	1	1	1	1	1	false	1	0
3469	3470	0	1043	Willow the wisp	willothewisp	0	1	1	1	1	1	1	false	1	0
3470	3469	0	1043	Willow the wisp	willothewisp	0	1	1	1	1	1	1	false	1	0
3471	3477	0	1043	Willow the wisp	willothewisp	0	1	1	1	1	1	1	false	1	0
3474	3474	0	1025	Man	canafis_man2	24	10	10	10	60	1	1	false	1	0
3474	3505	0	1043	Willow the wisp	willothewisp	0	1	1	1	1	1	1	false	1	0
3475	3497	0	1040	Fidelio	werewolfshopkeeper3	0	1	1	1	1	1	1	false	1	0
3476	3507	0	1043	Willow the wisp	willothewisp	0	1	1	1	1	1	1	false	1	0
3479	3492	0	1026	Man	canafis_man3	24	10	10	10	60	1	1	false	1	0
3479	3498	0	1024	Man	canafis_man1	24	10	10	10	60	1	1	false	1	0
3479	3511	0	1043	Willow the wisp	willothewisp	0	1	1	1	1	1	1	false	1	0
3480	3468	0	1043	Willow the wisp	willothewisp	0	1	1	1	1	1	1	false	1	0
3480	3470	0	1043	Willow the wisp	willothewisp	0	1	1	1	1	1	1	false	1	0
3482	3469	0	1043	Willow the wisp	willothewisp	0	1	1	1	1	1	1	false	1	0
3483	3478	0	1024	Man	canafis_man1	24	10	10	10	60	1	1	false	1	0
3483	3495	0	1029	Woman	canafis_woman3	24	10	10	10	60	1	1	false	1	0
3483	3511	0	1043	Willow the wisp	willothewisp	0	1	1	1	1	1	1	false	1	0
3484	3464	0	1043	Willow the wisp	willothewisp	0	1	1	1	1	1	1	false	1	0
3485	3489	0	1028	Woman	canafis_woman2	24	10	10	10	60	1	1	false	1	0
3485	3509	0	1043	Willow the wisp	willothewisp	0	1	1	1	1	1	1	false	1	0
3489	3490	0	1025	Man	canafis_man2	24	10	10	10	60	1	1	false	1	0
3490	3461	0	1043	Willow the wisp	willothewisp	0	1	1	1	1	1	1	false	1	0
3490	3473	0	1026	Man	canafis_man3	24	10	10	10	60	1	1	false	1	0
3490	3474	0	1025	Man	canafis_man2	24	10	10	10	60	1	1	false	1	0
3490	3503	0	1041	Sbott	werewolftanner	0	1	1	1	1	1	1	false	1	0
3491	3460	0	1043	Willow the wisp	willothewisp	0	1	1	1	1	1	1	false	1	0
3493	3471	0	1042	Roavar	werewolfinnkeeper	0	1	1	1	1	1	1	false	1	0
3494	3461	0	1043	Willow the wisp	willothewisp	0	1	1	1	1	1	1	false	1	0
3494	3512	0	1043	Willow the wisp	willothewisp	0	1	1	1	1	1	1	false	1	0
3495	3476	0	1025	Man	canafis_man2	24	10	10	10	60	1	1	false	1	0
3497	3474	0	1027	Woman	canafis_woman1	24	10	10	10	60	1	1	false	1	0
3497	3497	0	1024	Man	canafis_man1	24	10	10	10	60	1	1	false	1	0
3498	3461	0	1043	Willow the wisp	willothewisp	0	1	1	1	1	1	1	false	1	0
3499	3506	0	1039	Barker	werewolfshopkeeper2	0	1	1	1	1	1	1	false	1	0
3499	3513	0	1043	Willow the wisp	willothewisp	0	1	1	1	1	1	1	false	1	0
3501	3493	0	1024	Man	canafis_man1	24	10	10	10	60	1	1	false	1	0
3501	3513	0	1043	Willow the wisp	willothewisp	0	1	1	1	1	1	1	false	1	0
3502	3464	0	1043	Willow the wisp	willothewisp	0	1	1	1	1	1	1	false	1	0
3502	3487	0	1026	Man	canafis_man3	24	10	10	10	60	1	1	false	1	0
3504	3463	0	1043	Willow the wisp	willothewisp	0	1	1	1	1	1	1	false	1	0
3505	3491	0	1027	Woman	canafis_woman1	24	10	10	10	60	1	1	false	1	0
3506	3512	0	1043	Willow the wisp	willothewisp	0	1	1	1	1	1	1	false	1	0
3506	3515	0	1043	Willow the wisp	willothewisp	0	1	1	1	1	1	1	false	1	0
3507	3496	0	1038	Rufus	werewolfshopkeeper1	0	1	1	1	1	1	1	false	1	0
3507	3515	0	1043	Willow the wisp	willothewisp	0	1	1	1	1	1	1	false	1	0
3509	3512	0	1043	Willow the wisp	willothewisp	0	1	1	1	1	1	1	false	1	0
3511	3482	0	1025	Man	canafis_man2	24	10	10	10	60	1	1	false	1	0
3511	3488	0	1043	Willow the wisp	willothewisp	0	1	1	1	1	1	1	false	1	0
3513	3467	0	1043	Willow the wisp	willothewisp	0	1	1	1	1	1	1	false	1	0
3513	3487	0	1043	Willow the wisp	willothewisp	0	1	1	1	1	1	1	false	1	0
3513	3489	0	1043	Willow the wisp	willothewisp	0	1	1	1	1	1	1	false	1	0
3513	3503	0	1043	Willow the wisp	willothewisp	0	1	1	1	1	1	1	false	1	0
3514	3479	0	1036	Banker	werewolfbanker	0	1	1	1	1	1	1	false	1	0
3514	3481	0	1036	Banker	werewolfbanker	0	1	1	1	1	1	1	false	1	0
3514	3490	0	1043	Willow the wisp	willothewisp	0	1	1	1	1	1	1	false	1	0
3515	3495	0	1043	Willow the wisp	willothewisp	0	1	1	1	1	1	1	false	1	0
3515	3499	0	1043	Willow the wisp	willothewisp	0	1	1	1	1	1	1	false	1	0
3516	3469	0	1043	Willow the wisp	willothewisp	0	1	1	1	1	1	1	false	1	0
3479	3498	1	1029	Woman	canafis_woman3	24	10	10	10	60	1	1	false	1	0
3490	3472	1	1028	Woman	canafis_woman2	24	10	10	10	60	1	1	false	1	0
3498	3472	1	1026	Man	canafis_man3	24	10	10	10	60	1	1	false	1	0
3499	3474	1	1027	Woman	canafis_woman1	24	10	10	10	60	1	1	false	1	0
3537	3496	0	1219	Leech	vampire_leech	52	80	35	20	45	1	1	false	1	0
3545	3502	0	1219	Leech	vampire_leech	52	80	35	20	45	1	1	false	1	0
3546	3462	0	1219	Leech	vampire_leech	52	80	35	20	45	1	1	false	1	0
3548	3480	0	1219	Leech	vampire_leech	52	80	35	20	45	1	1	false	1	0
3551	3489	0	1219	Leech	vampire_leech	52	80	35	20	45	1	1	false	1	0
3554	3506	0	1219	Leech	vampire_leech	52	80	35	20	45	1	1	false	1	0
3556	3470	0	1226	Tree	nasty_tree_swamp	0	20	40	20	250	1	1	false	1	0
3560	3462	0	1219	Leech	vampire_leech	52	80	35	20	45	1	1	false	1	0
3565	3503	0	412	Bat	small_bat	6	5	5	5	8	1	1	false	1	0
3566	3457	0	1221	Spider	vampire_spider	0	1	1	1	1	1	1	false	1	2
3566	3483	0	1219	Leech	vampire_leech	52	80	35	20	45	1	1	false	1	0
3567	3474	0	1219	Leech	vampire_leech	52	80	35	20	45	1	1	false	1	0
3567	3481	0	412	Bat	small_bat	6	5	5	5	8	1	1	false	1	0
3567	3504	0	1221	Spider	vampire_spider	0	1	1	1	1	1	1	false	1	2
3570	3507	0	1226	Tree	nasty_tree_swamp	0	20	40	20	250	1	1	false	1	0
3572	3492	0	1219	Leech	vampire_leech	52	80	35	20	45	1	1	false	1	0
3574	3507	0	1219	Leech	vampire_leech	52	80	35	20	45	1	1	false	1	0
3577	3493	0	1226	Tree	nasty_tree_swamp	0	20	40	20	250	1	1	false	1	0
3579	3477	0	1226	Tree	nasty_tree_swamp	0	20	40	20	250	1	1	false	1	0
3580	3491	0	412	Bat	small_bat	6	5	5	5	8	1	1	false	1	0
3585	3478	0	1223	Vampire	vampire_juve	61	55	55	60	40	1	40	false	1	0
3586	3480	0	1223	Vampire	vampire_juve	61	55	55	60	40	1	40	false	1	0
3586	3482	0	1226	Tree	nasty_tree_swamp	0	20	40	20	250	1	1	false	1	0
3586	3496	0	1223	Vampire	vampire_juve	61	55	55	60	40	1	40	false	1	0
3588	3461	0	1219	Leech	vampire_leech	52	80	35	20	45	1	1	false	1	0
3588	3472	0	412	Bat	small_bat	6	5	5	5	8	1	1	false	1	0
3589	3493	0	1219	Leech	vampire_leech	52	80	35	20	45	1	1	false	1	0
3590	3509	0	1219	Leech	vampire_leech	52	80	35	20	45	1	1	false	1	0
3592	3477	0	1223	Vampire	vampire_juve	61	55	55	60	40	1	40	false	1	0
3593	3458	0	1223	Vampire	vampire_juve	61	55	55	60	40	1	40	false	1	0
3593	3508	0	1223	Vampire	vampire_juve	61	55	55	60	40	1	40	false	1	0
3595	3491	0	1223	Vampire	vampire_juve	61	55	55	60	40	1	40	false	1	0
3596	3476	0	1219	Leech	vampire_leech	52	80	35	20	45	1	1	false	1	0
3596	3477	0	1226	Tree	nasty_tree_swamp	0	20	40	20	250	1	1	false	1	0
3597	3479	0	1223	Vampire	vampire_juve	61	55	55	60	40	1	40	false	1	0
3597	3489	0	1221	Spider	vampire_spider	0	1	1	1	1	1	1	false	1	2
3598	3509	0	412	Bat	small_bat	6	5	5	5	8	1	1	false	1	0
3599	3483	0	1219	Leech	vampire_leech	52	80	35	20	45	1	1	false	1	0
3599	3486	0	412	Bat	small_bat	6	5	5	5	8	1	1	false	1	0
3600	3506	0	1226	Tree	nasty_tree_swamp	0	20	40	20	250	1	1	false	1	0
3607	3460	0	1219	Leech	vampire_leech	52	80	35	20	45	1	1	false	1	0
3607	3462	0	412	Bat	small_bat	6	5	5	5	8	1	1	false	1	0
3607	3466	0	1223	Vampire	vampire_juve	61	55	55	60	40	1	40	false	1	0
3607	3497	0	1226	Tree	nasty_tree_swamp	0	20	40	20	250	1	1	false	1	0
3610	3465	0	1226	Tree	nasty_tree_swamp	0	20	40	20	250	1	1	false	1	0
3611	3462	0	1221	Spider	vampire_spider	0	1	1	1	1	1	1	false	1	2
3611	3499	0	412	Bat	small_bat	6	5	5	5	8	1	1	false	1	0
3613	3482	0	412	Bat	small_bat	6	5	5	5	8	1	1	false	1	0
3613	3491	0	1226	Tree	nasty_tree_swamp	0	20	40	20	250	1	1	false	1	0
3613	3499	0	1219	Leech	vampire_leech	52	80	35	20	45	1	1	false	1	0
3614	3515	0	1219	Leech	vampire_leech	52	80	35	20	45	1	1	false	1	0
3617	3477	0	1223	Vampire	vampire_juve	61	55	55	60	40	1	40	false	1	0
3617	3514	0	1226	Tree	nasty_tree_swamp	0	20	40	20	250	1	1	false	1	0
3618	3514	0	1223	Vampire	vampire_juve	61	55	55	60	40	1	40	false	1	0
3619	3502	0	1226	Tree	nasty_tree_swamp	0	20	40	20	250	1	1	false	1	0
3620	3472	0	1219	Leech	vampire_leech	52	80	35	20	45	1	1	false	1	0
3620	3500	0	1221	Spider	vampire_spider	0	1	1	1	1	1	1	false	1	2
3623	3504	0	1219	Leech	vampire_leech	52	80	35	20	45	1	1	false	1	0
3626	3475	0	1219	Leech	vampire_leech	52	80	35	20	45	1	1	false	1	0
3626	3491	0	1219	Leech	vampire_leech	52	80	35	20	45	1	1	false	1	0
3627	3511	0	412	Bat	small_bat	6	5	5	5	8	1	1	false	1	0
3628	3473	0	412	Bat	small_bat	6	5	5	5	8	1	1	false	1	0
3628	3476	0	1226	Tree	nasty_tree_swamp	0	20	40	20	250	1	1	false	1	0
3629	3509	0	1226	Tree	nasty_tree_swamp	0	20	40	20	250	1	1	false	1	0
3629	3511	0	1219	Leech	vampire_leech	52	80	35	20	45	1	1	false	1	0
3630	3489	0	1226	Tree	nasty_tree_swamp	0	20	40	20	250	1	1	false	1	0
3631	3471	0	1223	Vampire	vampire_juve	61	55	55	60	40	1	40	false	1	0
3631	3499	0	1223	Vampire	vampire_juve	61	55	55	60	40	1	40	false	1	0
3632	3459	0	1223	Vampire	vampire_juve	61	55	55	60	40	1	40	false	1	0
3632	3475	0	1223	Vampire	vampire_juve	61	55	55	60	40	1	40	false	1	0
3633	3463	0	1219	Leech	vampire_leech	52	80	35	20	45	1	1	false	1	0
3636	3466	0	412	Bat	small_bat	6	5	5	5	8	1	1	false	1	0
3636	3484	0	1221	Spider	vampire_spider	0	1	1	1	1	1	1	false	1	2
3638	3472	0	1223	Vampire	vampire_juve	61	55	55	60	40	1	40	false	1	0
3639	3510	0	412	Bat	small_bat	6	5	5	5	8	1	1	false	1	0
3644	3498	0	1219	Leech	vampire_leech	52	80	35	20	45	1	1	false	1	0
3646	3467	0	1223	Vampire	vampire_juve	61	55	55	60	40	1	40	false	1	0
