kind	group	reqLevel	absX	absZ	level	id	name	fish
woodcut	Logs	0	2154	3111	0	3879	Tree	
woodcut	Logs	0	2158	3122	0	3879	Tree	
woodcut	Logs	0	2161	3115	0	3879	Tree	
woodcut	Logs	0	2162	3103	0	3879	Tree	
woodcut	Logs	0	2163	3130	0	3879	Tree	
woodcut	Logs	0	2164	3123	0	3879	Tree	
woodcut	Logs	0	2165	3126	0	3879	Tree	
woodcut	Logs	0	2166	3091	0	3879	Tree	
woodcut	Logs	0	2166	3120	0	3879	Tree	
woodcut	Logs	0	2167	3132	0	3879	Tree	
woodcut	Logs	0	2169	3114	0	3879	Tree	
woodcut	Logs	0	2169	3124	0	3879	Tree	
woodcut	Logs	0	2171	3133	0	3879	Tree	
woodcut	Logs	0	2172	3121	0	3879	Tree	
woodcut	Logs	0	2172	3130	0	3879	Tree	
woodcut	Logs	0	2173	3124	0	3879	Tree	
woodcut	Logs	0	2172	3127	0	3881	Tree	
woodcut	Logs	0	2169	3129	0	3882	Tree	
woodcut	Logs	0	2174	3134	0	3883	Tree	
woodcut	Logs	0	2163	3141	0	3879	Tree	
woodcut	Logs	0	2166	3136	0	3879	Tree	
woodcut	Logs	0	2166	3140	0	3879	Tree	
woodcut	Logs	0	2167	3190	0	3879	Tree	
woodcut	Logs	0	2169	3136	0	3879	Tree	
woodcut	Logs	0	2172	3185	0	3879	Tree	
woodcut	Logs	0	2172	3193	0	3879	Tree	
woodcut	Logs	0	2173	3182	0	3879	Tree	
woodcut	Logs	0	2174	3148	0	3879	Tree	
woodcut	Logs	0	2167	3196	0	3881	Tree	
woodcut	Logs	0	2168	3187	0	3881	Tree	
woodcut	Logs	0	2169	3139	0	3881	Tree	
woodcut	Logs	0	2170	3180	0	3881	Tree	
woodcut	Logs	0	2171	3166	0	3881	Tree	
woodcut	Logs	0	2174	3145	0	3881	Tree	
woodcut	Logs	0	2166	3193	0	3882	Tree	
woodcut	Logs	0	2169	3199	0	3882	Tree	
woodcut	Logs	0	2171	3178	0	3883	Tree	
woodcut	Logs	0	2173	3138	0	3883	Tree	
woodcut	Logs	0	2174	3166	0	3883	Tree	
woodcut	Logs	0	2175	3137	0	3883	Tree	
woodcut	Logs	0	2164	3214	0	3879	Tree	
woodcut	Logs	0	2164	3230	0	3879	Tree	
woodcut	Logs	0	2166	3243	0	3879	Tree	
woodcut	Logs	0	2167	3206	0	3879	Tree	
woodcut	Logs	0	2167	3222	0	3879	Tree	
woodcut	Logs	0	2167	3225	0	3879	Tree	
woodcut	Logs	0	2168	3235	0	3879	Tree	
woodcut	Logs	0	2169	3230	0	3879	Tree	
woodcut	Logs	0	2170	3213	0	3879	Tree	
woodcut	Logs	0	2172	3200	0	3879	Tree	
woodcut	Logs	0	2173	3207	0	3879	Tree	
woodcut	Logs	0	2173	3211	0	3879	Tree	
woodcut	Logs	0	2173	3225	0	3879	Tree	
woodcut	Logs	0	2173	3251	0	3879	Tree	
woodcut	Logs	0	2169	3247	0	3881	Tree	
woodcut	Logs	0	2170	3227	0	3881	Tree	
woodcut	Logs	0	2170	3238	0	3881	Tree	
woodcut	Logs	0	2170	3250	0	3881	Tree	
woodcut	Logs	0	2171	3233	0	3881	Tree	
woodcut	Logs	0	2172	3222	0	3881	Tree	
woodcut	Logs	0	2172	3244	0	3881	Tree	
woodcut	Logs	0	2173	3219	0	3881	Tree	
woodcut	Logs	0	2167	3203	0	3882	Tree	
woodcut	Logs	0	2170	3209	0	3882	Tree	
woodcut	Logs	0	2171	3216	0	3882	Tree	
woodcut	Logs	0	2172	3247	0	3882	Tree	
woodcut	Logs	0	2173	3237	0	3882	Tree	
woodcut	Logs	0	2167	3280	0	3879	Tree	
woodcut	Logs	0	2170	3272	0	3879	Tree	
woodcut	Logs	0	2170	3289	0	3879	Tree	
woodcut	Logs	0	2173	3274	0	3879	Tree	
woodcut	Logs	0	2173	3287	0	3879	Tree	
woodcut	Logs	0	2173	3271	0	3881	Tree	
woodcut	Logs	0	2168	3289	0	3883	Tree	
woodcut	Logs	0	2173	3291	0	3883	Tree	
woodcut	Logs	0	2179	3123	0	3879	Tree	
woodcut	Logs	0	2194	3126	0	3879	Tree	
woodcut	Logs	0	2194	3130	0	3879	Tree	
woodcut	Logs	0	2209	3131	0	3879	Tree	
woodcut	Logs	0	2212	3133	0	3879	Tree	
woodcut	Logs	0	2232	3134	0	3879	Tree	
woodcut	Logs	0	2237	3133	0	3879	Tree	
woodcut	Logs	0	2238	3130	0	3879	Tree	
woodcut	Logs	0	2182	3128	0	3881	Tree	
woodcut	Logs	0	2187	3127	0	3881	Tree	
woodcut	Logs	0	2191	3128	0	3881	Tree	
woodcut	Logs	0	2200	3127	0	3881	Tree	
woodcut	Logs	0	2200	3132	0	3881	Tree	
woodcut	Logs	0	2203	3124	0	3881	Tree	
woodcut	Logs	0	2179	3127	0	3882	Tree	
woodcut	Logs	0	2203	3128	0	3882	Tree	
woodcut	Logs	0	2205	3133	0	3882	Tree	
woodcut	Logs	0	2176	3133	0	3883	Tree	
woodcut	Logs	0	2183	3132	0	3883	Tree	
woodcut	Logs	0	2185	3129	0	3883	Tree	
woodcut	Logs	0	2190	3124	0	3883	Tree	
woodcut	Logs	0	2192	3126	0	3883	Tree	
woodcut	Logs	0	2197	3130	0	3883	Tree	
woodcut	Logs	0	2198	3134	0	3883	Tree	
woodcut	Logs	0	2199	3130	0	3883	Tree	
woodcut	Logs	0	2205	3131	0	3883	Tree	
woodcut	Logs	0	2206	3127	0	3883	Tree	
woodcut	Logs	0	2208	3134	0	3883	Tree	
woodcut	Yew logs	60	2215	3137	0	1309	Yew	
woodcut	Yew logs	60	2217	3140	0	1309	Yew	
woodcut	Yew logs	60	2217	3143	0	1309	Yew	
woodcut	Yew logs	60	2219	3136	0	1309	Yew	
woodcut	Logs	0	2176	3160	0	3879	Tree	
woodcut	Logs	0	2176	3172	0	3879	Tree	
woodcut	Logs	0	2176	3194	0	3879	Tree	
woodcut	Logs	0	2178	3191	0	3879	Tree	
woodcut	Logs	0	2181	3162	0	3879	Tree	
woodcut	Logs	0	2181	3168	0	3879	Tree	
woodcut	Logs	0	2181	3194	0	3879	Tree	
woodcut	Logs	0	2184	3168	0	3879	Tree	
woodcut	Logs	0	2184	3193	0	3879	Tree	
woodcut	Logs	0	2187	3194	0	3879	Tree	
woodcut	Logs	0	2192	3169	0	3879	Tree	
woodcut	Logs	0	2193	3163	0	3879	Tree	
woodcut	Logs	0	2194	3196	0	3879	Tree	
woodcut	Logs	0	2196	3171	0	3879	Tree	
woodcut	Logs	0	2197	3197	0	3879	Tree	
woodcut	Logs	0	2200	3141	0	3879	Tree	
woodcut	Logs	0	2200	3146	0	3879	Tree	
woodcut	Logs	0	2200	3159	0	3879	Tree	
woodcut	Logs	0	2200	3173	0	3879	Tree	
woodcut	Logs	0	2200	3191	0	3879	Tree	
woodcut	Logs	0	2201	3150	0	3879	Tree	
woodcut	Logs	0	2201	3153	0	3879	Tree	
woodcut	Logs	0	2203	3157	0	3879	Tree	
woodcut	Logs	0	2203	3190	0	3879	Tree	
woodcut	Logs	0	2204	3137	0	3879	Tree	
woodcut	Logs	0	2204	3166	0	3879	Tree	
woodcut	Logs	0	2206	3157	0	3879	Tree	
woodcut	Logs	0	2206	3185	0	3879	Tree	
woodcut	Logs	0	2207	3166	0	3879	Tree	
woodcut	Logs	0	2208	3138	0	3879	Tree	
woodcut	Logs	0	2209	3158	0	3879	Tree	
woodcut	Logs	0	2209	3187	0	3879	Tree	
woodcut	Logs	0	2210	3141	0	3879	Tree	
woodcut	Logs	0	2210	3152	0	3879	Tree	
woodcut	Logs	0	2211	3138	0	3879	Tree	
woodcut	Logs	0	2211	3162	0	3879	Tree	
woodcut	Logs	0	2212	3145	0	3879	Tree	
woodcut	Logs	0	2212	3148	0	3879	Tree	
woodcut	Logs	0	2212	3159	0	3879	Tree	
woodcut	Logs	0	2212	3179	0	3879	Tree	
woodcut	Logs	0	2212	3185	0	3879	Tree	
woodcut	Logs	0	2215	3183	0	3879	Tree	
woodcut	Logs	0	2216	3177	0	3879	Tree	
woodcut	Logs	0	2216	3196	0	3879	Tree	
woodcut	Logs	0	2218	3158	0	3879	Tree	
woodcut	Logs	0	2218	3181	0	3879	Tree	
woodcut	Logs	0	2219	3162	0	3879	Tree	
woodcut	Logs	0	2219	3165	0	3879	Tree	
woodcut	Logs	0	2219	3175	0	3879	Tree	
woodcut	Logs	0	2219	3178	0	3879	Tree	
woodcut	Logs	0	2219	3190	0	3879	Tree	
woodcut	Logs	0	2219	3196	0	3879	Tree	
woodcut	Logs	0	2222	3152	0	3879	Tree	
woodcut	Logs	0	2222	3155	0	3879	Tree	
woodcut	Logs	0	2222	3190	0	3879	Tree	
woodcut	Logs	0	2223	3173	0	3879	Tree	
woodcut	Logs	0	2226	3151	0	3879	Tree	
woodcut	Logs	0	2226	3186	0	3879	Tree	
woodcut	Logs	0	2228	3168	0	3879	Tree	
woodcut	Logs	0	2229	3142	0	3879	Tree	
woodcut	Logs	0	2229	3153	0	3879	Tree	
woodcut	Logs	0	2229	3156	0	3879	Tree	
woodcut	Logs	0	2231	3168	0	3879	Tree	
woodcut	Logs	0	2232	3138	0	3879	Tree	
woodcut	Logs	0	2232	3156	0	3879	Tree	
woodcut	Logs	0	2233	3185	0	3879	Tree	
woodcut	Logs	0	2234	3159	0	3879	Tree	
woodcut	Logs	0	2234	3162	0	3879	Tree	
woodcut	Logs	0	2234	3174	0	3879	Tree	
woodcut	Logs	0	2234	3192	0	3879	Tree	
woodcut	Logs	0	2234	3197	0	3879	Tree	
woodcut	Logs	0	2235	3136	0	3879	Tree	
woodcut	Logs	0	2235	3143	0	3879	Tree	
woodcut	Logs	0	2235	3151	0	3879	Tree	
woodcut	Logs	0	2236	3178	0	3879	Tree	
woodcut	Logs	0	2236	3182	0	3879	Tree	
woodcut	Logs	0	2238	3137	0	3879	Tree	
woodcut	Logs	0	2178	3163	0	3881	Tree	
woodcut	Logs	0	2178	3169	0	3881	Tree	
woodcut	Logs	0	2190	3197	0	3881	Tree	
woodcut	Logs	0	2191	3194	0	3881	Tree	
woodcut	Logs	0	2193	3166	0	3881	Tree	
woodcut	Logs	0	2196	3168	0	3881	Tree	
woodcut	Logs	0	2198	3162	0	3881	Tree	
woodcut	Logs	0	2200	3170	0	3881	Tree	
woodcut	Logs	0	2203	3147	0	3881	Tree	
woodcut	Logs	0	2203	3169	0	3881	Tree	
woodcut	Logs	0	2203	3175	0	3881	Tree	
woodcut	Logs	0	2206	3148	0	3881	Tree	
woodcut	Logs	0	2206	3171	0	3881	Tree	
woodcut	Logs	0	2209	3144	0	3881	Tree	
woodcut	Logs	0	2209	3149	0	3881	Tree	
woodcut	Logs	0	2209	3155	0	3881	Tree	
woodcut	Logs	0	2209	3184	0	3881	Tree	
woodcut	Logs	0	2215	3180	0	3881	Tree	
woodcut	Logs	0	2222	3160	0	3881	Tree	
woodcut	Logs	0	2222	3166	0	3881	Tree	
woodcut	Logs	0	2223	3163	0	3881	Tree	
woodcut	Logs	0	2224	3194	0	3881	Tree	
woodcut	Logs	0	2228	3182	0	3881	Tree	
woodcut	Logs	0	2228	3191	0	3881	Tree	
woodcut	Logs	0	2229	3165	0	3881	Tree	
woodcut	Logs	0	2231	3193	0	3881	Tree	
woodcut	Logs	0	2232	3141	0	3881	Tree	
woodcut	Logs	0	2232	3165	0	3881	Tree	
woodcut	Logs	0	2235	3139	0	3881	Tree	
woodcut	Logs	0	2177	3166	0	3882	Tree	
woodcut	Logs	0	2196	3165	0	3882	Tree	
woodcut	Logs	0	2199	3166	0	3882	Tree	
woodcut	Logs	0	2203	3143	0	3882	Tree	
woodcut	Logs	0	2203	3172	0	3882	Tree	
woodcut	Logs	0	2207	3141	0	3882	Tree	
woodcut	Logs	0	2207	3152	0	3882	Tree	
woodcut	Logs	0	2207	3180	0	3882	Tree	
woodcut	Logs	0	2210	3181	0	3882	Tree	
woodcut	Logs	0	2225	3160	0	3882	Tree	
woodcut	Logs	0	2225	3189	0	3882	Tree	
woodcut	Logs	0	2225	3197	0	3882	Tree	
woodcut	Logs	0	2226	3164	0	3882	Tree	
woodcut	Logs	0	2228	3159	0	3882	Tree	
woodcut	Logs	0	2228	3162	0	3882	Tree	
woodcut	Logs	0	2228	3195	0	3882	Tree	
woodcut	Logs	0	2230	3185	0	3882	Tree	
woodcut	Logs	0	2176	3164	0	3883	Tree	
woodcut	Logs	0	2179	3160	0	3883	Tree	
woodcut	Logs	0	2190	3171	0	3883	Tree	
woodcut	Logs	0	2193	3161	0	3883	Tree	
woodcut	Logs	0	2198	3136	0	3883	Tree	
woodcut	Logs	0	2198	3160	0	3883	Tree	
woodcut	Logs	0	2198	3191	0	3883	Tree	
woodcut	Logs	0	2199	3151	0	3883	Tree	
woodcut	Logs	0	2199	3155	0	3883	Tree	
woodcut	Logs	0	2199	3189	0	3883	Tree	
woodcut	Logs	0	2200	3138	0	3883	Tree	
woodcut	Logs	0	2201	3144	0	3883	Tree	
woodcut	Logs	0	2204	3181	0	3883	Tree	
woodcut	Logs	0	2204	3184	0	3883	Tree	
woodcut	Logs	0	2209	3169	0	3883	Tree	
woodcut	Logs	0	2209	3172	0	3883	Tree	
woodcut	Logs	0	2210	3192	0	3883	Tree	
woodcut	Logs	0	2212	3136	0	3883	Tree	
woodcut	Logs	0	2212	3155	0	3883	Tree	
woodcut	Logs	0	2212	3188	0	3883	Tree	
woodcut	Logs	0	2213	3141	0	3883	Tree	
woodcut	Logs	0	2214	3162	0	3883	Tree	
woodcut	Logs	0	2215	3145	0	3883	Tree	
woodcut	Logs	0	2215	3148	0	3883	Tree	
woodcut	Logs	0	2217	3186	0	3883	Tree	
woodcut	Logs	0	2217	3194	0	3883	Tree	
woodcut	Logs	0	2218	3184	0	3883	Tree	
woodcut	Logs	0	2221	3158	0	3883	Tree	
woodcut	Logs	0	2221	3173	0	3883	Tree	
woodcut	Logs	0	2222	3149	0	3883	Tree	
woodcut	Logs	0	2222	3179	0	3883	Tree	
woodcut	Logs	0	2222	3194	0	3883	Tree	
woodcut	Logs	0	2224	3171	0	3883	Tree	
woodcut	Logs	0	2224	3187	0	3883	Tree	
woodcut	Logs	0	2225	3176	0	3883	Tree	
woodcut	Logs	0	2226	3184	0	3883	Tree	
woodcut	Logs	0	2226	3192	0	3883	Tree	
woodcut	Logs	0	2229	3198	0	3883	Tree	
woodcut	Logs	0	2230	3140	0	3883	Tree	
woodcut	Logs	0	2230	3145	0	3883	Tree	
woodcut	Logs	0	2230	3175	0	3883	Tree	
woodcut	Logs	0	2231	3183	0	3883	Tree	
woodcut	Logs	0	2231	3191	0	3883	Tree	
woodcut	Logs	0	2233	3152	0	3883	Tree	
woodcut	Logs	0	2234	3177	0	3883	Tree	
woodcut	Logs	0	2234	3182	0	3883	Tree	
woodcut	Logs	0	2235	3146	0	3883	Tree	
woodcut	Logs	0	2235	3190	0	3883	Tree	
woodcut	Logs	0	2236	3188	0	3883	Tree	
woodcut	Logs	0	2237	3162	0	3883	Tree	
woodcut	Logs	0	2238	3140	0	3883	Tree	
woodcut	Logs	0	2238	3146	0	3883	Tree	
woodcut	Logs	0	2178	3210	0	3879	Tree	
woodcut	Logs	0	2178	3227	0	3879	Tree	
woodcut	Logs	0	2181	3219	0	3879	Tree	
woodcut	Logs	0	2181	3229	0	3879	Tree	
woodcut	Logs	0	2184	3201	0	3879	Tree	
woodcut	Logs	0	2184	3206	0	3879	Tree	
woodcut	Logs	0	2184	3225	0	3879	Tree	
woodcut	Logs	0	2185	3212	0	3879	Tree	
woodcut	Logs	0	2185	3219	0	3879	Tree	
woodcut	Logs	0	2187	3215	0	3879	Tree	
woodcut	Logs	0	2189	3200	0	3879	Tree	
woodcut	Logs	0	2192	3214	0	3879	Tree	
woodcut	Logs	0	2193	3203	0	3879	Tree	
woodcut	Logs	0	2197	3205	0	3879	Tree	
woodcut	Logs	0	2199	3201	0	3879	Tree	
woodcut	Logs	0	2200	3207	0	3879	Tree	
woodcut	Logs	0	2212	3208	0	3879	Tree	
woodcut	Logs	0	2216	3200	0	3879	Tree	
woodcut	Logs	0	2216	3217	0	3879	Tree	
woodcut	Logs	0	2216	3225	0	3879	Tree	
woodcut	Logs	0	2216	3259	0	3879	Tree	
woodcut	Logs	0	2217	3206	0	3879	Tree	
woodcut	Logs	0	2217	3254	0	3879	Tree	
woodcut	Logs	0	2220	3217	0	3879	Tree	
woodcut	Logs	0	2223	3261	0	3879	Tree	
woodcut	Logs	0	2224	3222	0	3879	Tree	
woodcut	Logs	0	2224	3252	0	3879	Tree	
woodcut	Logs	0	2225	3214	0	3879	Tree	
woodcut	Logs	0	2227	3221	0	3879	Tree	
woodcut	Logs	0	2227	3242	0	3879	Tree	
woodcut	Logs	0	2227	3250	0	3879	Tree	
woodcut	Logs	0	2227	3258	0	3879	Tree	
woodcut	Logs	0	2231	3210	0	3879	Tree	
woodcut	Logs	0	2231	3261	0	3879	Tree	
woodcut	Logs	0	2232	3204	0	3879	Tree	
woodcut	Logs	0	2232	3213	0	3879	Tree	
woodcut	Logs	0	2232	3245	0	3879	Tree	
woodcut	Logs	0	2233	3200	0	3879	Tree	
woodcut	Logs	0	2233	3254	0	3879	Tree	
woodcut	Logs	0	2233	3258	0	3879	Tree	
woodcut	Logs	0	2234	3251	0	3879	Tree	
woodcut	Logs	0	2234	3261	0	3879	Tree	
woodcut	Logs	0	2177	3218	0	3881	Tree	
woodcut	Logs	0	2178	3213	0	3881	Tree	
woodcut	Logs	0	2181	3226	0	3881	Tree	
woodcut	Logs	0	2183	3216	0	3881	Tree	
woodcut	Logs	0	2187	3206	0	3881	Tree	
woodcut	Logs	0	2189	3212	0	3881	Tree	
woodcut	Logs	0	2194	3209	0	3881	Tree	
woodcut	Logs	0	2196	3202	0	3881	Tree	
woodcut	Logs	0	2204	3201	0	3881	Tree	
woodcut	Logs	0	2218	3203	0	3881	Tree	
woodcut	Logs	0	2219	3224	0	3881	Tree	
woodcut	Logs	0	2221	3201	0	3881	Tree	
woodcut	Logs	0	2223	3208	0	3881	Tree	
woodcut	Logs	0	2224	3258	0	3881	Tree	
woodcut	Logs	0	2226	3204	0	3881	Tree	
woodcut	Logs	0	2228	3210	0	3881	Tree	
woodcut	Logs	0	2230	3201	0	3881	Tree	
woodcut	Logs	0	2180	3216	0	3882	Tree	
woodcut	Logs	0	2181	3213	0	3882	Tree	
woodcut	Logs	0	2188	3209	0	3882	Tree	
woodcut	Logs	0	2190	3206	0	3882	Tree	
woodcut	Logs	0	2191	3209	0	3882	Tree	
woodcut	Logs	0	2194	3206	0	3882	Tree	
woodcut	Logs	0	2220	3206	0	3882	Tree	
woodcut	Logs	0	2222	3214	0	3882	Tree	
woodcut	Logs	0	2223	3205	0	3882	Tree	
woodcut	Logs	0	2225	3255	0	3882	Tree	
woodcut	Logs	0	2228	3261	0	3882	Tree	
woodcut	Logs	0	2176	3224	0	3883	Tree	
woodcut	Logs	0	2177	3230	0	3883	Tree	
woodcut	Logs	0	2180	3232	0	3883	Tree	
woodcut	Logs	0	2182	3207	0	3883	Tree	
woodcut	Logs	0	2184	3222	0	3883	Tree	
woodcut	Logs	0	2190	3215	0	3883	Tree	
woodcut	Logs	0	2192	3217	0	3883	Tree	
woodcut	Logs	0	2194	3212	0	3883	Tree	
woodcut	Logs	0	2195	3216	0	3883	Tree	
woodcut	Logs	0	2200	3215	0	3883	Tree	
woodcut	Logs	0	2202	3201	0	3883	Tree	
woodcut	Logs	0	2203	3210	0	3883	Tree	
woodcut	Logs	0	2205	3205	0	3883	Tree	
woodcut	Logs	0	2207	3200	0	3883	Tree	
woodcut	Logs	0	2207	3203	0	3883	Tree	
woodcut	Logs	0	2210	3205	0	3883	Tree	
woodcut	Logs	0	2211	3200	0	3883	Tree	
woodcut	Logs	0	2212	3205	0	3883	Tree	
woodcut	Logs	0	2213	3211	0	3883	Tree	
woodcut	Logs	0	2214	3258	0	3883	Tree	
woodcut	Logs	0	2215	3253	0	3883	Tree	
woodcut	Logs	0	2216	3204	0	3883	Tree	
woodcut	Logs	0	2217	3252	0	3883	Tree	
woodcut	Logs	0	2218	3262	0	3883	Tree	
woodcut	Logs	0	2221	3261	0	3883	Tree	
woodcut	Logs	0	2223	3256	0	3883	Tree	
woodcut	Logs	0	2227	3253	0	3883	Tree	
woodcut	Logs	0	2230	3243	0	3883	Tree	
woodcut	Logs	0	2232	3221	0	3883	Tree	
woodcut	Logs	0	2236	3254	0	3883	Tree	
woodcut	Logs	0	2237	3252	0	3883	Tree	
woodcut	Logs	0	2237	3259	0	3883	Tree	
woodcut	Logs	0	2237	3262	0	3883	Tree	
woodcut	Logs	0	2176	3287	0	3879	Tree	
woodcut	Logs	0	2177	3276	0	3879	Tree	
woodcut	Logs	0	2179	3273	0	3879	Tree	
woodcut	Logs	0	2188	3266	0	3879	Tree	
woodcut	Logs	0	2188	3270	0	3879	Tree	
woodcut	Logs	0	2191	3265	0	3879	Tree	
woodcut	Logs	0	2222	3267	0	3879	Tree	
woodcut	Logs	0	2225	3269	0	3879	Tree	
woodcut	Logs	0	2231	3264	0	3879	Tree	
woodcut	Logs	0	2176	3264	0	3881	Tree	
woodcut	Logs	0	2176	3273	0	3881	Tree	
woodcut	Logs	0	2178	3269	0	3881	Tree	
woodcut	Logs	0	2181	3270	0	3881	Tree	
woodcut	Logs	0	2185	3264	0	3881	Tree	
woodcut	Logs	0	2185	3270	0	3881	Tree	
woodcut	Logs	0	2216	3285	0	3881	Tree	
woodcut	Logs	0	2222	3264	0	3881	Tree	
woodcut	Logs	0	2224	3284	0	3881	Tree	
woodcut	Logs	0	2228	3267	0	3881	Tree	
woodcut	Logs	0	2239	3287	0	3881	Tree	
woodcut	Logs	0	2179	3266	0	3882	Tree	
woodcut	Logs	0	2182	3264	0	3882	Tree	
woodcut	Logs	0	2209	3284	0	3882	Tree	
woodcut	Logs	0	2225	3265	0	3882	Tree	
woodcut	Logs	0	2228	3264	0	3882	Tree	
woodcut	Logs	0	2201	3289	0	3883	Tree	
woodcut	Logs	0	2206	3284	0	3883	Tree	
woodcut	Logs	0	2214	3283	0	3883	Tree	
woodcut	Logs	0	2221	3288	0	3883	Tree	
woodcut	Logs	0	2226	3288	0	3883	Tree	
woodcut	Logs	0	2228	3284	0	3883	Tree	
woodcut	Logs	0	2234	3288	0	3883	Tree	
woodcut	Logs	0	2238	3283	0	3883	Tree	
woodcut	Charcoal	0	2193	4833	0	1384	Dead tree	
woodcut	Charcoal	0	2193	4838	0	1384	Dead tree	
woodcut	Charcoal	0	2194	4843	0	1384	Dead tree	
woodcut	Charcoal	0	2195	4834	0	1384	Dead tree	
woodcut	Charcoal	0	2196	4832	0	1384	Dead tree	
woodcut	Charcoal	0	2196	4844	0	1384	Dead tree	
woodcut	Charcoal	0	2196	4846	0	1384	Dead tree	
woodcut	Charcoal	0	2198	4835	0	1384	Dead tree	
woodcut	Charcoal	0	2198	4840	0	1384	Dead tree	
woodcut	Charcoal	0	2199	4845	0	1384	Dead tree	
woodcut	Charcoal	0	2200	4847	0	1384	Dead tree	
woodcut	Charcoal	0	2201	4848	0	1384	Dead tree	
woodcut	Charcoal	0	2202	4826	0	1384	Dead tree	
woodcut	Charcoal	0	2202	4831	0	1384	Dead tree	
woodcut	Charcoal	0	2202	4846	0	1384	Dead tree	
woodcut	Charcoal	0	2204	4826	0	1384	Dead tree	
woodcut	Charcoal	0	2207	4830	0	1384	Dead tree	
woodcut	Charcoal	0	2207	4844	0	1384	Dead tree	
woodcut	Charcoal	0	2208	4825	0	1384	Dead tree	
woodcut	Charcoal	0	2209	4828	0	1384	Dead tree	
woodcut	Charcoal	0	2209	4833	0	1384	Dead tree	
woodcut	Charcoal	0	2209	4843	0	1384	Dead tree	
woodcut	Charcoal	0	2209	4848	0	1384	Dead tree	
woodcut	Charcoal	0	2210	4826	0	1384	Dead tree	
woodcut	Charcoal	0	2210	4827	0	1384	Dead tree	
woodcut	Charcoal	0	2211	4847	0	1384	Dead tree	
woodcut	Charcoal	0	2213	4831	0	1384	Dead tree	
woodcut	Charcoal	0	2213	4835	0	1384	Dead tree	
woodcut	Charcoal	0	2213	4845	0	1384	Dead tree	
woodcut	Charcoal	0	2214	4830	0	1384	Dead tree	
woodcut	Charcoal	0	2214	4838	0	1384	Dead tree	
woodcut	Charcoal	0	2214	4840	0	1384	Dead tree	
woodcut	Charcoal	0	2215	4834	0	1384	Dead tree	
woodcut	Charcoal	0	2215	4842	0	1384	Dead tree	
woodcut	Charcoal	0	2215	4845	0	1384	Dead tree	
woodcut	Charcoal	0	2216	4832	0	1384	Dead tree	
woodcut	Charcoal	0	2216	4837	0	1384	Dead tree	
woodcut	Charcoal	0	2217	4832	0	1384	Dead tree	
woodcut	Charcoal	0	2217	4841	0	1384	Dead tree	
woodcut	Charcoal	0	2218	4838	0	1384	Dead tree	
woodcut	Logs	0	2241	3133	0	3879	Tree	
woodcut	Logs	0	2276	3133	0	3879	Tree	
woodcut	Logs	0	2279	3131	0	3879	Tree	
woodcut	Magic logs	75	2284	3137	0	1306	Magic tree	
woodcut	Magic logs	75	2285	3143	0	1306	Magic tree	
woodcut	Magic logs	75	2286	3138	0	1306	Magic tree	
mining	Adamantite ore	70	2278	3156	0	2104	Rocks	
mining	Adamantite ore	70	2279	3159	0	2104	Rocks	
mining	Adamantite ore	70	2279	3161	0	2104	Rocks	
mining	Adamantite ore	70	2280	3157	0	2104	Rocks	
woodcut	Logs	0	2240	3169	0	3879	Tree	
woodcut	Logs	0	2243	3165	0	3879	Tree	
woodcut	Logs	0	2245	3170	0	3879	Tree	
woodcut	Logs	0	2245	3174	0	3879	Tree	
woodcut	Logs	0	2248	3158	0	3879	Tree	
woodcut	Logs	0	2248	3170	0	3879	Tree	
woodcut	Logs	0	2248	3173	0	3879	Tree	
woodcut	Logs	0	2249	3164	0	3879	Tree	
woodcut	Logs	0	2251	3161	0	3879	Tree	
woodcut	Logs	0	2251	3195	0	3879	Tree	
woodcut	Logs	0	2252	3156	0	3879	Tree	
woodcut	Logs	0	2254	3198	0	3879	Tree	
woodcut	Logs	0	2258	3196	0	3879	Tree	
woodcut	Logs	0	2260	3163	0	3879	Tree	
woodcut	Logs	0	2262	3175	0	3879	Tree	
woodcut	Logs	0	2263	3181	0	3879	Tree	
woodcut	Logs	0	2264	3162	0	3879	Tree	
woodcut	Logs	0	2265	3177	0	3879	Tree	
woodcut	Logs	0	2265	3186	0	3879	Tree	
woodcut	Logs	0	2266	3174	0	3879	Tree	
woodcut	Logs	0	2267	3149	0	3879	Tree	
woodcut	Logs	0	2267	3165	0	3879	Tree	
woodcut	Logs	0	2268	3188	0	3879	Tree	
woodcut	Logs	0	2268	3194	0	3879	Tree	
woodcut	Logs	0	2269	3142	0	3879	Tree	
woodcut	Logs	0	2269	3145	0	3879	Tree	
woodcut	Logs	0	2269	3169	0	3879	Tree	
woodcut	Logs	0	2269	3179	0	3879	Tree	
woodcut	Logs	0	2270	3173	0	3879	Tree	
woodcut	Logs	0	2270	3182	0	3879	Tree	
woodcut	Logs	0	2271	3138	0	3879	Tree	
woodcut	Logs	0	2274	3137	0	3879	Tree	
woodcut	Logs	0	2274	3160	0	3879	Tree	
woodcut	Logs	0	2274	3194	0	3879	Tree	
woodcut	Logs	0	2275	3140	0	3879	Tree	
woodcut	Logs	0	2275	3157	0	3879	Tree	
woodcut	Logs	0	2275	3164	0	3879	Tree	
woodcut	Logs	0	2275	3191	0	3879	Tree	
woodcut	Logs	0	2277	3170	0	3879	Tree	
woodcut	Logs	0	2277	3197	0	3879	Tree	
woodcut	Logs	0	2278	3142	0	3879	Tree	
woodcut	Logs	0	2279	3151	0	3879	Tree	
woodcut	Logs	0	2280	3136	0	3879	Tree	
woodcut	Logs	0	2280	3170	0	3879	Tree	
woodcut	Logs	0	2282	3153	0	3879	Tree	
woodcut	Logs	0	2283	3170	0	3879	Tree	
woodcut	Logs	0	2283	3184	0	3879	Tree	
woodcut	Logs	0	2284	3157	0	3879	Tree	
woodcut	Logs	0	2285	3160	0	3879	Tree	
woodcut	Logs	0	2286	3169	0	3879	Tree	
woodcut	Logs	0	2287	3172	0	3879	Tree	
woodcut	Logs	0	2288	3162	0	3879	Tree	
woodcut	Logs	0	2288	3166	0	3879	Tree	
woodcut	Logs	0	2288	3181	0	3879	Tree	
woodcut	Logs	0	2289	3191	0	3879	Tree	
woodcut	Logs	0	2295	3167	0	3879	Tree	
woodcut	Logs	0	2297	3171	0	3879	Tree	
woodcut	Logs	0	2297	3178	0	3879	Tree	
woodcut	Logs	0	2297	3198	0	3879	Tree	
woodcut	Logs	0	2298	3161	0	3879	Tree	
woodcut	Logs	0	2298	3181	0	3879	Tree	
woodcut	Logs	0	2299	3154	0	3879	Tree	
woodcut	Logs	0	2300	3151	0	3879	Tree	
woodcut	Logs	0	2301	3159	0	3879	Tree	
woodcut	Logs	0	2301	3178	0	3879	Tree	
woodcut	Logs	0	2301	3181	0	3879	Tree	
woodcut	Logs	0	2241	3175	0	3881	Tree	
woodcut	Logs	0	2242	3172	0	3881	Tree	
woodcut	Logs	0	2251	3170	0	3881	Tree	
woodcut	Logs	0	2254	3161	0	3881	Tree	
woodcut	Logs	0	2257	3161	0	3881	Tree	
woodcut	Logs	0	2260	3172	0	3881	Tree	
woodcut	Logs	0	2263	3172	0	3881	Tree	
woodcut	Logs	0	2265	3168	0	3881	Tree	
woodcut	Logs	0	2272	3141	0	3881	Tree	
woodcut	Logs	0	2273	3154	0	3881	Tree	
woodcut	Logs	0	2275	3143	0	3881	Tree	
woodcut	Logs	0	2278	3173	0	3881	Tree	
woodcut	Logs	0	2279	3154	0	3881	Tree	
woodcut	Logs	0	2280	3196	0	3881	Tree	
woodcut	Logs	0	2282	3181	0	3881	Tree	
woodcut	Logs	0	2287	3178	0	3881	Tree	
woodcut	Logs	0	2287	3194	0	3881	Tree	
woodcut	Logs	0	2294	3197	0	3881	Tree	
woodcut	Logs	0	2297	3164	0	3881	Tree	
woodcut	Logs	0	2300	3165	0	3881	Tree	
woodcut	Logs	0	2301	3168	0	3881	Tree	
woodcut	Logs	0	2301	3194	0	3881	Tree	
woodcut	Logs	0	2302	3190	0	3881	Tree	
woodcut	Logs	0	2253	3164	0	3882	Tree	
woodcut	Logs	0	2255	3170	0	3882	Tree	
woodcut	Logs	0	2262	3169	0	3882	Tree	
woodcut	Logs	0	2270	3148	0	3882	Tree	
woodcut	Logs	0	2272	3145	0	3882	Tree	
woodcut	Logs	0	2276	3147	0	3882	Tree	
woodcut	Logs	0	2276	3152	0	3882	Tree	
woodcut	Logs	0	2282	3173	0	3882	Tree	
woodcut	Logs	0	2283	3196	0	3882	Tree	
woodcut	Logs	0	2284	3178	0	3882	Tree	
woodcut	Logs	0	2285	3181	0	3882	Tree	
woodcut	Logs	0	2291	3196	0	3882	Tree	
woodcut	Logs	0	2298	3168	0	3882	Tree	
woodcut	Logs	0	2300	3171	0	3882	Tree	
woodcut	Logs	0	2244	3163	0	3883	Tree	
woodcut	Logs	0	2245	3167	0	3883	Tree	
woodcut	Logs	0	2249	3162	0	3883	Tree	
woodcut	Logs	0	2249	3196	0	3883	Tree	
woodcut	Logs	0	2251	3159	0	3883	Tree	
woodcut	Logs	0	2251	3173	0	3883	Tree	
woodcut	Logs	0	2252	3188	0	3883	Tree	
woodcut	Logs	0	2252	3198	0	3883	Tree	
woodcut	Logs	0	2257	3187	0	3883	Tree	
woodcut	Logs	0	2260	3194	0	3883	Tree	
woodcut	Logs	0	2261	3161	0	3883	Tree	
woodcut	Logs	0	2266	3136	0	3883	Tree	
woodcut	Logs	0	2266	3189	0	3883	Tree	
woodcut	Logs	0	2266	3194	0	3883	Tree	
woodcut	Logs	0	2267	3163	0	3883	Tree	
woodcut	Logs	0	2269	3176	0	3883	Tree	
woodcut	Logs	0	2270	3167	0	3883	Tree	
woodcut	Logs	0	2271	3136	0	3883	Tree	
woodcut	Logs	0	2271	3188	0	3883	Tree	
woodcut	Logs	0	2272	3171	0	3883	Tree	
woodcut	Logs	0	2272	3198	0	3883	Tree	
woodcut	Logs	0	2273	3179	0	3883	Tree	
woodcut	Logs	0	2274	3152	0	3883	Tree	
woodcut	Logs	0	2275	3170	0	3883	Tree	
woodcut	Logs	0	2277	3136	0	3883	Tree	
woodcut	Logs	0	2277	3167	0	3883	Tree	
woodcut	Logs	0	2278	3192	0	3883	Tree	
woodcut	Logs	0	2279	3178	0	3883	Tree	
woodcut	Logs	0	2280	3166	0	3883	Tree	
woodcut	Logs	0	2281	3191	0	3883	Tree	
woodcut	Logs	0	2285	3155	0	3883	Tree	
woodcut	Logs	0	2287	3157	0	3883	Tree	
woodcut	Logs	0	2287	3191	0	3883	Tree	
woodcut	Logs	0	2289	3176	0	3883	Tree	
woodcut	Logs	0	2289	3184	0	3883	Tree	
woodcut	Logs	0	2292	3199	0	3883	Tree	
woodcut	Logs	0	2295	3178	0	3883	Tree	
woodcut	Logs	0	2296	3155	0	3883	Tree	
woodcut	Logs	0	2297	3153	0	3883	Tree	
woodcut	Logs	0	2303	3166	0	3883	Tree	
woodcut	Logs	0	2242	3211	0	3879	Tree	
woodcut	Logs	0	2242	3224	0	3879	Tree	
woodcut	Logs	0	2242	3253	0	3879	Tree	
woodcut	Logs	0	2243	3260	0	3879	Tree	
woodcut	Logs	0	2244	3227	0	3879	Tree	
woodcut	Logs	0	2244	3257	0	3879	Tree	
woodcut	Logs	0	2245	3212	0	3879	Tree	
woodcut	Logs	0	2245	3222	0	3879	Tree	
woodcut	Logs	0	2245	3254	0	3879	Tree	
woodcut	Logs	0	2247	3216	0	3879	Tree	
woodcut	Logs	0	2248	3205	0	3879	Tree	
woodcut	Logs	0	2248	3232	0	3879	Tree	
woodcut	Logs	0	2251	3233	0	3879	Tree	
woodcut	Logs	0	2253	3218	0	3879	Tree	
woodcut	Logs	0	2254	3201	0	3879	Tree	
woodcut	Logs	0	2254	3205	0	3879	Tree	
woodcut	Logs	0	2257	3208	0	3879	Tree	
woodcut	Logs	0	2261	3203	0	3879	Tree	
woodcut	Logs	0	2261	3206	0	3879	Tree	
woodcut	Logs	0	2266	3206	0	3879	Tree	
woodcut	Logs	0	2266	3211	0	3879	Tree	
woodcut	Logs	0	2266	3220	0	3879	Tree	
woodcut	Logs	0	2268	3214	0	3879	Tree	
woodcut	Logs	0	2269	3202	0	3879	Tree	
woodcut	Logs	0	2270	3218	0	3879	Tree	
woodcut	Logs	0	2270	3228	0	3879	Tree	
woodcut	Logs	0	2272	3221	0	3879	Tree	
woodcut	Logs	0	2275	3223	0	3879	Tree	
woodcut	Logs	0	2276	3204	0	3879	Tree	
woodcut	Logs	0	2281	3223	0	3879	Tree	
woodcut	Logs	0	2281	3226	0	3879	Tree	
woodcut	Logs	0	2281	3255	0	3879	Tree	
woodcut	Logs	0	2282	3209	0	3879	Tree	
woodcut	Logs	0	2282	3216	0	3879	Tree	
woodcut	Logs	0	2284	3224	0	3879	Tree	
woodcut	Logs	0	2284	3250	0	3879	Tree	
woodcut	Logs	0	2285	3200	0	3879	Tree	
woodcut	Logs	0	2285	3218	0	3879	Tree	
woodcut	Logs	0	2285	3221	0	3879	Tree	
woodcut	Logs	0	2286	3214	0	3879	Tree	
woodcut	Logs	0	2288	3200	0	3879	Tree	
woodcut	Logs	0	2288	3222	0	3879	Tree	
woodcut	Logs	0	2288	3247	0	3879	Tree	
woodcut	Logs	0	2288	3255	0	3879	Tree	
woodcut	Logs	0	2289	3204	0	3879	Tree	
woodcut	Logs	0	2290	3242	0	3879	Tree	
woodcut	Logs	0	2291	3201	0	3879	Tree	
woodcut	Logs	0	2293	3221	0	3879	Tree	
woodcut	Logs	0	2294	3200	0	3879	Tree	
woodcut	Logs	0	2296	3215	0	3879	Tree	
woodcut	Logs	0	2296	3218	0	3879	Tree	
woodcut	Logs	0	2296	3222	0	3879	Tree	
woodcut	Logs	0	2297	3203	0	3879	Tree	
woodcut	Logs	0	2297	3240	0	3879	Tree	
woodcut	Logs	0	2298	3244	0	3879	Tree	
woodcut	Logs	0	2299	3217	0	3879	Tree	
woodcut	Logs	0	2300	3203	0	3879	Tree	
woodcut	Logs	0	2300	3247	0	3879	Tree	
woodcut	Logs	0	2248	3213	0	3881	Tree	
woodcut	Logs	0	2250	3218	0	3881	Tree	
woodcut	Logs	0	2251	3201	0	3881	Tree	
woodcut	Logs	0	2251	3210	0	3881	Tree	
woodcut	Logs	0	2256	3222	0	3881	Tree	
woodcut	Logs	0	2257	3231	0	3881	Tree	
woodcut	Logs	0	2260	3222	0	3881	Tree	
woodcut	Logs	0	2272	3225	0	3881	Tree	
woodcut	Logs	0	2272	3232	0	3881	Tree	
woodcut	Logs	0	2281	3206	0	3881	Tree	
woodcut	Logs	0	2282	3258	0	3881	Tree	
woodcut	Logs	0	2284	3206	0	3881	Tree	
woodcut	Logs	0	2292	3260	0	3881	Tree	
woodcut	Logs	0	2295	3259	0	3881	Tree	
woodcut	Logs	0	2297	3225	0	3881	Tree	
woodcut	Logs	0	2299	3220	0	3881	Tree	
woodcut	Logs	0	2301	3206	0	3881	Tree	
woodcut	Logs	0	2301	3226	0	3881	Tree	
woodcut	Logs	0	2248	3210	0	3882	Tree	
woodcut	Logs	0	2251	3204	0	3882	Tree	
woodcut	Logs	0	2251	3207	0	3882	Tree	
woodcut	Logs	0	2254	3209	0	3882	Tree	
woodcut	Logs	0	2259	3228	0	3882	Tree	
woodcut	Logs	0	2273	3229	0	3882	Tree	
woodcut	Logs	0	2275	3226	0	3882	Tree	
woodcut	Logs	0	2282	3203	0	3882	Tree	
woodcut	Logs	0	2293	3256	0	3882	Tree	
woodcut	Logs	0	2297	3256	0	3882	Tree	
woodcut	Logs	0	2299	3253	0	3882	Tree	
woodcut	Logs	0	2244	3250	0	3883	Tree	
woodcut	Logs	0	2245	3206	0	3883	Tree	
woodcut	Logs	0	2246	3202	0	3883	Tree	
woodcut	Logs	0	2248	3200	0	3883	Tree	
woodcut	Logs	0	2248	3208	0	3883	Tree	
woodcut	Logs	0	2248	3219	0	3883	Tree	
woodcut	Logs	0	2250	3223	0	3883	Tree	
woodcut	Logs	0	2252	3221	0	3883	Tree	
woodcut	Logs	0	2252	3229	0	3883	Tree	
woodcut	Logs	0	2254	3218	0	3883	Tree	
woodcut	Logs	0	2254	3231	0	3883	Tree	
woodcut	Logs	0	2257	3228	0	3883	Tree	
woodcut	Logs	0	2260	3231	0	3883	Tree	
woodcut	Logs	0	2261	3201	0	3883	Tree	
woodcut	Logs	0	2262	3216	0	3883	Tree	
woodcut	Logs	0	2263	3232	0	3883	Tree	
woodcut	Logs	0	2264	3203	0	3883	Tree	
woodcut	Logs	0	2264	3207	0	3883	Tree	
woodcut	Logs	0	2267	3209	0	3883	Tree	
woodcut	Logs	0	2268	3230	0	3883	Tree	
woodcut	Logs	0	2269	3212	0	3883	Tree	
woodcut	Logs	0	2270	3231	0	3883	Tree	
woodcut	Logs	0	2271	3200	0	3883	Tree	
woodcut	Logs	0	2274	3205	0	3883	Tree	
woodcut	Logs	0	2275	3232	0	3883	Tree	
woodcut	Logs	0	2276	3229	0	3883	Tree	
woodcut	Logs	0	2276	3259	0	3883	Tree	
woodcut	Logs	0	2282	3253	0	3883	Tree	
woodcut	Logs	0	2284	3227	0	3883	Tree	
woodcut	Logs	0	2285	3203	0	3883	Tree	
woodcut	Logs	0	2285	3253	0	3883	Tree	
woodcut	Logs	0	2285	3258	0	3883	Tree	
woodcut	Logs	0	2287	3204	0	3883	Tree	
woodcut	Logs	0	2287	3212	0	3883	Tree	
woodcut	Logs	0	2289	3214	0	3883	Tree	
woodcut	Logs	0	2289	3245	0	3883	Tree	
woodcut	Logs	0	2291	3221	0	3883	Tree	
woodcut	Logs	0	2291	3245	0	3883	Tree	
woodcut	Logs	0	2292	3204	0	3883	Tree	
woodcut	Logs	0	2293	3215	0	3883	Tree	
woodcut	Logs	0	2293	3249	0	3883	Tree	
woodcut	Logs	0	2294	3224	0	3883	Tree	
woodcut	Logs	0	2295	3262	0	3883	Tree	
woodcut	Logs	0	2296	3245	0	3883	Tree	
woodcut	Logs	0	2297	3213	0	3883	Tree	
woodcut	Logs	0	2299	3201	0	3883	Tree	
woodcut	Logs	0	2299	3206	0	3883	Tree	
woodcut	Logs	0	2299	3215	0	3883	Tree	
woodcut	Logs	0	2299	3223	0	3883	Tree	
woodcut	Logs	0	2299	3251	0	3883	Tree	
woodcut	Logs	0	2300	3242	0	3883	Tree	
woodcut	Logs	0	2301	3245	0	3883	Tree	
woodcut	Logs	0	2302	3252	0	3883	Tree	
woodcut	Logs	0	2242	3285	0	3879	Tree	
woodcut	Logs	0	2247	3281	0	3879	Tree	
woodcut	Logs	0	2261	3265	0	3879	Tree	
woodcut	Logs	0	2271	3268	0	3879	Tree	
woodcut	Logs	0	2272	3264	0	3879	Tree	
woodcut	Logs	0	2274	3267	0	3879	Tree	
woodcut	Logs	0	2278	3264	0	3879	Tree	
woodcut	Logs	0	2282	3315	0	3879	Tree	
woodcut	Logs	0	2283	3298	0	3879	Tree	
woodcut	Logs	0	2285	3265	0	3879	Tree	
woodcut	Logs	0	2290	3268	0	3879	Tree	
woodcut	Logs	0	2296	3274	0	3879	Tree	
woodcut	Logs	0	2299	3272	0	3879	Tree	
woodcut	Logs	0	2299	3278	0	3879	Tree	
woodcut	Logs	0	2300	3265	0	3879	Tree	
woodcut	Logs	0	2301	3284	0	3879	Tree	
woodcut	Logs	0	2253	3286	0	3881	Tree	
woodcut	Logs	0	2255	3265	0	3881	Tree	
woodcut	Logs	0	2266	3264	0	3881	Tree	
woodcut	Logs	0	2269	3265	0	3881	Tree	
woodcut	Logs	0	2270	3286	0	3881	Tree	
woodcut	Logs	0	2290	3265	0	3881	Tree	
woodcut	Logs	0	2296	3264	0	3881	Tree	
woodcut	Logs	0	2301	3275	0	3881	Tree	
woodcut	Logs	0	2246	3288	0	3882	Tree	
woodcut	Logs	0	2258	3266	0	3882	Tree	
woodcut	Logs	0	2293	3265	0	3882	Tree	
woodcut	Logs	0	2293	3269	0	3882	Tree	
woodcut	Logs	0	2296	3267	0	3882	Tree	
woodcut	Logs	0	2262	3281	0	3883	Tree	
woodcut	Logs	0	2280	3288	0	3883	Tree	
woodcut	Logs	0	2283	3321	0	3883	Tree	
woodcut	Logs	0	2284	3303	0	3883	Tree	
woodcut	Logs	0	2287	3306	0	3883	Tree	
woodcut	Logs	0	2287	3318	0	3883	Tree	
woodcut	Logs	0	2295	3277	0	3883	Tree	
woodcut	Logs	0	2299	3268	0	3883	Tree	
woodcut	Logs	0	2279	3328	0	3881	Tree	
woodcut	Logs	0	2284	3369	0	3881	Tree	
woodcut	Logs	0	2285	3330	0	3881	Tree	
woodcut	Logs	0	2285	3348	0	3881	Tree	
woodcut	Logs	0	2269	3371	0	3883	Tree	
woodcut	Logs	0	2273	3362	0	3883	Tree	
woodcut	Logs	0	2275	3358	0	3883	Tree	
woodcut	Logs	0	2278	3337	0	3883	Tree	
woodcut	Logs	0	2279	3374	0	3883	Tree	
woodcut	Logs	0	2281	3333	0	3883	Tree	
woodcut	Logs	0	2281	3353	0	3883	Tree	
woodcut	Logs	0	2282	3345	0	3883	Tree	
woodcut	Logs	0	2287	3338	0	3883	Tree	
woodcut	Logs	0	2298	3368	0	3883	Tree	
woodcut	Logs	0	2300	3366	0	3883	Tree	
woodcut	Logs	0	2303	3349	0	3883	Tree	
woodcut	Logs	0	2349	3072	0	1278	Tree	
woodcut	Logs	0	2361	3074	0	1278	Tree	
woodcut	Logs	0	2311	3132	0	1282	Dead tree	
woodcut	Logs	0	2314	3130	0	1282	Dead tree	
woodcut	Logs	0	2314	3133	0	1282	Dead tree	
woodcut	Logs	0	2315	3129	0	1282	Dead tree	
woodcut	Logs	0	2319	3130	0	1282	Dead tree	
woodcut	Logs	0	2322	3127	0	1282	Dead tree	
woodcut	Logs	0	2322	3130	0	1282	Dead tree	
woodcut	Logs	0	2322	3132	0	1282	Dead tree	
woodcut	Logs	0	2324	3131	0	1282	Dead tree	
woodcut	Logs	0	2324	3133	0	1282	Dead tree	
woodcut	Logs	0	2328	3127	0	1282	Dead tree	
woodcut	Logs	0	2330	3133	0	1282	Dead tree	
woodcut	Logs	0	2333	3131	0	1282	Dead tree	
woodcut	Logs	0	2336	3131	0	1282	Dead tree	
woodcut	Logs	0	2337	3106	0	1282	Dead tree	
woodcut	Logs	0	2337	3119	0	1282	Dead tree	
woodcut	Logs	0	2340	3127	0	1282	Dead tree	
woodcut	Logs	0	2341	3129	0	1282	Dead tree	
woodcut	Logs	0	2341	3132	0	1282	Dead tree	
woodcut	Logs	0	2344	3094	0	1282	Dead tree	
woodcut	Logs	0	2346	3121	0	1282	Dead tree	
woodcut	Logs	0	2346	3132	0	1282	Dead tree	
woodcut	Logs	0	2356	3105	0	1282	Dead tree	
woodcut	Logs	0	2356	3133	0	1282	Dead tree	
woodcut	Logs	0	2362	3094	0	1282	Dead tree	
woodcut	Logs	0	2334	3115	0	1286	Dead tree	
woodcut	Logs	0	2337	3092	0	1286	Dead tree	
woodcut	Logs	0	2337	3126	0	1286	Dead tree	
woodcut	Logs	0	2344	3103	0	1286	Dead tree	
woodcut	Logs	0	2345	3112	0	1286	Dead tree	
woodcut	Logs	0	2354	3093	0	1286	Dead tree	
woodcut	Logs	0	2355	3126	0	1286	Dead tree	
woodcut	Logs	0	2356	3112	0	1286	Dead tree	
woodcut	Logs	0	2361	3102	0	1286	Dead tree	
woodcut	Logs	0	2361	3115	0	1286	Dead tree	
woodcut	Logs	0	2361	3128	0	1286	Dead tree	
woodcut	Logs	0	2318	3137	0	1282	Dead tree	
woodcut	Logs	0	2320	3139	0	1282	Dead tree	
woodcut	Logs	0	2320	3141	0	1282	Dead tree	
woodcut	Logs	0	2321	3141	0	1282	Dead tree	
woodcut	Logs	0	2324	3141	0	1282	Dead tree	
woodcut	Logs	0	2331	3145	0	1282	Dead tree	
woodcut	Logs	0	2332	3145	0	1282	Dead tree	
woodcut	Logs	0	2333	3144	0	1282	Dead tree	
woodcut	Logs	0	2335	3138	0	1282	Dead tree	
woodcut	Logs	0	2339	3145	0	1282	Dead tree	
woodcut	Logs	0	2340	3146	0	1282	Dead tree	
woodcut	Logs	0	2341	3144	0	1282	Dead tree	
woodcut	Logs	0	2342	3140	0	1282	Dead tree	
woodcut	Logs	0	2343	3141	0	1282	Dead tree	
woodcut	Logs	0	2344	3141	0	1282	Dead tree	
woodcut	Logs	0	2345	3148	0	1282	Dead tree	
woodcut	Logs	0	2347	3142	0	1282	Dead tree	
woodcut	Logs	0	2347	3143	0	1282	Dead tree	
woodcut	Logs	0	2348	3143	0	1282	Dead tree	
woodcut	Logs	0	2349	3142	0	1282	Dead tree	
woodcut	Logs	0	2354	3143	0	1282	Dead tree	
woodcut	Logs	0	2359	3154	0	1282	Dead tree	
woodcut	Logs	0	2359	3197	0	1282	Dead tree	
woodcut	Logs	0	2363	3198	0	1282	Dead tree	
woodcut	Logs	0	2365	3196	0	1282	Dead tree	
woodcut	Logs	0	2365	3197	0	1282	Dead tree	
woodcut	Logs	0	2341	3139	0	1286	Dead tree	
woodcut	Logs	0	2351	3139	0	1286	Dead tree	
woodcut	Logs	0	2355	3148	0	1286	Dead tree	
woodcut	Logs	0	2357	3159	0	1286	Dead tree	
woodcut	Logs	0	2361	3145	0	1286	Dead tree	
woodcut	Logs	0	2306	3195	0	3879	Tree	
woodcut	Logs	0	2307	3175	0	3879	Tree	
woodcut	Logs	0	2307	3189	0	3879	Tree	
woodcut	Logs	0	2308	3167	0	3879	Tree	
woodcut	Logs	0	2309	3164	0	3879	Tree	
woodcut	Logs	0	2309	3172	0	3879	Tree	
woodcut	Logs	0	2309	3194	0	3879	Tree	
woodcut	Logs	0	2310	3189	0	3879	Tree	
woodcut	Logs	0	2319	3192	0	3879	Tree	
woodcut	Logs	0	2304	3161	0	3881	Tree	
woodcut	Logs	0	2304	3173	0	3881	Tree	
woodcut	Logs	0	2304	3187	0	3881	Tree	
woodcut	Logs	0	2305	3179	0	3881	Tree	
woodcut	Logs	0	2308	3181	0	3881	Tree	
woodcut	Logs	0	2313	3198	0	3881	Tree	
woodcut	Logs	0	2305	3182	0	3882	Tree	
woodcut	Logs	0	2307	3198	0	3882	Tree	
woodcut	Logs	0	2310	3197	0	3882	Tree	
woodcut	Logs	0	2304	3201	0	3879	Tree	
woodcut	Logs	0	2304	3206	0	3879	Tree	
woodcut	Logs	0	2304	3229	0	3879	Tree	
woodcut	Logs	0	2304	3232	0	3879	Tree	
woodcut	Logs	0	2305	3215	0	3879	Tree	
woodcut	Logs	0	2306	3226	0	3879	Tree	
woodcut	Logs	0	2306	3258	0	3879	Tree	
woodcut	Logs	0	2307	3201	0	3879	Tree	
woodcut	Logs	0	2307	3232	0	3879	Tree	
woodcut	Logs	0	2308	3255	0	3879	Tree	
woodcut	Logs	0	2310	3200	0	3879	Tree	
woodcut	Logs	0	2310	3229	0	3879	Tree	
woodcut	Logs	0	2313	3201	0	3879	Tree	
woodcut	Logs	0	2316	3201	0	3879	Tree	
woodcut	Logs	0	2316	3208	0	3879	Tree	
woodcut	Logs	0	2305	3220	0	3881	Tree	
woodcut	Logs	0	2306	3261	0	3881	Tree	
woodcut	Logs	0	2307	3204	0	3881	Tree	
woodcut	Logs	0	2307	3229	0	3881	Tree	
woodcut	Logs	0	2309	3207	0	3881	Tree	
woodcut	Logs	0	2313	3207	0	3881	Tree	
woodcut	Logs	0	2314	3204	0	3881	Tree	
woodcut	Logs	0	2305	3209	0	3882	Tree	
woodcut	Logs	0	2308	3220	0	3882	Tree	
woodcut	Logs	0	2311	3204	0	3882	Tree	
woodcut	Logs	0	2309	3258	0	3883	Tree	
woodcut	Logs	0	2313	3258	0	3883	Tree	
woodcut	Logs	0	2349	3284	0	1286	Dead tree	
woodcut	Logs	0	2352	3287	0	1286	Dead tree	
woodcut	Logs	0	2310	3280	0	1383	Dead tree	
woodcut	Logs	0	2311	3269	0	1383	Dead tree	
woodcut	Logs	0	2311	3274	0	1383	Dead tree	
woodcut	Logs	0	2312	3277	0	1383	Dead tree	
woodcut	Logs	0	2313	3264	0	1383	Dead tree	
woodcut	Logs	0	2313	3268	0	1383	Dead tree	
woodcut	Logs	0	2314	3266	0	1383	Dead tree	
woodcut	Logs	0	2315	3265	0	1383	Dead tree	
woodcut	Logs	0	2319	3274	0	1383	Dead tree	
woodcut	Logs	0	2320	3272	0	1383	Dead tree	
woodcut	Logs	0	2320	3274	0	1383	Dead tree	
woodcut	Logs	0	2320	3275	0	1383	Dead tree	
woodcut	Logs	0	2321	3273	0	1383	Dead tree	
woodcut	Logs	0	2321	3274	0	1383	Dead tree	
woodcut	Logs	0	2322	3274	0	1383	Dead tree	
woodcut	Logs	0	2322	3275	0	1383	Dead tree	
woodcut	Logs	0	2323	3274	0	1383	Dead tree	
woodcut	Logs	0	2323	3313	0	1383	Dead tree	
woodcut	Logs	0	2325	3312	0	1383	Dead tree	
woodcut	Logs	0	2325	3314	0	1383	Dead tree	
woodcut	Logs	0	2326	3313	0	1383	Dead tree	
woodcut	Logs	0	2327	3265	0	1383	Dead tree	
woodcut	Logs	0	2327	3311	0	1383	Dead tree	
woodcut	Logs	0	2327	3314	0	1383	Dead tree	
woodcut	Logs	0	2328	3265	0	1383	Dead tree	
woodcut	Logs	0	2328	3266	0	1383	Dead tree	
woodcut	Logs	0	2329	3264	0	1383	Dead tree	
woodcut	Logs	0	2329	3273	0	1383	Dead tree	
woodcut	Logs	0	2344	3271	0	1383	Dead tree	
woodcut	Logs	0	2345	3272	0	1383	Dead tree	
woodcut	Logs	0	2348	3305	0	1383	Dead tree	
woodcut	Logs	0	2349	3299	0	1383	Dead tree	
woodcut	Logs	0	2349	3306	0	1383	Dead tree	
woodcut	Logs	0	2350	3305	0	1383	Dead tree	
woodcut	Logs	0	2350	3306	0	1383	Dead tree	
woodcut	Logs	0	2352	3306	0	1383	Dead tree	
mining	Limestone	10	2322	3268	0	4027	Pile of Rock	
mining	Limestone	10	2322	3270	0	4027	Pile of Rock	
mining	Limestone	10	2325	3268	0	4027	Pile of Rock	
mining	Limestone	10	2325	3271	0	4027	Pile of Rock	
mining	Limestone	10	2326	3271	0	4027	Pile of Rock	
mining	Limestone	10	2327	3273	0	4027	Pile of Rock	
mining	Limestone	10	2328	3267	0	4027	Pile of Rock	
mining	Limestone	10	2317	3266	0	4028	Pile of Rock	
mining	Limestone	10	2324	3266	0	4028	Pile of Rock	
mining	Limestone	10	2325	3270	0	4028	Pile of Rock	
mining	Limestone	10	2326	3273	0	4028	Pile of Rock	
mining	Limestone	10	2322	3265	0	4029	Pile of Rock	
mining	Limestone	10	2323	3268	0	4029	Pile of Rock	
mining	Limestone	10	2324	3272	0	4029	Pile of Rock	
mining	Limestone	10	2327	3269	0	4029	Pile of Rock	
mining	Limestone	10	2327	3275	0	4029	Pile of Rock	
mining	Limestone	10	2329	3270	0	4029	Pile of Rock	
mining	Limestone	10	2330	3268	0	4029	Pile of Rock	
woodcut	Logs	0	2360	3382	0	1276	Tree	
woodcut	Logs	0	2361	3388	0	1276	Tree	
woodcut	Logs	0	2363	3387	0	1276	Tree	
woodcut	Logs	0	2364	3379	0	1276	Tree	
woodcut	Logs	0	2366	3375	0	1276	Tree	
woodcut	Logs	0	2366	3386	0	1276	Tree	
woodcut	Logs	0	2366	3389	0	1276	Tree	
woodcut	Logs	0	2313	3375	0	1282	Dead tree	
woodcut	Logs	0	2314	3372	0	1282	Dead tree	
woodcut	Logs	0	2315	3374	0	1282	Dead tree	
woodcut	Logs	0	2317	3370	0	1282	Dead tree	
woodcut	Logs	0	2318	3377	0	1282	Dead tree	
woodcut	Logs	0	2320	3376	0	1282	Dead tree	
woodcut	Logs	0	2321	3374	0	1282	Dead tree	
woodcut	Logs	0	2322	3364	0	1282	Dead tree	
woodcut	Logs	0	2323	3366	0	1282	Dead tree	
woodcut	Logs	0	2323	3369	0	1282	Dead tree	
woodcut	Logs	0	2324	3354	0	1282	Dead tree	
woodcut	Logs	0	2326	3356	0	1282	Dead tree	
woodcut	Logs	0	2329	3345	0	1282	Dead tree	
woodcut	Logs	0	2329	3382	0	1282	Dead tree	
woodcut	Logs	0	2331	3379	0	1282	Dead tree	
woodcut	Logs	0	2332	3375	0	1282	Dead tree	
woodcut	Logs	0	2334	3361	0	1282	Dead tree	
woodcut	Logs	0	2334	3370	0	1282	Dead tree	
woodcut	Logs	0	2334	3373	0	1282	Dead tree	
woodcut	Logs	0	2334	3378	0	1282	Dead tree	
woodcut	Logs	0	2335	3375	0	1282	Dead tree	
woodcut	Logs	0	2335	3378	0	1282	Dead tree	
woodcut	Logs	0	2335	3380	0	1282	Dead tree	
woodcut	Logs	0	2336	3362	0	1282	Dead tree	
woodcut	Logs	0	2336	3388	0	1282	Dead tree	
woodcut	Logs	0	2337	3352	0	1282	Dead tree	
woodcut	Logs	0	2337	3366	0	1282	Dead tree	
woodcut	Logs	0	2338	3349	0	1282	Dead tree	
woodcut	Logs	0	2338	3364	0	1282	Dead tree	
woodcut	Logs	0	2338	3378	0	1282	Dead tree	
woodcut	Logs	0	2338	3382	0	1282	Dead tree	
woodcut	Logs	0	2338	3387	0	1282	Dead tree	
woodcut	Logs	0	2339	3351	0	1282	Dead tree	
woodcut	Logs	0	2339	3380	0	1282	Dead tree	
woodcut	Logs	0	2339	3385	0	1282	Dead tree	
woodcut	Logs	0	2341	3382	0	1282	Dead tree	
woodcut	Logs	0	2341	3389	0	1282	Dead tree	
woodcut	Logs	0	2342	3354	0	1282	Dead tree	
woodcut	Logs	0	2345	3344	0	1282	Dead tree	
woodcut	Logs	0	2345	3384	0	1282	Dead tree	
woodcut	Logs	0	2346	3353	0	1282	Dead tree	
woodcut	Logs	0	2346	3387	0	1282	Dead tree	
woodcut	Logs	0	2347	3346	0	1282	Dead tree	
woodcut	Logs	0	2347	3371	0	1282	Dead tree	
woodcut	Logs	0	2347	3387	0	1282	Dead tree	
woodcut	Logs	0	2351	3364	0	1282	Dead tree	
woodcut	Logs	0	2305	3342	0	3879	Tree	
woodcut	Logs	0	2356	3423	0	1276	Tree	
woodcut	Logs	0	2357	3428	0	1276	Tree	
woodcut	Logs	0	2358	3402	0	1276	Tree	
woodcut	Logs	0	2358	3405	0	1276	Tree	
woodcut	Logs	0	2358	3439	0	1276	Tree	
woodcut	Logs	0	2359	3426	0	1276	Tree	
woodcut	Logs	0	2359	3434	0	1276	Tree	
woodcut	Logs	0	2359	3445	0	1276	Tree	
woodcut	Logs	0	2359	3451	0	1276	Tree	
woodcut	Logs	0	2360	3408	0	1276	Tree	
woodcut	Logs	0	2360	3436	0	1276	Tree	
woodcut	Logs	0	2361	3403	0	1276	Tree	
woodcut	Logs	0	2361	3443	0	1276	Tree	
woodcut	Logs	0	2361	3450	0	1276	Tree	
woodcut	Logs	0	2362	3392	0	1276	Tree	
woodcut	Logs	0	2363	3400	0	1276	Tree	
woodcut	Logs	0	2363	3404	0	1276	Tree	
woodcut	Logs	0	2363	3408	0	1276	Tree	
woodcut	Logs	0	2365	3401	0	1276	Tree	
woodcut	Logs	0	2365	3404	0	1276	Tree	
woodcut	Logs	0	2359	3420	0	1278	Tree	
woodcut	Logs	0	2360	3401	0	1278	Tree	
woodcut	Logs	0	2361	3414	0	1278	Tree	
woodcut	Logs	0	2361	3423	0	1278	Tree	
woodcut	Oak logs	15	2355	3425	0	1281	Oak	
woodcut	Oak logs	15	2356	3412	0	1281	Oak	
woodcut	Oak logs	15	2356	3453	0	1281	Oak	
woodcut	Oak logs	15	2360	3397	0	1281	Oak	
woodcut	Oak logs	15	2361	3447	0	1281	Oak	
woodcut	Oak logs	15	2362	3428	0	1281	Oak	
woodcut	Logs	0	2306	3449	0	1282	Dead tree	
woodcut	Logs	0	2306	3452	0	1282	Dead tree	
woodcut	Logs	0	2307	3441	0	1282	Dead tree	
woodcut	Logs	0	2308	3446	0	1282	Dead tree	
woodcut	Logs	0	2309	3413	0	1282	Dead tree	
woodcut	Logs	0	2310	3404	0	1282	Dead tree	
woodcut	Logs	0	2310	3411	0	1282	Dead tree	
woodcut	Logs	0	2310	3439	0	1282	Dead tree	
woodcut	Logs	0	2310	3442	0	1282	Dead tree	
woodcut	Logs	0	2311	3408	0	1282	Dead tree	
woodcut	Logs	0	2312	3400	0	1282	Dead tree	
woodcut	Logs	0	2312	3407	0	1282	Dead tree	
woodcut	Logs	0	2312	3413	0	1282	Dead tree	
woodcut	Logs	0	2312	3414	0	1282	Dead tree	
woodcut	Logs	0	2313	3402	0	1282	Dead tree	
woodcut	Logs	0	2314	3415	0	1282	Dead tree	
woodcut	Logs	0	2315	3397	0	1282	Dead tree	
woodcut	Logs	0	2315	3406	0	1282	Dead tree	
woodcut	Logs	0	2315	3413	0	1282	Dead tree	
woodcut	Logs	0	2315	3431	0	1282	Dead tree	
woodcut	Logs	0	2321	3441	0	1282	Dead tree	
woodcut	Logs	0	2322	3436	0	1282	Dead tree	
woodcut	Logs	0	2323	3398	0	1282	Dead tree	
woodcut	Logs	0	2323	3424	0	1282	Dead tree	
woodcut	Logs	0	2323	3430	0	1282	Dead tree	
woodcut	Logs	0	2323	3433	0	1282	Dead tree	
woodcut	Logs	0	2324	3395	0	1282	Dead tree	
woodcut	Logs	0	2324	3402	0	1282	Dead tree	
woodcut	Logs	0	2324	3437	0	1282	Dead tree	
woodcut	Logs	0	2324	3440	0	1282	Dead tree	
woodcut	Logs	0	2325	3397	0	1282	Dead tree	
woodcut	Logs	0	2325	3425	0	1282	Dead tree	
woodcut	Logs	0	2325	3427	0	1282	Dead tree	
woodcut	Logs	0	2326	3393	0	1282	Dead tree	
woodcut	Logs	0	2326	3396	0	1282	Dead tree	
woodcut	Logs	0	2326	3434	0	1282	Dead tree	
woodcut	Logs	0	2326	3439	0	1282	Dead tree	
woodcut	Logs	0	2328	3407	0	1282	Dead tree	
woodcut	Logs	0	2330	3411	0	1282	Dead tree	
woodcut	Logs	0	2330	3417	0	1282	Dead tree	
woodcut	Logs	0	2331	3405	0	1282	Dead tree	
woodcut	Logs	0	2331	3414	0	1282	Dead tree	
woodcut	Logs	0	2332	3411	0	1282	Dead tree	
woodcut	Logs	0	2333	3413	0	1282	Dead tree	
woodcut	Logs	0	2333	3418	0	1282	Dead tree	
woodcut	Logs	0	2333	3445	0	1282	Dead tree	
woodcut	Logs	0	2333	3450	0	1282	Dead tree	
woodcut	Logs	0	2334	3415	0	1282	Dead tree	
woodcut	Logs	0	2335	3448	0	1282	Dead tree	
woodcut	Logs	0	2336	3414	0	1282	Dead tree	
woodcut	Logs	0	2336	3428	0	1282	Dead tree	
woodcut	Logs	0	2337	3398	0	1282	Dead tree	
woodcut	Logs	0	2337	3425	0	1282	Dead tree	
woodcut	Logs	0	2337	3445	0	1282	Dead tree	
woodcut	Logs	0	2338	3395	0	1282	Dead tree	
woodcut	Logs	0	2338	3417	0	1282	Dead tree	
woodcut	Logs	0	2338	3428	0	1282	Dead tree	
woodcut	Logs	0	2339	3394	0	1282	Dead tree	
woodcut	Logs	0	2339	3395	0	1282	Dead tree	
woodcut	Logs	0	2339	3396	0	1282	Dead tree	
woodcut	Logs	0	2339	3423	0	1282	Dead tree	
woodcut	Logs	0	2339	3426	0	1282	Dead tree	
woodcut	Logs	0	2340	3421	0	1282	Dead tree	
woodcut	Logs	0	2340	3431	0	1282	Dead tree	
woodcut	Logs	0	2341	3397	0	1282	Dead tree	
woodcut	Logs	0	2341	3407	0	1282	Dead tree	
woodcut	Logs	0	2341	3410	0	1282	Dead tree	
woodcut	Logs	0	2341	3423	0	1282	Dead tree	
woodcut	Logs	0	2341	3435	0	1282	Dead tree	
woodcut	Logs	0	2342	3394	0	1282	Dead tree	
woodcut	Logs	0	2342	3410	0	1282	Dead tree	
woodcut	Logs	0	2342	3442	0	1282	Dead tree	
woodcut	Logs	0	2343	3408	0	1282	Dead tree	
woodcut	Logs	0	2343	3439	0	1282	Dead tree	
woodcut	Logs	0	2344	3397	0	1282	Dead tree	
woodcut	Logs	0	2344	3410	0	1282	Dead tree	
woodcut	Logs	0	2344	3438	0	1282	Dead tree	
woodcut	Logs	0	2304	3459	0	1282	Dead tree	
woodcut	Logs	0	2305	3462	0	1282	Dead tree	
woodcut	Logs	0	2305	3469	0	1282	Dead tree	
woodcut	Logs	0	2306	3460	0	1282	Dead tree	
woodcut	Logs	0	2306	3470	0	1282	Dead tree	
woodcut	Logs	0	2307	3467	0	1282	Dead tree	
woodcut	Logs	0	2307	3472	0	1282	Dead tree	
woodcut	Logs	0	2307	3497	0	1282	Dead tree	
woodcut	Logs	0	2309	3462	0	1282	Dead tree	
woodcut	Logs	0	2309	3465	0	1282	Dead tree	
woodcut	Logs	0	2309	3470	0	1282	Dead tree	
woodcut	Logs	0	2309	3500	0	1282	Dead tree	
woodcut	Logs	0	2310	3503	0	1282	Dead tree	
woodcut	Logs	0	2311	3466	0	1282	Dead tree	
woodcut	Logs	0	2312	3461	0	1282	Dead tree	
woodcut	Logs	0	2317	3476	0	1282	Dead tree	
woodcut	Logs	0	2318	3479	0	1282	Dead tree	
woodcut	Logs	0	2319	3478	0	1282	Dead tree	
woodcut	Logs	0	2320	3458	0	1282	Dead tree	
woodcut	Logs	0	2320	3462	0	1282	Dead tree	
woodcut	Logs	0	2321	3485	0	1282	Dead tree	
woodcut	Logs	0	2322	3459	0	1282	Dead tree	
woodcut	Logs	0	2322	3497	0	1282	Dead tree	
woodcut	Logs	0	2323	3479	0	1282	Dead tree	
woodcut	Logs	0	2323	3481	0	1282	Dead tree	
woodcut	Logs	0	2323	3487	0	1282	Dead tree	
woodcut	Logs	0	2324	3460	0	1282	Dead tree	
woodcut	Logs	0	2324	3495	0	1282	Dead tree	
woodcut	Logs	0	2324	3498	0	1282	Dead tree	
woodcut	Logs	0	2325	3485	0	1282	Dead tree	
woodcut	Logs	0	2326	3458	0	1282	Dead tree	
woodcut	Logs	0	2326	3487	0	1282	Dead tree	
woodcut	Logs	0	2327	3480	0	1282	Dead tree	
woodcut	Logs	0	2327	3493	0	1282	Dead tree	
woodcut	Logs	0	2328	3474	0	1282	Dead tree	
woodcut	Logs	0	2328	3483	0	1282	Dead tree	
woodcut	Logs	0	2328	3486	0	1282	Dead tree	
woodcut	Logs	0	2328	3490	0	1282	Dead tree	
woodcut	Logs	0	2329	3477	0	1282	Dead tree	
woodcut	Logs	0	2329	3483	0	1282	Dead tree	
woodcut	Logs	0	2329	3492	0	1282	Dead tree	
woodcut	Logs	0	2329	3493	0	1282	Dead tree	
woodcut	Logs	0	2330	3460	0	1282	Dead tree	
woodcut	Logs	0	2331	3484	0	1282	Dead tree	
woodcut	Logs	0	2332	3462	0	1282	Dead tree	
woodcut	Logs	0	2333	3461	0	1282	Dead tree	
woodcut	Logs	0	2344	3488	0	1282	Dead tree	
woodcut	Logs	0	2345	3486	0	1282	Dead tree	
woodcut	Logs	0	2346	3487	0	1282	Dead tree	
woodcut	Logs	0	2347	3485	0	1282	Dead tree	
woodcut	Logs	0	2348	3466	0	1282	Dead tree	
woodcut	Logs	0	2349	3470	0	1282	Dead tree	
woodcut	Logs	0	2351	3467	0	1282	Dead tree	
woodcut	Logs	0	2351	3469	0	1282	Dead tree	
woodcut	Logs	0	2351	3484	0	1282	Dead tree	
woodcut	Yew logs	60	2343	4545	0	1309	Yew	
woodcut	Yew logs	60	2345	4548	0	1309	Yew	
woodcut	Yew logs	60	2345	4551	0	1309	Yew	
woodcut	Yew logs	60	2347	4544	0	1309	Yew	
woodcut	Logs	0	2304	4568	0	3879	Tree	
woodcut	Logs	0	2304	4580	0	3879	Tree	
woodcut	Logs	0	2304	4602	0	3879	Tree	
woodcut	Logs	0	2306	4599	0	3879	Tree	
woodcut	Logs	0	2309	4570	0	3879	Tree	
woodcut	Logs	0	2309	4576	0	3879	Tree	
woodcut	Logs	0	2309	4602	0	3879	Tree	
woodcut	Logs	0	2312	4576	0	3879	Tree	
woodcut	Logs	0	2312	4601	0	3879	Tree	
woodcut	Logs	0	2315	4602	0	3879	Tree	
woodcut	Logs	0	2320	4577	0	3879	Tree	
woodcut	Logs	0	2321	4571	0	3879	Tree	
woodcut	Logs	0	2322	4604	0	3879	Tree	
woodcut	Logs	0	2324	4579	0	3879	Tree	
woodcut	Logs	0	2325	4605	0	3879	Tree	
woodcut	Logs	0	2328	4549	0	3879	Tree	
woodcut	Logs	0	2328	4554	0	3879	Tree	
woodcut	Logs	0	2328	4567	0	3879	Tree	
woodcut	Logs	0	2328	4581	0	3879	Tree	
woodcut	Logs	0	2328	4599	0	3879	Tree	
woodcut	Logs	0	2329	4558	0	3879	Tree	
woodcut	Logs	0	2329	4561	0	3879	Tree	
woodcut	Logs	0	2331	4565	0	3879	Tree	
woodcut	Logs	0	2331	4598	0	3879	Tree	
woodcut	Logs	0	2332	4545	0	3879	Tree	
woodcut	Logs	0	2332	4574	0	3879	Tree	
woodcut	Logs	0	2334	4593	0	3879	Tree	
woodcut	Logs	0	2335	4574	0	3879	Tree	
woodcut	Logs	0	2336	4546	0	3879	Tree	
woodcut	Logs	0	2337	4566	0	3879	Tree	
woodcut	Logs	0	2337	4595	0	3879	Tree	
woodcut	Logs	0	2338	4549	0	3879	Tree	
woodcut	Logs	0	2338	4560	0	3879	Tree	
woodcut	Logs	0	2339	4546	0	3879	Tree	
woodcut	Logs	0	2339	4570	0	3879	Tree	
woodcut	Logs	0	2340	4553	0	3879	Tree	
woodcut	Logs	0	2340	4556	0	3879	Tree	
woodcut	Logs	0	2340	4567	0	3879	Tree	
woodcut	Logs	0	2340	4587	0	3879	Tree	
woodcut	Logs	0	2340	4593	0	3879	Tree	
woodcut	Logs	0	2343	4591	0	3879	Tree	
woodcut	Logs	0	2344	4585	0	3879	Tree	
woodcut	Logs	0	2344	4604	0	3879	Tree	
woodcut	Logs	0	2346	4566	0	3879	Tree	
woodcut	Logs	0	2346	4589	0	3879	Tree	
woodcut	Logs	0	2347	4570	0	3879	Tree	
woodcut	Logs	0	2347	4573	0	3879	Tree	
woodcut	Logs	0	2347	4583	0	3879	Tree	
woodcut	Logs	0	2347	4586	0	3879	Tree	
woodcut	Logs	0	2347	4598	0	3879	Tree	
woodcut	Logs	0	2347	4604	0	3879	Tree	
woodcut	Logs	0	2350	4560	0	3879	Tree	
woodcut	Logs	0	2350	4563	0	3879	Tree	
woodcut	Logs	0	2350	4598	0	3879	Tree	
woodcut	Logs	0	2351	4581	0	3879	Tree	
woodcut	Logs	0	2354	4559	0	3879	Tree	
woodcut	Logs	0	2354	4594	0	3879	Tree	
woodcut	Logs	0	2356	4576	0	3879	Tree	
woodcut	Logs	0	2357	4550	0	3879	Tree	
woodcut	Logs	0	2357	4561	0	3879	Tree	
woodcut	Logs	0	2357	4564	0	3879	Tree	
woodcut	Logs	0	2359	4576	0	3879	Tree	
woodcut	Logs	0	2360	4546	0	3879	Tree	
woodcut	Logs	0	2360	4564	0	3879	Tree	
woodcut	Logs	0	2361	4593	0	3879	Tree	
woodcut	Logs	0	2362	4567	0	3879	Tree	
woodcut	Logs	0	2362	4570	0	3879	Tree	
woodcut	Logs	0	2362	4582	0	3879	Tree	
woodcut	Logs	0	2362	4600	0	3879	Tree	
woodcut	Logs	0	2362	4605	0	3879	Tree	
woodcut	Logs	0	2363	4544	0	3879	Tree	
woodcut	Logs	0	2363	4551	0	3879	Tree	
woodcut	Logs	0	2363	4559	0	3879	Tree	
woodcut	Logs	0	2364	4586	0	3879	Tree	
woodcut	Logs	0	2364	4590	0	3879	Tree	
woodcut	Logs	0	2366	4545	0	3879	Tree	
woodcut	Logs	0	2306	4571	0	3881	Tree	
woodcut	Logs	0	2306	4577	0	3881	Tree	
woodcut	Logs	0	2318	4605	0	3881	Tree	
woodcut	Logs	0	2319	4602	0	3881	Tree	
woodcut	Logs	0	2321	4574	0	3881	Tree	
woodcut	Logs	0	2324	4576	0	3881	Tree	
woodcut	Logs	0	2326	4570	0	3881	Tree	
woodcut	Logs	0	2328	4578	0	3881	Tree	
woodcut	Logs	0	2331	4555	0	3881	Tree	
woodcut	Logs	0	2331	4577	0	3881	Tree	
woodcut	Logs	0	2331	4583	0	3881	Tree	
woodcut	Logs	0	2334	4556	0	3881	Tree	
woodcut	Logs	0	2334	4579	0	3881	Tree	
woodcut	Logs	0	2337	4552	0	3881	Tree	
woodcut	Logs	0	2337	4557	0	3881	Tree	
woodcut	Logs	0	2337	4563	0	3881	Tree	
woodcut	Logs	0	2337	4592	0	3881	Tree	
woodcut	Logs	0	2343	4588	0	3881	Tree	
woodcut	Logs	0	2350	4568	0	3881	Tree	
woodcut	Logs	0	2350	4574	0	3881	Tree	
woodcut	Logs	0	2351	4571	0	3881	Tree	
woodcut	Logs	0	2352	4602	0	3881	Tree	
woodcut	Logs	0	2353	4565	0	3881	Tree	
woodcut	Logs	0	2356	4590	0	3881	Tree	
woodcut	Logs	0	2356	4599	0	3881	Tree	
woodcut	Logs	0	2357	4573	0	3881	Tree	
woodcut	Logs	0	2358	4583	0	3881	Tree	
woodcut	Logs	0	2359	4601	0	3881	Tree	
woodcut	Logs	0	2360	4549	0	3881	Tree	
woodcut	Logs	0	2360	4573	0	3881	Tree	
woodcut	Logs	0	2363	4547	0	3881	Tree	
woodcut	Logs	0	2305	4574	0	3882	Tree	
woodcut	Logs	0	2324	4573	0	3882	Tree	
woodcut	Logs	0	2327	4574	0	3882	Tree	
woodcut	Logs	0	2331	4551	0	3882	Tree	
woodcut	Logs	0	2331	4580	0	3882	Tree	
woodcut	Logs	0	2335	4549	0	3882	Tree	
woodcut	Logs	0	2335	4560	0	3882	Tree	
woodcut	Logs	0	2335	4588	0	3882	Tree	
woodcut	Logs	0	2338	4589	0	3882	Tree	
woodcut	Logs	0	2353	4568	0	3882	Tree	
woodcut	Logs	0	2353	4597	0	3882	Tree	
woodcut	Logs	0	2353	4605	0	3882	Tree	
woodcut	Logs	0	2354	4572	0	3882	Tree	
woodcut	Logs	0	2356	4567	0	3882	Tree	
woodcut	Logs	0	2356	4570	0	3882	Tree	
woodcut	Logs	0	2356	4603	0	3882	Tree	
woodcut	Logs	0	2358	4593	0	3882	Tree	
woodcut	Logs	0	2304	4572	0	3883	Tree	
woodcut	Logs	0	2307	4568	0	3883	Tree	
woodcut	Logs	0	2318	4579	0	3883	Tree	
woodcut	Logs	0	2321	4569	0	3883	Tree	
woodcut	Logs	0	2326	4544	0	3883	Tree	
woodcut	Logs	0	2326	4568	0	3883	Tree	
woodcut	Logs	0	2326	4599	0	3883	Tree	
woodcut	Logs	0	2327	4559	0	3883	Tree	
woodcut	Logs	0	2327	4563	0	3883	Tree	
woodcut	Logs	0	2327	4597	0	3883	Tree	
woodcut	Logs	0	2328	4546	0	3883	Tree	
woodcut	Logs	0	2329	4552	0	3883	Tree	
woodcut	Logs	0	2329	4571	0	3883	Tree	
woodcut	Logs	0	2332	4589	0	3883	Tree	
woodcut	Logs	0	2332	4592	0	3883	Tree	
woodcut	Logs	0	2337	4577	0	3883	Tree	
woodcut	Logs	0	2337	4580	0	3883	Tree	
woodcut	Logs	0	2338	4600	0	3883	Tree	
woodcut	Logs	0	2340	4544	0	3883	Tree	
woodcut	Logs	0	2340	4563	0	3883	Tree	
woodcut	Logs	0	2340	4596	0	3883	Tree	
woodcut	Logs	0	2341	4549	0	3883	Tree	
woodcut	Logs	0	2342	4570	0	3883	Tree	
woodcut	Logs	0	2343	4553	0	3883	Tree	
woodcut	Logs	0	2343	4556	0	3883	Tree	
woodcut	Logs	0	2345	4594	0	3883	Tree	
woodcut	Logs	0	2345	4602	0	3883	Tree	
woodcut	Logs	0	2346	4592	0	3883	Tree	
woodcut	Logs	0	2349	4566	0	3883	Tree	
woodcut	Logs	0	2349	4581	0	3883	Tree	
woodcut	Logs	0	2350	4557	0	3883	Tree	
woodcut	Logs	0	2350	4587	0	3883	Tree	
woodcut	Logs	0	2350	4602	0	3883	Tree	
woodcut	Logs	0	2352	4595	0	3883	Tree	
woodcut	Logs	0	2353	4584	0	3883	Tree	
woodcut	Logs	0	2354	4592	0	3883	Tree	
woodcut	Logs	0	2354	4600	0	3883	Tree	
woodcut	Logs	0	2357	4606	0	3883	Tree	
woodcut	Logs	0	2358	4548	0	3883	Tree	
woodcut	Logs	0	2358	4553	0	3883	Tree	
woodcut	Logs	0	2359	4591	0	3883	Tree	
woodcut	Logs	0	2359	4599	0	3883	Tree	
woodcut	Logs	0	2361	4560	0	3883	Tree	
woodcut	Logs	0	2362	4585	0	3883	Tree	
woodcut	Logs	0	2362	4590	0	3883	Tree	
woodcut	Logs	0	2363	4554	0	3883	Tree	
woodcut	Logs	0	2363	4598	0	3883	Tree	
woodcut	Logs	0	2364	4596	0	3883	Tree	
woodcut	Logs	0	2365	4570	0	3883	Tree	
woodcut	Logs	0	2366	4548	0	3883	Tree	
woodcut	Logs	0	2366	4554	0	3883	Tree	
woodcut	Logs	0	2423	3144	0	1276	Tree	
woodcut	Logs	0	2424	3146	0	1276	Tree	
woodcut	Logs	0	2426	3145	0	1276	Tree	
woodcut	Logs	0	2428	3144	0	1276	Tree	
woodcut	Logs	0	2428	3150	0	1276	Tree	
woodcut	Logs	0	2429	3148	0	1276	Tree	
woodcut	Logs	0	2430	3138	0	1276	Tree	
woodcut	Logs	0	2419	3139	0	1278	Tree	
woodcut	Logs	0	2421	3137	0	1278	Tree	
woodcut	Logs	0	2421	3142	0	1278	Tree	
woodcut	Logs	0	2424	3139	0	1278	Tree	
woodcut	Logs	0	2425	3136	0	1278	Tree	
woodcut	Logs	0	2426	3153	0	1278	Tree	
woodcut	Logs	0	2427	3156	0	1278	Tree	
woodcut	Logs	0	2428	3139	0	1278	Tree	
woodcut	Logs	0	2428	3141	0	1278	Tree	
woodcut	Logs	0	2430	3140	0	1278	Tree	
woodcut	Logs	0	2430	3146	0	1278	Tree	
woodcut	Logs	0	2430	3151	0	1278	Tree	
woodcut	Oak logs	15	2421	3139	0	1281	Oak	
woodcut	Oak logs	15	2424	3141	0	1281	Oak	
woodcut	Oak logs	15	2425	3150	0	1281	Oak	
woodcut	Oak logs	15	2426	3147	0	1281	Oak	
woodcut	Oak logs	15	2427	3136	0	1281	Oak	
woodcut	Oak logs	15	2428	3153	0	1281	Oak	
woodcut	Oak logs	15	2429	3156	0	1281	Oak	
woodcut	Logs	0	2368	3178	0	1282	Dead tree	
woodcut	Logs	0	2368	3196	0	1282	Dead tree	
woodcut	Logs	0	2369	3164	0	1282	Dead tree	
woodcut	Logs	0	2370	3194	0	1282	Dead tree	
woodcut	Logs	0	2370	3197	0	1282	Dead tree	
woodcut	Logs	0	2371	3174	0	1282	Dead tree	
woodcut	Logs	0	2373	3180	0	1282	Dead tree	
woodcut	Logs	0	2373	3184	0	1282	Dead tree	
woodcut	Logs	0	2375	3178	0	1282	Dead tree	
woodcut	Logs	0	2377	3177	0	1282	Dead tree	
woodcut	Logs	0	2377	3178	0	1282	Dead tree	
woodcut	Logs	0	2377	3179	0	1282	Dead tree	
woodcut	Logs	0	2378	3175	0	1282	Dead tree	
woodcut	Logs	0	2378	3177	0	1282	Dead tree	
woodcut	Logs	0	2380	3198	0	1282	Dead tree	
woodcut	Logs	0	2381	3159	0	1282	Dead tree	
woodcut	Logs	0	2382	3159	0	1282	Dead tree	
woodcut	Logs	0	2384	3160	0	1282	Dead tree	
woodcut	Logs	0	2384	3187	0	1282	Dead tree	
woodcut	Logs	0	2385	3186	0	1282	Dead tree	
woodcut	Logs	0	2386	3186	0	1282	Dead tree	
woodcut	Logs	0	2386	3187	0	1282	Dead tree	
woodcut	Logs	0	2387	3171	0	1282	Dead tree	
woodcut	Logs	0	2387	3197	0	1282	Dead tree	
woodcut	Logs	0	2388	3168	0	1282	Dead tree	
woodcut	Logs	0	2388	3196	0	1282	Dead tree	
woodcut	Logs	0	2389	3169	0	1282	Dead tree	
woodcut	Logs	0	2390	3155	0	1282	Dead tree	
woodcut	Logs	0	2390	3183	0	1282	Dead tree	
woodcut	Logs	0	2390	3193	0	1282	Dead tree	
woodcut	Logs	0	2391	3153	0	1282	Dead tree	
woodcut	Logs	0	2391	3188	0	1282	Dead tree	
woodcut	Logs	0	2392	3156	0	1282	Dead tree	
woodcut	Logs	0	2392	3185	0	1282	Dead tree	
woodcut	Logs	0	2392	3196	0	1282	Dead tree	
woodcut	Logs	0	2393	3183	0	1282	Dead tree	
woodcut	Logs	0	2394	3160	0	1282	Dead tree	
woodcut	Logs	0	2394	3181	0	1282	Dead tree	
woodcut	Logs	0	2394	3185	0	1282	Dead tree	
woodcut	Logs	0	2394	3194	0	1282	Dead tree	
woodcut	Logs	0	2397	3162	0	1282	Dead tree	
woodcut	Logs	0	2400	3163	0	1282	Dead tree	
woodcut	Logs	0	2400	3164	0	1282	Dead tree	
woodcut	Logs	0	2402	3163	0	1282	Dead tree	
woodcut	Logs	0	2403	3191	0	1282	Dead tree	
woodcut	Logs	0	2404	3173	0	1282	Dead tree	
woodcut	Logs	0	2405	3177	0	1282	Dead tree	
woodcut	Logs	0	2405	3189	0	1282	Dead tree	
woodcut	Logs	0	2406	3156	0	1282	Dead tree	
woodcut	Logs	0	2406	3187	0	1282	Dead tree	
woodcut	Logs	0	2407	3189	0	1282	Dead tree	
woodcut	Logs	0	2407	3192	0	1282	Dead tree	
woodcut	Logs	0	2408	3157	0	1282	Dead tree	
woodcut	Logs	0	2408	3186	0	1282	Dead tree	
woodcut	Logs	0	2409	3159	0	1282	Dead tree	
woodcut	Logs	0	2410	3169	0	1282	Dead tree	
woodcut	Logs	0	2413	3185	0	1282	Dead tree	
woodcut	Logs	0	2369	3222	0	1282	Dead tree	
woodcut	Logs	0	2369	3239	0	1282	Dead tree	
woodcut	Logs	0	2369	3254	0	1282	Dead tree	
woodcut	Logs	0	2370	3208	0	1282	Dead tree	
woodcut	Logs	0	2370	3242	0	1282	Dead tree	
woodcut	Logs	0	2370	3246	0	1282	Dead tree	
woodcut	Logs	0	2371	3206	0	1282	Dead tree	
woodcut	Logs	0	2371	3218	0	1282	Dead tree	
woodcut	Logs	0	2371	3220	0	1282	Dead tree	
woodcut	Logs	0	2371	3221	0	1282	Dead tree	
woodcut	Logs	0	2371	3240	0	1282	Dead tree	
woodcut	Logs	0	2371	3251	0	1282	Dead tree	
woodcut	Logs	0	2372	3221	0	1282	Dead tree	
woodcut	Logs	0	2372	3223	0	1282	Dead tree	
woodcut	Logs	0	2372	3249	0	1282	Dead tree	
woodcut	Logs	0	2373	3204	0	1282	Dead tree	
woodcut	Logs	0	2376	3206	0	1282	Dead tree	
woodcut	Logs	0	2378	3260	0	1282	Dead tree	
woodcut	Logs	0	2379	3206	0	1282	Dead tree	
woodcut	Logs	0	2380	3210	0	1282	Dead tree	
woodcut	Logs	0	2381	3209	0	1282	Dead tree	
woodcut	Logs	0	2382	3220	0	1282	Dead tree	
woodcut	Logs	0	2382	3231	0	1282	Dead tree	
woodcut	Logs	0	2382	3257	0	1282	Dead tree	
woodcut	Logs	0	2382	3260	0	1282	Dead tree	
woodcut	Logs	0	2383	3212	0	1282	Dead tree	
woodcut	Logs	0	2383	3218	0	1282	Dead tree	
woodcut	Logs	0	2383	3246	0	1282	Dead tree	
woodcut	Logs	0	2383	3249	0	1282	Dead tree	
woodcut	Logs	0	2384	3226	0	1282	Dead tree	
woodcut	Logs	0	2384	3229	0	1282	Dead tree	
woodcut	Logs	0	2384	3244	0	1282	Dead tree	
woodcut	Logs	0	2384	3246	0	1282	Dead tree	
woodcut	Logs	0	2384	3249	0	1282	Dead tree	
woodcut	Logs	0	2384	3258	0	1282	Dead tree	
woodcut	Logs	0	2385	3220	0	1282	Dead tree	
woodcut	Logs	0	2385	3232	0	1282	Dead tree	
woodcut	Logs	0	2385	3247	0	1282	Dead tree	
woodcut	Logs	0	2385	3252	0	1282	Dead tree	
woodcut	Logs	0	2385	3261	0	1282	Dead tree	
woodcut	Logs	0	2386	3231	0	1282	Dead tree	
woodcut	Logs	0	2386	3235	0	1282	Dead tree	
woodcut	Logs	0	2387	3215	0	1282	Dead tree	
woodcut	Logs	0	2387	3244	0	1282	Dead tree	
woodcut	Logs	0	2387	3249	0	1282	Dead tree	
woodcut	Logs	0	2388	3262	0	1282	Dead tree	
woodcut	Logs	0	2389	3246	0	1282	Dead tree	
woodcut	Logs	0	2394	3221	0	1282	Dead tree	
woodcut	Logs	0	2395	3219	0	1282	Dead tree	
woodcut	Logs	0	2397	3220	0	1282	Dead tree	
woodcut	Logs	0	2397	3222	0	1282	Dead tree	
woodcut	Logs	0	2398	3222	0	1282	Dead tree	
woodcut	Logs	0	2398	3236	0	1282	Dead tree	
woodcut	Logs	0	2399	3204	0	1282	Dead tree	
woodcut	Logs	0	2399	3222	0	1282	Dead tree	
woodcut	Logs	0	2399	3234	0	1282	Dead tree	
woodcut	Logs	0	2399	3248	0	1282	Dead tree	
woodcut	Logs	0	2400	3202	0	1282	Dead tree	
woodcut	Logs	0	2400	3203	0	1282	Dead tree	
woodcut	Logs	0	2400	3204	0	1282	Dead tree	
woodcut	Logs	0	2400	3250	0	1282	Dead tree	
woodcut	Logs	0	2400	3253	0	1282	Dead tree	
woodcut	Logs	0	2401	3201	0	1282	Dead tree	
woodcut	Logs	0	2401	3206	0	1282	Dead tree	
woodcut	Logs	0	2402	3204	0	1282	Dead tree	
woodcut	Logs	0	2403	3200	0	1282	Dead tree	
woodcut	Logs	0	2403	3226	0	1282	Dead tree	
woodcut	Logs	0	2404	3206	0	1282	Dead tree	
woodcut	Logs	0	2405	3211	0	1282	Dead tree	
woodcut	Logs	0	2405	3223	0	1282	Dead tree	
woodcut	Logs	0	2405	3225	0	1282	Dead tree	
woodcut	Logs	0	2405	3229	0	1282	Dead tree	
woodcut	Logs	0	2406	3209	0	1282	Dead tree	
woodcut	Logs	0	2406	3227	0	1282	Dead tree	
woodcut	Logs	0	2408	3209	0	1282	Dead tree	
woodcut	Logs	0	2408	3210	0	1282	Dead tree	
woodcut	Logs	0	2408	3227	0	1282	Dead tree	
woodcut	Logs	0	2408	3228	0	1282	Dead tree	
woodcut	Logs	0	2410	3210	0	1282	Dead tree	
woodcut	Logs	0	2410	3211	0	1282	Dead tree	
woodcut	Logs	0	2411	3210	0	1282	Dead tree	
woodcut	Logs	0	2412	3208	0	1282	Dead tree	
woodcut	Logs	0	2412	3233	0	1282	Dead tree	
woodcut	Logs	0	2413	3213	0	1282	Dead tree	
woodcut	Logs	0	2415	3214	0	1282	Dead tree	
woodcut	Logs	0	2415	3215	0	1282	Dead tree	
woodcut	Logs	0	2415	3236	0	1282	Dead tree	
woodcut	Logs	0	2415	3239	0	1282	Dead tree	
woodcut	Logs	0	2415	3240	0	1282	Dead tree	
woodcut	Logs	0	2416	3214	0	1282	Dead tree	
woodcut	Logs	0	2416	3217	0	1282	Dead tree	
woodcut	Logs	0	2416	3237	0	1282	Dead tree	
woodcut	Logs	0	2416	3239	0	1282	Dead tree	
woodcut	Logs	0	2417	3218	0	1282	Dead tree	
woodcut	Logs	0	2418	3218	0	1282	Dead tree	
woodcut	Logs	0	2418	3241	0	1282	Dead tree	
woodcut	Logs	0	2419	3217	0	1282	Dead tree	
woodcut	Logs	0	2419	3218	0	1282	Dead tree	
woodcut	Logs	0	2420	3210	0	1282	Dead tree	
woodcut	Logs	0	2420	3220	0	1282	Dead tree	
woodcut	Logs	0	2422	3218	0	1282	Dead tree	
woodcut	Logs	0	2422	3257	0	1282	Dead tree	
woodcut	Logs	0	2422	3259	0	1282	Dead tree	
woodcut	Logs	0	2423	3220	0	1282	Dead tree	
woodcut	Logs	0	2423	3221	0	1282	Dead tree	
woodcut	Logs	0	2423	3258	0	1282	Dead tree	
woodcut	Logs	0	2425	3219	0	1282	Dead tree	
woodcut	Logs	0	2425	3247	0	1282	Dead tree	
woodcut	Logs	0	2425	3249	0	1282	Dead tree	
woodcut	Logs	0	2425	3250	0	1282	Dead tree	
woodcut	Logs	0	2426	3248	0	1282	Dead tree	
woodcut	Logs	0	2426	3249	0	1282	Dead tree	
woodcut	Logs	0	2427	3251	0	1282	Dead tree	
woodcut	Logs	0	2427	3256	0	1282	Dead tree	
woodcut	Logs	0	2427	3258	0	1282	Dead tree	
woodcut	Logs	0	2428	3259	0	1282	Dead tree	
woodcut	Logs	0	2429	3259	0	1282	Dead tree	
woodcut	Logs	0	2403	3207	0	1289	Dead tree	
woodcut	Logs	0	2404	3202	0	1289	Dead tree	
woodcut	Logs	0	2404	3205	0	1289	Dead tree	
woodcut	Logs	0	2405	3204	0	1289	Dead tree	
woodcut	Logs	0	2405	3205	0	1289	Dead tree	
woodcut	Logs	0	2407	3208	0	1289	Dead tree	
woodcut	Logs	0	2407	3211	0	1289	Dead tree	
woodcut	Logs	0	2409	3212	0	1289	Dead tree	
woodcut	Logs	0	2410	3219	0	1289	Dead tree	
woodcut	Logs	0	2412	3212	0	1289	Dead tree	
woodcut	Logs	0	2412	3213	0	1289	Dead tree	
woodcut	Logs	0	2414	3210	0	1289	Dead tree	
woodcut	Logs	0	2414	3211	0	1289	Dead tree	
woodcut	Logs	0	2414	3215	0	1289	Dead tree	
woodcut	Logs	0	2414	3216	0	1289	Dead tree	
woodcut	Logs	0	2416	3213	0	1289	Dead tree	
woodcut	Logs	0	2416	3219	0	1289	Dead tree	
woodcut	Logs	0	2416	3220	0	1289	Dead tree	
woodcut	Logs	0	2416	3226	0	1289	Dead tree	
woodcut	Logs	0	2417	3216	0	1289	Dead tree	
woodcut	Logs	0	2418	3210	0	1289	Dead tree	
woodcut	Logs	0	2420	3209	0	1289	Dead tree	
woodcut	Logs	0	2420	3221	0	1289	Dead tree	
woodcut	Logs	0	2420	3222	0	1289	Dead tree	
woodcut	Logs	0	2421	3212	0	1289	Dead tree	
woodcut	Logs	0	2421	3218	0	1289	Dead tree	
woodcut	Logs	0	2421	3220	0	1289	Dead tree	
woodcut	Logs	0	2422	3210	0	1289	Dead tree	
woodcut	Logs	0	2422	3217	0	1289	Dead tree	
woodcut	Logs	0	2423	3213	0	1289	Dead tree	
woodcut	Logs	0	2424	3212	0	1289	Dead tree	
woodcut	Logs	0	2424	3215	0	1289	Dead tree	
woodcut	Logs	0	2425	3214	0	1289	Dead tree	
woodcut	Logs	0	2425	3221	0	1289	Dead tree	
woodcut	Logs	0	2426	3228	0	1289	Dead tree	
woodcut	Logs	0	2427	3219	0	1289	Dead tree	
woodcut	Logs	0	2371	3278	0	1282	Dead tree	
woodcut	Logs	0	2372	3276	0	1282	Dead tree	
woodcut	Logs	0	2372	3324	0	1282	Dead tree	
woodcut	Logs	0	2373	3274	0	1282	Dead tree	
woodcut	Logs	0	2374	3276	0	1282	Dead tree	
woodcut	Logs	0	2374	3323	0	1282	Dead tree	
woodcut	Logs	0	2376	3274	0	1282	Dead tree	
woodcut	Logs	0	2385	3315	0	1282	Dead tree	
woodcut	Logs	0	2386	3318	0	1282	Dead tree	
woodcut	Logs	0	2388	3283	0	1282	Dead tree	
woodcut	Logs	0	2389	3287	0	1282	Dead tree	
woodcut	Logs	0	2390	3316	0	1282	Dead tree	
woodcut	Logs	0	2390	3321	0	1282	Dead tree	
woodcut	Logs	0	2391	3268	0	1282	Dead tree	
woodcut	Logs	0	2391	3289	0	1282	Dead tree	
woodcut	Logs	0	2393	3277	0	1282	Dead tree	
woodcut	Logs	0	2393	3292	0	1282	Dead tree	
woodcut	Logs	0	2393	3297	0	1282	Dead tree	
woodcut	Logs	0	2394	3275	0	1282	Dead tree	
woodcut	Logs	0	2396	3274	0	1282	Dead tree	
woodcut	Logs	0	2398	3288	0	1282	Dead tree	
woodcut	Logs	0	2400	3297	0	1282	Dead tree	
woodcut	Logs	0	2400	3317	0	1282	Dead tree	
woodcut	Logs	0	2401	3286	0	1282	Dead tree	
woodcut	Logs	0	2402	3305	0	1282	Dead tree	
woodcut	Logs	0	2402	3317	0	1282	Dead tree	
woodcut	Logs	0	2402	3322	0	1282	Dead tree	
woodcut	Logs	0	2403	3301	0	1282	Dead tree	
woodcut	Logs	0	2403	3319	0	1282	Dead tree	
woodcut	Logs	0	2404	3316	0	1282	Dead tree	
woodcut	Logs	0	2404	3324	0	1282	Dead tree	
woodcut	Logs	0	2406	3272	0	1282	Dead tree	
woodcut	Logs	0	2406	3288	0	1282	Dead tree	
woodcut	Logs	0	2406	3306	0	1282	Dead tree	
woodcut	Logs	0	2406	3321	0	1282	Dead tree	
woodcut	Logs	0	2407	3285	0	1282	Dead tree	
woodcut	Logs	0	2409	3266	0	1282	Dead tree	
woodcut	Logs	0	2409	3267	0	1282	Dead tree	
woodcut	Logs	0	2409	3273	0	1282	Dead tree	
woodcut	Logs	0	2409	3276	0	1282	Dead tree	
woodcut	Logs	0	2409	3285	0	1282	Dead tree	
woodcut	Logs	0	2409	3288	0	1282	Dead tree	
woodcut	Logs	0	2409	3323	0	1282	Dead tree	
woodcut	Logs	0	2411	3277	0	1282	Dead tree	
woodcut	Logs	0	2411	3279	0	1282	Dead tree	
woodcut	Logs	0	2411	3305	0	1282	Dead tree	
woodcut	Logs	0	2412	3288	0	1282	Dead tree	
woodcut	Logs	0	2414	3269	0	1282	Dead tree	
woodcut	Logs	0	2415	3273	0	1282	Dead tree	
woodcut	Logs	0	2415	3294	0	1282	Dead tree	
woodcut	Logs	0	2416	3270	0	1282	Dead tree	
woodcut	Logs	0	2416	3322	0	1282	Dead tree	
woodcut	Logs	0	2417	3266	0	1282	Dead tree	
woodcut	Logs	0	2417	3274	0	1282	Dead tree	
woodcut	Logs	0	2417	3309	0	1282	Dead tree	
woodcut	Logs	0	2417	3311	0	1282	Dead tree	
woodcut	Logs	0	2417	3323	0	1282	Dead tree	
woodcut	Logs	0	2418	3291	0	1282	Dead tree	
woodcut	Logs	0	2418	3292	0	1282	Dead tree	
woodcut	Logs	0	2418	3308	0	1282	Dead tree	
woodcut	Logs	0	2418	3309	0	1282	Dead tree	
woodcut	Logs	0	2419	3293	0	1282	Dead tree	
woodcut	Logs	0	2419	3306	0	1282	Dead tree	
woodcut	Logs	0	2419	3308	0	1282	Dead tree	
woodcut	Logs	0	2419	3321	0	1282	Dead tree	
woodcut	Logs	0	2419	3323	0	1282	Dead tree	
woodcut	Logs	0	2420	3292	0	1282	Dead tree	
woodcut	Logs	0	2420	3300	0	1282	Dead tree	
woodcut	Logs	0	2420	3308	0	1282	Dead tree	
woodcut	Logs	0	2420	3309	0	1282	Dead tree	
woodcut	Logs	0	2420	3324	0	1282	Dead tree	
woodcut	Logs	0	2421	3292	0	1282	Dead tree	
woodcut	Logs	0	2421	3297	0	1282	Dead tree	
woodcut	Logs	0	2421	3298	0	1282	Dead tree	
woodcut	Logs	0	2421	3300	0	1282	Dead tree	
woodcut	Logs	0	2421	3322	0	1282	Dead tree	
woodcut	Logs	0	2422	3268	0	1282	Dead tree	
woodcut	Logs	0	2422	3270	0	1282	Dead tree	
woodcut	Logs	0	2422	3297	0	1282	Dead tree	
woodcut	Logs	0	2422	3301	0	1282	Dead tree	
woodcut	Logs	0	2422	3302	0	1282	Dead tree	
woodcut	Logs	0	2422	3304	0	1282	Dead tree	
woodcut	Logs	0	2423	3270	0	1282	Dead tree	
woodcut	Logs	0	2423	3273	0	1282	Dead tree	
woodcut	Logs	0	2423	3285	0	1282	Dead tree	
woodcut	Logs	0	2424	3273	0	1282	Dead tree	
woodcut	Logs	0	2424	3275	0	1282	Dead tree	
woodcut	Logs	0	2424	3303	0	1282	Dead tree	
woodcut	Logs	0	2424	3311	0	1282	Dead tree	
woodcut	Logs	0	2424	3314	0	1282	Dead tree	
woodcut	Logs	0	2424	3315	0	1282	Dead tree	
woodcut	Logs	0	2425	3272	0	1282	Dead tree	
woodcut	Logs	0	2425	3282	0	1282	Dead tree	
woodcut	Logs	0	2425	3283	0	1282	Dead tree	
woodcut	Logs	0	2425	3286	0	1282	Dead tree	
woodcut	Logs	0	2425	3288	0	1282	Dead tree	
woodcut	Logs	0	2425	3292	0	1282	Dead tree	
woodcut	Logs	0	2425	3309	0	1282	Dead tree	
woodcut	Logs	0	2425	3311	0	1282	Dead tree	
woodcut	Logs	0	2426	3268	0	1282	Dead tree	
woodcut	Logs	0	2426	3288	0	1282	Dead tree	
woodcut	Logs	0	2426	3297	0	1282	Dead tree	
woodcut	Logs	0	2426	3313	0	1282	Dead tree	
woodcut	Logs	0	2426	3324	0	1282	Dead tree	
woodcut	Logs	0	2427	3277	0	1282	Dead tree	
woodcut	Logs	0	2427	3289	0	1282	Dead tree	
woodcut	Logs	0	2427	3322	0	1282	Dead tree	
woodcut	Logs	0	2428	3296	0	1282	Dead tree	
woodcut	Logs	0	2428	3299	0	1282	Dead tree	
woodcut	Logs	0	2428	3323	0	1282	Dead tree	
woodcut	Logs	0	2429	3297	0	1282	Dead tree	
woodcut	Logs	0	2429	3321	0	1282	Dead tree	
woodcut	Logs	0	2429	3323	0	1282	Dead tree	
woodcut	Logs	0	2418	3290	0	1289	Dead tree	
woodcut	Logs	0	2418	3295	0	1289	Dead tree	
woodcut	Logs	0	2418	3319	0	1289	Dead tree	
woodcut	Logs	0	2418	3321	0	1289	Dead tree	
woodcut	Logs	0	2418	3325	0	1289	Dead tree	
woodcut	Logs	0	2419	3291	0	1289	Dead tree	
woodcut	Logs	0	2419	3301	0	1289	Dead tree	
woodcut	Logs	0	2419	3319	0	1289	Dead tree	
woodcut	Logs	0	2420	3290	0	1289	Dead tree	
woodcut	Logs	0	2420	3296	0	1289	Dead tree	
woodcut	Logs	0	2420	3312	0	1289	Dead tree	
woodcut	Logs	0	2420	3326	0	1289	Dead tree	
woodcut	Logs	0	2421	3294	0	1289	Dead tree	
woodcut	Logs	0	2421	3295	0	1289	Dead tree	
woodcut	Logs	0	2421	3303	0	1289	Dead tree	
woodcut	Logs	0	2421	3313	0	1289	Dead tree	
woodcut	Logs	0	2421	3325	0	1289	Dead tree	
woodcut	Logs	0	2422	3284	0	1289	Dead tree	
woodcut	Logs	0	2422	3286	0	1289	Dead tree	
woodcut	Logs	0	2422	3294	0	1289	Dead tree	
woodcut	Logs	0	2422	3315	0	1289	Dead tree	
woodcut	Logs	0	2422	3320	0	1289	Dead tree	
woodcut	Logs	0	2422	3321	0	1289	Dead tree	
woodcut	Logs	0	2423	3283	0	1289	Dead tree	
woodcut	Logs	0	2423	3309	0	1289	Dead tree	
woodcut	Logs	0	2423	3323	0	1289	Dead tree	
woodcut	Logs	0	2424	3284	0	1289	Dead tree	
woodcut	Logs	0	2424	3288	0	1289	Dead tree	
woodcut	Logs	0	2424	3298	0	1289	Dead tree	
woodcut	Logs	0	2424	3299	0	1289	Dead tree	
woodcut	Logs	0	2424	3300	0	1289	Dead tree	
woodcut	Logs	0	2425	3284	0	1289	Dead tree	
woodcut	Logs	0	2426	3277	0	1289	Dead tree	
woodcut	Logs	0	2426	3279	0	1289	Dead tree	
woodcut	Logs	0	2426	3285	0	1289	Dead tree	
woodcut	Logs	0	2426	3301	0	1289	Dead tree	
woodcut	Logs	0	2426	3321	0	1289	Dead tree	
woodcut	Logs	0	2426	3326	0	1289	Dead tree	
woodcut	Logs	0	2427	3285	0	1289	Dead tree	
woodcut	Logs	0	2427	3310	0	1289	Dead tree	
woodcut	Logs	0	2427	3315	0	1289	Dead tree	
woodcut	Logs	0	2427	3321	0	1289	Dead tree	
woodcut	Logs	0	2428	3278	0	1289	Dead tree	
woodcut	Logs	0	2428	3287	0	1289	Dead tree	
woodcut	Logs	0	2428	3291	0	1289	Dead tree	
woodcut	Logs	0	2428	3310	0	1289	Dead tree	
woodcut	Logs	0	2428	3320	0	1289	Dead tree	
woodcut	Logs	0	2428	3326	0	1289	Dead tree	
woodcut	Logs	0	2429	3287	0	1289	Dead tree	
woodcut	Logs	0	2429	3313	0	1289	Dead tree	
woodcut	Logs	0	2429	3314	0	1289	Dead tree	
woodcut	Logs	0	2429	3318	0	1289	Dead tree	
woodcut	Logs	0	2429	3319	0	1289	Dead tree	
woodcut	Logs	0	2429	3325	0	1289	Dead tree	
woodcut	Logs	0	2430	3325	0	1289	Dead tree	
woodcut	Logs	0	2370	3313	0	1383	Dead tree	
woodcut	Logs	0	2371	3312	0	1383	Dead tree	
woodcut	Logs	0	2371	3315	0	1383	Dead tree	
woodcut	Logs	0	2371	3316	0	1383	Dead tree	
woodcut	Logs	0	2372	3316	0	1383	Dead tree	
woodcut	Logs	0	2372	3322	0	1383	Dead tree	
woodcut	Logs	0	2374	3322	0	1383	Dead tree	
woodcut	Logs	0	2376	3325	0	1383	Dead tree	
woodcut	Logs	0	2377	3325	0	1383	Dead tree	
woodcut	Logs	0	2378	3326	0	1383	Dead tree	
woodcut	Logs	0	2380	3325	0	1383	Dead tree	
woodcut	Logs	0	2381	3314	0	1383	Dead tree	
woodcut	Logs	0	2383	3316	0	1383	Dead tree	
woodcut	Logs	0	2384	3314	0	1383	Dead tree	
woodcut	Logs	0	2384	3320	0	1383	Dead tree	
woodcut	Logs	0	2385	3319	0	1383	Dead tree	
woodcut	Logs	0	2386	3317	0	1383	Dead tree	
woodcut	Logs	0	2386	3321	0	1383	Dead tree	
woodcut	Logs	0	2387	3314	0	1383	Dead tree	
woodcut	Logs	0	2387	3316	0	1383	Dead tree	
woodcut	Logs	0	2387	3317	0	1383	Dead tree	
woodcut	Logs	0	2387	3320	0	1383	Dead tree	
woodcut	Logs	0	2387	3323	0	1383	Dead tree	
woodcut	Logs	0	2388	3312	0	1383	Dead tree	
woodcut	Logs	0	2388	3315	0	1383	Dead tree	
woodcut	Logs	0	2388	3317	0	1383	Dead tree	
woodcut	Logs	0	2388	3318	0	1383	Dead tree	
woodcut	Logs	0	2388	3319	0	1383	Dead tree	
woodcut	Logs	0	2388	3320	0	1383	Dead tree	
woodcut	Logs	0	2389	3316	0	1383	Dead tree	
woodcut	Logs	0	2389	3317	0	1383	Dead tree	
woodcut	Logs	0	2389	3318	0	1383	Dead tree	
woodcut	Logs	0	2389	3319	0	1383	Dead tree	
woodcut	Logs	0	2389	3320	0	1383	Dead tree	
woodcut	Logs	0	2389	3322	0	1383	Dead tree	
woodcut	Logs	0	2390	3311	0	1383	Dead tree	
woodcut	Logs	0	2390	3315	0	1383	Dead tree	
woodcut	Logs	0	2390	3318	0	1383	Dead tree	
woodcut	Logs	0	2390	3319	0	1383	Dead tree	
woodcut	Logs	0	2391	3318	0	1383	Dead tree	
woodcut	Logs	0	2393	3314	0	1383	Dead tree	
woodcut	Logs	0	2393	3320	0	1383	Dead tree	
woodcut	Logs	0	2369	3376	0	1276	Tree	
woodcut	Logs	0	2371	3381	0	1276	Tree	
woodcut	Logs	0	2371	3387	0	1276	Tree	
woodcut	Logs	0	2373	3385	0	1276	Tree	
woodcut	Logs	0	2376	3378	0	1276	Tree	
woodcut	Logs	0	2376	3380	0	1276	Tree	
woodcut	Logs	0	2378	3381	0	1276	Tree	
woodcut	Logs	0	2384	3387	0	1276	Tree	
woodcut	Logs	0	2387	3378	0	1276	Tree	
woodcut	Logs	0	2389	3360	0	1276	Tree	
woodcut	Logs	0	2389	3381	0	1276	Tree	
woodcut	Logs	0	2390	3372	0	1276	Tree	
woodcut	Logs	0	2391	3368	0	1276	Tree	
woodcut	Logs	0	2392	3375	0	1276	Tree	
woodcut	Logs	0	2393	3362	0	1276	Tree	
woodcut	Logs	0	2393	3366	0	1276	Tree	
woodcut	Logs	0	2395	3372	0	1276	Tree	
woodcut	Logs	0	2395	3375	0	1276	Tree	
woodcut	Logs	0	2396	3381	0	1276	Tree	
woodcut	Logs	0	2396	3388	0	1276	Tree	
woodcut	Logs	0	2399	3385	0	1276	Tree	
woodcut	Logs	0	2400	3360	0	1276	Tree	
woodcut	Logs	0	2400	3378	0	1276	Tree	
woodcut	Logs	0	2401	3370	0	1276	Tree	
woodcut	Logs	0	2403	3371	0	1276	Tree	
woodcut	Logs	0	2404	3385	0	1276	Tree	
woodcut	Logs	0	2406	3383	0	1276	Tree	
woodcut	Logs	0	2407	3366	0	1276	Tree	
woodcut	Logs	0	2410	3374	0	1276	Tree	
woodcut	Logs	0	2410	3382	0	1276	Tree	
woodcut	Logs	0	2413	3359	0	1276	Tree	
woodcut	Logs	0	2415	3362	0	1276	Tree	
woodcut	Logs	0	2415	3384	0	1276	Tree	
woodcut	Logs	0	2418	3368	0	1276	Tree	
woodcut	Logs	0	2421	3357	0	1276	Tree	
woodcut	Logs	0	2422	3377	0	1276	Tree	
woodcut	Logs	0	2422	3386	0	1276	Tree	
woodcut	Logs	0	2423	3362	0	1276	Tree	
woodcut	Logs	0	2426	3359	0	1276	Tree	
woodcut	Logs	0	2426	3388	0	1276	Tree	
woodcut	Logs	0	2427	3352	0	1276	Tree	
woodcut	Logs	0	2427	3370	0	1276	Tree	
woodcut	Logs	0	2368	3381	0	1278	Tree	
woodcut	Logs	0	2372	3375	0	1278	Tree	
woodcut	Logs	0	2373	3380	0	1278	Tree	
woodcut	Logs	0	2382	3378	0	1278	Tree	
woodcut	Logs	0	2383	3382	0	1278	Tree	
woodcut	Logs	0	2385	3378	0	1278	Tree	
woodcut	Logs	0	2387	3361	0	1278	Tree	
woodcut	Logs	0	2388	3373	0	1278	Tree	
woodcut	Logs	0	2389	3377	0	1278	Tree	
woodcut	Logs	0	2390	3366	0	1278	Tree	
woodcut	Logs	0	2391	3360	0	1278	Tree	
woodcut	Logs	0	2393	3368	0	1278	Tree	
woodcut	Logs	0	2393	3377	0	1278	Tree	
woodcut	Logs	0	2394	3360	0	1278	Tree	
woodcut	Logs	0	2394	3370	0	1278	Tree	
woodcut	Logs	0	2395	3366	0	1278	Tree	
woodcut	Logs	0	2424	3375	0	1278	Tree	
woodcut	Logs	0	2427	3364	0	1278	Tree	
woodcut	Logs	0	2427	3376	0	1278	Tree	
woodcut	Logs	0	2428	3367	0	1278	Tree	
woodcut	Oak logs	15	2369	3378	0	1281	Oak	
woodcut	Oak logs	15	2373	3377	0	1281	Oak	
woodcut	Oak logs	15	2375	3386	0	1281	Oak	
woodcut	Oak logs	15	2380	3380	0	1281	Oak	
woodcut	Oak logs	15	2386	3380	0	1281	Oak	
woodcut	Oak logs	15	2386	3386	0	1281	Oak	
woodcut	Oak logs	15	2390	3362	0	1281	Oak	
woodcut	Oak logs	15	2392	3372	0	1281	Oak	
woodcut	Oak logs	15	2396	3368	0	1281	Oak	
woodcut	Oak logs	15	2397	3378	0	1281	Oak	
woodcut	Oak logs	15	2398	3387	0	1281	Oak	
woodcut	Oak logs	15	2403	3358	0	1281	Oak	
woodcut	Oak logs	15	2404	3366	0	1281	Oak	
woodcut	Oak logs	15	2408	3372	0	1281	Oak	
woodcut	Oak logs	15	2409	3357	0	1281	Oak	
woodcut	Oak logs	15	2409	3379	0	1281	Oak	
woodcut	Oak logs	15	2410	3362	0	1281	Oak	
woodcut	Oak logs	15	2417	3356	0	1281	Oak	
woodcut	Oak logs	15	2418	3361	0	1281	Oak	
woodcut	Oak logs	15	2419	3374	0	1281	Oak	
woodcut	Oak logs	15	2419	3384	0	1281	Oak	
woodcut	Oak logs	15	2419	3390	0	1281	Oak	
woodcut	Oak logs	15	2422	3371	0	1281	Oak	
woodcut	Oak logs	15	2423	3365	0	1281	Oak	
woodcut	Oak logs	15	2423	3383	0	1281	Oak	
woodcut	Oak logs	15	2425	3380	0	1281	Oak	
woodcut	Logs	0	2369	3328	0	1282	Dead tree	
woodcut	Logs	0	2370	3330	0	1282	Dead tree	
woodcut	Logs	0	2371	3335	0	1282	Dead tree	
woodcut	Logs	0	2372	3328	0	1282	Dead tree	
woodcut	Logs	0	2374	3328	0	1282	Dead tree	
woodcut	Logs	0	2377	3355	0	1282	Dead tree	
woodcut	Logs	0	2379	3342	0	1282	Dead tree	
woodcut	Logs	0	2388	3328	0	1282	Dead tree	
woodcut	Logs	0	2391	3328	0	1282	Dead tree	
woodcut	Logs	0	2391	3353	0	1282	Dead tree	
woodcut	Logs	0	2394	3342	0	1282	Dead tree	
woodcut	Logs	0	2395	3350	0	1282	Dead tree	
woodcut	Logs	0	2397	3328	0	1282	Dead tree	
woodcut	Logs	0	2398	3348	0	1282	Dead tree	
woodcut	Logs	0	2400	3330	0	1282	Dead tree	
woodcut	Logs	0	2402	3328	0	1282	Dead tree	
woodcut	Logs	0	2403	3330	0	1282	Dead tree	
woodcut	Logs	0	2403	3347	0	1282	Dead tree	
woodcut	Logs	0	2405	3331	0	1282	Dead tree	
woodcut	Logs	0	2407	3349	0	1282	Dead tree	
woodcut	Logs	0	2411	3328	0	1282	Dead tree	
woodcut	Logs	0	2412	3353	0	1282	Dead tree	
woodcut	Logs	0	2416	3350	0	1282	Dead tree	
woodcut	Logs	0	2419	3347	0	1282	Dead tree	
woodcut	Logs	0	2421	3346	0	1282	Dead tree	
woodcut	Logs	0	2421	3351	0	1282	Dead tree	
woodcut	Logs	0	2424	3347	0	1282	Dead tree	
woodcut	Logs	0	2426	3344	0	1282	Dead tree	
woodcut	Logs	0	2388	3341	0	1286	Dead tree	
woodcut	Logs	0	2391	3330	0	1286	Dead tree	
woodcut	Logs	0	2391	3358	0	1286	Dead tree	
woodcut	Logs	0	2395	3354	0	1286	Dead tree	
woodcut	Logs	0	2398	3352	0	1286	Dead tree	
woodcut	Logs	0	2400	3343	0	1286	Dead tree	
woodcut	Logs	0	2401	3350	0	1286	Dead tree	
woodcut	Logs	0	2401	3352	0	1286	Dead tree	
woodcut	Logs	0	2406	3351	0	1286	Dead tree	
woodcut	Logs	0	2407	3342	0	1286	Dead tree	
woodcut	Logs	0	2409	3352	0	1286	Dead tree	
woodcut	Logs	0	2411	3354	0	1286	Dead tree	
woodcut	Logs	0	2414	3332	0	1286	Dead tree	
woodcut	Logs	0	2414	3351	0	1286	Dead tree	
woodcut	Logs	0	2415	3353	0	1286	Dead tree	
woodcut	Logs	0	2418	3349	0	1286	Dead tree	
woodcut	Logs	0	2418	3352	0	1286	Dead tree	
woodcut	Logs	0	2421	3349	0	1286	Dead tree	
woodcut	Logs	0	2424	3345	0	1286	Dead tree	
woodcut	Logs	0	2425	3346	0	1286	Dead tree	
woodcut	Logs	0	2427	3343	0	1286	Dead tree	
woodcut	Logs	0	2428	3347	0	1286	Dead tree	
woodcut	Logs	0	2374	3330	0	1289	Dead tree	
woodcut	Logs	0	2375	3330	0	1289	Dead tree	
woodcut	Logs	0	2377	3328	0	1289	Dead tree	
woodcut	Logs	0	2388	3331	0	1289	Dead tree	
woodcut	Logs	0	2393	3329	0	1289	Dead tree	
woodcut	Logs	0	2397	3333	0	1289	Dead tree	
woodcut	Logs	0	2400	3333	0	1289	Dead tree	
woodcut	Logs	0	2402	3334	0	1289	Dead tree	
woodcut	Logs	0	2403	3332	0	1289	Dead tree	
woodcut	Logs	0	2406	3334	0	1289	Dead tree	
woodcut	Logs	0	2408	3330	0	1289	Dead tree	
woodcut	Logs	0	2408	3332	0	1289	Dead tree	
woodcut	Logs	0	2410	3329	0	1289	Dead tree	
woodcut	Logs	0	2411	3331	0	1289	Dead tree	
woodcut	Logs	0	2411	3332	0	1289	Dead tree	
flax	flax		2403	3388	0	2646	Flax	
flax	flax		2405	3387	0	2646	Flax	
flax	flax		2405	3390	0	2646	Flax	
flax	flax		2406	3389	0	2646	Flax	
flax	flax		2407	3385	0	2646	Flax	
flax	flax		2408	3388	0	2646	Flax	
flax	flax		2410	3386	0	2646	Flax	
flax	flax		2410	3390	0	2646	Flax	
flax	flax		2412	3388	0	2646	Flax	
flax	flax		2413	3388	0	2646	Flax	
flax	flax		2413	3390	0	2646	Flax	
woodcut	Logs	0	2369	3411	0	1276	Tree	
woodcut	Logs	0	2372	3401	0	1276	Tree	
woodcut	Logs	0	2377	3397	0	1276	Tree	
woodcut	Logs	0	2378	3401	0	1276	Tree	
woodcut	Logs	0	2379	3393	0	1276	Tree	
woodcut	Logs	0	2380	3396	0	1276	Tree	
woodcut	Logs	0	2380	3403	0	1276	Tree	
woodcut	Logs	0	2383	3393	0	1276	Tree	
woodcut	Logs	0	2388	3442	0	1276	Tree	
woodcut	Logs	0	2389	3402	0	1276	Tree	
woodcut	Logs	0	2391	3395	0	1276	Tree	
woodcut	Logs	0	2392	3444	0	1276	Tree	
woodcut	Logs	0	2393	3392	0	1276	Tree	
woodcut	Logs	0	2395	3397	0	1276	Tree	
woodcut	Logs	0	2397	3425	0	1276	Tree	
woodcut	Logs	0	2398	3402	0	1276	Tree	
woodcut	Logs	0	2398	3422	0	1276	Tree	
woodcut	Logs	0	2398	3444	0	1276	Tree	
woodcut	Logs	0	2399	3434	0	1276	Tree	
woodcut	Logs	0	2400	3400	0	1276	Tree	
woodcut	Logs	0	2401	3393	0	1276	Tree	
woodcut	Logs	0	2401	3445	0	1276	Tree	
woodcut	Logs	0	2402	3418	0	1276	Tree	
woodcut	Logs	0	2402	3420	0	1276	Tree	
woodcut	Logs	0	2404	3416	0	1276	Tree	
woodcut	Logs	0	2404	3428	0	1276	Tree	
woodcut	Logs	0	2404	3442	0	1276	Tree	
woodcut	Logs	0	2406	3432	0	1276	Tree	
woodcut	Logs	0	2411	3398	0	1276	Tree	
woodcut	Logs	0	2411	3438	0	1276	Tree	
woodcut	Logs	0	2412	3413	0	1276	Tree	
woodcut	Logs	0	2412	3441	0	1276	Tree	
woodcut	Logs	0	2413	3450	0	1276	Tree	
woodcut	Logs	0	2414	3394	0	1276	Tree	
woodcut	Logs	0	2414	3411	0	1276	Tree	
woodcut	Logs	0	2415	3421	0	1276	Tree	
woodcut	Logs	0	2415	3427	0	1276	Tree	
woodcut	Logs	0	2415	3454	0	1276	Tree	
woodcut	Logs	0	2417	3429	0	1276	Tree	
woodcut	Logs	0	2417	3451	0	1276	Tree	
woodcut	Logs	0	2418	3436	0	1276	Tree	
woodcut	Logs	0	2419	3421	0	1276	Tree	
woodcut	Logs	0	2419	3444	0	1276	Tree	
woodcut	Logs	0	2422	3414	0	1276	Tree	
woodcut	Logs	0	2422	3418	0	1276	Tree	
woodcut	Logs	0	2422	3420	0	1276	Tree	
woodcut	Logs	0	2424	3446	0	1276	Tree	
woodcut	Logs	0	2427	3423	0	1276	Tree	
woodcut	Logs	0	2429	3434	0	1276	Tree	
woodcut	Logs	0	2429	3438	0	1276	Tree	
woodcut	Logs	0	2429	3444	0	1276	Tree	
woodcut	Logs	0	2372	3393	0	1278	Tree	
woodcut	Logs	0	2373	3398	0	1278	Tree	
woodcut	Logs	0	2373	3404	0	1278	Tree	
woodcut	Logs	0	2376	3395	0	1278	Tree	
woodcut	Logs	0	2377	3399	0	1278	Tree	
woodcut	Logs	0	2380	3405	0	1278	Tree	
woodcut	Logs	0	2381	3399	0	1278	Tree	
woodcut	Logs	0	2382	3404	0	1278	Tree	
woodcut	Logs	0	2384	3403	0	1278	Tree	
woodcut	Logs	0	2387	3395	0	1278	Tree	
woodcut	Logs	0	2388	3399	0	1278	Tree	
woodcut	Logs	0	2389	3393	0	1278	Tree	
woodcut	Logs	0	2390	3400	0	1278	Tree	
woodcut	Logs	0	2396	3438	0	1278	Tree	
woodcut	Logs	0	2398	3392	0	1278	Tree	
woodcut	Logs	0	2398	3428	0	1278	Tree	
woodcut	Logs	0	2405	3430	0	1278	Tree	
woodcut	Logs	0	2406	3449	0	1278	Tree	
woodcut	Logs	0	2409	3453	0	1278	Tree	
woodcut	Logs	0	2413	3392	0	1278	Tree	
woodcut	Logs	0	2420	3448	0	1278	Tree	
woodcut	Logs	0	2424	3449	0	1278	Tree	
woodcut	Logs	0	2426	3429	0	1278	Tree	
woodcut	Logs	0	2426	3432	0	1278	Tree	
woodcut	Logs	0	2426	3437	0	1278	Tree	
woodcut	Logs	0	2429	3428	0	1278	Tree	
woodcut	Logs	0	2429	3441	0	1278	Tree	
woodcut	Logs	0	2429	3450	0	1278	Tree	
woodcut	Oak logs	15	2368	3397	0	1281	Oak	
woodcut	Oak logs	15	2370	3414	0	1281	Oak	
woodcut	Oak logs	15	2372	3407	0	1281	Oak	
woodcut	Oak logs	15	2373	3422	0	1281	Oak	
woodcut	Oak logs	15	2375	3402	0	1281	Oak	
woodcut	Oak logs	15	2376	3405	0	1281	Oak	
woodcut	Oak logs	15	2382	3395	0	1281	Oak	
woodcut	Oak logs	15	2383	3400	0	1281	Oak	
woodcut	Oak logs	15	2386	3401	0	1281	Oak	
woodcut	Oak logs	15	2393	3394	0	1281	Oak	
woodcut	Oak logs	15	2394	3442	0	1281	Oak	
woodcut	Oak logs	15	2395	3401	0	1281	Oak	
woodcut	Oak logs	15	2397	3394	0	1281	Oak	
woodcut	Oak logs	15	2397	3398	0	1281	Oak	
woodcut	Oak logs	15	2399	3438	0	1281	Oak	
woodcut	Oak logs	15	2403	3424	0	1281	Oak	
woodcut	Oak logs	15	2406	3443	0	1281	Oak	
woodcut	Oak logs	15	2407	3394	0	1281	Oak	
woodcut	Oak logs	15	2415	3439	0	1281	Oak	
woodcut	Oak logs	15	2417	3423	0	1281	Oak	
woodcut	Oak logs	15	2418	3410	0	1281	Oak	
woodcut	Oak logs	15	2421	3451	0	1281	Oak	
woodcut	Oak logs	15	2425	3416	0	1281	Oak	
woodcut	Logs	0	2368	3425	0	1286	Dead tree	
woodcut	Logs	0	2368	3428	0	1286	Dead tree	
woodcut	Magic logs	75	2371	3426	0	1306	Magic tree	
woodcut	Willow logs	30	2376	3446	0	1308	Willow	
woodcut	Willow logs	30	2382	3448	0	1308	Willow	
woodcut	Willow logs	30	2383	3425	0	1308	Willow	
woodcut	Willow logs	30	2384	3429	0	1308	Willow	
woodcut	Willow logs	30	2384	3433	0	1308	Willow	
woodcut	Willow logs	30	2390	3424	0	1308	Willow	
woodcut	Willow logs	30	2390	3430	0	1308	Willow	
woodcut	Willow logs	30	2390	3439	0	1308	Willow	
woodcut	Willow logs	30	2396	3407	0	1308	Willow	
woodcut	Willow logs	30	2396	3418	0	1308	Willow	
woodcut	Willow logs	30	2408	3410	0	1308	Willow	
flax	flax		2395	3424	0	2646	Flax	
flax	flax		2396	3420	0	2646	Flax	
flax	flax		2400	3418	0	2646	Flax	
flax	flax		2401	3424	0	2646	Flax	
flax	flax		2405	3422	0	2646	Flax	
flax	flax		2406	3438	0	2646	Flax	
flax	flax		2408	3442	0	2646	Flax	
flax	flax		2410	3442	0	2646	Flax	
flax	flax		2410	3445	0	2646	Flax	
flax	flax		2411	3440	0	2646	Flax	
flax	flax		2419	3400	0	2646	Flax	
flax	flax		2421	3404	0	2646	Flax	
flax	flax		2422	3399	0	2646	Flax	
flax	flax		2422	3403	0	2646	Flax	
flax	flax		2423	3397	0	2646	Flax	
flax	flax		2424	3403	0	2646	Flax	
flax	flax		2424	3405	0	2646	Flax	
flax	flax		2426	3397	0	2646	Flax	
flax	flax		2426	3400	0	2646	Flax	
flax	flax		2426	3401	0	2646	Flax	
flax	flax		2426	3404	0	2646	Flax	
flax	flax		2426	3422	0	2646	Flax	
flax	flax		2427	3426	0	2646	Flax	
flax	flax		2429	3425	0	2646	Flax	
flax	flax		2430	3423	0	2646	Flax	
woodcut	Logs	0	2370	3475	0	1276	Tree	
woodcut	Logs	0	2375	3467	0	1276	Tree	
woodcut	Logs	0	2379	3502	0	1276	Tree	
woodcut	Logs	0	2389	3507	0	1276	Tree	
woodcut	Logs	0	2390	3504	0	1276	Tree	
woodcut	Logs	0	2392	3461	0	1276	Tree	
woodcut	Logs	0	2392	3509	0	1276	Tree	
woodcut	Logs	0	2394	3471	0	1276	Tree	
woodcut	Logs	0	2395	3458	0	1276	Tree	
woodcut	Logs	0	2395	3509	0	1276	Tree	
woodcut	Logs	0	2396	3465	0	1276	Tree	
woodcut	Logs	0	2398	3459	0	1276	Tree	
woodcut	Logs	0	2398	3506	0	1276	Tree	
woodcut	Logs	0	2400	3463	0	1276	Tree	
woodcut	Logs	0	2402	3466	0	1276	Tree	
woodcut	Logs	0	2402	3472	0	1276	Tree	
woodcut	Logs	0	2403	3458	0	1276	Tree	
woodcut	Logs	0	2403	3474	0	1276	Tree	
woodcut	Logs	0	2405	3462	0	1276	Tree	
woodcut	Logs	0	2407	3461	0	1276	Tree	
woodcut	Logs	0	2409	3480	0	1276	Tree	
woodcut	Logs	0	2412	3461	0	1276	Tree	
woodcut	Logs	0	2412	3476	0	1276	Tree	
woodcut	Logs	0	2412	3481	0	1276	Tree	
woodcut	Logs	0	2417	3480	0	1276	Tree	
woodcut	Logs	0	2421	3493	0	1276	Tree	
woodcut	Logs	0	2424	3460	0	1276	Tree	
woodcut	Logs	0	2426	3472	0	1276	Tree	
woodcut	Logs	0	2426	3501	0	1276	Tree	
woodcut	Logs	0	2430	3488	0	1276	Tree	
woodcut	Logs	0	2370	3462	0	1278	Tree	
woodcut	Logs	0	2374	3471	0	1278	Tree	
woodcut	Logs	0	2374	3503	0	1278	Tree	
woodcut	Logs	0	2382	3501	0	1278	Tree	
woodcut	Logs	0	2382	3511	0	1278	Tree	
woodcut	Logs	0	2385	3518	0	1278	Tree	
woodcut	Logs	0	2386	3457	0	1278	Tree	
woodcut	Logs	0	2389	3460	0	1278	Tree	
woodcut	Logs	0	2391	3457	0	1278	Tree	
woodcut	Logs	0	2393	3469	0	1278	Tree	
woodcut	Logs	0	2393	3515	0	1278	Tree	
woodcut	Logs	0	2394	3518	0	1278	Tree	
woodcut	Logs	0	2395	3461	0	1278	Tree	
woodcut	Logs	0	2395	3506	0	1278	Tree	
woodcut	Logs	0	2399	3473	0	1278	Tree	
woodcut	Logs	0	2400	3503	0	1278	Tree	
woodcut	Logs	0	2402	3460	0	1278	Tree	
woodcut	Logs	0	2403	3470	0	1278	Tree	
woodcut	Logs	0	2403	3499	0	1278	Tree	
woodcut	Logs	0	2403	3518	0	1278	Tree	
woodcut	Logs	0	2407	3509	0	1278	Tree	
woodcut	Logs	0	2408	3504	0	1278	Tree	
woodcut	Logs	0	2410	3457	0	1278	Tree	
woodcut	Logs	0	2410	3465	0	1278	Tree	
woodcut	Logs	0	2412	3473	0	1278	Tree	
woodcut	Logs	0	2414	3478	0	1278	Tree	
woodcut	Logs	0	2416	3461	0	1278	Tree	
woodcut	Logs	0	2424	3469	0	1278	Tree	
woodcut	Logs	0	2424	3488	0	1278	Tree	
woodcut	Logs	0	2425	3498	0	1278	Tree	
woodcut	Logs	0	2427	3476	0	1278	Tree	
woodcut	Logs	0	2429	3484	0	1278	Tree	
woodcut	Logs	0	2430	3461	0	1278	Tree	
woodcut	Logs	0	2430	3469	0	1278	Tree	
woodcut	Logs	0	2430	3498	0	1278	Tree	
woodcut	Logs	0	2431	3481	0	1278	Tree	
woodcut	Oak logs	15	2369	3470	0	1281	Oak	
woodcut	Oak logs	15	2374	3462	0	1281	Oak	
woodcut	Oak logs	15	2379	3497	0	1281	Oak	
woodcut	Oak logs	15	2381	3515	0	1281	Oak	
woodcut	Oak logs	15	2385	3477	0	1281	Oak	
woodcut	Oak logs	15	2385	3500	0	1281	Oak	
woodcut	Oak logs	15	2398	3468	0	1281	Oak	
woodcut	Oak logs	15	2403	3504	0	1281	Oak	
woodcut	Oak logs	15	2404	3511	0	1281	Oak	
woodcut	Oak logs	15	2405	3464	0	1281	Oak	
woodcut	Oak logs	15	2407	3498	0	1281	Oak	
woodcut	Oak logs	15	2408	3475	0	1281	Oak	
woodcut	Oak logs	15	2413	3503	0	1281	Oak	
woodcut	Oak logs	15	2418	3456	0	1281	Oak	
woodcut	Oak logs	15	2425	3481	0	1281	Oak	
woodcut	Oak logs	15	2426	3464	0	1281	Oak	
woodcut	Oak logs	15	2427	3493	0	1281	Oak	
woodcut	Logs	0	2400	3520	0	1276	Tree	
woodcut	Logs	0	2383	3525	0	1278	Tree	
woodcut	Logs	0	2390	3521	0	1278	Tree	
woodcut	Logs	0	2391	3525	0	1278	Tree	
woodcut	Logs	0	2393	3526	0	1278	Tree	
woodcut	Logs	0	2395	3521	0	1278	Tree	
woodcut	Logs	0	2395	3529	0	1278	Tree	
woodcut	Logs	0	2396	3527	0	1278	Tree	
woodcut	Logs	0	2398	3527	0	1278	Tree	
woodcut	Logs	0	2398	3529	0	1278	Tree	
woodcut	Logs	0	2407	3527	0	1278	Tree	
woodcut	Logs	0	2411	3524	0	1278	Tree	
woodcut	Logs	0	2413	3525	0	1278	Tree	
woodcut	Logs	0	2415	3522	0	1278	Tree	
woodcut	Logs	0	2415	3524	0	1278	Tree	
woodcut	Logs	0	2424	3527	0	1278	Tree	
woodcut	Logs	0	2427	3524	0	1278	Tree	
woodcut	Logs	0	2430	3528	0	1278	Tree	
woodcut	Oak logs	15	2390	3529	0	1281	Oak	
woodcut	Oak logs	15	2404	3525	0	1281	Oak	
woodcut	Oak logs	15	2407	3539	0	1281	Oak	
woodcut	Oak logs	15	2416	3528	0	1281	Oak	
woodcut	Oak logs	15	2416	3535	0	1281	Oak	
woodcut	Oak logs	15	2420	3525	0	1281	Oak	
woodcut	Oak logs	15	2427	3538	0	1281	Oak	
woodcut	Logs	0	2374	4836	0	1276	Tree	
woodcut	Logs	0	2374	4854	0	1276	Tree	
woodcut	Logs	0	2375	4829	0	1276	Tree	
woodcut	Logs	0	2376	4845	0	1276	Tree	
woodcut	Logs	0	2376	4852	0	1276	Tree	
woodcut	Logs	0	2377	4834	0	1276	Tree	
woodcut	Logs	0	2378	4836	0	1276	Tree	
woodcut	Logs	0	2378	4841	0	1276	Tree	
woodcut	Logs	0	2378	4844	0	1276	Tree	
woodcut	Logs	0	2378	4851	0	1276	Tree	
woodcut	Logs	0	2379	4857	0	1276	Tree	
woodcut	Logs	0	2380	4849	0	1276	Tree	
woodcut	Logs	0	2381	4851	0	1276	Tree	
woodcut	Logs	0	2381	4854	0	1276	Tree	
woodcut	Logs	0	2384	4845	0	1276	Tree	
woodcut	Logs	0	2384	4854	0	1276	Tree	
woodcut	Logs	0	2384	4858	0	1276	Tree	
woodcut	Logs	0	2385	4856	0	1276	Tree	
woodcut	Logs	0	2385	4860	0	1276	Tree	
woodcut	Logs	0	2386	4854	0	1276	Tree	
woodcut	Logs	0	2387	4814	0	1276	Tree	
woodcut	Logs	0	2387	4817	0	1276	Tree	
woodcut	Logs	0	2387	4852	0	1276	Tree	
woodcut	Logs	0	2387	4858	0	1276	Tree	
woodcut	Logs	0	2387	4860	0	1276	Tree	
woodcut	Logs	0	2388	4854	0	1276	Tree	
woodcut	Logs	0	2388	4856	0	1276	Tree	
woodcut	Logs	0	2389	4848	0	1276	Tree	
woodcut	Logs	0	2389	4859	0	1276	Tree	
woodcut	Logs	0	2390	4850	0	1276	Tree	
woodcut	Logs	0	2390	4853	0	1276	Tree	
woodcut	Logs	0	2390	4855	0	1276	Tree	
woodcut	Logs	0	2390	4857	0	1276	Tree	
woodcut	Logs	0	2392	4817	0	1276	Tree	
woodcut	Logs	0	2393	4854	0	1276	Tree	
woodcut	Logs	0	2398	4817	0	1276	Tree	
woodcut	Logs	0	2403	4816	0	1276	Tree	
woodcut	Logs	0	2404	4858	0	1276	Tree	
woodcut	Logs	0	2405	4818	0	1276	Tree	
woodcut	Logs	0	2406	4859	0	1276	Tree	
woodcut	Logs	0	2407	4862	0	1276	Tree	
woodcut	Logs	0	2408	4851	0	1276	Tree	
woodcut	Logs	0	2410	4849	0	1276	Tree	
woodcut	Logs	0	2410	4852	0	1276	Tree	
woodcut	Logs	0	2410	4858	0	1276	Tree	
woodcut	Logs	0	2411	4818	0	1276	Tree	
woodcut	Logs	0	2411	4833	0	1276	Tree	
woodcut	Logs	0	2411	4856	0	1276	Tree	
woodcut	Logs	0	2412	4838	0	1276	Tree	
woodcut	Logs	0	2412	4842	0	1276	Tree	
woodcut	Logs	0	2412	4844	0	1276	Tree	
woodcut	Logs	0	2412	4852	0	1276	Tree	
woodcut	Logs	0	2413	4817	0	1276	Tree	
woodcut	Logs	0	2413	4850	0	1276	Tree	
woodcut	Logs	0	2413	4854	0	1276	Tree	
woodcut	Logs	0	2414	4835	0	1276	Tree	
woodcut	Logs	0	2415	4838	0	1276	Tree	
woodcut	Logs	0	2415	4848	0	1276	Tree	
woodcut	Logs	0	2415	4851	0	1276	Tree	
woodcut	Logs	0	2415	4853	0	1276	Tree	
woodcut	Logs	0	2416	4818	0	1276	Tree	
woodcut	Logs	0	2417	4821	0	1276	Tree	
woodcut	Logs	0	2417	4825	0	1276	Tree	
woodcut	Logs	0	2417	4843	0	1276	Tree	
woodcut	Logs	0	2417	4845	0	1276	Tree	
woodcut	Logs	0	2417	4848	0	1276	Tree	
woodcut	Logs	0	2417	4850	0	1276	Tree	
woodcut	Logs	0	2418	4819	0	1276	Tree	
woodcut	Logs	0	2418	4841	0	1276	Tree	
woodcut	Logs	0	2418	4853	0	1276	Tree	
woodcut	Logs	0	2418	4859	0	1276	Tree	
woodcut	Logs	0	2419	4821	0	1276	Tree	
woodcut	Logs	0	2419	4828	0	1276	Tree	
woodcut	Logs	0	2419	4843	0	1276	Tree	
woodcut	Logs	0	2419	4847	0	1276	Tree	
woodcut	Logs	0	2419	4849	0	1276	Tree	
woodcut	Logs	0	2420	4834	0	1276	Tree	
woodcut	Logs	0	2420	4839	0	1276	Tree	
woodcut	Logs	0	2421	4857	0	1276	Tree	
woodcut	Logs	0	2422	4845	0	1276	Tree	
woodcut	Logs	0	2423	4832	0	1276	Tree	
woodcut	Logs	0	2423	4835	0	1276	Tree	
woodcut	Logs	0	2423	4840	0	1276	Tree	
woodcut	Logs	0	2423	4850	0	1276	Tree	
woodcut	Logs	0	2423	4852	0	1276	Tree	
woodcut	Logs	0	2389	4862	0	1278	Tree	
woodcut	Logs	0	2391	4861	0	1278	Tree	
woodcut	Logs	0	2399	4862	0	1278	Tree	
woodcut	Logs	0	2405	4824	0	1278	Tree	
woodcut	Logs	0	2405	4862	0	1278	Tree	
woodcut	Logs	0	2406	4828	0	1278	Tree	
woodcut	Logs	0	2407	4825	0	1278	Tree	
woodcut	Logs	0	2408	4820	0	1278	Tree	
woodcut	Logs	0	2408	4823	0	1278	Tree	
woodcut	Logs	0	2409	4825	0	1278	Tree	
woodcut	Logs	0	2409	4861	0	1278	Tree	
woodcut	Logs	0	2410	4823	0	1278	Tree	
woodcut	Logs	0	2410	4830	0	1278	Tree	
woodcut	Logs	0	2411	4826	0	1278	Tree	
woodcut	Logs	0	2412	4823	0	1278	Tree	
woodcut	Logs	0	2412	4828	0	1278	Tree	
woodcut	Logs	0	2412	4862	0	1278	Tree	
woodcut	Logs	0	2414	4826	0	1278	Tree	
woodcut	Oak logs	15	2374	4831	0	1281	Oak	
woodcut	Oak logs	15	2374	4838	0	1281	Oak	
woodcut	Oak logs	15	2375	4841	0	1281	Oak	
woodcut	Oak logs	15	2375	4849	0	1281	Oak	
woodcut	Oak logs	15	2376	4857	0	1281	Oak	
woodcut	Oak logs	15	2377	4820	0	1281	Oak	
woodcut	Oak logs	15	2377	4838	0	1281	Oak	
woodcut	Oak logs	15	2378	4846	0	1281	Oak	
woodcut	Oak logs	15	2378	4854	0	1281	Oak	
woodcut	Oak logs	15	2381	4846	0	1281	Oak	
woodcut	Oak logs	15	2382	4816	0	1281	Oak	
woodcut	Oak logs	15	2382	4837	0	1281	Oak	
woodcut	Oak logs	15	2383	4850	0	1281	Oak	
woodcut	Oak logs	15	2386	4848	0	1281	Oak	
woodcut	Oak logs	15	2388	4829	0	1281	Oak	
woodcut	Oak logs	15	2389	4815	0	1281	Oak	
woodcut	Oak logs	15	2392	4814	0	1281	Oak	
woodcut	Oak logs	15	2392	4851	0	1281	Oak	
woodcut	Oak logs	15	2392	4857	0	1281	Oak	
woodcut	Oak logs	15	2393	4860	0	1281	Oak	
woodcut	Oak logs	15	2395	4816	0	1281	Oak	
woodcut	Oak logs	15	2395	4855	0	1281	Oak	
woodcut	Oak logs	15	2396	4861	0	1281	Oak	
woodcut	Oak logs	15	2398	4814	0	1281	Oak	
woodcut	Oak logs	15	2402	4813	0	1281	Oak	
woodcut	Oak logs	15	2402	4860	0	1281	Oak	
woodcut	Oak logs	15	2405	4815	0	1281	Oak	
woodcut	Oak logs	15	2408	4813	0	1281	Oak	
woodcut	Oak logs	15	2408	4816	0	1281	Oak	
woodcut	Oak logs	15	2408	4827	0	1281	Oak	
woodcut	Oak logs	15	2412	4814	0	1281	Oak	
woodcut	Oak logs	15	2412	4847	0	1281	Oak	
woodcut	Oak logs	15	2413	4859	0	1281	Oak	
woodcut	Oak logs	15	2414	4840	0	1281	Oak	
woodcut	Oak logs	15	2414	4844	0	1281	Oak	
woodcut	Oak logs	15	2415	4815	0	1281	Oak	
woodcut	Oak logs	15	2418	4856	0	1281	Oak	
woodcut	Oak logs	15	2419	4824	0	1281	Oak	
woodcut	Oak logs	15	2420	4831	0	1281	Oak	
woodcut	Oak logs	15	2420	4851	0	1281	Oak	
woodcut	Oak logs	15	2421	4827	0	1281	Oak	
woodcut	Oak logs	15	2421	4847	0	1281	Oak	
woodcut	Oak logs	15	2421	4854	0	1281	Oak	
woodcut	Oak logs	15	2422	4837	0	1281	Oak	
mining	Iron ore	15	2435	9904	0	2092	Rocks	
mining	Iron ore	15	2435	9906	0	2092	Rocks	
mining	Iron ore	15	2436	9902	0	2092	Rocks	
mining	Iron ore	15	2436	9903	0	2092	Rocks	
mining	Iron ore	15	2437	9900	0	2092	Rocks	
mining	Iron ore	15	2439	9898	0	2092	Rocks	
mining	Iron ore	15	2440	9903	0	2092	Rocks	
mining	Iron ore	15	2488	9908	0	2093	Rocks	
mining	Coal	30	2482	9916	0	2096	Rocks	
mining	Coal	30	2484	9916	0	2096	Rocks	
mining	Coal	30	2485	9914	0	2096	Rocks	
mining	Coal	30	2486	9917	0	2096	Rocks	
mining	Coal	30	2487	9913	0	2096	Rocks	
mining	Coal	30	2488	9916	0	2096	Rocks	
mining	Coal	30	2489	9914	0	2096	Rocks	
mining	Coal	30	2490	9911	0	2096	Rocks	
mining	Coal	30	2492	9914	0	2096	Rocks	
mining	Coal	30	2472	9905	0	2097	Rocks	
mining	Coal	30	2486	9910	0	2097	Rocks	
mining	Gold ore	40	2487	9910	0	2098	Rocks	
mining	Gold ore	40	2488	9909	0	2098	Rocks	
mining	Gold ore	40	2490	9909	0	2098	Rocks	
mining	Gold ore	40	2491	9907	0	2098	Rocks	
mining	Silver ore	20	2445	9915	0	2100	Rocks	
mining	Silver ore	20	2447	9914	0	2100	Rocks	
mining	Silver ore	20	2448	9913	0	2100	Rocks	
mining	Silver ore	20	2450	9914	0	2100	Rocks	
mining	Mithril ore	55	2435	9908	0	2102	Rocks	
mining	Mithril ore	55	2436	9909	0	2102	Rocks	
mining	Mithril ore	55	2493	9916	0	2102	Rocks	
mining	Mithril ore	55	2492	9916	0	2103	Rocks	
mining	Adamantite ore	70	2493	9908	0	2105	Rocks	
mining	Adamantite ore	70	2493	9910	0	2105	Rocks	
mining	Adamantite ore	70	2494	9916	0	2105	Rocks	
mining	Clay	1	2449	9907	0	2108	Rocks	
mining	Clay	1	2451	9906	0	2108	Rocks	
mining	Clay	1	2451	9908	0	2108	Rocks	
mining	Clay	1	2453	9905	0	2108	Rocks	
mining	Clay	1	2490	9917	0	2108	Rocks	
mining	Clay	1	2447	9902	0	2109	Rocks	
mining	Clay	1	2487	9915	0	2109	Rocks	
mining	Clay	1	2490	9916	0	2109	Rocks	
mining	Clay	1	2491	9912	0	2109	Rocks	
woodcut	Logs	0	2487	2983	0	1276	Tree	
woodcut	Logs	0	2490	2976	0	1276	Tree	
woodcut	Logs	0	2492	2986	0	1276	Tree	
woodcut	Logs	0	2493	2973	0	1276	Tree	
woodcut	Logs	0	2493	2979	0	1276	Tree	
woodcut	Logs	0	2493	2983	0	1276	Tree	
woodcut	Logs	0	2494	2970	0	1276	Tree	
woodcut	Logs	0	2494	2977	0	1276	Tree	
woodcut	Logs	0	2494	2987	0	1276	Tree	
woodcut	Logs	0	2495	2972	0	1276	Tree	
woodcut	Logs	0	2495	2975	0	1276	Tree	
woodcut	Logs	0	2495	2981	0	1276	Tree	
woodcut	Logs	0	2486	2975	0	1286	Dead tree	
woodcut	Logs	0	2486	2986	0	1286	Dead tree	
woodcut	Logs	0	2487	2972	0	1286	Dead tree	
woodcut	Logs	0	2487	2977	0	1286	Dead tree	
woodcut	Logs	0	2487	2988	0	1286	Dead tree	
woodcut	Logs	0	2488	2980	0	1286	Dead tree	
woodcut	Logs	0	2490	2970	0	1286	Dead tree	
woodcut	Logs	0	2490	2990	0	1286	Dead tree	
woodcut	Logs	0	2492	2975	0	1286	Dead tree	
woodcut	Logs	0	2493	2968	0	1286	Dead tree	
woodcut	Logs	0	2493	2976	0	1286	Dead tree	
woodcut	Logs	0	2493	2978	0	1286	Dead tree	
woodcut	Logs	0	2493	2992	0	1286	Dead tree	
woodcut	Logs	0	2494	2975	0	1286	Dead tree	
woodcut	Logs	0	2494	2981	0	1286	Dead tree	
woodcut	Logs	0	2494	2991	0	1286	Dead tree	
woodcut	Logs	0	2494	2992	0	1286	Dead tree	
woodcut	Logs	0	2494	2995	0	1286	Dead tree	
woodcut	Logs	0	2495	2969	0	1286	Dead tree	
woodcut	Logs	0	2495	2979	0	1286	Dead tree	
woodcut	Logs	0	2495	2985	0	1286	Dead tree	
woodcut	Logs	0	2495	2989	0	1286	Dead tree	
woodcut	Logs	0	2495	2991	0	1286	Dead tree	
woodcut	Logs	0	2435	3040	0	1276	Tree	
woodcut	Logs	0	2435	3052	0	1276	Tree	
woodcut	Logs	0	2435	3066	0	1276	Tree	
woodcut	Logs	0	2441	3069	0	1276	Tree	
woodcut	Logs	0	2442	3047	0	1276	Tree	
woodcut	Logs	0	2446	3056	0	1276	Tree	
woodcut	Logs	0	2453	3063	0	1276	Tree	
woodcut	Logs	0	2458	3056	0	1276	Tree	
woodcut	Logs	0	2459	3043	0	1276	Tree	
woodcut	Logs	0	2465	3068	0	1276	Tree	
woodcut	Logs	0	2470	3041	0	1276	Tree	
woodcut	Logs	0	2478	3055	0	1276	Tree	
woodcut	Logs	0	2483	3039	0	1276	Tree	
woodcut	Logs	0	2490	3056	0	1276	Tree	
woodcut	Logs	0	2434	3048	0	1278	Tree	
woodcut	Logs	0	2434	3060	0	1278	Tree	
woodcut	Logs	0	2443	3042	0	1278	Tree	
woodcut	Logs	0	2443	3062	0	1278	Tree	
woodcut	Logs	0	2452	3070	0	1278	Tree	
woodcut	Logs	0	2455	3050	0	1278	Tree	
woodcut	Logs	0	2462	3063	0	1278	Tree	
woodcut	Logs	0	2477	3048	0	1278	Tree	
woodcut	Logs	0	2480	3026	0	1278	Tree	
woodcut	Oak logs	15	2432	3043	0	1281	Oak	
woodcut	Oak logs	15	2438	3047	0	1281	Oak	
woodcut	Oak logs	15	2439	3037	0	1281	Oak	
woodcut	Oak logs	15	2439	3060	0	1281	Oak	
woodcut	Oak logs	15	2446	3050	0	1281	Oak	
woodcut	Oak logs	15	2448	3066	0	1281	Oak	
woodcut	Oak logs	15	2450	3046	0	1281	Oak	
woodcut	Oak logs	15	2453	3059	0	1281	Oak	
woodcut	Oak logs	15	2460	3069	0	1281	Oak	
woodcut	Oak logs	15	2467	3059	0	1281	Oak	
woodcut	Logs	0	2456	3118	0	1276	Tree	
woodcut	Logs	0	2457	3131	0	1276	Tree	
woodcut	Logs	0	2458	3115	0	1276	Tree	
woodcut	Logs	0	2459	3128	0	1276	Tree	
woodcut	Logs	0	2462	3125	0	1276	Tree	
woodcut	Logs	0	2462	3130	0	1276	Tree	
woodcut	Logs	0	2463	3082	0	1276	Tree	
woodcut	Logs	0	2464	3108	0	1276	Tree	
woodcut	Logs	0	2464	3126	0	1276	Tree	
woodcut	Logs	0	2464	3128	0	1276	Tree	
woodcut	Logs	0	2466	3129	0	1276	Tree	
woodcut	Logs	0	2467	3090	0	1276	Tree	
woodcut	Logs	0	2468	3105	0	1276	Tree	
woodcut	Logs	0	2468	3126	0	1276	Tree	
woodcut	Logs	0	2470	3097	0	1276	Tree	
woodcut	Logs	0	2470	3125	0	1276	Tree	
woodcut	Logs	0	2471	3119	0	1276	Tree	
woodcut	Logs	0	2472	3128	0	1276	Tree	
woodcut	Logs	0	2475	3124	0	1276	Tree	
woodcut	Logs	0	2476	3117	0	1276	Tree	
woodcut	Logs	0	2477	3126	0	1276	Tree	
woodcut	Logs	0	2478	3080	0	1276	Tree	
woodcut	Logs	0	2478	3115	0	1276	Tree	
woodcut	Logs	0	2478	3120	0	1276	Tree	
woodcut	Logs	0	2479	3074	0	1276	Tree	
woodcut	Logs	0	2480	3109	0	1276	Tree	
woodcut	Logs	0	2480	3114	0	1276	Tree	
woodcut	Logs	0	2480	3129	0	1276	Tree	
woodcut	Logs	0	2481	3082	0	1276	Tree	
woodcut	Logs	0	2481	3118	0	1276	Tree	
woodcut	Logs	0	2482	3086	0	1276	Tree	
woodcut	Logs	0	2482	3105	0	1276	Tree	
woodcut	Logs	0	2482	3113	0	1276	Tree	
woodcut	Logs	0	2482	3131	0	1276	Tree	
woodcut	Logs	0	2483	3091	0	1276	Tree	
woodcut	Logs	0	2483	3125	0	1276	Tree	
woodcut	Logs	0	2484	3094	0	1276	Tree	
woodcut	Logs	0	2484	3097	0	1276	Tree	
woodcut	Logs	0	2484	3101	0	1276	Tree	
woodcut	Logs	0	2484	3107	0	1276	Tree	
woodcut	Logs	0	2485	3088	0	1276	Tree	
woodcut	Logs	0	2485	3110	0	1276	Tree	
woodcut	Logs	0	2485	3128	0	1276	Tree	
woodcut	Logs	0	2486	3092	0	1276	Tree	
woodcut	Logs	0	2486	3102	0	1276	Tree	
woodcut	Logs	0	2486	3121	0	1276	Tree	
woodcut	Logs	0	2487	3099	0	1276	Tree	
woodcut	Logs	0	2487	3123	0	1276	Tree	
woodcut	Logs	0	2488	3105	0	1276	Tree	
woodcut	Logs	0	2489	3111	0	1276	Tree	
woodcut	Logs	0	2489	3118	0	1276	Tree	
woodcut	Logs	0	2490	3097	0	1276	Tree	
woodcut	Logs	0	2491	3121	0	1276	Tree	
woodcut	Logs	0	2449	3117	0	1278	Tree	
woodcut	Logs	0	2457	3108	0	1278	Tree	
woodcut	Logs	0	2458	3111	0	1278	Tree	
woodcut	Logs	0	2459	3105	0	1278	Tree	
woodcut	Logs	0	2460	3084	0	1278	Tree	
woodcut	Logs	0	2462	3102	0	1278	Tree	
woodcut	Logs	0	2464	3093	0	1278	Tree	
woodcut	Logs	0	2466	3098	0	1278	Tree	
woodcut	Logs	0	2470	3091	0	1278	Tree	
woodcut	Oak logs	15	2452	3119	0	1281	Oak	
woodcut	Oak logs	15	2453	3113	0	1281	Oak	
woodcut	Oak logs	15	2455	3133	0	1281	Oak	
woodcut	Oak logs	15	2461	3105	0	1281	Oak	
woodcut	Oak logs	15	2461	3127	0	1281	Oak	
woodcut	Oak logs	15	2462	3088	0	1281	Oak	
woodcut	Oak logs	15	2462	3097	0	1281	Oak	
woodcut	Oak logs	15	2462	3111	0	1281	Oak	
woodcut	Oak logs	15	2465	3102	0	1281	Oak	
woodcut	Oak logs	15	2466	3085	0	1281	Oak	
woodcut	Oak logs	15	2467	3094	0	1281	Oak	
woodcut	Oak logs	15	2469	3128	0	1281	Oak	
woodcut	Oak logs	15	2470	3101	0	1281	Oak	
woodcut	Oak logs	15	2478	3117	0	1281	Oak	
woodcut	Oak logs	15	2479	3111	0	1281	Oak	
woodcut	Oak logs	15	2479	3126	0	1281	Oak	
woodcut	Oak logs	15	2482	3127	0	1281	Oak	
woodcut	Oak logs	15	2484	3104	0	1281	Oak	
woodcut	Oak logs	15	2486	3096	0	1281	Oak	
woodcut	Oak logs	15	2486	3107	0	1281	Oak	
woodcut	Oak logs	15	2488	3120	0	1281	Oak	
woodcut	Willow logs	30	2443	3117	0	1308	Willow	
woodcut	Willow logs	30	2448	3120	0	1308	Willow	
woodcut	Willow logs	30	2451	3132	0	1308	Willow	
woodcut	Willow logs	30	2453	3133	0	1308	Willow	
woodcut	Willow logs	30	2454	3131	0	1308	Willow	
woodcut	Logs	0	2433	3136	0	1276	Tree	
woodcut	Logs	0	2433	3146	0	1276	Tree	
woodcut	Logs	0	2434	3141	0	1276	Tree	
woodcut	Logs	0	2435	3146	0	1276	Tree	
woodcut	Logs	0	2435	3190	0	1276	Tree	
woodcut	Logs	0	2436	3141	0	1276	Tree	
woodcut	Logs	0	2437	3138	0	1276	Tree	
woodcut	Logs	0	2437	3148	0	1276	Tree	
woodcut	Logs	0	2443	3138	0	1276	Tree	
woodcut	Logs	0	2443	3174	0	1276	Tree	
woodcut	Logs	0	2444	3149	0	1276	Tree	
woodcut	Logs	0	2445	3174	0	1276	Tree	
woodcut	Logs	0	2447	3148	0	1276	Tree	
woodcut	Logs	0	2448	3183	0	1276	Tree	
woodcut	Logs	0	2449	3178	0	1276	Tree	
woodcut	Logs	0	2452	3159	0	1276	Tree	
woodcut	Logs	0	2457	3163	0	1276	Tree	
woodcut	Logs	0	2457	3185	0	1276	Tree	
woodcut	Logs	0	2457	3198	0	1276	Tree	
woodcut	Logs	0	2459	3196	0	1276	Tree	
woodcut	Logs	0	2460	3161	0	1276	Tree	
woodcut	Logs	0	2460	3169	0	1276	Tree	
woodcut	Logs	0	2460	3189	0	1276	Tree	
woodcut	Logs	0	2463	3189	0	1276	Tree	
woodcut	Logs	0	2465	3196	0	1276	Tree	
woodcut	Logs	0	2466	3172	0	1276	Tree	
woodcut	Logs	0	2466	3194	0	1276	Tree	
woodcut	Logs	0	2468	3169	0	1276	Tree	
woodcut	Logs	0	2469	3193	0	1276	Tree	
woodcut	Logs	0	2471	3173	0	1276	Tree	
woodcut	Logs	0	2472	3197	0	1276	Tree	
woodcut	Logs	0	2474	3195	0	1276	Tree	
woodcut	Logs	0	2480	3140	0	1276	Tree	
woodcut	Logs	0	2480	3144	0	1276	Tree	
woodcut	Logs	0	2482	3139	0	1276	Tree	
woodcut	Logs	0	2482	3144	0	1276	Tree	
woodcut	Logs	0	2483	3146	0	1276	Tree	
woodcut	Logs	0	2484	3144	0	1276	Tree	
woodcut	Logs	0	2486	3152	0	1276	Tree	
woodcut	Logs	0	2488	3143	0	1276	Tree	
woodcut	Logs	0	2489	3138	0	1276	Tree	
woodcut	Logs	0	2489	3157	0	1276	Tree	
woodcut	Logs	0	2489	3166	0	1276	Tree	
woodcut	Logs	0	2490	3140	0	1276	Tree	
woodcut	Logs	0	2490	3147	0	1276	Tree	
woodcut	Logs	0	2490	3151	0	1276	Tree	
woodcut	Logs	0	2490	3171	0	1276	Tree	
woodcut	Logs	0	2490	3174	0	1276	Tree	
woodcut	Logs	0	2491	3161	0	1276	Tree	
woodcut	Logs	0	2492	3144	0	1276	Tree	
woodcut	Logs	0	2492	3148	0	1276	Tree	
woodcut	Logs	0	2492	3153	0	1276	Tree	
woodcut	Logs	0	2492	3156	0	1276	Tree	
woodcut	Logs	0	2492	3165	0	1276	Tree	
woodcut	Logs	0	2492	3177	0	1276	Tree	
woodcut	Logs	0	2493	3168	0	1276	Tree	
woodcut	Logs	0	2493	3180	0	1276	Tree	
woodcut	Logs	0	2494	3140	0	1276	Tree	
woodcut	Logs	0	2494	3153	0	1276	Tree	
woodcut	Logs	0	2494	3159	0	1276	Tree	
woodcut	Logs	0	2494	3177	0	1276	Tree	
woodcut	Logs	0	2435	3198	0	1278	Tree	
woodcut	Logs	0	2441	3143	0	1278	Tree	
woodcut	Logs	0	2445	3145	0	1278	Tree	
woodcut	Logs	0	2447	3171	0	1278	Tree	
woodcut	Logs	0	2449	3152	0	1278	Tree	
woodcut	Logs	0	2450	3171	0	1278	Tree	
woodcut	Logs	0	2451	3157	0	1278	Tree	
woodcut	Logs	0	2451	3161	0	1278	Tree	
woodcut	Logs	0	2451	3165	0	1278	Tree	
woodcut	Logs	0	2451	3175	0	1278	Tree	
woodcut	Logs	0	2453	3157	0	1278	Tree	
woodcut	Logs	0	2458	3157	0	1278	Tree	
woodcut	Oak logs	15	2434	3138	0	1281	Oak	
woodcut	Oak logs	15	2434	3148	0	1281	Oak	
woodcut	Oak logs	15	2440	3176	0	1281	Oak	
woodcut	Oak logs	15	2446	3150	0	1281	Oak	
woodcut	Oak logs	15	2447	3180	0	1281	Oak	
woodcut	Oak logs	15	2448	3185	0	1281	Oak	
woodcut	Oak logs	15	2450	3168	0	1281	Oak	
woodcut	Oak logs	15	2457	3160	0	1281	Oak	
woodcut	Oak logs	15	2457	3187	0	1281	Oak	
woodcut	Oak logs	15	2467	3196	0	1281	Oak	
woodcut	Oak logs	15	2468	3171	0	1281	Oak	
woodcut	Oak logs	15	2471	3194	0	1281	Oak	
woodcut	Oak logs	15	2482	3141	0	1281	Oak	
woodcut	Oak logs	15	2487	3140	0	1281	Oak	
woodcut	Oak logs	15	2492	3150	0	1281	Oak	
woodcut	Oak logs	15	2492	3170	0	1281	Oak	
woodcut	Oak logs	15	2493	3174	0	1281	Oak	
woodcut	Logs	0	2456	3137	0	1285	Dead tree	
woodcut	Logs	0	2457	3136	0	1285	Dead tree	
woodcut	Logs	0	2457	3138	0	1285	Dead tree	
woodcut	Logs	0	2462	3136	0	1285	Dead tree	
woodcut	Logs	0	2472	3139	0	1285	Dead tree	
woodcut	Logs	0	2473	3140	0	1285	Dead tree	
woodcut	Logs	0	2474	3138	0	1285	Dead tree	
woodcut	Logs	0	2475	3139	0	1285	Dead tree	
woodcut	Logs	0	2478	3137	0	1285	Dead tree	
woodcut	Logs	0	2481	3167	0	1285	Dead tree	
woodcut	Logs	0	2482	3168	0	1285	Dead tree	
woodcut	Logs	0	2483	3167	0	1285	Dead tree	
woodcut	Logs	0	2484	3172	0	1285	Dead tree	
woodcut	Logs	0	2485	3173	0	1285	Dead tree	
woodcut	Logs	0	2485	3181	0	1285	Dead tree	
woodcut	Logs	0	2486	3176	0	1285	Dead tree	
woodcut	Willow logs	30	2459	3137	0	1308	Willow	
woodcut	Willow logs	30	2465	3139	0	1308	Willow	
woodcut	Willow logs	30	2467	3137	0	1308	Willow	
woodcut	Willow logs	30	2475	3189	0	1308	Willow	
woodcut	Willow logs	30	2476	3185	0	1308	Willow	
woodcut	Willow logs	30	2476	3187	0	1308	Willow	
woodcut	Willow logs	30	2477	3150	0	1308	Willow	
woodcut	Willow logs	30	2479	3150	0	1308	Willow	
woodcut	Willow logs	30	2479	3152	0	1308	Willow	
woodcut	Willow logs	30	2479	3159	0	1308	Willow	
woodcut	Willow logs	30	2481	3173	0	1308	Willow	
woodcut	Willow logs	30	2481	3177	0	1308	Willow	
woodcut	Willow logs	30	2482	3162	0	1308	Willow	
woodcut	Willow logs	30	2482	3165	0	1308	Willow	
woodcut	Willow logs	30	2483	3174	0	1308	Willow	
woodcut	Willow logs	30	2483	3177	0	1308	Willow	
woodcut	Willow logs	30	2483	3179	0	1308	Willow	
woodcut	Willow logs	30	2484	3163	0	1308	Willow	
woodcut	Willow logs	30	2485	3179	0	1308	Willow	
woodcut	Willow logs	30	2485	3190	0	1308	Willow	
woodcut	Willow logs	30	2487	3184	0	1308	Willow	
woodcut	Logs	0	2440	3207	0	1276	Tree	
woodcut	Logs	0	2441	3205	0	1276	Tree	
woodcut	Logs	0	2441	3210	0	1276	Tree	
woodcut	Logs	0	2445	3207	0	1276	Tree	
woodcut	Logs	0	2446	3203	0	1276	Tree	
woodcut	Logs	0	2449	3201	0	1276	Tree	
woodcut	Logs	0	2449	3206	0	1276	Tree	
woodcut	Logs	0	2451	3202	0	1276	Tree	
woodcut	Logs	0	2451	3204	0	1276	Tree	
woodcut	Logs	0	2453	3203	0	1276	Tree	
woodcut	Logs	0	2454	3206	0	1276	Tree	
woodcut	Logs	0	2458	3202	0	1276	Tree	
woodcut	Logs	0	2459	3206	0	1276	Tree	
woodcut	Logs	0	2461	3209	0	1276	Tree	
woodcut	Logs	0	2462	3202	0	1276	Tree	
woodcut	Logs	0	2462	3207	0	1276	Tree	
woodcut	Logs	0	2463	3209	0	1276	Tree	
woodcut	Logs	0	2466	3203	0	1276	Tree	
woodcut	Logs	0	2467	3205	0	1276	Tree	
woodcut	Logs	0	2468	3200	0	1276	Tree	
woodcut	Logs	0	2469	3205	0	1276	Tree	
woodcut	Logs	0	2470	3200	0	1276	Tree	
woodcut	Logs	0	2472	3206	0	1276	Tree	
woodcut	Logs	0	2475	3203	0	1276	Tree	
woodcut	Logs	0	2476	3206	0	1276	Tree	
woodcut	Logs	0	2477	3208	0	1276	Tree	
woodcut	Logs	0	2478	3210	0	1276	Tree	
woodcut	Logs	0	2479	3203	0	1276	Tree	
woodcut	Logs	0	2479	3208	0	1276	Tree	
woodcut	Logs	0	2482	3206	0	1276	Tree	
woodcut	Logs	0	2492	3200	0	1276	Tree	
woodcut	Logs	0	2494	3203	0	1276	Tree	
woodcut	Logs	0	2486	3237	0	1278	Tree	
woodcut	Logs	0	2487	3217	0	1278	Tree	
woodcut	Logs	0	2487	3245	0	1278	Tree	
woodcut	Logs	0	2487	3249	0	1278	Tree	
woodcut	Logs	0	2488	3224	0	1278	Tree	
woodcut	Logs	0	2488	3234	0	1278	Tree	
woodcut	Logs	0	2488	3240	0	1278	Tree	
woodcut	Logs	0	2490	3230	0	1278	Tree	
woodcut	Logs	0	2490	3242	0	1278	Tree	
woodcut	Logs	0	2491	3221	0	1278	Tree	
woodcut	Logs	0	2491	3240	0	1278	Tree	
woodcut	Logs	0	2491	3245	0	1278	Tree	
woodcut	Logs	0	2492	3228	0	1278	Tree	
woodcut	Logs	0	2492	3233	0	1278	Tree	
woodcut	Logs	0	2492	3236	0	1278	Tree	
woodcut	Oak logs	15	2442	3207	0	1281	Oak	
woodcut	Oak logs	15	2448	3203	0	1281	Oak	
woodcut	Oak logs	15	2468	3202	0	1281	Oak	
woodcut	Oak logs	15	2478	3205	0	1281	Oak	
woodcut	Oak logs	15	2491	3223	0	1281	Oak	
woodcut	Oak logs	15	2493	3230	0	1281	Oak	
woodcut	Logs	0	2433	3252	0	1282	Dead tree	
woodcut	Logs	0	2434	3253	0	1282	Dead tree	
woodcut	Logs	0	2435	3249	0	1282	Dead tree	
woodcut	Logs	0	2435	3255	0	1282	Dead tree	
woodcut	Logs	0	2436	3253	0	1282	Dead tree	
woodcut	Logs	0	2438	3259	0	1282	Dead tree	
woodcut	Logs	0	2438	3260	0	1282	Dead tree	
woodcut	Logs	0	2439	3260	0	1282	Dead tree	
woodcut	Logs	0	2440	3258	0	1282	Dead tree	
woodcut	Logs	0	2445	3257	0	1282	Dead tree	
woodcut	Logs	0	2446	3258	0	1282	Dead tree	
woodcut	Logs	0	2446	3259	0	1282	Dead tree	
woodcut	Logs	0	2446	3260	0	1282	Dead tree	
woodcut	Logs	0	2448	3259	0	1282	Dead tree	
woodcut	Logs	0	2448	3260	0	1282	Dead tree	
woodcut	Logs	0	2449	3240	0	1282	Dead tree	
woodcut	Logs	0	2450	3242	0	1282	Dead tree	
woodcut	Logs	0	2452	3231	0	1282	Dead tree	
woodcut	Logs	0	2457	3252	0	1282	Dead tree	
woodcut	Logs	0	2460	3219	0	1282	Dead tree	
woodcut	Logs	0	2468	3223	0	1282	Dead tree	
woodcut	Logs	0	2471	3227	0	1282	Dead tree	
woodcut	Logs	0	2480	3249	0	1282	Dead tree	
woodcut	Logs	0	2480	3253	0	1282	Dead tree	
woodcut	Logs	0	2480	3255	0	1282	Dead tree	
woodcut	Logs	0	2481	3254	0	1282	Dead tree	
woodcut	Logs	0	2482	3259	0	1282	Dead tree	
woodcut	Logs	0	2483	3258	0	1282	Dead tree	
woodcut	Logs	0	2483	3260	0	1282	Dead tree	
woodcut	Logs	0	2452	3223	0	1285	Dead tree	
woodcut	Logs	0	2459	3237	0	1285	Dead tree	
woodcut	Logs	0	2435	3212	0	1286	Dead tree	
woodcut	Logs	0	2449	3227	0	1286	Dead tree	
woodcut	Logs	0	2461	3233	0	1286	Dead tree	
woodcut	Logs	0	2473	3250	0	1286	Dead tree	
woodcut	Logs	0	2475	3236	0	1286	Dead tree	
woodcut	Logs	0	2476	3228	0	1286	Dead tree	
woodcut	Logs	0	2477	3226	0	1286	Dead tree	
woodcut	Logs	0	2477	3228	0	1286	Dead tree	
woodcut	Logs	0	2477	3234	0	1286	Dead tree	
woodcut	Logs	0	2478	3227	0	1286	Dead tree	
woodcut	Logs	0	2479	3228	0	1286	Dead tree	
woodcut	Logs	0	2491	3252	0	1286	Dead tree	
woodcut	Logs	0	2492	3249	0	1286	Dead tree	
woodcut	Logs	0	2493	3255	0	1286	Dead tree	
woodcut	Logs	0	2494	3246	0	1286	Dead tree	
woodcut	Logs	0	2494	3249	0	1286	Dead tree	
woodcut	Logs	0	2494	3257	0	1286	Dead tree	
woodcut	Logs	0	2495	3253	0	1286	Dead tree	
woodcut	Logs	0	2479	3251	0	1289	Dead tree	
woodcut	Logs	0	2482	3252	0	1289	Dead tree	
woodcut	Logs	0	2483	3256	0	1289	Dead tree	
woodcut	Logs	0	2484	3262	0	1289	Dead tree	
woodcut	Logs	0	2486	3259	0	1289	Dead tree	
woodcut	Logs	0	2486	3261	0	1289	Dead tree	
woodcut	Willow logs	30	2482	3202	0	1308	Willow	
woodcut	Willow logs	30	2484	3201	0	1308	Willow	
woodcut	Willow logs	30	2485	3205	0	1308	Willow	
woodcut	Willow logs	30	2487	3210	0	1308	Willow	
woodcut	Willow logs	30	2488	3213	0	1308	Willow	
woodcut	Willow logs	30	2489	3209	0	1308	Willow	
woodcut	Willow logs	30	2491	3210	0	1308	Willow	
woodcut	Willow logs	30	2491	3212	0	1308	Willow	
woodcut	Willow logs	30	2495	3213	0	1308	Willow	
mining	Copper ore	1	2470	3255	0	2090	Rocks	
mining	Copper ore	1	2472	3256	0	2090	Rocks	
mining	Copper ore	1	2475	3256	0	2090	Rocks	
mining	Tin ore	1	2479	3233	0	2094	Rocks	
woodcut	Logs	0	2482	3275	0	1276	Tree	
woodcut	Logs	0	2484	3276	0	1276	Tree	
woodcut	Logs	0	2489	3273	0	1276	Tree	
woodcut	Logs	0	2492	3267	0	1276	Tree	
woodcut	Logs	0	2492	3275	0	1276	Tree	
woodcut	Logs	0	2494	3270	0	1276	Tree	
woodcut	Oak logs	15	2492	3272	0	1281	Oak	
woodcut	Logs	0	2433	3294	0	1282	Dead tree	
woodcut	Logs	0	2433	3320	0	1282	Dead tree	
woodcut	Logs	0	2435	3312	0	1282	Dead tree	
woodcut	Logs	0	2436	3308	0	1282	Dead tree	
woodcut	Logs	0	2436	3316	0	1282	Dead tree	
woodcut	Logs	0	2437	3310	0	1282	Dead tree	
woodcut	Logs	0	2437	3319	0	1282	Dead tree	
woodcut	Logs	0	2439	3312	0	1282	Dead tree	
woodcut	Logs	0	2440	3286	0	1282	Dead tree	
woodcut	Logs	0	2440	3310	0	1282	Dead tree	
woodcut	Logs	0	2440	3316	0	1282	Dead tree	
woodcut	Logs	0	2441	3312	0	1282	Dead tree	
woodcut	Logs	0	2442	3300	0	1282	Dead tree	
woodcut	Logs	0	2442	3307	0	1282	Dead tree	
woodcut	Logs	0	2443	3292	0	1282	Dead tree	
woodcut	Logs	0	2443	3311	0	1282	Dead tree	
woodcut	Logs	0	2443	3321	0	1282	Dead tree	
woodcut	Logs	0	2444	3308	0	1282	Dead tree	
woodcut	Logs	0	2444	3317	0	1282	Dead tree	
woodcut	Logs	0	2445	3320	0	1282	Dead tree	
woodcut	Logs	0	2446	3310	0	1282	Dead tree	
woodcut	Logs	0	2447	3291	0	1282	Dead tree	
woodcut	Logs	0	2448	3299	0	1282	Dead tree	
woodcut	Logs	0	2449	3278	0	1282	Dead tree	
woodcut	Logs	0	2449	3311	0	1282	Dead tree	
woodcut	Logs	0	2449	3320	0	1282	Dead tree	
woodcut	Logs	0	2450	3303	0	1282	Dead tree	
woodcut	Logs	0	2450	3308	0	1282	Dead tree	
woodcut	Logs	0	2451	3286	0	1282	Dead tree	
woodcut	Logs	0	2451	3318	0	1282	Dead tree	
woodcut	Logs	0	2451	3320	0	1282	Dead tree	
woodcut	Logs	0	2453	3272	0	1282	Dead tree	
woodcut	Logs	0	2453	3294	0	1282	Dead tree	
woodcut	Logs	0	2453	3310	0	1282	Dead tree	
woodcut	Logs	0	2454	3320	0	1282	Dead tree	
woodcut	Logs	0	2462	3268	0	1282	Dead tree	
woodcut	Logs	0	2464	3319	0	1282	Dead tree	
woodcut	Logs	0	2465	3324	0	1282	Dead tree	
woodcut	Logs	0	2470	3282	0	1282	Dead tree	
woodcut	Logs	0	2473	3270	0	1282	Dead tree	
woodcut	Logs	0	2478	3297	0	1282	Dead tree	
woodcut	Logs	0	2481	3269	0	1282	Dead tree	
woodcut	Logs	0	2484	3296	0	1282	Dead tree	
woodcut	Logs	0	2485	3304	0	1282	Dead tree	
woodcut	Logs	0	2491	3284	0	1282	Dead tree	
woodcut	Logs	0	2493	3301	0	1282	Dead tree	
woodcut	Logs	0	2493	3326	0	1282	Dead tree	
woodcut	Logs	0	2494	3309	0	1282	Dead tree	
woodcut	Logs	0	2433	3308	0	1286	Dead tree	
woodcut	Logs	0	2435	3298	0	1286	Dead tree	
woodcut	Logs	0	2435	3303	0	1286	Dead tree	
woodcut	Logs	0	2435	3311	0	1286	Dead tree	
woodcut	Logs	0	2436	3292	0	1286	Dead tree	
woodcut	Logs	0	2436	3318	0	1286	Dead tree	
woodcut	Logs	0	2436	3321	0	1286	Dead tree	
woodcut	Logs	0	2437	3312	0	1286	Dead tree	
woodcut	Logs	0	2438	3301	0	1286	Dead tree	
woodcut	Logs	0	2439	3317	0	1286	Dead tree	
woodcut	Logs	0	2440	3296	0	1286	Dead tree	
woodcut	Logs	0	2440	3308	0	1286	Dead tree	
woodcut	Logs	0	2440	3321	0	1286	Dead tree	
woodcut	Logs	0	2441	3319	0	1286	Dead tree	
woodcut	Logs	0	2442	3317	0	1286	Dead tree	
woodcut	Logs	0	2444	3299	0	1286	Dead tree	
woodcut	Logs	0	2444	3303	0	1286	Dead tree	
woodcut	Logs	0	2444	3310	0	1286	Dead tree	
woodcut	Logs	0	2445	3307	0	1286	Dead tree	
woodcut	Logs	0	2446	3287	0	1286	Dead tree	
woodcut	Logs	0	2446	3312	0	1286	Dead tree	
woodcut	Logs	0	2447	3296	0	1286	Dead tree	
woodcut	Logs	0	2447	3308	0	1286	Dead tree	
woodcut	Logs	0	2447	3321	0	1286	Dead tree	
woodcut	Logs	0	2447	3326	0	1286	Dead tree	
woodcut	Logs	0	2448	3311	0	1286	Dead tree	
woodcut	Logs	0	2448	3319	0	1286	Dead tree	
woodcut	Logs	0	2449	3310	0	1286	Dead tree	
woodcut	Logs	0	2450	3291	0	1286	Dead tree	
woodcut	Logs	0	2450	3318	0	1286	Dead tree	
woodcut	Logs	0	2451	3297	0	1286	Dead tree	
woodcut	Logs	0	2451	3312	0	1286	Dead tree	
woodcut	Logs	0	2453	3280	0	1286	Dead tree	
woodcut	Logs	0	2454	3284	0	1286	Dead tree	
woodcut	Logs	0	2454	3319	0	1286	Dead tree	
woodcut	Logs	0	2455	3292	0	1286	Dead tree	
woodcut	Logs	0	2456	3275	0	1286	Dead tree	
woodcut	Logs	0	2456	3313	0	1286	Dead tree	
woodcut	Logs	0	2460	3313	0	1286	Dead tree	
woodcut	Logs	0	2461	3272	0	1286	Dead tree	
woodcut	Logs	0	2461	3289	0	1286	Dead tree	
woodcut	Logs	0	2461	3321	0	1286	Dead tree	
woodcut	Logs	0	2468	3269	0	1286	Dead tree	
woodcut	Logs	0	2475	3306	0	1286	Dead tree	
woodcut	Logs	0	2476	3302	0	1286	Dead tree	
woodcut	Logs	0	2477	3271	0	1286	Dead tree	
woodcut	Logs	0	2479	3288	0	1286	Dead tree	
woodcut	Logs	0	2484	3268	0	1286	Dead tree	
woodcut	Logs	0	2484	3281	0	1286	Dead tree	
woodcut	Logs	0	2484	3290	0	1286	Dead tree	
woodcut	Logs	0	2485	3302	0	1286	Dead tree	
woodcut	Logs	0	2486	3294	0	1286	Dead tree	
woodcut	Logs	0	2488	3301	0	1286	Dead tree	
woodcut	Logs	0	2490	3282	0	1286	Dead tree	
woodcut	Logs	0	2490	3310	0	1286	Dead tree	
woodcut	Logs	0	2493	3290	0	1286	Dead tree	
woodcut	Logs	0	2494	3283	0	1286	Dead tree	
woodcut	Logs	0	2494	3298	0	1286	Dead tree	
woodcut	Logs	0	2494	3319	0	1286	Dead tree	
woodcut	Logs	0	2432	3367	0	1276	Tree	
woodcut	Logs	0	2434	3368	0	1276	Tree	
woodcut	Logs	0	2434	3376	0	1276	Tree	
woodcut	Logs	0	2436	3367	0	1276	Tree	
woodcut	Logs	0	2436	3372	0	1276	Tree	
woodcut	Logs	0	2437	3363	0	1276	Tree	
woodcut	Logs	0	2438	3353	0	1276	Tree	
woodcut	Logs	0	2439	3364	0	1276	Tree	
woodcut	Logs	0	2439	3369	0	1276	Tree	
woodcut	Logs	0	2441	3367	0	1276	Tree	
woodcut	Logs	0	2442	3373	0	1276	Tree	
woodcut	Logs	0	2448	3349	0	1276	Tree	
woodcut	Logs	0	2450	3375	0	1276	Tree	
woodcut	Logs	0	2451	3365	0	1276	Tree	
woodcut	Logs	0	2453	3380	0	1276	Tree	
woodcut	Logs	0	2454	3376	0	1276	Tree	
woodcut	Logs	0	2455	3364	0	1276	Tree	
woodcut	Logs	0	2457	3373	0	1276	Tree	
woodcut	Logs	0	2461	3357	0	1276	Tree	
woodcut	Logs	0	2467	3381	0	1276	Tree	
woodcut	Logs	0	2469	3379	0	1276	Tree	
woodcut	Logs	0	2469	3380	0	1276	Tree	
woodcut	Logs	0	2475	3368	0	1276	Tree	
woodcut	Logs	0	2475	3382	0	1276	Tree	
woodcut	Logs	0	2477	3381	0	1276	Tree	
woodcut	Logs	0	2477	3383	0	1276	Tree	
woodcut	Logs	0	2478	3361	0	1276	Tree	
woodcut	Logs	0	2478	3378	0	1276	Tree	
woodcut	Logs	0	2480	3374	0	1276	Tree	
woodcut	Logs	0	2480	3376	0	1276	Tree	
woodcut	Logs	0	2481	3380	0	1276	Tree	
woodcut	Logs	0	2481	3382	0	1276	Tree	
woodcut	Logs	0	2483	3381	0	1276	Tree	
woodcut	Logs	0	2484	3377	0	1276	Tree	
woodcut	Logs	0	2485	3381	0	1276	Tree	
woodcut	Logs	0	2486	3373	0	1276	Tree	
woodcut	Logs	0	2487	3365	0	1276	Tree	
woodcut	Logs	0	2487	3375	0	1276	Tree	
woodcut	Logs	0	2487	3378	0	1276	Tree	
woodcut	Logs	0	2487	3385	0	1276	Tree	
woodcut	Logs	0	2488	3372	0	1276	Tree	
woodcut	Logs	0	2490	3382	0	1276	Tree	
woodcut	Logs	0	2491	3378	0	1276	Tree	
woodcut	Logs	0	2492	3376	0	1276	Tree	
woodcut	Logs	0	2493	3379	0	1276	Tree	
woodcut	Logs	0	2493	3381	0	1276	Tree	
woodcut	Logs	0	2434	3366	0	1278	Tree	
woodcut	Logs	0	2436	3358	0	1278	Tree	
woodcut	Logs	0	2436	3365	0	1278	Tree	
woodcut	Logs	0	2439	3371	0	1278	Tree	
woodcut	Logs	0	2441	3369	0	1278	Tree	
woodcut	Logs	0	2446	3371	0	1278	Tree	
woodcut	Logs	0	2447	3357	0	1278	Tree	
woodcut	Logs	0	2449	3342	0	1278	Tree	
woodcut	Logs	0	2449	3363	0	1278	Tree	
woodcut	Logs	0	2453	3372	0	1278	Tree	
woodcut	Logs	0	2453	3374	0	1278	Tree	
woodcut	Logs	0	2455	3373	0	1278	Tree	
woodcut	Logs	0	2457	3342	0	1278	Tree	
woodcut	Logs	0	2457	3367	0	1278	Tree	
woodcut	Logs	0	2457	3370	0	1278	Tree	
woodcut	Logs	0	2457	3376	0	1278	Tree	
woodcut	Logs	0	2458	3349	0	1278	Tree	
woodcut	Logs	0	2460	3362	0	1278	Tree	
woodcut	Logs	0	2470	3363	0	1278	Tree	
woodcut	Logs	0	2471	3373	0	1278	Tree	
woodcut	Logs	0	2472	3368	0	1278	Tree	
woodcut	Logs	0	2472	3371	0	1278	Tree	
woodcut	Logs	0	2474	3343	0	1278	Tree	
woodcut	Logs	0	2476	3351	0	1278	Tree	
woodcut	Logs	0	2480	3366	0	1278	Tree	
woodcut	Logs	0	2481	3378	0	1278	Tree	
woodcut	Logs	0	2482	3376	0	1278	Tree	
woodcut	Logs	0	2482	3384	0	1278	Tree	
woodcut	Logs	0	2484	3375	0	1278	Tree	
woodcut	Logs	0	2484	3379	0	1278	Tree	
woodcut	Logs	0	2486	3344	0	1278	Tree	
woodcut	Logs	0	2486	3360	0	1278	Tree	
woodcut	Logs	0	2488	3380	0	1278	Tree	
woodcut	Logs	0	2489	3378	0	1278	Tree	
woodcut	Logs	0	2490	3373	0	1278	Tree	
woodcut	Oak logs	15	2433	3370	0	1281	Oak	
woodcut	Oak logs	15	2436	3369	0	1281	Oak	
woodcut	Oak logs	15	2438	3366	0	1281	Oak	
woodcut	Oak logs	15	2438	3379	0	1281	Oak	
woodcut	Oak logs	15	2438	3383	0	1281	Oak	
woodcut	Oak logs	15	2440	3346	0	1281	Oak	
woodcut	Oak logs	15	2442	3361	0	1281	Oak	
woodcut	Oak logs	15	2443	3340	0	1281	Oak	
woodcut	Oak logs	15	2447	3367	0	1281	Oak	
woodcut	Oak logs	15	2447	3379	0	1281	Oak	
woodcut	Oak logs	15	2450	3372	0	1281	Oak	
woodcut	Oak logs	15	2450	3384	0	1281	Oak	
woodcut	Oak logs	15	2451	3377	0	1281	Oak	
woodcut	Oak logs	15	2453	3356	0	1281	Oak	
woodcut	Oak logs	15	2454	3351	0	1281	Oak	
woodcut	Oak logs	15	2454	3369	0	1281	Oak	
woodcut	Oak logs	15	2455	3378	0	1281	Oak	
woodcut	Oak logs	15	2456	3335	0	1281	Oak	
woodcut	Oak logs	15	2459	3368	0	1281	Oak	
woodcut	Oak logs	15	2466	3344	0	1281	Oak	
woodcut	Oak logs	15	2466	3348	0	1281	Oak	
woodcut	Oak logs	15	2466	3378	0	1281	Oak	
woodcut	Oak logs	15	2469	3367	0	1281	Oak	
woodcut	Oak logs	15	2469	3375	0	1281	Oak	
woodcut	Oak logs	15	2471	3378	0	1281	Oak	
woodcut	Oak logs	15	2472	3347	0	1281	Oak	
woodcut	Oak logs	15	2472	3375	0	1281	Oak	
woodcut	Oak logs	15	2473	3384	0	1281	Oak	
woodcut	Oak logs	15	2475	3378	0	1281	Oak	
woodcut	Oak logs	15	2476	3372	0	1281	Oak	
woodcut	Oak logs	15	2476	3373	0	1281	Oak	
woodcut	Oak logs	15	2476	3385	0	1281	Oak	
woodcut	Oak logs	15	2479	3384	0	1281	Oak	
woodcut	Oak logs	15	2481	3347	0	1281	Oak	
woodcut	Oak logs	15	2481	3370	0	1281	Oak	
woodcut	Oak logs	15	2484	3383	0	1281	Oak	
woodcut	Oak logs	15	2487	3382	0	1281	Oak	
woodcut	Oak logs	15	2489	3375	0	1281	Oak	
woodcut	Oak logs	15	2490	3370	0	1281	Oak	
woodcut	Oak logs	15	2491	3364	0	1281	Oak	
woodcut	Oak logs	15	2491	3384	0	1281	Oak	
woodcut	Logs	0	2432	3333	0	1282	Dead tree	
woodcut	Logs	0	2437	3329	0	1282	Dead tree	
woodcut	Logs	0	2442	3333	0	1282	Dead tree	
woodcut	Logs	0	2448	3337	0	1282	Dead tree	
woodcut	Logs	0	2450	3328	0	1282	Dead tree	
woodcut	Logs	0	2433	3340	0	1286	Dead tree	
woodcut	Logs	0	2437	3335	0	1286	Dead tree	
woodcut	Logs	0	2446	3331	0	1286	Dead tree	
woodcut	Logs	0	2451	3334	0	1286	Dead tree	
woodcut	Logs	0	2433	3431	0	1276	Tree	
woodcut	Logs	0	2434	3437	0	1276	Tree	
woodcut	Logs	0	2435	3418	0	1276	Tree	
woodcut	Logs	0	2437	3431	0	1276	Tree	
woodcut	Logs	0	2439	3416	0	1276	Tree	
woodcut	Logs	0	2442	3419	0	1276	Tree	
woodcut	Logs	0	2443	3410	0	1276	Tree	
woodcut	Logs	0	2445	3449	0	1276	Tree	
woodcut	Logs	0	2446	3406	0	1276	Tree	
woodcut	Logs	0	2447	3439	0	1276	Tree	
woodcut	Logs	0	2448	3429	0	1276	Tree	
woodcut	Logs	0	2449	3397	0	1276	Tree	
woodcut	Logs	0	2453	3421	0	1276	Tree	
woodcut	Logs	0	2453	3437	0	1276	Tree	
woodcut	Logs	0	2454	3403	0	1276	Tree	
woodcut	Logs	0	2465	3432	0	1276	Tree	
woodcut	Logs	0	2468	3394	0	1276	Tree	
woodcut	Logs	0	2470	3400	0	1276	Tree	
woodcut	Logs	0	2475	3409	0	1276	Tree	
woodcut	Logs	0	2481	3394	0	1276	Tree	
woodcut	Logs	0	2484	3408	0	1276	Tree	
woodcut	Logs	0	2485	3452	0	1276	Tree	
woodcut	Logs	0	2487	3445	0	1276	Tree	
woodcut	Logs	0	2490	3396	0	1276	Tree	
woodcut	Logs	0	2490	3401	0	1276	Tree	
woodcut	Logs	0	2492	3441	0	1276	Tree	
woodcut	Logs	0	2432	3394	0	1278	Tree	
woodcut	Logs	0	2433	3443	0	1278	Tree	
woodcut	Logs	0	2436	3454	0	1278	Tree	
woodcut	Logs	0	2444	3398	0	1278	Tree	
woodcut	Logs	0	2444	3453	0	1278	Tree	
woodcut	Logs	0	2447	3394	0	1278	Tree	
woodcut	Logs	0	2450	3452	0	1278	Tree	
woodcut	Logs	0	2451	3407	0	1278	Tree	
woodcut	Logs	0	2451	3425	0	1278	Tree	
woodcut	Logs	0	2451	3434	0	1278	Tree	
woodcut	Logs	0	2452	3392	0	1278	Tree	
woodcut	Logs	0	2463	3414	0	1278	Tree	
woodcut	Logs	0	2465	3438	0	1278	Tree	
woodcut	Logs	0	2466	3398	0	1278	Tree	
woodcut	Logs	0	2467	3409	0	1278	Tree	
woodcut	Logs	0	2472	3453	0	1278	Tree	
woodcut	Logs	0	2473	3393	0	1278	Tree	
woodcut	Logs	0	2478	3442	0	1278	Tree	
woodcut	Logs	0	2479	3451	0	1278	Tree	
woodcut	Logs	0	2480	3411	0	1278	Tree	
woodcut	Logs	0	2483	3443	0	1278	Tree	
woodcut	Logs	0	2486	3394	0	1278	Tree	
woodcut	Logs	0	2492	3447	0	1278	Tree	
woodcut	Logs	0	2493	3414	0	1278	Tree	
woodcut	Logs	0	2493	3428	0	1278	Tree	
woodcut	Oak logs	15	2435	3414	0	1281	Oak	
woodcut	Oak logs	15	2436	3423	0	1281	Oak	
woodcut	Oak logs	15	2437	3407	0	1281	Oak	
woodcut	Oak logs	15	2439	3439	0	1281	Oak	
woodcut	Oak logs	15	2440	3394	0	1281	Oak	
woodcut	Oak logs	15	2447	3400	0	1281	Oak	
woodcut	Oak logs	15	2449	3411	0	1281	Oak	
woodcut	Oak logs	15	2451	3440	0	1281	Oak	
woodcut	Oak logs	15	2452	3416	0	1281	Oak	
woodcut	Oak logs	15	2454	3398	0	1281	Oak	
woodcut	Oak logs	15	2455	3429	0	1281	Oak	
woodcut	Oak logs	15	2455	3442	0	1281	Oak	
woodcut	Oak logs	15	2455	3450	0	1281	Oak	
woodcut	Oak logs	15	2456	3434	0	1281	Oak	
woodcut	Oak logs	15	2462	3408	0	1281	Oak	
woodcut	Oak logs	15	2465	3392	0	1281	Oak	
woodcut	Oak logs	15	2465	3403	0	1281	Oak	
woodcut	Oak logs	15	2465	3419	0	1281	Oak	
woodcut	Oak logs	15	2466	3436	0	1281	Oak	
woodcut	Oak logs	15	2467	3451	0	1281	Oak	
woodcut	Oak logs	15	2469	3443	0	1281	Oak	
woodcut	Oak logs	15	2472	3402	0	1281	Oak	
woodcut	Oak logs	15	2479	3401	0	1281	Oak	
woodcut	Oak logs	15	2491	3410	0	1281	Oak	
woodcut	Oak logs	15	2492	3423	0	1281	Oak	
woodcut	Oak logs	15	2493	3419	0	1281	Oak	
woodcut	Magic logs	75	2432	3410	0	1306	Magic tree	
woodcut	Magic logs	75	2490	3414	0	1306	Magic tree	
woodcut	Willow logs	30	2491	3405	0	1308	Willow	
woodcut	Yew logs	60	2432	3425	0	1309	Yew	
woodcut	Yew logs	60	2432	3440	0	1309	Yew	
woodcut	Yew logs	60	2438	3435	0	1309	Yew	
woodcut	Yew logs	60	2478	3392	0	1309	Yew	
woodcut	Yew logs	60	2488	3393	0	1309	Yew	
woodcut	Yew logs	60	2492	3400	0	1309	Yew	
woodcut	Yew logs	60	2493	3394	0	1309	Yew	
flax	flax		2442	3399	0	2646	Flax	
flax	flax		2442	3406	0	2646	Flax	
flax	flax		2442	3436	0	2646	Flax	
flax	flax		2445	3396	0	2646	Flax	
flax	flax		2446	3404	0	2646	Flax	
flax	flax		2448	3408	0	2646	Flax	
flax	flax		2448	3425	0	2646	Flax	
flax	flax		2449	3418	0	2646	Flax	
flax	flax		2450	3403	0	2646	Flax	
flax	flax		2450	3444	0	2646	Flax	
flax	flax		2452	3400	0	2646	Flax	
flax	flax		2454	3433	0	2646	Flax	
flax	flax		2466	3412	0	2646	Flax	
flax	flax		2468	3407	0	2646	Flax	
flax	flax		2469	3397	0	2646	Flax	
flax	flax		2469	3403	0	2646	Flax	
flax	flax		2469	3405	0	2646	Flax	
flax	flax		2470	3392	0	2646	Flax	
flax	flax		2471	3403	0	2646	Flax	
flax	flax		2473	3410	0	2646	Flax	
flax	flax		2475	3392	0	2646	Flax	
flax	flax		2475	3403	0	2646	Flax	
flax	flax		2476	3445	0	2646	Flax	
flax	flax		2480	3397	0	2646	Flax	
flax	flax		2481	3398	0	2646	Flax	
flax	flax		2483	3393	0	2646	Flax	
flax	flax		2483	3397	0	2646	Flax	
flax	flax		2483	3411	0	2646	Flax	
flax	flax		2485	3411	0	2646	Flax	
flax	flax		2486	3410	0	2646	Flax	
flax	flax		2489	3406	0	2646	Flax	
flax	flax		2490	3399	0	2646	Flax	
flax	flax		2493	3445	0	2646	Flax	
flax	flax		2495	3398	0	2646	Flax	
woodcut	Logs	0	2441	3491	0	1276	Tree	
woodcut	Logs	0	2443	3498	0	1276	Tree	
woodcut	Logs	0	2445	3506	0	1276	Tree	
woodcut	Logs	0	2453	3484	0	1276	Tree	
woodcut	Logs	0	2454	3506	0	1276	Tree	
woodcut	Logs	0	2461	3501	0	1276	Tree	
woodcut	Logs	0	2466	3502	0	1276	Tree	
woodcut	Logs	0	2469	3482	0	1276	Tree	
woodcut	Logs	0	2475	3484	0	1276	Tree	
woodcut	Logs	0	2478	3498	0	1276	Tree	
woodcut	Logs	0	2479	3481	0	1276	Tree	
woodcut	Logs	0	2479	3505	0	1276	Tree	
woodcut	Logs	0	2479	3514	0	1276	Tree	
woodcut	Logs	0	2483	3512	0	1276	Tree	
woodcut	Logs	0	2484	3497	0	1276	Tree	
woodcut	Logs	0	2485	3499	0	1276	Tree	
woodcut	Logs	0	2485	3505	0	1276	Tree	
woodcut	Logs	0	2486	3490	0	1276	Tree	
woodcut	Logs	0	2486	3493	0	1276	Tree	
woodcut	Logs	0	2487	3497	0	1276	Tree	
woodcut	Logs	0	2489	3492	0	1276	Tree	
woodcut	Logs	0	2489	3498	0	1276	Tree	
woodcut	Logs	0	2445	3496	0	1278	Tree	
woodcut	Logs	0	2452	3479	0	1278	Tree	
woodcut	Logs	0	2452	3509	0	1278	Tree	
woodcut	Logs	0	2453	3498	0	1278	Tree	
woodcut	Logs	0	2453	3504	0	1278	Tree	
woodcut	Logs	0	2459	3481	0	1278	Tree	
woodcut	Logs	0	2460	3499	0	1278	Tree	
woodcut	Logs	0	2466	3507	0	1278	Tree	
woodcut	Logs	0	2470	3480	0	1278	Tree	
woodcut	Logs	0	2470	3486	0	1278	Tree	
woodcut	Logs	0	2471	3499	0	1278	Tree	
woodcut	Logs	0	2474	3505	0	1278	Tree	
woodcut	Logs	0	2477	3490	0	1278	Tree	
woodcut	Logs	0	2484	3508	0	1278	Tree	
woodcut	Oak logs	15	2443	3493	0	1281	Oak	
woodcut	Oak logs	15	2452	3493	0	1281	Oak	
woodcut	Oak logs	15	2457	3506	0	1281	Oak	
woodcut	Oak logs	15	2460	3483	0	1281	Oak	
woodcut	Oak logs	15	2477	3493	0	1281	Oak	
woodcut	Oak logs	15	2477	3508	0	1281	Oak	
woodcut	Oak logs	15	2486	3483	0	1281	Oak	
woodcut	Logs	0	2492	3469	0	1282	Dead tree	
woodcut	Logs	0	2490	3480	0	1286	Dead tree	
woodcut	Logs	0	2491	3474	0	1286	Dead tree	
woodcut	Logs	0	2493	3478	0	1286	Dead tree	
woodcut	Logs	0	2433	3525	0	1276	Tree	
woodcut	Logs	0	2434	3529	0	1276	Tree	
woodcut	Logs	0	2436	3522	0	1276	Tree	
woodcut	Logs	0	2437	3532	0	1276	Tree	
woodcut	Logs	0	2439	3520	0	1276	Tree	
woodcut	Logs	0	2439	3530	0	1276	Tree	
woodcut	Logs	0	2443	3524	0	1276	Tree	
woodcut	Logs	0	2445	3527	0	1276	Tree	
woodcut	Logs	0	2447	3529	0	1276	Tree	
woodcut	Logs	0	2455	3522	0	1276	Tree	
woodcut	Logs	0	2457	3525	0	1276	Tree	
woodcut	Logs	0	2459	3529	0	1276	Tree	
woodcut	Logs	0	2461	3527	0	1276	Tree	
woodcut	Logs	0	2463	3521	0	1276	Tree	
woodcut	Logs	0	2463	3528	0	1276	Tree	
woodcut	Logs	0	2465	3525	0	1276	Tree	
woodcut	Logs	0	2465	3531	0	1276	Tree	
woodcut	Logs	0	2468	3527	0	1276	Tree	
woodcut	Logs	0	2469	3521	0	1276	Tree	
woodcut	Logs	0	2472	3526	0	1276	Tree	
woodcut	Logs	0	2474	3523	0	1276	Tree	
woodcut	Logs	0	2478	3523	0	1276	Tree	
woodcut	Logs	0	2481	3528	0	1276	Tree	
woodcut	Logs	0	2482	3522	0	1276	Tree	
woodcut	Logs	0	2485	3522	0	1276	Tree	
woodcut	Logs	0	2485	3526	0	1276	Tree	
woodcut	Logs	0	2490	3526	0	1276	Tree	
woodcut	Logs	0	2492	3522	0	1276	Tree	
woodcut	Logs	0	2493	3528	0	1276	Tree	
woodcut	Oak logs	15	2436	3528	0	1281	Oak	
woodcut	Oak logs	15	2438	3522	0	1281	Oak	
woodcut	Oak logs	15	2439	3527	0	1281	Oak	
woodcut	Oak logs	15	2446	3524	0	1281	Oak	
woodcut	Oak logs	15	2449	3531	0	1281	Oak	
woodcut	Oak logs	15	2450	3527	0	1281	Oak	
woodcut	Oak logs	15	2453	3528	0	1281	Oak	
woodcut	Oak logs	15	2457	3521	0	1281	Oak	
woodcut	Oak logs	15	2462	3530	0	1281	Oak	
woodcut	Oak logs	15	2467	3524	0	1281	Oak	
woodcut	Oak logs	15	2471	3522	0	1281	Oak	
woodcut	Oak logs	15	2480	3525	0	1281	Oak	
woodcut	Willow logs	30	2469	3543	0	1308	Willow	
woodcut	Willow logs	30	2471	3538	0	1308	Willow	
woodcut	Willow logs	30	2478	3532	0	1308	Willow	
woodcut	Willow logs	30	2478	3536	0	1308	Willow	
woodcut	Willow logs	30	2482	3536	0	1308	Willow	
woodcut	Willow logs	30	2485	3535	0	1308	Willow	
woodcut	Willow logs	30	2487	3536	0	1308	Willow	
woodcut	Willow logs	30	2487	3538	0	1308	Willow	
woodcut	Logs	0	2458	4544	0	1315	Evergreen	
woodcut	Logs	0	2464	4544	0	1315	Evergreen	
woodcut	Logs	0	2467	4545	0	1315	Evergreen	
woodcut	Logs	0	2538	9818	0	1276	Tree	
woodcut	Logs	0	2540	9815	0	1276	Tree	
woodcut	Logs	0	2541	9822	0	1276	Tree	
woodcut	Logs	0	2544	9819	0	1276	Tree	
woodcut	Logs	0	2544	9815	0	1278	Tree	
woodcut	Logs	0	2496	2982	0	1276	Tree	
woodcut	Logs	0	2497	2980	0	1276	Tree	
woodcut	Logs	0	2519	2966	0	1276	Tree	
woodcut	Logs	0	2522	2967	0	1276	Tree	
woodcut	Logs	0	2522	2969	0	1276	Tree	
woodcut	Logs	0	2524	2965	0	1276	Tree	
woodcut	Logs	0	2527	2968	0	1276	Tree	
woodcut	Logs	0	2528	2963	0	1276	Tree	
woodcut	Logs	0	2531	2966	0	1276	Tree	
woodcut	Logs	0	2535	2962	0	1276	Tree	
woodcut	Logs	0	2535	2967	0	1276	Tree	
woodcut	Logs	0	2537	2966	0	1276	Tree	
woodcut	Logs	0	2539	2961	0	1276	Tree	
woodcut	Logs	0	2542	2964	0	1276	Tree	
woodcut	Logs	0	2543	2966	0	1276	Tree	
woodcut	Logs	0	2546	2974	0	1276	Tree	
woodcut	Logs	0	2547	2963	0	1276	Tree	
woodcut	Logs	0	2548	2968	0	1276	Tree	
woodcut	Logs	0	2549	2976	0	1276	Tree	
woodcut	Logs	0	2551	2966	0	1276	Tree	
woodcut	Logs	0	2552	2974	0	1276	Tree	
woodcut	Logs	0	2554	2966	0	1276	Tree	
woodcut	Logs	0	2557	2967	0	1276	Tree	
woodcut	Oak logs	15	2524	2967	0	1281	Oak	
woodcut	Oak logs	15	2544	2963	0	1281	Oak	
woodcut	Oak logs	15	2548	2973	0	1281	Oak	
woodcut	Oak logs	15	2550	2968	0	1281	Oak	
woodcut	Oak logs	15	2554	2970	0	1281	Oak	
woodcut	Oak logs	15	2555	2973	0	1281	Oak	
woodcut	Logs	0	2506	2992	0	1286	Dead tree	
woodcut	Logs	0	2507	2986	0	1286	Dead tree	
woodcut	Logs	0	2509	2991	0	1286	Dead tree	
woodcut	Logs	0	2510	2989	0	1286	Dead tree	
woodcut	Logs	0	2514	2993	0	1286	Dead tree	
woodcut	Logs	0	2517	2990	0	1286	Dead tree	
woodcut	Logs	0	2519	2986	0	1286	Dead tree	
woodcut	Logs	0	2523	3000	0	1286	Dead tree	
woodcut	Logs	0	2530	2992	0	1286	Dead tree	
woodcut	Logs	0	2534	2994	0	1286	Dead tree	
woodcut	Logs	0	2538	2991	0	1286	Dead tree	
woodcut	Logs	0	2540	2995	0	1286	Dead tree	
woodcut	Logs	0	2541	2990	0	1286	Dead tree	
woodcut	Logs	0	2548	3004	0	1286	Dead tree	
woodcut	Logs	0	2549	3006	0	1286	Dead tree	
woodcut	Logs	0	2554	2994	0	1286	Dead tree	
woodcut	Logs	0	2554	2997	0	1286	Dead tree	
woodcut	Logs	0	2557	2995	0	1286	Dead tree	
woodcut	Logs	0	2533	3066	0	1276	Tree	
woodcut	Logs	0	2533	3070	0	1276	Tree	
woodcut	Logs	0	2535	3064	0	1276	Tree	
woodcut	Logs	0	2536	3067	0	1276	Tree	
woodcut	Logs	0	2537	3069	0	1276	Tree	
woodcut	Logs	0	2539	3065	0	1276	Tree	
woodcut	Logs	0	2542	3070	0	1276	Tree	
woodcut	Logs	0	2551	3070	0	1276	Tree	
woodcut	Logs	0	2555	3068	0	1276	Tree	
woodcut	Logs	0	2558	3069	0	1276	Tree	
woodcut	Oak logs	15	2539	3067	0	1281	Oak	
woodcut	Logs	0	2496	3130	0	1276	Tree	
woodcut	Logs	0	2500	3132	0	1276	Tree	
woodcut	Logs	0	2506	3132	0	1276	Tree	
woodcut	Logs	0	2510	3129	0	1276	Tree	
woodcut	Logs	0	2511	3131	0	1276	Tree	
woodcut	Logs	0	2514	3129	0	1276	Tree	
woodcut	Logs	0	2517	3131	0	1276	Tree	
woodcut	Logs	0	2519	3129	0	1276	Tree	
woodcut	Logs	0	2520	3123	0	1276	Tree	
woodcut	Logs	0	2521	3101	0	1276	Tree	
woodcut	Logs	0	2521	3118	0	1276	Tree	
woodcut	Logs	0	2521	3133	0	1276	Tree	
woodcut	Logs	0	2522	3110	0	1276	Tree	
woodcut	Logs	0	2523	3120	0	1276	Tree	
woodcut	Logs	0	2523	3127	0	1276	Tree	
woodcut	Logs	0	2523	3129	0	1276	Tree	
woodcut	Logs	0	2524	3096	0	1276	Tree	
woodcut	Logs	0	2525	3104	0	1276	Tree	
woodcut	Logs	0	2525	3125	0	1276	Tree	
woodcut	Logs	0	2525	3130	0	1276	Tree	
woodcut	Logs	0	2526	3106	0	1276	Tree	
woodcut	Logs	0	2526	3112	0	1276	Tree	
woodcut	Logs	0	2526	3115	0	1276	Tree	
woodcut	Logs	0	2526	3120	0	1276	Tree	
woodcut	Logs	0	2526	3122	0	1276	Tree	
woodcut	Logs	0	2526	3134	0	1276	Tree	
woodcut	Logs	0	2527	3101	0	1276	Tree	
woodcut	Logs	0	2527	3118	0	1276	Tree	
woodcut	Logs	0	2527	3130	0	1276	Tree	
woodcut	Logs	0	2528	3106	0	1276	Tree	
woodcut	Logs	0	2528	3111	0	1276	Tree	
woodcut	Logs	0	2528	3123	0	1276	Tree	
woodcut	Logs	0	2530	3104	0	1276	Tree	
woodcut	Logs	0	2530	3111	0	1276	Tree	
woodcut	Logs	0	2530	3116	0	1276	Tree	
woodcut	Logs	0	2530	3127	0	1276	Tree	
woodcut	Logs	0	2531	3120	0	1276	Tree	
woodcut	Logs	0	2531	3122	0	1276	Tree	
woodcut	Logs	0	2532	3125	0	1276	Tree	
woodcut	Logs	0	2532	3130	0	1276	Tree	
woodcut	Logs	0	2533	3121	0	1276	Tree	
woodcut	Logs	0	2535	3110	0	1276	Tree	
woodcut	Logs	0	2535	3117	0	1276	Tree	
woodcut	Logs	0	2535	3128	0	1276	Tree	
woodcut	Logs	0	2535	3133	0	1276	Tree	
woodcut	Logs	0	2537	3130	0	1276	Tree	
woodcut	Logs	0	2537	3132	0	1276	Tree	
woodcut	Logs	0	2538	3115	0	1276	Tree	
woodcut	Logs	0	2540	3087	0	1276	Tree	
woodcut	Logs	0	2540	3117	0	1276	Tree	
woodcut	Logs	0	2540	3119	0	1276	Tree	
woodcut	Logs	0	2545	3126	0	1276	Tree	
woodcut	Logs	0	2553	3105	0	1276	Tree	
woodcut	Logs	0	2555	3095	0	1276	Tree	
woodcut	Logs	0	2556	3098	0	1276	Tree	
woodcut	Logs	0	2556	3102	0	1276	Tree	
woodcut	Logs	0	2557	3096	0	1276	Tree	
woodcut	Logs	0	2544	3120	0	1278	Tree	
woodcut	Logs	0	2551	3123	0	1278	Tree	
woodcut	Oak logs	15	2496	3132	0	1281	Oak	
woodcut	Oak logs	15	2508	3131	0	1281	Oak	
woodcut	Oak logs	15	2520	3120	0	1281	Oak	
woodcut	Oak logs	15	2523	3133	0	1281	Oak	
woodcut	Oak logs	15	2525	3127	0	1281	Oak	
woodcut	Oak logs	15	2527	3103	0	1281	Oak	
woodcut	Oak logs	15	2528	3113	0	1281	Oak	
woodcut	Oak logs	15	2528	3120	0	1281	Oak	
woodcut	Oak logs	15	2532	3127	0	1281	Oak	
woodcut	Oak logs	15	2534	3130	0	1281	Oak	
woodcut	Oak logs	15	2537	3117	0	1281	Oak	
woodcut	Oak logs	15	2544	3101	0	1281	Oak	
woodcut	Oak logs	15	2556	3104	0	1281	Oak	
woodcut	Oak logs	15	2556	3128	0	1281	Oak	
woodcut	Logs	0	2496	3149	0	1276	Tree	
woodcut	Logs	0	2496	3187	0	1276	Tree	
woodcut	Logs	0	2503	3138	0	1276	Tree	
woodcut	Logs	0	2509	3198	0	1276	Tree	
woodcut	Logs	0	2514	3174	0	1276	Tree	
woodcut	Logs	0	2518	3138	0	1276	Tree	
woodcut	Logs	0	2519	3167	0	1276	Tree	
woodcut	Logs	0	2522	3160	0	1276	Tree	
woodcut	Logs	0	2522	3169	0	1276	Tree	
woodcut	Logs	0	2523	3174	0	1276	Tree	
woodcut	Logs	0	2524	3164	0	1276	Tree	
woodcut	Logs	0	2526	3158	0	1276	Tree	
woodcut	Logs	0	2526	3169	0	1276	Tree	
woodcut	Logs	0	2526	3174	0	1276	Tree	
woodcut	Logs	0	2528	3174	0	1276	Tree	
woodcut	Logs	0	2530	3174	0	1276	Tree	
woodcut	Logs	0	2531	3166	0	1276	Tree	
woodcut	Logs	0	2531	3169	0	1276	Tree	
woodcut	Logs	0	2534	3161	0	1276	Tree	
woodcut	Logs	0	2534	3174	0	1276	Tree	
woodcut	Logs	0	2536	3174	0	1276	Tree	
woodcut	Logs	0	2537	3162	0	1276	Tree	
woodcut	Logs	0	2537	3168	0	1276	Tree	
woodcut	Logs	0	2540	3197	0	1276	Tree	
woodcut	Logs	0	2541	3159	0	1276	Tree	
woodcut	Logs	0	2541	3165	0	1276	Tree	
woodcut	Logs	0	2547	3161	0	1276	Tree	
woodcut	Logs	0	2550	3188	0	1276	Tree	
woodcut	Logs	0	2556	3146	0	1276	Tree	
woodcut	Logs	0	2556	3161	0	1276	Tree	
woodcut	Logs	0	2514	3169	0	1278	Tree	
woodcut	Logs	0	2522	3166	0	1278	Tree	
woodcut	Logs	0	2524	3158	0	1278	Tree	
woodcut	Logs	0	2530	3198	0	1278	Tree	
woodcut	Logs	0	2532	3162	0	1278	Tree	
woodcut	Logs	0	2532	3174	0	1278	Tree	
woodcut	Oak logs	15	2497	3178	0	1281	Oak	
woodcut	Oak logs	15	2502	3197	0	1281	Oak	
woodcut	Oak logs	15	2529	3184	0	1281	Oak	
woodcut	Oak logs	15	2532	3136	0	1281	Oak	
woodcut	Oak logs	15	2557	3173	0	1281	Oak	
woodcut	Logs	0	2500	3201	0	1276	Tree	
woodcut	Logs	0	2502	3200	0	1276	Tree	
woodcut	Logs	0	2502	3202	0	1276	Tree	
woodcut	Logs	0	2503	3210	0	1276	Tree	
woodcut	Logs	0	2504	3203	0	1276	Tree	
woodcut	Logs	0	2512	3200	0	1276	Tree	
woodcut	Logs	0	2519	3200	0	1276	Tree	
woodcut	Logs	0	2521	3202	0	1276	Tree	
woodcut	Logs	0	2521	3204	0	1276	Tree	
woodcut	Logs	0	2542	3200	0	1276	Tree	
woodcut	Logs	0	2544	3202	0	1276	Tree	
woodcut	Logs	0	2547	3200	0	1276	Tree	
woodcut	Logs	0	2549	3202	0	1276	Tree	
woodcut	Logs	0	2552	3200	0	1276	Tree	
woodcut	Logs	0	2552	3205	0	1276	Tree	
woodcut	Logs	0	2553	3214	0	1276	Tree	
woodcut	Logs	0	2496	3216	0	1278	Tree	
woodcut	Logs	0	2496	3221	0	1278	Tree	
woodcut	Logs	0	2497	3218	0	1278	Tree	
woodcut	Logs	0	2498	3200	0	1278	Tree	
woodcut	Logs	0	2498	3206	0	1278	Tree	
woodcut	Logs	0	2498	3226	0	1278	Tree	
woodcut	Logs	0	2500	3222	0	1278	Tree	
woodcut	Logs	0	2501	3220	0	1278	Tree	
woodcut	Logs	0	2505	3213	0	1278	Tree	
woodcut	Logs	0	2505	3223	0	1278	Tree	
woodcut	Logs	0	2507	3203	0	1278	Tree	
woodcut	Logs	0	2512	3204	0	1278	Tree	
woodcut	Logs	0	2514	3202	0	1278	Tree	
woodcut	Logs	0	2523	3200	0	1278	Tree	
woodcut	Logs	0	2532	3200	0	1278	Tree	
woodcut	Logs	0	2538	3200	0	1278	Tree	
woodcut	Logs	0	2548	3204	0	1278	Tree	
woodcut	Logs	0	2551	3213	0	1278	Tree	
woodcut	Logs	0	2555	3205	0	1278	Tree	
woodcut	Oak logs	15	2497	3220	0	1281	Oak	
woodcut	Oak logs	15	2500	3207	0	1281	Oak	
woodcut	Oak logs	15	2504	3200	0	1281	Oak	
woodcut	Oak logs	15	2517	3201	0	1281	Oak	
woodcut	Oak logs	15	2554	3202	0	1281	Oak	
woodcut	Oak logs	15	2556	3215	0	1281	Oak	
woodcut	Logs	0	2497	3230	0	1282	Dead tree	
woodcut	Logs	0	2497	3243	0	1282	Dead tree	
woodcut	Logs	0	2497	3258	0	1282	Dead tree	
woodcut	Logs	0	2500	3237	0	1282	Dead tree	
woodcut	Logs	0	2504	3233	0	1282	Dead tree	
woodcut	Logs	0	2505	3225	0	1282	Dead tree	
woodcut	Logs	0	2525	3250	0	1282	Dead tree	
woodcut	Logs	0	2538	3261	0	1282	Dead tree	
woodcut	Logs	0	2497	3248	0	1286	Dead tree	
woodcut	Logs	0	2499	3229	0	1286	Dead tree	
woodcut	Logs	0	2506	3261	0	1286	Dead tree	
woodcut	Logs	0	2508	3228	0	1286	Dead tree	
woodcut	Logs	0	2514	3259	0	1286	Dead tree	
woodcut	Logs	0	2527	3260	0	1286	Dead tree	
woodcut	Logs	0	2498	3267	0	1282	Dead tree	
woodcut	Logs	0	2498	3298	0	1282	Dead tree	
woodcut	Logs	0	2500	3275	0	1282	Dead tree	
woodcut	Logs	0	2500	3286	0	1282	Dead tree	
woodcut	Logs	0	2502	3296	0	1282	Dead tree	
woodcut	Logs	0	2502	3299	0	1282	Dead tree	
woodcut	Logs	0	2504	3293	0	1282	Dead tree	
woodcut	Logs	0	2505	3266	0	1282	Dead tree	
woodcut	Logs	0	2505	3286	0	1282	Dead tree	
woodcut	Logs	0	2510	3283	0	1282	Dead tree	
woodcut	Logs	0	2512	3280	0	1282	Dead tree	
woodcut	Logs	0	2512	3295	0	1282	Dead tree	
woodcut	Logs	0	2513	3291	0	1282	Dead tree	
woodcut	Logs	0	2536	3325	0	1282	Dead tree	
woodcut	Logs	0	2547	3295	0	1282	Dead tree	
woodcut	Logs	0	2550	3285	0	1282	Dead tree	
woodcut	Logs	0	2551	3288	0	1282	Dead tree	
woodcut	Logs	0	2552	3296	0	1282	Dead tree	
woodcut	Logs	0	2553	3292	0	1282	Dead tree	
woodcut	Logs	0	2554	3286	0	1282	Dead tree	
woodcut	Logs	0	2555	3296	0	1282	Dead tree	
woodcut	Logs	0	2496	3264	0	1286	Dead tree	
woodcut	Logs	0	2497	3275	0	1286	Dead tree	
woodcut	Logs	0	2497	3295	0	1286	Dead tree	
woodcut	Logs	0	2498	3296	0	1286	Dead tree	
woodcut	Logs	0	2498	3303	0	1286	Dead tree	
woodcut	Logs	0	2500	3284	0	1286	Dead tree	
woodcut	Logs	0	2502	3265	0	1286	Dead tree	
woodcut	Logs	0	2502	3271	0	1286	Dead tree	
woodcut	Logs	0	2506	3282	0	1286	Dead tree	
woodcut	Logs	0	2506	3303	0	1286	Dead tree	
woodcut	Logs	0	2507	3270	0	1286	Dead tree	
woodcut	Logs	0	2507	3285	0	1286	Dead tree	
woodcut	Logs	0	2510	3295	0	1286	Dead tree	
woodcut	Logs	0	2511	3286	0	1286	Dead tree	
woodcut	Logs	0	2511	3299	0	1286	Dead tree	
woodcut	Logs	0	2513	3283	0	1286	Dead tree	
woodcut	Logs	0	2514	3288	0	1286	Dead tree	
woodcut	Logs	0	2514	3301	0	1286	Dead tree	
woodcut	Logs	0	2534	3319	0	1286	Dead tree	
woodcut	Logs	0	2536	3290	0	1286	Dead tree	
woodcut	Logs	0	2539	3318	0	1286	Dead tree	
woodcut	Logs	0	2540	3297	0	1286	Dead tree	
woodcut	Logs	0	2550	3308	0	1286	Dead tree	
woodcut	Logs	0	2551	3296	0	1286	Dead tree	
woodcut	Logs	0	2552	3290	0	1286	Dead tree	
woodcut	Logs	0	2553	3289	0	1286	Dead tree	
woodcut	Logs	0	2553	3295	0	1286	Dead tree	
woodcut	Logs	0	2554	3297	0	1286	Dead tree	
woodcut	Logs	0	2554	3303	0	1286	Dead tree	
woodcut	Logs	0	2555	3288	0	1286	Dead tree	
woodcut	Logs	0	2498	3292	0	1289	Dead tree	
woodcut	Logs	0	2505	3292	0	1289	Dead tree	
woodcut	Logs	0	2505	3295	0	1289	Dead tree	
woodcut	Logs	0	2505	3300	0	1289	Dead tree	
woodcut	Logs	0	2509	3293	0	1289	Dead tree	
woodcut	Logs	0	2511	3290	0	1289	Dead tree	
woodcut	Logs	0	2512	3297	0	1289	Dead tree	
woodcut	Logs	0	2513	3299	0	1289	Dead tree	
woodcut	Logs	0	2549	3295	0	1289	Dead tree	
woodcut	Logs	0	2551	3294	0	1289	Dead tree	
woodcut	Logs	0	2553	3284	0	1289	Dead tree	
woodcut	Logs	0	2555	3290	0	1289	Dead tree	
woodcut	Logs	0	2555	3295	0	1289	Dead tree	
woodcut	Logs	0	2556	3289	0	1289	Dead tree	
woodcut	Logs	0	2556	3293	0	1289	Dead tree	
woodcut	Logs	0	2496	3376	0	1276	Tree	
woodcut	Logs	0	2498	3371	0	1276	Tree	
woodcut	Logs	0	2499	3363	0	1276	Tree	
woodcut	Logs	0	2499	3369	0	1276	Tree	
woodcut	Logs	0	2506	3356	0	1276	Tree	
woodcut	Logs	0	2511	3348	0	1276	Tree	
woodcut	Logs	0	2512	3390	0	1276	Tree	
woodcut	Logs	0	2519	3390	0	1276	Tree	
woodcut	Logs	0	2530	3388	0	1276	Tree	
woodcut	Logs	0	2532	3352	0	1276	Tree	
woodcut	Logs	0	2534	3358	0	1276	Tree	
woodcut	Logs	0	2535	3354	0	1276	Tree	
woodcut	Logs	0	2535	3362	0	1276	Tree	
woodcut	Logs	0	2536	3367	0	1276	Tree	
woodcut	Logs	0	2538	3371	0	1276	Tree	
woodcut	Logs	0	2538	3385	0	1276	Tree	
woodcut	Logs	0	2539	3381	0	1276	Tree	
woodcut	Logs	0	2543	3349	0	1276	Tree	
woodcut	Logs	0	2543	3366	0	1276	Tree	
woodcut	Logs	0	2543	3378	0	1276	Tree	
woodcut	Logs	0	2545	3369	0	1276	Tree	
woodcut	Logs	0	2547	3379	0	1276	Tree	
woodcut	Logs	0	2548	3345	0	1276	Tree	
woodcut	Logs	0	2549	3353	0	1276	Tree	
woodcut	Logs	0	2549	3373	0	1276	Tree	
woodcut	Logs	0	2551	3363	0	1276	Tree	
woodcut	Logs	0	2551	3369	0	1276	Tree	
woodcut	Logs	0	2556	3370	0	1276	Tree	
woodcut	Logs	0	2496	3373	0	1278	Tree	
woodcut	Logs	0	2497	3359	0	1278	Tree	
woodcut	Logs	0	2497	3366	0	1278	Tree	
woodcut	Logs	0	2497	3378	0	1278	Tree	
woodcut	Logs	0	2498	3348	0	1278	Tree	
woodcut	Logs	0	2500	3359	0	1278	Tree	
woodcut	Logs	0	2501	3342	0	1278	Tree	
woodcut	Logs	0	2503	3351	0	1278	Tree	
woodcut	Logs	0	2514	3390	0	1278	Tree	
woodcut	Logs	0	2518	3341	0	1278	Tree	
woodcut	Logs	0	2523	3390	0	1278	Tree	
woodcut	Logs	0	2527	3354	0	1278	Tree	
woodcut	Logs	0	2537	3355	0	1278	Tree	
woodcut	Logs	0	2538	3376	0	1278	Tree	
woodcut	Logs	0	2539	3367	0	1278	Tree	
woodcut	Logs	0	2540	3378	0	1278	Tree	
woodcut	Logs	0	2541	3344	0	1278	Tree	
woodcut	Logs	0	2543	3383	0	1278	Tree	
woodcut	Logs	0	2544	3362	0	1278	Tree	
woodcut	Logs	0	2547	3362	0	1278	Tree	
woodcut	Logs	0	2548	3376	0	1278	Tree	
woodcut	Logs	0	2549	3366	0	1278	Tree	
woodcut	Logs	0	2550	3359	0	1278	Tree	
woodcut	Logs	0	2553	3370	0	1278	Tree	
woodcut	Logs	0	2554	3362	0	1278	Tree	
woodcut	Logs	0	2554	3367	0	1278	Tree	
woodcut	Logs	0	2558	3364	0	1278	Tree	
woodcut	Oak logs	15	2498	3353	0	1281	Oak	
woodcut	Oak logs	15	2498	3375	0	1281	Oak	
woodcut	Oak logs	15	2498	3382	0	1281	Oak	
woodcut	Oak logs	15	2502	3358	0	1281	Oak	
woodcut	Oak logs	15	2509	3351	0	1281	Oak	
woodcut	Oak logs	15	2511	3343	0	1281	Oak	
woodcut	Oak logs	15	2511	3353	0	1281	Oak	
woodcut	Oak logs	15	2531	3342	0	1281	Oak	
woodcut	Oak logs	15	2531	3357	0	1281	Oak	
woodcut	Oak logs	15	2533	3388	0	1281	Oak	
woodcut	Oak logs	15	2534	3345	0	1281	Oak	
woodcut	Oak logs	15	2537	3389	0	1281	Oak	
woodcut	Oak logs	15	2538	3361	0	1281	Oak	
woodcut	Oak logs	15	2540	3375	0	1281	Oak	
woodcut	Oak logs	15	2541	3341	0	1281	Oak	
woodcut	Oak logs	15	2542	3369	0	1281	Oak	
woodcut	Oak logs	15	2543	3354	0	1281	Oak	
woodcut	Oak logs	15	2544	3372	0	1281	Oak	
woodcut	Oak logs	15	2546	3365	0	1281	Oak	
woodcut	Oak logs	15	2547	3357	0	1281	Oak	
woodcut	Oak logs	15	2551	3349	0	1281	Oak	
woodcut	Oak logs	15	2556	3351	0	1281	Oak	
woodcut	Oak logs	15	2556	3356	0	1281	Oak	
woodcut	Logs	0	2547	3332	0	1282	Dead tree	
woodcut	Logs	0	2506	3380	0	1286	Dead tree	
woodcut	Logs	0	2509	3328	0	1286	Dead tree	
woodcut	Logs	0	2527	3380	0	1286	Dead tree	
woodcut	Logs	0	2531	3380	0	1286	Dead tree	
woodcut	Logs	0	2539	3333	0	1286	Dead tree	
woodcut	Logs	0	2541	3333	0	1286	Dead tree	
woodcut	Logs	0	2555	3333	0	1286	Dead tree	
woodcut	Willow logs	30	2543	3387	0	1308	Willow	
woodcut	Willow logs	30	2546	3385	0	1308	Willow	
woodcut	Willow logs	30	2552	3377	0	1308	Willow	
woodcut	Willow logs	30	2553	3374	0	1308	Willow	
woodcut	Logs	0	2507	3426	0	1276	Tree	
woodcut	Logs	0	2532	3414	0	1276	Tree	
woodcut	Logs	0	2533	3416	0	1276	Tree	
woodcut	Logs	0	2542	3447	0	1276	Tree	
woodcut	Logs	0	2544	3448	0	1276	Tree	
woodcut	Logs	0	2546	3450	0	1276	Tree	
woodcut	Logs	0	2546	3452	0	1276	Tree	
woodcut	Logs	0	2547	3439	0	1276	Tree	
woodcut	Logs	0	2547	3451	0	1276	Tree	
woodcut	Logs	0	2548	3449	0	1276	Tree	
woodcut	Logs	0	2549	3439	0	1276	Tree	
woodcut	Logs	0	2549	3452	0	1276	Tree	
woodcut	Logs	0	2550	3435	0	1276	Tree	
woodcut	Logs	0	2551	3438	0	1276	Tree	
woodcut	Logs	0	2551	3449	0	1276	Tree	
woodcut	Logs	0	2552	3450	0	1276	Tree	
woodcut	Logs	0	2553	3435	0	1276	Tree	
woodcut	Logs	0	2553	3441	0	1276	Tree	
woodcut	Logs	0	2554	3454	0	1276	Tree	
woodcut	Logs	0	2555	3438	0	1276	Tree	
woodcut	Logs	0	2555	3450	0	1276	Tree	
woodcut	Logs	0	2555	3453	0	1276	Tree	
woodcut	Logs	0	2513	3405	0	1278	Tree	
woodcut	Logs	0	2525	3399	0	1278	Tree	
woodcut	Logs	0	2529	3417	0	1278	Tree	
woodcut	Logs	0	2534	3443	0	1278	Tree	
woodcut	Logs	0	2535	3413	0	1278	Tree	
woodcut	Logs	0	2536	3421	0	1278	Tree	
woodcut	Logs	0	2537	3417	0	1278	Tree	
woodcut	Logs	0	2540	3410	0	1278	Tree	
woodcut	Logs	0	2544	3439	0	1278	Tree	
woodcut	Logs	0	2548	3401	0	1278	Tree	
woodcut	Logs	0	2548	3425	0	1278	Tree	
woodcut	Logs	0	2553	3414	0	1278	Tree	
woodcut	Oak logs	15	2496	3433	0	1281	Oak	
woodcut	Oak logs	15	2499	3403	0	1281	Oak	
woodcut	Oak logs	15	2499	3413	0	1281	Oak	
woodcut	Oak logs	15	2502	3408	0	1281	Oak	
woodcut	Oak logs	15	2506	3399	0	1281	Oak	
woodcut	Oak logs	15	2510	3409	0	1281	Oak	
woodcut	Oak logs	15	2517	3395	0	1281	Oak	
woodcut	Oak logs	15	2541	3449	0	1281	Oak	
woodcut	Oak logs	15	2543	3420	0	1281	Oak	
woodcut	Oak logs	15	2544	3432	0	1281	Oak	
woodcut	Oak logs	15	2546	3411	0	1281	Oak	
woodcut	Oak logs	15	2548	3436	0	1281	Oak	
woodcut	Oak logs	15	2550	3403	0	1281	Oak	
woodcut	Oak logs	15	2550	3452	0	1281	Oak	
woodcut	Oak logs	15	2555	3415	0	1281	Oak	
woodcut	Oak logs	15	2555	3434	0	1281	Oak	
woodcut	Oak logs	15	2556	3426	0	1281	Oak	
woodcut	Logs	0	2499	3495	0	1276	Tree	
woodcut	Logs	0	2500	3493	0	1276	Tree	
woodcut	Logs	0	2500	3499	0	1276	Tree	
woodcut	Logs	0	2501	3489	0	1276	Tree	
woodcut	Logs	0	2524	3484	0	1276	Tree	
woodcut	Logs	0	2525	3486	0	1276	Tree	
woodcut	Logs	0	2526	3479	0	1276	Tree	
woodcut	Logs	0	2526	3484	0	1276	Tree	
woodcut	Logs	0	2528	3490	0	1276	Tree	
woodcut	Logs	0	2529	3486	0	1276	Tree	
woodcut	Logs	0	2530	3496	0	1276	Tree	
woodcut	Logs	0	2533	3462	0	1276	Tree	
woodcut	Logs	0	2534	3491	0	1276	Tree	
woodcut	Logs	0	2536	3462	0	1276	Tree	
woodcut	Logs	0	2537	3457	0	1276	Tree	
woodcut	Logs	0	2537	3499	0	1276	Tree	
woodcut	Logs	0	2539	3459	0	1276	Tree	
woodcut	Logs	0	2540	3467	0	1276	Tree	
woodcut	Logs	0	2541	3515	0	1276	Tree	
woodcut	Logs	0	2542	3456	0	1276	Tree	
woodcut	Logs	0	2545	3459	0	1276	Tree	
woodcut	Logs	0	2547	3517	0	1276	Tree	
woodcut	Logs	0	2556	3478	0	1276	Tree	
woodcut	Logs	0	2558	3479	0	1276	Tree	
woodcut	Oak logs	15	2500	3483	0	1281	Oak	
woodcut	Oak logs	15	2528	3481	0	1281	Oak	
woodcut	Oak logs	15	2529	3499	0	1281	Oak	
woodcut	Oak logs	15	2533	3486	0	1281	Oak	
woodcut	Oak logs	15	2542	3517	0	1281	Oak	
woodcut	Oak logs	15	2547	3462	0	1281	Oak	
woodcut	Oak logs	15	2550	3458	0	1281	Oak	
woodcut	Logs	0	2530	3466	0	1286	Dead tree	
woodcut	Logs	0	2536	3482	0	1286	Dead tree	
woodcut	Logs	0	2537	3505	0	1286	Dead tree	
woodcut	Logs	0	2538	3467	0	1286	Dead tree	
woodcut	Logs	0	2539	3463	0	1286	Dead tree	
woodcut	Logs	0	2552	3514	0	1286	Dead tree	
woodcut	Willow logs	30	2507	3484	0	1308	Willow	
woodcut	Yew logs	60	2496	3490	0	1309	Yew	
woodcut	Logs	0	2510	3463	1	1383	Dead tree	
woodcut	Logs	0	2496	3529	0	1276	Tree	
woodcut	Logs	0	2496	3541	0	1276	Tree	
woodcut	Logs	0	2497	3533	0	1276	Tree	
woodcut	Logs	0	2499	3528	0	1276	Tree	
woodcut	Logs	0	2499	3538	0	1276	Tree	
woodcut	Logs	0	2501	3531	0	1276	Tree	
woodcut	Logs	0	2501	3535	0	1276	Tree	
woodcut	Logs	0	2501	3539	0	1276	Tree	
woodcut	Logs	0	2515	3556	0	1276	Tree	
woodcut	Logs	0	2519	3555	0	1276	Tree	
woodcut	Logs	0	2519	3562	0	1276	Tree	
woodcut	Logs	0	2521	3558	0	1276	Tree	
woodcut	Logs	0	2522	3564	0	1276	Tree	
woodcut	Logs	0	2524	3580	0	1276	Tree	
woodcut	Logs	0	2525	3561	0	1276	Tree	
woodcut	Logs	0	2527	3572	0	1276	Tree	
woodcut	Logs	0	2527	3577	0	1276	Tree	
woodcut	Oak logs	15	2498	3530	0	1281	Oak	
woodcut	Oak logs	15	2517	3557	0	1281	Oak	
woodcut	Oak logs	15	2521	3560	0	1281	Oak	
woodcut	Oak logs	15	2526	3579	0	1281	Oak	
woodcut	Oak logs	15	2530	3553	0	1281	Oak	
woodcut	Logs	0	2529	3542	0	1286	Dead tree	
woodcut	Logs	0	2533	3543	0	1286	Dead tree	
woodcut	Logs	0	2536	3542	0	1286	Dead tree	
woodcut	Logs	0	2550	3568	0	1286	Dead tree	
woodcut	Logs	0	2555	3561	0	1286	Dead tree	
woodcut	Willow logs	30	2509	3555	0	1308	Willow	
woodcut	Willow logs	30	2512	3558	0	1308	Willow	
woodcut	Willow logs	30	2513	3560	0	1308	Willow	
woodcut	Willow logs	30	2516	3567	0	1308	Willow	
woodcut	Willow logs	30	2516	3581	0	1308	Willow	
woodcut	Willow logs	30	2517	3579	0	1308	Willow	
woodcut	Willow logs	30	2518	3569	0	1308	Willow	
woodcut	Willow logs	30	2518	3577	0	1308	Willow	
woodcut	Willow logs	30	2519	3581	0	1308	Willow	
woodcut	Logs	0	2507	3543	0	1315	Evergreen	
woodcut	Logs	0	2509	3545	0	1315	Evergreen	
woodcut	Logs	0	2512	3542	0	1315	Evergreen	
woodcut	Logs	0	2512	3545	0	1315	Evergreen	
woodcut	Logs	0	2512	3548	0	1315	Evergreen	
woodcut	Logs	0	2515	3543	0	1315	Evergreen	
woodcut	Logs	0	2516	3551	0	1315	Evergreen	
woodcut	Logs	0	2517	3549	0	1315	Evergreen	
woodcut	Logs	0	2521	3546	0	1315	Evergreen	
woodcut	Logs	0	2523	3543	0	1315	Evergreen	
woodcut	Logs	0	2526	3565	0	1315	Evergreen	
woodcut	Logs	0	2529	3567	0	1315	Evergreen	
woodcut	Logs	0	2529	3573	0	1315	Evergreen	
woodcut	Logs	0	2530	3564	0	1315	Evergreen	
woodcut	Logs	0	2531	3534	0	1315	Evergreen	
woodcut	Logs	0	2531	3575	0	1315	Evergreen	
woodcut	Logs	0	2531	3580	0	1315	Evergreen	
woodcut	Logs	0	2532	3570	0	1315	Evergreen	
woodcut	Logs	0	2533	3535	0	1315	Evergreen	
woodcut	Logs	0	2533	3582	0	1315	Evergreen	
woodcut	Logs	0	2534	3532	0	1315	Evergreen	
woodcut	Logs	0	2535	3573	0	1315	Evergreen	
woodcut	Logs	0	2535	3577	0	1315	Evergreen	
woodcut	Logs	0	2536	3571	0	1315	Evergreen	
woodcut	Logs	0	2539	3569	0	1315	Evergreen	
woodcut	Logs	0	2539	3576	0	1315	Evergreen	
woodcut	Logs	0	2540	3573	0	1315	Evergreen	
woodcut	Logs	0	2541	3579	0	1315	Evergreen	
woodcut	Logs	0	2545	3580	0	1315	Evergreen	
woodcut	Logs	0	2546	3576	0	1315	Evergreen	
woodcut	Logs	0	2551	3575	0	1315	Evergreen	
woodcut	Logs	0	2509	3542	0	1316	Evergreen	
woodcut	Logs	0	2514	3548	0	1316	Evergreen	
woodcut	Logs	0	2517	3542	0	1316	Evergreen	
woodcut	Logs	0	2522	3539	0	1316	Evergreen	
woodcut	Logs	0	2531	3572	0	1316	Evergreen	
woodcut	Logs	0	2533	3579	0	1316	Evergreen	
woodcut	Logs	0	2537	3582	0	1316	Evergreen	
woodcut	Logs	0	2538	3578	0	1316	Evergreen	
woodcut	Logs	0	2522	3584	0	1315	Evergreen	
woodcut	Logs	0	2528	3584	0	1315	Evergreen	
woodcut	Logs	0	2531	3585	0	1315	Evergreen	
woodcut	Logs	0	2563	2968	0	1276	Tree	
woodcut	Logs	0	2566	2966	0	1276	Tree	
woodcut	Logs	0	2568	2963	0	1276	Tree	
woodcut	Logs	0	2571	2969	0	1276	Tree	
woodcut	Logs	0	2572	3006	0	1276	Tree	
woodcut	Logs	0	2575	3006	0	1276	Tree	
woodcut	Logs	0	2580	3005	0	1276	Tree	
woodcut	Logs	0	2586	3006	0	1276	Tree	
woodcut	Logs	0	2589	3005	0	1276	Tree	
woodcut	Logs	0	2594	3004	0	1276	Tree	
woodcut	Logs	0	2597	3000	0	1276	Tree	
woodcut	Logs	0	2599	2990	0	1276	Tree	
woodcut	Logs	0	2599	2996	0	1276	Tree	
woodcut	Logs	0	2599	3003	0	1276	Tree	
woodcut	Logs	0	2601	3006	0	1276	Tree	
woodcut	Logs	0	2602	2994	0	1276	Tree	
woodcut	Logs	0	2602	3001	0	1276	Tree	
woodcut	Logs	0	2604	2993	0	1276	Tree	
woodcut	Logs	0	2604	2998	0	1276	Tree	
woodcut	Logs	0	2604	3003	0	1276	Tree	
woodcut	Logs	0	2607	2994	0	1276	Tree	
woodcut	Logs	0	2607	2996	0	1276	Tree	
woodcut	Logs	0	2607	3000	0	1276	Tree	
woodcut	Logs	0	2608	3002	0	1276	Tree	
woodcut	Logs	0	2611	2998	0	1276	Tree	
woodcut	Logs	0	2611	3001	0	1276	Tree	
woodcut	Logs	0	2611	3004	0	1276	Tree	
woodcut	Logs	0	2613	2995	0	1276	Tree	
woodcut	Logs	0	2613	3002	0	1276	Tree	
woodcut	Logs	0	2613	3004	0	1276	Tree	
woodcut	Logs	0	2617	2997	0	1276	Tree	
woodcut	Oak logs	15	2568	2967	0	1281	Oak	
woodcut	Oak logs	15	2601	2996	0	1281	Oak	
woodcut	Oak logs	15	2601	3003	0	1281	Oak	
woodcut	Oak logs	15	2604	2995	0	1281	Oak	
woodcut	Oak logs	15	2608	3004	0	1281	Oak	
woodcut	Oak logs	15	2617	3001	0	1281	Oak	
woodcut	Oak logs	15	2619	3004	0	1281	Oak	
woodcut	Logs	0	2561	2949	0	1286	Dead tree	
woodcut	Logs	0	2561	2953	0	1286	Dead tree	
woodcut	Logs	0	2562	2993	0	1286	Dead tree	
woodcut	Logs	0	2563	2947	0	1286	Dead tree	
woodcut	Logs	0	2563	2950	0	1286	Dead tree	
woodcut	Logs	0	2564	2992	0	1286	Dead tree	
woodcut	Logs	0	2566	2990	0	1286	Dead tree	
woodcut	Logs	0	2566	2992	0	1286	Dead tree	
woodcut	Logs	0	2567	2948	0	1286	Dead tree	
woodcut	Logs	0	2567	2998	0	1286	Dead tree	
woodcut	Logs	0	2569	2988	0	1286	Dead tree	
woodcut	Logs	0	2569	2999	0	1286	Dead tree	
woodcut	Logs	0	2570	2986	0	1286	Dead tree	
woodcut	Logs	0	2570	2993	0	1286	Dead tree	
woodcut	Logs	0	2570	2997	0	1286	Dead tree	
woodcut	Logs	0	2570	3000	0	1286	Dead tree	
woodcut	Logs	0	2571	2986	0	1286	Dead tree	
woodcut	Logs	0	2571	2987	0	1286	Dead tree	
woodcut	Logs	0	2571	3000	0	1286	Dead tree	
woodcut	Logs	0	2572	2993	0	1286	Dead tree	
woodcut	Logs	0	2572	2994	0	1286	Dead tree	
woodcut	Logs	0	2575	2994	0	1286	Dead tree	
woodcut	Logs	0	2577	2993	0	1286	Dead tree	
woodcut	Logs	0	2577	2995	0	1286	Dead tree	
woodcut	Logs	0	2578	2994	0	1286	Dead tree	
woodcut	Logs	0	2578	2996	0	1286	Dead tree	
woodcut	Logs	0	2579	2954	0	1286	Dead tree	
woodcut	Logs	0	2582	2953	0	1286	Dead tree	
woodcut	Logs	0	2582	2993	0	1286	Dead tree	
woodcut	Logs	0	2583	2957	0	1286	Dead tree	
woodcut	Logs	0	2584	2954	0	1286	Dead tree	
woodcut	Logs	0	2585	2949	0	1286	Dead tree	
woodcut	Logs	0	2586	2953	0	1286	Dead tree	
woodcut	Logs	0	2586	2954	0	1286	Dead tree	
woodcut	Logs	0	2586	2956	0	1286	Dead tree	
woodcut	Logs	0	2586	2959	0	1286	Dead tree	
woodcut	Logs	0	2587	2948	0	1286	Dead tree	
woodcut	Logs	0	2587	2960	0	1286	Dead tree	
woodcut	Logs	0	2588	2953	0	1286	Dead tree	
woodcut	Logs	0	2589	2955	0	1286	Dead tree	
woodcut	Logs	0	2589	2970	0	1286	Dead tree	
woodcut	Logs	0	2591	2953	0	1286	Dead tree	
woodcut	Logs	0	2592	2968	0	1286	Dead tree	
woodcut	Logs	0	2594	2967	0	1286	Dead tree	
woodcut	Logs	0	2594	2991	0	1286	Dead tree	
woodcut	Logs	0	2595	2962	0	1286	Dead tree	
woodcut	Logs	0	2595	2970	0	1286	Dead tree	
woodcut	Logs	0	2598	2970	0	1286	Dead tree	
woodcut	Logs	0	2599	2993	0	1286	Dead tree	
woodcut	Logs	0	2600	2963	0	1286	Dead tree	
woodcut	Logs	0	2600	2987	0	1286	Dead tree	
woodcut	Logs	0	2603	2965	0	1286	Dead tree	
woodcut	Logs	0	2604	2987	0	1286	Dead tree	
woodcut	Logs	0	2605	2952	0	1286	Dead tree	
woodcut	Logs	0	2605	3001	0	1286	Dead tree	
woodcut	Logs	0	2607	2949	0	1286	Dead tree	
woodcut	Logs	0	2607	2951	0	1286	Dead tree	
woodcut	Logs	0	2608	2976	0	1286	Dead tree	
woodcut	Logs	0	2609	2968	0	1286	Dead tree	
woodcut	Logs	0	2609	2970	0	1286	Dead tree	
woodcut	Logs	0	2610	2977	0	1286	Dead tree	
woodcut	Logs	0	2611	2968	0	1286	Dead tree	
woodcut	Logs	0	2611	2977	0	1286	Dead tree	
woodcut	Logs	0	2613	2957	0	1286	Dead tree	
woodcut	Logs	0	2613	2969	0	1286	Dead tree	
woodcut	Logs	0	2613	2970	0	1286	Dead tree	
woodcut	Logs	0	2614	2953	0	1286	Dead tree	
woodcut	Logs	0	2614	2955	0	1286	Dead tree	
woodcut	Logs	0	2615	2955	0	1286	Dead tree	
woodcut	Logs	0	2615	2958	0	1286	Dead tree	
woodcut	Logs	0	2615	2960	0	1286	Dead tree	
woodcut	Logs	0	2615	2963	0	1286	Dead tree	
woodcut	Logs	0	2615	2972	0	1286	Dead tree	
woodcut	Logs	0	2615	2975	0	1286	Dead tree	
woodcut	Logs	0	2616	2962	0	1286	Dead tree	
woodcut	Logs	0	2616	2971	0	1286	Dead tree	
woodcut	Logs	0	2617	2953	0	1286	Dead tree	
woodcut	Logs	0	2617	2964	0	1286	Dead tree	
woodcut	Logs	0	2618	2961	0	1286	Dead tree	
woodcut	Logs	0	2618	2963	0	1286	Dead tree	
woodcut	Logs	0	2618	2969	0	1286	Dead tree	
woodcut	Logs	0	2618	2973	0	1286	Dead tree	
woodcut	Logs	0	2619	2965	0	1286	Dead tree	
woodcut	Achey tree logs	0	2589	2964	0	2023	Achey Tree	
woodcut	Achey tree logs	0	2595	2958	0	2023	Achey Tree	
woodcut	Achey tree logs	0	2599	2978	0	2023	Achey Tree	
woodcut	Achey tree logs	0	2600	2975	0	2023	Achey Tree	
woodcut	Achey tree logs	0	2601	2973	0	2023	Achey Tree	
woodcut	Achey tree logs	0	2601	2977	0	2023	Achey Tree	
woodcut	Achey tree logs	0	2602	2971	0	2023	Achey Tree	
woodcut	Achey tree logs	0	2603	2958	0	2023	Achey Tree	
woodcut	Achey tree logs	0	2604	2972	0	2023	Achey Tree	
woodcut	Achey tree logs	0	2604	2979	0	2023	Achey Tree	
woodcut	Achey tree logs	0	2605	2959	0	2023	Achey Tree	
woodcut	Achey tree logs	0	2605	2982	0	2023	Achey Tree	
woodcut	Achey tree logs	0	2606	2978	0	2023	Achey Tree	
woodcut	Achey tree logs	0	2610	2974	0	2023	Achey Tree	
woodcut	Achey tree logs	0	2614	2968	0	2023	Achey Tree	
woodcut	Achey tree logs	0	2615	2953	0	2023	Achey Tree	
woodcut	Achey tree logs	0	2615	2965	0	2023	Achey Tree	
woodcut	Logs	0	2572	3066	0	1276	Tree	
woodcut	Logs	0	2572	3068	0	1276	Tree	
woodcut	Logs	0	2573	3062	0	1276	Tree	
woodcut	Logs	0	2573	3070	0	1276	Tree	
woodcut	Logs	0	2574	3065	0	1276	Tree	
woodcut	Logs	0	2575	3055	0	1276	Tree	
woodcut	Logs	0	2576	3070	0	1276	Tree	
woodcut	Logs	0	2577	3068	0	1276	Tree	
woodcut	Logs	0	2578	3058	0	1276	Tree	
woodcut	Logs	0	2578	3060	0	1276	Tree	
woodcut	Logs	0	2580	3053	0	1276	Tree	
woodcut	Logs	0	2580	3055	0	1276	Tree	
woodcut	Logs	0	2580	3061	0	1276	Tree	
woodcut	Logs	0	2582	3008	0	1276	Tree	
woodcut	Logs	0	2582	3053	0	1276	Tree	
woodcut	Logs	0	2583	3055	0	1276	Tree	
woodcut	Logs	0	2584	3060	0	1276	Tree	
woodcut	Logs	0	2585	3057	0	1276	Tree	
woodcut	Logs	0	2587	3008	0	1276	Tree	
woodcut	Logs	0	2587	3055	0	1276	Tree	
woodcut	Logs	0	2587	3065	0	1276	Tree	
woodcut	Logs	0	2591	3060	0	1276	Tree	
woodcut	Logs	0	2591	3065	0	1276	Tree	
woodcut	Logs	0	2592	3069	0	1276	Tree	
woodcut	Logs	0	2594	3060	0	1276	Tree	
woodcut	Logs	0	2595	3063	0	1276	Tree	
woodcut	Logs	0	2595	3069	0	1276	Tree	
woodcut	Logs	0	2596	3061	0	1276	Tree	
woodcut	Logs	0	2597	3067	0	1276	Tree	
woodcut	Logs	0	2597	3069	0	1276	Tree	
woodcut	Logs	0	2598	3065	0	1276	Tree	
woodcut	Logs	0	2599	3068	0	1276	Tree	
woodcut	Logs	0	2621	3009	0	1276	Tree	
woodcut	Logs	0	2562	3063	0	1278	Tree	
woodcut	Logs	0	2562	3069	0	1278	Tree	
woodcut	Logs	0	2564	3067	0	1278	Tree	
woodcut	Logs	0	2564	3069	0	1278	Tree	
woodcut	Logs	0	2565	3061	0	1278	Tree	
woodcut	Logs	0	2565	3063	0	1278	Tree	
woodcut	Logs	0	2567	3062	0	1278	Tree	
woodcut	Logs	0	2567	3067	0	1278	Tree	
woodcut	Logs	0	2568	3058	0	1278	Tree	
woodcut	Logs	0	2569	3071	0	1278	Tree	
woodcut	Logs	0	2585	3050	0	1278	Tree	
woodcut	Logs	0	2588	3060	0	1278	Tree	
woodcut	Logs	0	2590	3056	0	1278	Tree	
woodcut	Logs	0	2593	3057	0	1278	Tree	
woodcut	Logs	0	2602	3070	0	1278	Tree	
woodcut	Logs	0	2605	3070	0	1278	Tree	
woodcut	Logs	0	2607	3068	0	1278	Tree	
woodcut	Logs	0	2608	3064	0	1278	Tree	
woodcut	Logs	0	2608	3070	0	1278	Tree	
woodcut	Logs	0	2609	3068	0	1278	Tree	
woodcut	Oak logs	15	2574	3067	0	1281	Oak	
woodcut	Oak logs	15	2580	3058	0	1281	Oak	
woodcut	Oak logs	15	2592	3062	0	1281	Oak	
woodcut	Oak logs	15	2594	3066	0	1281	Oak	
woodcut	Logs	0	2562	3016	0	1286	Dead tree	
woodcut	Logs	0	2562	3042	0	1286	Dead tree	
woodcut	Logs	0	2563	3026	0	1286	Dead tree	
woodcut	Logs	0	2563	3056	0	1286	Dead tree	
woodcut	Logs	0	2563	3057	0	1286	Dead tree	
woodcut	Logs	0	2564	3017	0	1286	Dead tree	
woodcut	Logs	0	2564	3057	0	1286	Dead tree	
woodcut	Logs	0	2564	3058	0	1286	Dead tree	
woodcut	Logs	0	2565	3015	0	1286	Dead tree	
woodcut	Logs	0	2565	3046	0	1286	Dead tree	
woodcut	Logs	0	2565	3049	0	1286	Dead tree	
woodcut	Logs	0	2565	3057	0	1286	Dead tree	
woodcut	Logs	0	2566	3052	0	1286	Dead tree	
woodcut	Logs	0	2566	3054	0	1286	Dead tree	
woodcut	Logs	0	2567	3031	0	1286	Dead tree	
woodcut	Logs	0	2568	3025	0	1286	Dead tree	
woodcut	Logs	0	2568	3033	0	1286	Dead tree	
woodcut	Logs	0	2569	3026	0	1286	Dead tree	
woodcut	Logs	0	2569	3032	0	1286	Dead tree	
woodcut	Logs	0	2569	3034	0	1286	Dead tree	
woodcut	Logs	0	2571	3022	0	1286	Dead tree	
woodcut	Logs	0	2571	3038	0	1286	Dead tree	
woodcut	Logs	0	2572	3018	0	1286	Dead tree	
woodcut	Logs	0	2574	3039	0	1286	Dead tree	
woodcut	Logs	0	2575	3020	0	1286	Dead tree	
woodcut	Logs	0	2575	3036	0	1286	Dead tree	
woodcut	Logs	0	2576	3018	0	1286	Dead tree	
woodcut	Logs	0	2577	3035	0	1286	Dead tree	
woodcut	Logs	0	2577	3049	0	1286	Dead tree	
woodcut	Logs	0	2578	3035	0	1286	Dead tree	
woodcut	Logs	0	2579	3033	0	1286	Dead tree	
woodcut	Logs	0	2579	3034	0	1286	Dead tree	
woodcut	Logs	0	2580	3022	0	1286	Dead tree	
woodcut	Logs	0	2580	3026	0	1286	Dead tree	
woodcut	Logs	0	2581	3025	0	1286	Dead tree	
woodcut	Logs	0	2582	3031	0	1286	Dead tree	
woodcut	Logs	0	2583	3041	0	1286	Dead tree	
woodcut	Logs	0	2583	3045	0	1286	Dead tree	
woodcut	Logs	0	2584	3043	0	1286	Dead tree	
woodcut	Logs	0	2585	3045	0	1286	Dead tree	
woodcut	Willow logs	30	2604	3054	0	1308	Willow	
woodcut	Willow logs	30	2606	3059	0	1308	Willow	
woodcut	Willow logs	30	2607	3057	0	1308	Willow	
woodcut	Willow logs	30	2612	3064	0	1308	Willow	
woodcut	Willow logs	30	2615	3067	0	1308	Willow	
woodcut	Logs	0	2560	3080	0	1276	Tree	
woodcut	Logs	0	2560	3082	0	1276	Tree	
woodcut	Logs	0	2563	3106	0	1276	Tree	
woodcut	Logs	0	2565	3107	0	1276	Tree	
woodcut	Logs	0	2569	3106	0	1276	Tree	
woodcut	Logs	0	2571	3107	0	1276	Tree	
woodcut	Logs	0	2572	3085	0	1276	Tree	
woodcut	Logs	0	2573	3076	0	1276	Tree	
woodcut	Logs	0	2573	3081	0	1276	Tree	
woodcut	Logs	0	2573	3093	0	1276	Tree	
woodcut	Logs	0	2573	3106	0	1276	Tree	
woodcut	Logs	0	2574	3079	0	1276	Tree	
woodcut	Logs	0	2574	3103	0	1276	Tree	
woodcut	Logs	0	2576	3079	0	1276	Tree	
woodcut	Logs	0	2576	3101	0	1276	Tree	
woodcut	Logs	0	2576	3103	0	1276	Tree	
woodcut	Logs	0	2577	3086	0	1276	Tree	
woodcut	Logs	0	2578	3081	0	1276	Tree	
woodcut	Logs	0	2578	3102	0	1276	Tree	
woodcut	Logs	0	2578	3104	0	1276	Tree	
woodcut	Logs	0	2579	3085	0	1276	Tree	
woodcut	Logs	0	2579	3134	0	1276	Tree	
woodcut	Logs	0	2580	3078	0	1276	Tree	
woodcut	Logs	0	2580	3103	0	1276	Tree	
woodcut	Logs	0	2581	3106	0	1276	Tree	
woodcut	Logs	0	2583	3077	0	1276	Tree	
woodcut	Logs	0	2583	3103	0	1276	Tree	
woodcut	Logs	0	2583	3129	0	1276	Tree	
woodcut	Logs	0	2585	3101	0	1276	Tree	
woodcut	Logs	0	2585	3131	0	1276	Tree	
woodcut	Logs	0	2586	3106	0	1276	Tree	
woodcut	Logs	0	2586	3124	0	1276	Tree	
woodcut	Logs	0	2587	3077	0	1276	Tree	
woodcut	Logs	0	2588	3122	0	1276	Tree	
woodcut	Logs	0	2588	3124	0	1276	Tree	
woodcut	Logs	0	2589	3128	0	1276	Tree	
woodcut	Logs	0	2592	3115	0	1276	Tree	
woodcut	Logs	0	2593	3077	0	1276	Tree	
woodcut	Logs	0	2593	3130	0	1276	Tree	
woodcut	Logs	0	2595	3120	0	1276	Tree	
woodcut	Logs	0	2595	3128	0	1276	Tree	
woodcut	Logs	0	2596	3124	0	1276	Tree	
woodcut	Logs	0	2596	3133	0	1276	Tree	
woodcut	Logs	0	2599	3120	0	1276	Tree	
woodcut	Logs	0	2599	3123	0	1276	Tree	
woodcut	Logs	0	2601	3123	0	1276	Tree	
woodcut	Logs	0	2605	3124	0	1276	Tree	
woodcut	Logs	0	2606	3127	0	1276	Tree	
woodcut	Logs	0	2607	3125	0	1276	Tree	
woodcut	Logs	0	2611	3116	0	1276	Tree	
woodcut	Logs	0	2612	3113	0	1276	Tree	
woodcut	Logs	0	2612	3118	0	1276	Tree	
woodcut	Logs	0	2612	3123	0	1276	Tree	
woodcut	Logs	0	2612	3125	0	1276	Tree	
woodcut	Logs	0	2614	3121	0	1276	Tree	
woodcut	Logs	0	2614	3127	0	1276	Tree	
woodcut	Logs	0	2615	3116	0	1276	Tree	
woodcut	Logs	0	2616	3120	0	1276	Tree	
woodcut	Logs	0	2617	3077	0	1276	Tree	
woodcut	Logs	0	2617	3114	0	1276	Tree	
woodcut	Logs	0	2617	3125	0	1276	Tree	
woodcut	Logs	0	2617	3127	0	1276	Tree	
woodcut	Logs	0	2618	3131	0	1276	Tree	
woodcut	Logs	0	2620	3128	0	1276	Tree	
woodcut	Logs	0	2621	3109	0	1276	Tree	
woodcut	Logs	0	2621	3122	0	1276	Tree	
woodcut	Logs	0	2622	3111	0	1276	Tree	
woodcut	Logs	0	2561	3077	0	1278	Tree	
woodcut	Logs	0	2561	3134	0	1278	Tree	
woodcut	Logs	0	2581	3111	0	1278	Tree	
woodcut	Logs	0	2583	3111	0	1278	Tree	
woodcut	Logs	0	2583	3113	0	1278	Tree	
woodcut	Logs	0	2585	3112	0	1278	Tree	
woodcut	Logs	0	2593	3112	0	1278	Tree	
woodcut	Logs	0	2596	3113	0	1278	Tree	
woodcut	Logs	0	2597	3130	0	1278	Tree	
woodcut	Logs	0	2598	3113	0	1278	Tree	
woodcut	Logs	0	2598	3115	0	1278	Tree	
woodcut	Logs	0	2600	3111	0	1278	Tree	
woodcut	Logs	0	2601	3125	0	1278	Tree	
woodcut	Logs	0	2602	3133	0	1278	Tree	
woodcut	Logs	0	2610	3118	0	1278	Tree	
woodcut	Logs	0	2617	3123	0	1278	Tree	
woodcut	Logs	0	2621	3102	0	1278	Tree	
woodcut	Oak logs	15	2575	3081	0	1281	Oak	
woodcut	Oak logs	15	2575	3095	0	1281	Oak	
woodcut	Oak logs	15	2575	3105	0	1281	Oak	
woodcut	Oak logs	15	2585	3128	0	1281	Oak	
woodcut	Oak logs	15	2589	3077	0	1281	Oak	
woodcut	Oak logs	15	2593	3122	0	1281	Oak	
woodcut	Oak logs	15	2597	3127	0	1281	Oak	
woodcut	Oak logs	15	2610	3130	0	1281	Oak	
woodcut	Oak logs	15	2614	3113	0	1281	Oak	
woodcut	Oak logs	15	2614	3123	0	1281	Oak	
woodcut	Oak logs	15	2618	3120	0	1281	Oak	
woodcut	Oak logs	15	2619	3124	0	1281	Oak	
woodcut	Oak logs	15	2621	3105	0	1281	Oak	
woodcut	Logs	0	2564	3119	0	1286	Dead tree	
woodcut	Logs	0	2566	3115	0	1286	Dead tree	
woodcut	Logs	0	2567	3128	0	1286	Dead tree	
woodcut	Logs	0	2570	3127	0	1286	Dead tree	
woodcut	Logs	0	2570	3130	0	1286	Dead tree	
woodcut	Logs	0	2571	3114	0	1286	Dead tree	
woodcut	Logs	0	2574	3131	0	1286	Dead tree	
woodcut	Logs	0	2575	3128	0	1286	Dead tree	
woodcut	Logs	0	2576	3116	0	1286	Dead tree	
woodcut	Oak logs	15	2561	3192	0	1281	Oak	
woodcut	Oak logs	15	2568	3181	0	1281	Oak	
woodcut	Oak logs	15	2584	3185	0	1281	Oak	
woodcut	Oak logs	15	2619	3196	0	1281	Oak	
woodcut	Logs	0	2560	3168	0	1282	Dead tree	
woodcut	Logs	0	2562	3181	0	1282	Dead tree	
woodcut	Logs	0	2569	3156	0	1282	Dead tree	
woodcut	Logs	0	2573	3172	0	1282	Dead tree	
woodcut	Logs	0	2577	3171	0	1282	Dead tree	
woodcut	Logs	0	2578	3167	0	1282	Dead tree	
woodcut	Logs	0	2579	3139	0	1282	Dead tree	
woodcut	Logs	0	2579	3148	0	1282	Dead tree	
woodcut	Logs	0	2581	3189	0	1282	Dead tree	
woodcut	Logs	0	2583	3196	0	1282	Dead tree	
woodcut	Logs	0	2585	3157	0	1282	Dead tree	
woodcut	Logs	0	2593	3198	0	1282	Dead tree	
woodcut	Logs	0	2596	3149	0	1282	Dead tree	
woodcut	Logs	0	2601	3179	0	1282	Dead tree	
woodcut	Logs	0	2617	3184	0	1282	Dead tree	
woodcut	Logs	0	2621	3174	0	1282	Dead tree	
woodcut	Logs	0	2565	3182	0	1286	Dead tree	
woodcut	Logs	0	2587	3169	0	1286	Dead tree	
woodcut	Logs	0	2587	3190	0	1286	Dead tree	
woodcut	Logs	0	2605	3189	0	1286	Dead tree	
woodcut	Logs	0	2562	3209	0	1276	Tree	
woodcut	Logs	0	2562	3228	0	1276	Tree	
woodcut	Logs	0	2566	3207	0	1276	Tree	
woodcut	Logs	0	2571	3214	0	1276	Tree	
woodcut	Logs	0	2572	3224	0	1276	Tree	
woodcut	Logs	0	2573	3211	0	1276	Tree	
woodcut	Logs	0	2575	3232	0	1276	Tree	
woodcut	Logs	0	2576	3215	0	1276	Tree	
woodcut	Logs	0	2577	3226	0	1276	Tree	
woodcut	Logs	0	2578	3230	0	1276	Tree	
woodcut	Logs	0	2580	3223	0	1276	Tree	
woodcut	Logs	0	2581	3233	0	1276	Tree	
woodcut	Logs	0	2582	3229	0	1276	Tree	
woodcut	Logs	0	2584	3209	0	1276	Tree	
woodcut	Logs	0	2584	3255	0	1276	Tree	
woodcut	Logs	0	2585	3223	0	1276	Tree	
woodcut	Logs	0	2585	3230	0	1276	Tree	
woodcut	Logs	0	2589	3240	0	1276	Tree	
woodcut	Logs	0	2590	3223	0	1276	Tree	
woodcut	Logs	0	2594	3220	0	1276	Tree	
woodcut	Logs	0	2594	3224	0	1276	Tree	
woodcut	Logs	0	2594	3227	0	1276	Tree	
woodcut	Logs	0	2594	3231	0	1276	Tree	
woodcut	Logs	0	2594	3236	0	1276	Tree	
woodcut	Logs	0	2594	3241	0	1276	Tree	
woodcut	Logs	0	2595	3262	0	1276	Tree	
woodcut	Logs	0	2598	3227	0	1276	Tree	
woodcut	Logs	0	2603	3257	0	1276	Tree	
woodcut	Logs	0	2604	3248	0	1276	Tree	
woodcut	Logs	0	2608	3240	0	1276	Tree	
woodcut	Logs	0	2608	3261	0	1276	Tree	
woodcut	Logs	0	2609	3230	0	1276	Tree	
woodcut	Logs	0	2609	3258	0	1276	Tree	
woodcut	Logs	0	2610	3226	0	1276	Tree	
woodcut	Logs	0	2612	3221	0	1276	Tree	
woodcut	Logs	0	2612	3232	0	1276	Tree	
woodcut	Logs	0	2613	3243	0	1276	Tree	
woodcut	Logs	0	2613	3248	0	1276	Tree	
woodcut	Logs	0	2613	3252	0	1276	Tree	
woodcut	Logs	0	2614	3229	0	1276	Tree	
woodcut	Logs	0	2616	3234	0	1276	Tree	
woodcut	Logs	0	2618	3229	0	1276	Tree	
woodcut	Logs	0	2618	3247	0	1276	Tree	
woodcut	Logs	0	2619	3220	0	1276	Tree	
woodcut	Logs	0	2620	3233	0	1276	Tree	
woodcut	Logs	0	2620	3242	0	1276	Tree	
woodcut	Logs	0	2622	3250	0	1276	Tree	
woodcut	Logs	0	2622	3253	0	1276	Tree	
woodcut	Logs	0	2560	3262	0	1278	Tree	
woodcut	Logs	0	2561	3234	0	1278	Tree	
woodcut	Logs	0	2564	3220	0	1278	Tree	
woodcut	Logs	0	2564	3223	0	1278	Tree	
woodcut	Logs	0	2568	3211	0	1278	Tree	
woodcut	Logs	0	2568	3223	0	1278	Tree	
woodcut	Logs	0	2577	3220	0	1278	Tree	
woodcut	Logs	0	2578	3235	0	1278	Tree	
woodcut	Logs	0	2579	3253	0	1278	Tree	
woodcut	Logs	0	2580	3239	0	1278	Tree	
woodcut	Logs	0	2584	3214	0	1278	Tree	
woodcut	Logs	0	2584	3237	0	1278	Tree	
woodcut	Logs	0	2584	3242	0	1278	Tree	
woodcut	Logs	0	2585	3226	0	1278	Tree	
woodcut	Logs	0	2587	3217	0	1278	Tree	
woodcut	Logs	0	2589	3232	0	1278	Tree	
woodcut	Logs	0	2589	3244	0	1278	Tree	
woodcut	Logs	0	2589	3258	0	1278	Tree	
woodcut	Logs	0	2590	3220	0	1278	Tree	
woodcut	Logs	0	2590	3236	0	1278	Tree	
woodcut	Logs	0	2591	3227	0	1278	Tree	
woodcut	Logs	0	2597	3234	0	1278	Tree	
woodcut	Logs	0	2598	3238	0	1278	Tree	
woodcut	Logs	0	2601	3251	0	1278	Tree	
woodcut	Logs	0	2616	3238	0	1278	Tree	
woodcut	Logs	0	2617	3254	0	1278	Tree	
woodcut	Oak logs	15	2569	3202	0	1281	Oak	
woodcut	Oak logs	15	2569	3218	0	1281	Oak	
woodcut	Oak logs	15	2572	3207	0	1281	Oak	
woodcut	Oak logs	15	2578	3261	0	1281	Oak	
woodcut	Oak logs	15	2579	3207	0	1281	Oak	
woodcut	Oak logs	15	2582	3219	0	1281	Oak	
woodcut	Oak logs	15	2584	3203	0	1281	Oak	
woodcut	Oak logs	15	2606	3243	0	1281	Oak	
woodcut	Oak logs	15	2608	3249	0	1281	Oak	
woodcut	Oak logs	15	2609	3236	0	1281	Oak	
woodcut	Oak logs	15	2618	3258	0	1281	Oak	
woodcut	Oak logs	15	2620	3225	0	1281	Oak	
mining	Iron ore	15	2583	3235	0	2092	Rocks	
mining	Iron ore	15	2590	3230	0	2092	Rocks	
mining	Iron ore	15	2592	3234	0	2092	Rocks	
mining	Iron ore	15	2602	3233	0	2092	Rocks	
mining	Iron ore	15	2605	3235	0	2092	Rocks	
mining	Iron ore	15	2605	3237	0	2092	Rocks	
mining	Iron ore	15	2581	3231	0	2093	Rocks	
mining	Iron ore	15	2589	3229	0	2093	Rocks	
mining	Iron ore	15	2589	3238	0	2093	Rocks	
mining	Iron ore	15	2591	3232	0	2093	Rocks	
mining	Iron ore	15	2602	3234	0	2093	Rocks	
mining	Iron ore	15	2602	3236	0	2093	Rocks	
mining	Iron ore	15	2605	3233	0	2093	Rocks	
mining	Coal	30	2603	3224	0	2097	Rocks	
mining	Coal	30	2604	3223	0	2097	Rocks	
mining	Coal	30	2607	3224	0	2097	Rocks	
mining	Coal	30	2608	3223	0	2097	Rocks	
woodcut	Logs	0	2560	3295	0	1276	Tree	
woodcut	Logs	0	2599	3316	0	1276	Tree	
woodcut	Logs	0	2605	3312	0	1276	Tree	
woodcut	Logs	0	2605	3321	0	1276	Tree	
woodcut	Logs	0	2605	3327	0	1276	Tree	
woodcut	Logs	0	2560	3283	0	1278	Tree	
woodcut	Logs	0	2563	3281	0	1278	Tree	
woodcut	Logs	0	2597	3310	0	1278	Tree	
woodcut	Logs	0	2603	3314	0	1278	Tree	
woodcut	Logs	0	2603	3321	0	1278	Tree	
woodcut	Logs	0	2605	3325	0	1278	Tree	
woodcut	Oak logs	15	2561	3288	0	1281	Oak	
woodcut	Oak logs	15	2561	3325	0	1281	Oak	
woodcut	Oak logs	15	2581	3270	0	1281	Oak	
woodcut	Oak logs	15	2581	3275	0	1281	Oak	
woodcut	Oak logs	15	2583	3278	0	1281	Oak	
woodcut	Oak logs	15	2588	3314	0	1281	Oak	
woodcut	Oak logs	15	2602	3323	0	1281	Oak	
woodcut	Oak logs	15	2603	3302	0	1281	Oak	
woodcut	Oak logs	15	2604	3316	0	1281	Oak	
woodcut	Logs	0	2617	3265	0	1286	Dead tree	
woodcut	Logs	0	2621	3278	0	1286	Dead tree	
woodcut	Logs	0	2622	3264	0	1286	Dead tree	
woodcut	Logs	0	2623	3267	0	1286	Dead tree	
woodcut	Logs	0	2623	3271	0	1286	Dead tree	
woodcut	Logs	0	2623	3274	0	1286	Dead tree	
woodcut	Logs	0	2623	3276	0	1286	Dead tree	
woodcut	Willow logs	30	2595	3311	0	1308	Willow	
woodcut	Willow logs	30	2597	3324	0	1308	Willow	
woodcut	Willow logs	30	2601	3319	0	1308	Willow	
woodcut	Logs	0	2563	3385	0	1276	Tree	
woodcut	Logs	0	2565	3380	0	1276	Tree	
woodcut	Logs	0	2574	3377	0	1276	Tree	
woodcut	Logs	0	2570	3375	0	1278	Tree	
woodcut	Logs	0	2572	3379	0	1278	Tree	
woodcut	Logs	0	2592	3345	0	1278	Tree	
woodcut	Logs	0	2604	3346	0	1278	Tree	
woodcut	Logs	0	2607	3343	0	1278	Tree	
woodcut	Logs	0	2611	3351	0	1278	Tree	
woodcut	Oak logs	15	2563	3344	0	1281	Oak	
woodcut	Oak logs	15	2565	3339	0	1281	Oak	
woodcut	Oak logs	15	2568	3342	0	1281	Oak	
woodcut	Oak logs	15	2573	3344	0	1281	Oak	
woodcut	Oak logs	15	2576	3351	0	1281	Oak	
woodcut	Oak logs	15	2580	3378	0	1281	Oak	
woodcut	Oak logs	15	2587	3350	0	1281	Oak	
woodcut	Oak logs	15	2604	3338	0	1281	Oak	
woodcut	Oak logs	15	2607	3346	0	1281	Oak	
woodcut	Logs	0	2561	3348	0	1282	Dead tree	
woodcut	Logs	0	2564	3363	0	1282	Dead tree	
woodcut	Logs	0	2565	3352	0	1282	Dead tree	
woodcut	Logs	0	2567	3358	0	1282	Dead tree	
woodcut	Logs	0	2560	3350	0	1286	Dead tree	
woodcut	Logs	0	2560	3351	0	1286	Dead tree	
woodcut	Logs	0	2560	3360	0	1286	Dead tree	
woodcut	Logs	0	2560	3363	0	1286	Dead tree	
woodcut	Logs	0	2561	3363	0	1286	Dead tree	
woodcut	Logs	0	2562	3352	0	1286	Dead tree	
woodcut	Logs	0	2562	3359	0	1286	Dead tree	
woodcut	Logs	0	2564	3351	0	1286	Dead tree	
woodcut	Logs	0	2564	3360	0	1286	Dead tree	
woodcut	Logs	0	2565	3354	0	1286	Dead tree	
woodcut	Logs	0	2566	3361	0	1286	Dead tree	
woodcut	Logs	0	2567	3350	0	1286	Dead tree	
woodcut	Logs	0	2567	3353	0	1286	Dead tree	
woodcut	Logs	0	2567	3357	0	1286	Dead tree	
woodcut	Logs	0	2568	3354	0	1286	Dead tree	
woodcut	Logs	0	2569	3357	0	1286	Dead tree	
woodcut	Logs	0	2570	3354	0	1286	Dead tree	
woodcut	Logs	0	2571	3351	0	1286	Dead tree	
woodcut	Willow logs	30	2562	3370	0	1308	Willow	
woodcut	Willow logs	30	2577	3365	0	1308	Willow	
woodcut	Willow logs	30	2578	3358	0	1308	Willow	
woodcut	Logs	0	2560	3411	0	1276	Tree	
woodcut	Logs	0	2560	3437	0	1276	Tree	
woodcut	Logs	0	2560	3451	0	1276	Tree	
woodcut	Logs	0	2561	3406	0	1276	Tree	
woodcut	Logs	0	2561	3415	0	1276	Tree	
woodcut	Logs	0	2561	3433	0	1276	Tree	
woodcut	Logs	0	2562	3453	0	1276	Tree	
woodcut	Logs	0	2563	3428	0	1276	Tree	
woodcut	Logs	0	2563	3448	0	1276	Tree	
woodcut	Logs	0	2564	3402	0	1276	Tree	
woodcut	Logs	0	2564	3411	0	1276	Tree	
woodcut	Logs	0	2564	3413	0	1276	Tree	
woodcut	Logs	0	2565	3431	0	1276	Tree	
woodcut	Logs	0	2565	3451	0	1276	Tree	
woodcut	Logs	0	2566	3400	0	1276	Tree	
woodcut	Logs	0	2566	3433	0	1276	Tree	
woodcut	Logs	0	2567	3404	0	1276	Tree	
woodcut	Logs	0	2567	3448	0	1276	Tree	
woodcut	Logs	0	2569	3427	0	1276	Tree	
woodcut	Logs	0	2570	3416	0	1276	Tree	
woodcut	Logs	0	2570	3435	0	1276	Tree	
woodcut	Logs	0	2570	3451	0	1276	Tree	
woodcut	Logs	0	2572	3447	0	1276	Tree	
woodcut	Logs	0	2572	3452	0	1276	Tree	
woodcut	Logs	0	2573	3418	0	1276	Tree	
woodcut	Logs	0	2573	3428	0	1276	Tree	
woodcut	Logs	0	2573	3433	0	1276	Tree	
woodcut	Logs	0	2575	3416	0	1276	Tree	
woodcut	Logs	0	2575	3420	0	1276	Tree	
woodcut	Logs	0	2575	3429	0	1276	Tree	
woodcut	Logs	0	2576	3418	0	1276	Tree	
woodcut	Logs	0	2576	3441	0	1276	Tree	
woodcut	Logs	0	2577	3435	0	1276	Tree	
woodcut	Logs	0	2577	3445	0	1276	Tree	
woodcut	Logs	0	2578	3429	0	1276	Tree	
woodcut	Logs	0	2578	3441	0	1276	Tree	
woodcut	Logs	0	2578	3452	0	1276	Tree	
woodcut	Logs	0	2580	3422	0	1276	Tree	
woodcut	Logs	0	2580	3427	0	1276	Tree	
woodcut	Logs	0	2580	3436	0	1276	Tree	
woodcut	Logs	0	2580	3438	0	1276	Tree	
woodcut	Logs	0	2580	3450	0	1276	Tree	
woodcut	Logs	0	2581	3412	0	1276	Tree	
woodcut	Logs	0	2582	3431	0	1276	Tree	
woodcut	Logs	0	2583	3441	0	1276	Tree	
woodcut	Logs	0	2616	3399	0	1276	Tree	
woodcut	Logs	0	2619	3398	0	1276	Tree	
woodcut	Logs	0	2560	3404	0	1278	Tree	
woodcut	Logs	0	2560	3413	0	1278	Tree	
woodcut	Logs	0	2561	3418	0	1278	Tree	
woodcut	Logs	0	2562	3410	0	1278	Tree	
woodcut	Logs	0	2562	3413	0	1278	Tree	
woodcut	Logs	0	2562	3421	0	1278	Tree	
woodcut	Logs	0	2564	3420	0	1278	Tree	
woodcut	Logs	0	2564	3422	0	1278	Tree	
woodcut	Logs	0	2565	3407	0	1278	Tree	
woodcut	Logs	0	2565	3416	0	1278	Tree	
woodcut	Logs	0	2569	3407	0	1278	Tree	
woodcut	Logs	0	2569	3422	0	1278	Tree	
woodcut	Logs	0	2571	3413	0	1278	Tree	
woodcut	Logs	0	2572	3401	0	1278	Tree	
woodcut	Logs	0	2575	3407	0	1278	Tree	
woodcut	Logs	0	2575	3425	0	1278	Tree	
woodcut	Logs	0	2576	3394	0	1278	Tree	
woodcut	Logs	0	2577	3406	0	1278	Tree	
woodcut	Logs	0	2577	3408	0	1278	Tree	
woodcut	Logs	0	2578	3404	0	1278	Tree	
woodcut	Logs	0	2579	3406	0	1278	Tree	
woodcut	Logs	0	2579	3408	0	1278	Tree	
woodcut	Logs	0	2580	3396	0	1278	Tree	
woodcut	Logs	0	2582	3405	0	1278	Tree	
woodcut	Logs	0	2584	3394	0	1278	Tree	
woodcut	Logs	0	2586	3393	0	1278	Tree	
woodcut	Logs	0	2586	3395	0	1278	Tree	
woodcut	Logs	0	2586	3400	0	1278	Tree	
woodcut	Logs	0	2589	3394	0	1278	Tree	
woodcut	Oak logs	15	2562	3430	0	1281	Oak	
woodcut	Oak logs	15	2562	3450	0	1281	Oak	
woodcut	Oak logs	15	2563	3433	0	1281	Oak	
woodcut	Oak logs	15	2564	3404	0	1281	Oak	
woodcut	Oak logs	15	2569	3448	0	1281	Oak	
woodcut	Oak logs	15	2572	3430	0	1281	Oak	
woodcut	Oak logs	15	2572	3449	0	1281	Oak	
woodcut	Oak logs	15	2575	3431	0	1281	Oak	
woodcut	Oak logs	15	2577	3438	0	1281	Oak	
woodcut	Oak logs	15	2577	3449	0	1281	Oak	
woodcut	Oak logs	15	2579	3445	0	1281	Oak	
woodcut	Oak logs	15	2580	3440	0	1281	Oak	
woodcut	Logs	0	2560	3468	0	1276	Tree	
woodcut	Logs	0	2561	3472	0	1276	Tree	
woodcut	Logs	0	2561	3474	0	1276	Tree	
woodcut	Logs	0	2562	3456	0	1276	Tree	
woodcut	Logs	0	2562	3462	0	1276	Tree	
woodcut	Logs	0	2562	3480	0	1276	Tree	
woodcut	Logs	0	2563	3472	0	1276	Tree	
woodcut	Logs	0	2563	3474	0	1276	Tree	
woodcut	Logs	0	2564	3466	0	1276	Tree	
woodcut	Logs	0	2565	3464	0	1276	Tree	
woodcut	Logs	0	2565	3470	0	1276	Tree	
woodcut	Logs	0	2566	3462	0	1276	Tree	
woodcut	Logs	0	2567	3464	0	1276	Tree	
woodcut	Logs	0	2567	3476	0	1276	Tree	
woodcut	Logs	0	2569	3466	0	1276	Tree	
woodcut	Logs	0	2569	3470	0	1276	Tree	
woodcut	Logs	0	2572	3457	0	1276	Tree	
woodcut	Logs	0	2573	3466	0	1276	Tree	
woodcut	Logs	0	2588	3470	0	1276	Tree	
woodcut	Logs	0	2591	3473	0	1276	Tree	
woodcut	Logs	0	2594	3480	0	1276	Tree	
woodcut	Logs	0	2605	3480	0	1276	Tree	
woodcut	Logs	0	2606	3484	0	1276	Tree	
woodcut	Logs	0	2606	3494	0	1276	Tree	
woodcut	Logs	0	2608	3482	0	1276	Tree	
woodcut	Logs	0	2610	3493	0	1276	Tree	
woodcut	Logs	0	2612	3498	0	1276	Tree	
woodcut	Logs	0	2616	3470	0	1276	Tree	
woodcut	Logs	0	2616	3482	0	1276	Tree	
woodcut	Logs	0	2618	3485	0	1276	Tree	
woodcut	Logs	0	2618	3488	0	1276	Tree	
woodcut	Logs	0	2619	3469	0	1276	Tree	
woodcut	Logs	0	2619	3477	0	1276	Tree	
woodcut	Logs	0	2619	3483	0	1276	Tree	
woodcut	Logs	0	2619	3501	0	1276	Tree	
woodcut	Logs	0	2621	3466	0	1276	Tree	
woodcut	Logs	0	2621	3479	0	1276	Tree	
woodcut	Logs	0	2621	3489	0	1276	Tree	
woodcut	Logs	0	2621	3494	0	1276	Tree	
woodcut	Logs	0	2621	3498	0	1276	Tree	
woodcut	Logs	0	2622	3474	0	1276	Tree	
woodcut	Logs	0	2622	3485	0	1276	Tree	
woodcut	Logs	0	2622	3504	0	1276	Tree	
woodcut	Oak logs	15	2562	3469	0	1281	Oak	
woodcut	Oak logs	15	2566	3466	0	1281	Oak	
woodcut	Oak logs	15	2605	3477	0	1281	Oak	
woodcut	Oak logs	15	2618	3471	0	1281	Oak	
woodcut	Oak logs	15	2618	3479	0	1281	Oak	
woodcut	Oak logs	15	2620	3491	0	1281	Oak	
woodcut	Oak logs	15	2621	3476	0	1281	Oak	
woodcut	Logs	0	2569	3482	0	1286	Dead tree	
woodcut	Logs	0	2570	3474	0	1286	Dead tree	
woodcut	Logs	0	2570	3479	0	1286	Dead tree	
woodcut	Logs	0	2571	3477	0	1286	Dead tree	
woodcut	Logs	0	2573	3474	0	1286	Dead tree	
woodcut	Logs	0	2573	3476	0	1286	Dead tree	
woodcut	Logs	0	2575	3463	0	1286	Dead tree	
woodcut	Logs	0	2575	3470	0	1286	Dead tree	
woodcut	Logs	0	2577	3458	0	1286	Dead tree	
woodcut	Logs	0	2577	3474	0	1286	Dead tree	
woodcut	Logs	0	2578	3465	0	1286	Dead tree	
woodcut	Logs	0	2578	3472	0	1286	Dead tree	
woodcut	Logs	0	2579	3480	0	1286	Dead tree	
woodcut	Logs	0	2580	3468	0	1286	Dead tree	
woodcut	Logs	0	2582	3477	0	1286	Dead tree	
woodcut	Logs	0	2582	3482	0	1286	Dead tree	
woodcut	Logs	0	2582	3487	0	1286	Dead tree	
woodcut	Logs	0	2583	3470	0	1286	Dead tree	
woodcut	Logs	0	2585	3492	0	1286	Dead tree	
woodcut	Logs	0	2587	3487	0	1286	Dead tree	
woodcut	Logs	0	2588	3475	0	1286	Dead tree	
woodcut	Logs	0	2590	3472	0	1286	Dead tree	
woodcut	Logs	0	2591	3482	0	1286	Dead tree	
woodcut	Logs	0	2591	3485	0	1286	Dead tree	
woodcut	Logs	0	2592	3482	0	1286	Dead tree	
woodcut	Logs	0	2593	3478	0	1286	Dead tree	
woodcut	Logs	0	2594	3487	0	1286	Dead tree	
woodcut	Logs	0	2595	3473	0	1286	Dead tree	
woodcut	Logs	0	2596	3476	0	1286	Dead tree	
woodcut	Logs	0	2597	3474	0	1286	Dead tree	
woodcut	Logs	0	2597	3476	0	1286	Dead tree	
woodcut	Logs	0	2598	3474	0	1286	Dead tree	
woodcut	Willow logs	30	2565	3512	0	1308	Willow	
woodcut	Willow logs	30	2567	3511	0	1308	Willow	
woodcut	Willow logs	30	2572	3494	0	1308	Willow	
woodcut	Willow logs	30	2574	3498	0	1308	Willow	
woodcut	Willow logs	30	2577	3497	0	1308	Willow	
woodcut	Willow logs	30	2577	3499	0	1308	Willow	
woodcut	Willow logs	30	2579	3498	0	1308	Willow	
woodcut	Willow logs	30	2579	3503	0	1308	Willow	
woodcut	Willow logs	30	2584	3501	0	1308	Willow	
woodcut	Willow logs	30	2586	3495	0	1308	Willow	
woodcut	Willow logs	30	2586	3503	0	1308	Willow	
woodcut	Willow logs	30	2588	3496	0	1308	Willow	
woodcut	Willow logs	30	2589	3501	0	1308	Willow	
woodcut	Willow logs	30	2592	3498	0	1308	Willow	
woodcut	Willow logs	30	2603	3499	0	1308	Willow	
woodcut	Willow logs	30	2605	3498	0	1308	Willow	
woodcut	Willow logs	30	2605	3502	0	1308	Willow	
woodcut	Willow logs	30	2608	3503	0	1308	Willow	
woodcut	Willow logs	30	2608	3505	0	1308	Willow	
woodcut	Willow logs	30	2610	3504	0	1308	Willow	
woodcut	Willow logs	30	2610	3506	0	1308	Willow	
mining	Coal	30	2574	3480	0	2096	Rocks	
mining	Coal	30	2575	3479	0	2096	Rocks	
mining	Coal	30	2575	3481	0	2096	Rocks	
mining	Coal	30	2576	3478	0	2096	Rocks	
mining	Coal	30	2576	3482	0	2096	Rocks	
mining	Coal	30	2578	3484	0	2096	Rocks	
mining	Coal	30	2580	3484	0	2096	Rocks	
mining	Coal	30	2582	3479	0	2096	Rocks	
mining	Coal	30	2583	3485	0	2096	Rocks	
mining	Coal	30	2585	3475	0	2096	Rocks	
mining	Coal	30	2585	3483	0	2096	Rocks	
mining	Coal	30	2586	3483	0	2096	Rocks	
mining	Coal	30	2588	3481	0	2096	Rocks	
mining	Coal	30	2588	3482	0	2096	Rocks	
mining	Coal	30	2590	3476	0	2096	Rocks	
mining	Coal	30	2579	3484	0	2097	Rocks	
mining	Coal	30	2579	3485	0	2097	Rocks	
mining	Coal	30	2581	3474	0	2097	Rocks	
woodcut	Logs	0	2571	3604	0	1276	Tree	
woodcut	Logs	0	2580	3607	0	1276	Tree	
woodcut	Logs	0	2612	3623	0	1276	Tree	
woodcut	Logs	0	2616	3634	0	1276	Tree	
woodcut	Logs	0	2620	3613	0	1276	Tree	
woodcut	Logs	0	2622	3623	0	1276	Tree	
woodcut	Logs	0	2563	3616	0	1278	Tree	
woodcut	Logs	0	2582	3603	0	1278	Tree	
woodcut	Logs	0	2589	3604	0	1278	Tree	
woodcut	Logs	0	2613	3627	0	1278	Tree	
woodcut	Logs	0	2616	3626	0	1278	Tree	
woodcut	Logs	0	2621	3620	0	1278	Tree	
woodcut	Oak logs	15	2619	3616	0	1281	Oak	
woodcut	Oak logs	15	2620	3625	0	1281	Oak	
woodcut	Logs	0	2612	3644	0	1286	Dead tree	
woodcut	Logs	0	2614	3638	0	1286	Dead tree	
woodcut	Logs	0	2621	3608	0	1286	Dead tree	
woodcut	Logs	0	2622	3630	0	1286	Dead tree	
woodcut	Maple logs	45	2592	3593	0	1307	Maple tree	
woodcut	Logs	0	2619	3630	0	1383	Dead tree	
woodcut	Logs	0	2623	3633	0	1383	Dead tree	
woodcut	Logs	0	2562	4835	0	1282	Dead tree	
woodcut	Logs	0	2562	4849	0	1282	Dead tree	
woodcut	Logs	0	2563	4847	0	1282	Dead tree	
woodcut	Logs	0	2564	4839	0	1282	Dead tree	
woodcut	Logs	0	2565	4819	0	1282	Dead tree	
woodcut	Logs	0	2565	4838	0	1282	Dead tree	
woodcut	Logs	0	2572	4828	0	1282	Dead tree	
woodcut	Logs	0	2573	4841	0	1282	Dead tree	
woodcut	Logs	0	2574	4830	0	1282	Dead tree	
woodcut	Logs	0	2574	4836	0	1282	Dead tree	
woodcut	Logs	0	2574	4837	0	1282	Dead tree	
woodcut	Logs	0	2574	4838	0	1282	Dead tree	
woodcut	Logs	0	2574	4842	0	1282	Dead tree	
woodcut	Logs	0	2574	4843	0	1282	Dead tree	
woodcut	Logs	0	2575	4830	0	1282	Dead tree	
woodcut	Logs	0	2575	4836	0	1282	Dead tree	
woodcut	Logs	0	2575	4838	0	1282	Dead tree	
woodcut	Logs	0	2575	4839	0	1282	Dead tree	
woodcut	Logs	0	2578	4818	0	1282	Dead tree	
woodcut	Logs	0	2581	4816	0	1282	Dead tree	
woodcut	Logs	0	2581	4847	0	1282	Dead tree	
woodcut	Logs	0	2582	4815	0	1282	Dead tree	
woodcut	Logs	0	2582	4816	0	1282	Dead tree	
woodcut	Logs	0	2582	4830	0	1282	Dead tree	
woodcut	Logs	0	2583	4815	0	1282	Dead tree	
woodcut	Logs	0	2584	4829	0	1282	Dead tree	
woodcut	Logs	0	2585	4818	0	1282	Dead tree	
woodcut	Logs	0	2585	4830	0	1282	Dead tree	
woodcut	Logs	0	2585	4860	0	1282	Dead tree	
woodcut	Logs	0	2586	4861	0	1282	Dead tree	
woodcut	Logs	0	2587	4860	0	1282	Dead tree	
woodcut	Logs	0	2591	4828	0	1282	Dead tree	
woodcut	Logs	0	2592	4828	0	1282	Dead tree	
woodcut	Logs	0	2593	4827	0	1282	Dead tree	
woodcut	Logs	0	2593	4841	0	1282	Dead tree	
woodcut	Logs	0	2594	4812	0	1282	Dead tree	
woodcut	Logs	0	2594	4842	0	1282	Dead tree	
woodcut	Logs	0	2594	4857	0	1282	Dead tree	
woodcut	Logs	0	2595	4837	0	1282	Dead tree	
woodcut	Logs	0	2596	4812	0	1282	Dead tree	
woodcut	Logs	0	2596	4813	0	1282	Dead tree	
woodcut	Logs	0	2596	4856	0	1282	Dead tree	
woodcut	Logs	0	2597	4812	0	1282	Dead tree	
woodcut	Logs	0	2598	4855	0	1282	Dead tree	
woodcut	Logs	0	2598	4856	0	1282	Dead tree	
woodcut	Logs	0	2600	4855	0	1282	Dead tree	
woodcut	Logs	0	2602	4856	0	1282	Dead tree	
woodcut	Logs	0	2603	4855	0	1282	Dead tree	
woodcut	Logs	0	2604	4834	0	1282	Dead tree	
woodcut	Logs	0	2605	4816	0	1282	Dead tree	
woodcut	Logs	0	2605	4834	0	1282	Dead tree	
woodcut	Logs	0	2606	4845	0	1282	Dead tree	
woodcut	Logs	0	2607	4846	0	1282	Dead tree	
woodcut	Logs	0	2608	4826	0	1282	Dead tree	
woodcut	Logs	0	2610	4827	0	1282	Dead tree	
woodcut	Logs	0	2611	4838	0	1282	Dead tree	
woodcut	Logs	0	2613	4839	0	1282	Dead tree	
woodcut	Logs	0	2616	4844	0	1282	Dead tree	
woodcut	Logs	0	2560	4835	0	1289	Dead tree	
woodcut	Logs	0	2560	4853	0	1289	Dead tree	
woodcut	Logs	0	2561	4833	0	1289	Dead tree	
woodcut	Logs	0	2561	4848	0	1289	Dead tree	
woodcut	Logs	0	2562	4851	0	1289	Dead tree	
woodcut	Logs	0	2563	4842	0	1289	Dead tree	
woodcut	Logs	0	2564	4817	0	1289	Dead tree	
woodcut	Logs	0	2564	4821	0	1289	Dead tree	
woodcut	Logs	0	2564	4833	0	1289	Dead tree	
woodcut	Logs	0	2564	4838	0	1289	Dead tree	
woodcut	Logs	0	2564	4848	0	1289	Dead tree	
woodcut	Logs	0	2565	4835	0	1289	Dead tree	
woodcut	Logs	0	2565	4841	0	1289	Dead tree	
woodcut	Logs	0	2566	4810	0	1289	Dead tree	
woodcut	Logs	0	2566	4812	0	1289	Dead tree	
woodcut	Logs	0	2566	4822	0	1289	Dead tree	
woodcut	Logs	0	2566	4838	0	1289	Dead tree	
woodcut	Logs	0	2566	4858	0	1289	Dead tree	
woodcut	Logs	0	2567	4814	0	1289	Dead tree	
woodcut	Logs	0	2567	4860	0	1289	Dead tree	
woodcut	Logs	0	2568	4818	0	1289	Dead tree	
woodcut	Logs	0	2568	4820	0	1289	Dead tree	
woodcut	Logs	0	2571	4813	0	1289	Dead tree	
woodcut	Logs	0	2571	4829	0	1289	Dead tree	
woodcut	Logs	0	2571	4831	0	1289	Dead tree	
woodcut	Logs	0	2571	4851	0	1289	Dead tree	
woodcut	Logs	0	2572	4811	0	1289	Dead tree	
woodcut	Logs	0	2572	4813	0	1289	Dead tree	
woodcut	Logs	0	2572	4832	0	1289	Dead tree	
woodcut	Logs	0	2572	4859	0	1289	Dead tree	
woodcut	Logs	0	2573	4814	0	1289	Dead tree	
woodcut	Logs	0	2573	4832	0	1289	Dead tree	
woodcut	Logs	0	2573	4853	0	1289	Dead tree	
woodcut	Logs	0	2574	4826	0	1289	Dead tree	
woodcut	Logs	0	2574	4829	0	1289	Dead tree	
woodcut	Logs	0	2574	4861	0	1289	Dead tree	
woodcut	Logs	0	2575	4819	0	1289	Dead tree	
woodcut	Logs	0	2576	4817	0	1289	Dead tree	
woodcut	Logs	0	2576	4829	0	1289	Dead tree	
woodcut	Logs	0	2576	4851	0	1289	Dead tree	
woodcut	Logs	0	2577	4821	0	1289	Dead tree	
woodcut	Logs	0	2579	4809	0	1289	Dead tree	
woodcut	Logs	0	2579	4810	0	1289	Dead tree	
woodcut	Logs	0	2579	4856	0	1289	Dead tree	
woodcut	Logs	0	2580	4808	0	1289	Dead tree	
woodcut	Logs	0	2580	4857	0	1289	Dead tree	
woodcut	Logs	0	2580	4858	0	1289	Dead tree	
woodcut	Logs	0	2581	4810	0	1289	Dead tree	
woodcut	Logs	0	2582	4819	0	1289	Dead tree	
woodcut	Logs	0	2583	4813	0	1289	Dead tree	
woodcut	Logs	0	2583	4818	0	1289	Dead tree	
woodcut	Logs	0	2583	4852	0	1289	Dead tree	
woodcut	Logs	0	2584	4848	0	1289	Dead tree	
woodcut	Logs	0	2584	4862	0	1289	Dead tree	
woodcut	Logs	0	2585	4820	0	1289	Dead tree	
woodcut	Logs	0	2586	4813	0	1289	Dead tree	
woodcut	Logs	0	2586	4849	0	1289	Dead tree	
woodcut	Logs	0	2586	4859	0	1289	Dead tree	
woodcut	Logs	0	2587	4847	0	1289	Dead tree	
woodcut	Logs	0	2587	4849	0	1289	Dead tree	
woodcut	Logs	0	2588	4814	0	1289	Dead tree	
woodcut	Logs	0	2588	4829	0	1289	Dead tree	
woodcut	Logs	0	2588	4846	0	1289	Dead tree	
woodcut	Logs	0	2588	4861	0	1289	Dead tree	
woodcut	Logs	0	2589	4812	0	1289	Dead tree	
woodcut	Logs	0	2589	4848	0	1289	Dead tree	
woodcut	Logs	0	2590	4827	0	1289	Dead tree	
woodcut	Logs	0	2591	4812	0	1289	Dead tree	
woodcut	Logs	0	2592	4826	0	1289	Dead tree	
woodcut	Logs	0	2592	4832	0	1289	Dead tree	
woodcut	Logs	0	2592	4838	0	1289	Dead tree	
woodcut	Logs	0	2592	4857	0	1289	Dead tree	
woodcut	Logs	0	2593	4830	0	1289	Dead tree	
woodcut	Logs	0	2593	4839	0	1289	Dead tree	
woodcut	Logs	0	2593	4844	0	1289	Dead tree	
woodcut	Logs	0	2594	4814	0	1289	Dead tree	
woodcut	Logs	0	2594	4829	0	1289	Dead tree	
woodcut	Logs	0	2594	4837	0	1289	Dead tree	
woodcut	Logs	0	2594	4845	0	1289	Dead tree	
woodcut	Logs	0	2594	4858	0	1289	Dead tree	
woodcut	Logs	0	2595	4811	0	1289	Dead tree	
woodcut	Logs	0	2595	4830	0	1289	Dead tree	
woodcut	Logs	0	2595	4839	0	1289	Dead tree	
woodcut	Logs	0	2595	4840	0	1289	Dead tree	
woodcut	Logs	0	2595	4855	0	1289	Dead tree	
woodcut	Logs	0	2595	4859	0	1289	Dead tree	
woodcut	Logs	0	2596	4853	0	1289	Dead tree	
woodcut	Logs	0	2597	4815	0	1289	Dead tree	
woodcut	Logs	0	2598	4860	0	1289	Dead tree	
woodcut	Logs	0	2599	4812	0	1289	Dead tree	
woodcut	Logs	0	2599	4814	0	1289	Dead tree	
woodcut	Logs	0	2599	4821	0	1289	Dead tree	
woodcut	Logs	0	2599	4856	0	1289	Dead tree	
woodcut	Logs	0	2601	4820	0	1289	Dead tree	
woodcut	Logs	0	2601	4822	0	1289	Dead tree	
woodcut	Logs	0	2603	4817	0	1289	Dead tree	
woodcut	Logs	0	2603	4824	0	1289	Dead tree	
woodcut	Logs	0	2603	4830	0	1289	Dead tree	
woodcut	Logs	0	2603	4833	0	1289	Dead tree	
woodcut	Logs	0	2603	4836	0	1289	Dead tree	
woodcut	Logs	0	2603	4857	0	1289	Dead tree	
woodcut	Logs	0	2604	4815	0	1289	Dead tree	
woodcut	Logs	0	2604	4831	0	1289	Dead tree	
woodcut	Logs	0	2604	4844	0	1289	Dead tree	
woodcut	Logs	0	2605	4826	0	1289	Dead tree	
woodcut	Logs	0	2605	4836	0	1289	Dead tree	
woodcut	Logs	0	2605	4848	0	1289	Dead tree	
woodcut	Logs	0	2605	4854	0	1289	Dead tree	
woodcut	Logs	0	2606	4833	0	1289	Dead tree	
woodcut	Logs	0	2606	4842	0	1289	Dead tree	
woodcut	Logs	0	2606	4856	0	1289	Dead tree	
woodcut	Logs	0	2607	4818	0	1289	Dead tree	
woodcut	Logs	0	2607	4844	0	1289	Dead tree	
woodcut	Logs	0	2608	4827	0	1289	Dead tree	
woodcut	Logs	0	2608	4845	0	1289	Dead tree	
woodcut	Logs	0	2608	4848	0	1289	Dead tree	
woodcut	Logs	0	2608	4850	0	1289	Dead tree	
woodcut	Logs	0	2609	4819	0	1289	Dead tree	
woodcut	Logs	0	2610	4821	0	1289	Dead tree	
woodcut	Logs	0	2610	4828	0	1289	Dead tree	
woodcut	Logs	0	2610	4830	0	1289	Dead tree	
woodcut	Logs	0	2611	4820	0	1289	Dead tree	
woodcut	Logs	0	2612	4820	0	1289	Dead tree	
woodcut	Logs	0	2612	4827	0	1289	Dead tree	
woodcut	Logs	0	2612	4831	0	1289	Dead tree	
woodcut	Logs	0	2612	4837	0	1289	Dead tree	
woodcut	Logs	0	2612	4839	0	1289	Dead tree	
woodcut	Logs	0	2613	4829	0	1289	Dead tree	
woodcut	Logs	0	2613	4841	0	1289	Dead tree	
woodcut	Logs	0	2614	4846	0	1289	Dead tree	
woodcut	Logs	0	2615	4839	0	1289	Dead tree	
woodcut	Logs	0	2616	4845	0	1289	Dead tree	
woodcut	Logs	0	2616	4847	0	1289	Dead tree	
woodcut	Logs	0	2617	4846	0	1289	Dead tree	
woodcut	Logs	0	2618	4845	0	1289	Dead tree	
mining	Iron ore	15	2667	9681	0	2092	Rocks	
mining	Iron ore	15	2672	9685	0	2092	Rocks	
mining	Iron ore	15	2673	9680	0	2092	Rocks	
mining	Iron ore	15	2667	9680	0	2093	Rocks	
mining	Iron ore	15	2669	9684	0	2093	Rocks	
mining	Coal	30	2673	9681	0	2096	Rocks	
mining	Coal	30	2667	9682	0	2097	Rocks	
mining	Coal	30	2668	9683	0	2097	Rocks	
mining	Coal	30	2675	9677	0	2097	Rocks	
mining	Coal	30	2676	9678	0	2097	Rocks	
woodcut	Logs	0	2624	2996	0	1286	Dead tree	
woodcut	Logs	0	2625	2992	0	1286	Dead tree	
woodcut	Logs	0	2628	3001	0	1286	Dead tree	
woodcut	Logs	0	2637	3001	0	1286	Dead tree	
woodcut	Logs	0	2638	2994	0	1286	Dead tree	
woodcut	Willow logs	30	2647	2952	0	1308	Willow	
woodcut	Willow logs	30	2648	2954	0	1308	Willow	
woodcut	Willow logs	30	2649	2997	0	1308	Willow	
woodcut	Willow logs	30	2650	2954	0	1308	Willow	
woodcut	Willow logs	30	2652	2960	0	1308	Willow	
woodcut	Achey tree logs	0	2624	2948	0	2023	Achey Tree	
woodcut	Achey tree logs	0	2625	2950	0	2023	Achey Tree	
woodcut	Achey tree logs	0	2625	2959	0	2023	Achey Tree	
woodcut	Achey tree logs	0	2625	2972	0	2023	Achey Tree	
woodcut	Achey tree logs	0	2625	2977	0	2023	Achey Tree	
woodcut	Achey tree logs	0	2626	2974	0	2023	Achey Tree	
woodcut	Achey tree logs	0	2629	2955	0	2023	Achey Tree	
woodcut	Logs	0	2627	3112	0	1276	Tree	
woodcut	Logs	0	2624	3086	0	1278	Tree	
woodcut	Logs	0	2624	3099	0	1278	Tree	
woodcut	Logs	0	2629	3104	0	1278	Tree	
woodcut	Oak logs	15	2625	3107	0	1281	Oak	
woodcut	Oak logs	15	2629	3080	0	1281	Oak	
woodcut	Oak logs	15	2630	3118	0	1281	Oak	
mining	Coal	30	2626	3131	0	2096	Rocks	
woodcut	Logs	0	2625	3194	0	1276	Tree	
woodcut	Logs	0	2631	3198	0	1276	Tree	
woodcut	Oak logs	15	2626	3199	0	1281	Oak	
woodcut	Logs	0	2645	3162	0	1282	Dead tree	
woodcut	Logs	0	2649	3155	0	1282	Dead tree	
woodcut	Logs	0	2624	3171	0	1286	Dead tree	
woodcut	Logs	0	2624	3177	0	1286	Dead tree	
woodcut	Logs	0	2626	3154	0	1286	Dead tree	
woodcut	Logs	0	2627	3180	0	1286	Dead tree	
woodcut	Logs	0	2627	3183	0	1286	Dead tree	
woodcut	Logs	0	2628	3149	0	1286	Dead tree	
woodcut	Logs	0	2628	3152	0	1286	Dead tree	
woodcut	Logs	0	2628	3178	0	1286	Dead tree	
woodcut	Logs	0	2628	3181	0	1286	Dead tree	
woodcut	Logs	0	2629	3180	0	1286	Dead tree	
woodcut	Logs	0	2632	3145	0	1286	Dead tree	
woodcut	Logs	0	2634	3179	0	1286	Dead tree	
woodcut	Logs	0	2636	3137	0	1286	Dead tree	
woodcut	Logs	0	2636	3139	0	1286	Dead tree	
woodcut	Logs	0	2637	3136	0	1286	Dead tree	
woodcut	Logs	0	2638	3136	0	1286	Dead tree	
woodcut	Logs	0	2649	3144	0	1286	Dead tree	
woodcut	Logs	0	2650	3142	0	1286	Dead tree	
woodcut	Logs	0	2651	3145	0	1286	Dead tree	
mining	Copper ore	1	2630	3137	0	2091	Rocks	
mining	Copper ore	1	2630	3145	0	2091	Rocks	
mining	Copper ore	1	2640	3151	0	2091	Rocks	
mining	Copper ore	1	2640	3153	0	2091	Rocks	
mining	Iron ore	15	2625	3150	0	2092	Rocks	
mining	Iron ore	15	2626	3149	0	2092	Rocks	
mining	Iron ore	15	2634	3136	0	2092	Rocks	
mining	Iron ore	15	2625	3151	0	2093	Rocks	
mining	Iron ore	15	2626	3150	0	2093	Rocks	
mining	Iron ore	15	2627	3142	0	2093	Rocks	
mining	Iron ore	15	2628	3140	0	2093	Rocks	
mining	Iron ore	15	2628	3141	0	2093	Rocks	
mining	Iron ore	15	2638	3138	0	2093	Rocks	
mining	Tin ore	1	2630	3140	0	2094	Rocks	
mining	Tin ore	1	2632	3141	0	2094	Rocks	
mining	Tin ore	1	2632	3142	0	2094	Rocks	
mining	Tin ore	1	2655	3168	0	2094	Rocks	
mining	Tin ore	1	2630	3148	0	2095	Rocks	
mining	Tin ore	1	2630	3150	0	2095	Rocks	
mining	Tin ore	1	2631	3147	0	2095	Rocks	
mining	Tin ore	1	2637	3140	0	2095	Rocks	
mining	Tin ore	1	2656	3168	0	2095	Rocks	
mining	Mithril ore	55	2629	3147	0	2102	Rocks	
mining	Mithril ore	55	2628	3147	0	2103	Rocks	
mining	Mithril ore	55	2641	3152	0	2103	Rocks	
mining	Mithril ore	55	2652	3170	0	2103	Rocks	
mining	Clay	1	2629	3143	0	2108	Rocks	
mining	Clay	1	2629	3145	0	2108	Rocks	
mining	Clay	1	2630	3143	0	2108	Rocks	
mining	Clay	1	2632	3139	0	2109	Rocks	
woodcut	Logs	0	2625	3205	0	1276	Tree	
woodcut	Logs	0	2625	3211	0	1276	Tree	
woodcut	Logs	0	2625	3248	0	1276	Tree	
woodcut	Logs	0	2625	3251	0	1276	Tree	
woodcut	Logs	0	2625	3261	0	1276	Tree	
woodcut	Logs	0	2626	3233	0	1276	Tree	
woodcut	Logs	0	2626	3257	0	1276	Tree	
woodcut	Logs	0	2627	3208	0	1276	Tree	
woodcut	Logs	0	2627	3219	0	1276	Tree	
woodcut	Logs	0	2627	3224	0	1276	Tree	
woodcut	Logs	0	2627	3252	0	1276	Tree	
woodcut	Logs	0	2628	3227	0	1276	Tree	
woodcut	Logs	0	2629	3201	0	1276	Tree	
woodcut	Logs	0	2629	3208	0	1276	Tree	
woodcut	Logs	0	2630	3220	0	1276	Tree	
woodcut	Logs	0	2630	3234	0	1276	Tree	
woodcut	Logs	0	2630	3254	0	1276	Tree	
woodcut	Logs	0	2631	3205	0	1276	Tree	
woodcut	Logs	0	2631	3217	0	1276	Tree	
woodcut	Logs	0	2631	3227	0	1276	Tree	
woodcut	Logs	0	2632	3220	0	1276	Tree	
woodcut	Logs	0	2632	3239	0	1276	Tree	
woodcut	Logs	0	2636	3230	0	1276	Tree	
woodcut	Logs	0	2637	3235	0	1276	Tree	
woodcut	Logs	0	2638	3225	0	1276	Tree	
woodcut	Logs	0	2639	3221	0	1276	Tree	
woodcut	Logs	0	2639	3232	0	1276	Tree	
woodcut	Logs	0	2640	3235	0	1276	Tree	
woodcut	Logs	0	2643	3232	0	1276	Tree	
woodcut	Logs	0	2647	3226	0	1276	Tree	
woodcut	Logs	0	2650	3224	0	1276	Tree	
woodcut	Logs	0	2652	3227	0	1276	Tree	
woodcut	Logs	0	2652	3230	0	1276	Tree	
woodcut	Logs	0	2653	3224	0	1276	Tree	
woodcut	Logs	0	2654	3238	0	1276	Tree	
woodcut	Logs	0	2656	3227	0	1276	Tree	
woodcut	Logs	0	2656	3232	0	1276	Tree	
woodcut	Logs	0	2657	3237	0	1276	Tree	
woodcut	Logs	0	2659	3229	0	1276	Tree	
woodcut	Logs	0	2626	3239	0	1278	Tree	
woodcut	Logs	0	2626	3244	0	1278	Tree	
woodcut	Logs	0	2629	3242	0	1278	Tree	
woodcut	Logs	0	2629	3244	0	1278	Tree	
woodcut	Logs	0	2629	3257	0	1278	Tree	
woodcut	Logs	0	2631	3242	0	1278	Tree	
woodcut	Logs	0	2633	3248	0	1278	Tree	
woodcut	Logs	0	2635	3201	0	1278	Tree	
woodcut	Logs	0	2636	3246	0	1278	Tree	
woodcut	Logs	0	2637	3209	0	1278	Tree	
woodcut	Logs	0	2638	3214	0	1278	Tree	
woodcut	Logs	0	2638	3249	0	1278	Tree	
woodcut	Logs	0	2639	3204	0	1278	Tree	
woodcut	Logs	0	2640	3208	0	1278	Tree	
woodcut	Logs	0	2665	3233	0	1278	Tree	
woodcut	Logs	0	2667	3231	0	1278	Tree	
woodcut	Logs	0	2670	3233	0	1278	Tree	
woodcut	Logs	0	2673	3234	0	1278	Tree	
woodcut	Oak logs	15	2627	3249	0	1281	Oak	
woodcut	Oak logs	15	2628	3204	0	1281	Oak	
woodcut	Oak logs	15	2629	3230	0	1281	Oak	
woodcut	Oak logs	15	2630	3222	0	1281	Oak	
woodcut	Oak logs	15	2633	3227	0	1281	Oak	
woodcut	Oak logs	15	2633	3231	0	1281	Oak	
woodcut	Oak logs	15	2633	3252	0	1281	Oak	
woodcut	Oak logs	15	2635	3220	0	1281	Oak	
woodcut	Oak logs	15	2635	3224	0	1281	Oak	
woodcut	Oak logs	15	2636	3227	0	1281	Oak	
woodcut	Oak logs	15	2649	3226	0	1281	Oak	
woodcut	Oak logs	15	2655	3229	0	1281	Oak	
woodcut	Oak logs	15	2656	3239	0	1281	Oak	
woodcut	Oak logs	15	2658	3231	0	1281	Oak	
woodcut	Willow logs	30	2635	3258	0	1308	Willow	
woodcut	Willow logs	30	2636	3260	0	1308	Willow	
woodcut	Willow logs	30	2637	3239	0	1308	Willow	
woodcut	Willow logs	30	2638	3241	0	1308	Willow	
woodcut	Willow logs	30	2638	3253	0	1308	Willow	
woodcut	Willow logs	30	2642	3249	0	1308	Willow	
woodcut	Willow logs	30	2643	3236	0	1308	Willow	
woodcut	Willow logs	30	2659	3243	0	1308	Willow	
woodcut	Willow logs	30	2665	3250	0	1308	Willow	
woodcut	Willow logs	30	2670	3227	0	1308	Willow	
woodcut	Willow logs	30	2672	3226	0	1308	Willow	
woodcut	Willow logs	30	2674	3228	0	1308	Willow	
woodcut	Willow logs	30	2675	3240	0	1308	Willow	
woodcut	Logs	0	2640	3286	0	1276	Tree	
woodcut	Logs	0	2648	3317	0	1276	Tree	
woodcut	Logs	0	2663	3287	0	1276	Tree	
woodcut	Logs	0	2676	3327	0	1276	Tree	
woodcut	Logs	0	2679	3289	0	1276	Tree	
woodcut	Logs	0	2679	3320	0	1276	Tree	
woodcut	Logs	0	2681	3295	0	1276	Tree	
woodcut	Logs	0	2685	3286	0	1276	Tree	
woodcut	Logs	0	2685	3300	0	1276	Tree	
woodcut	Logs	0	2632	3265	0	1277	Tree	
woodcut	Logs	0	2633	3270	0	1277	Tree	
woodcut	Logs	0	2625	3294	0	1278	Tree	
woodcut	Logs	0	2626	3300	0	1278	Tree	
woodcut	Logs	0	2633	3296	0	1278	Tree	
woodcut	Logs	0	2633	3303	0	1278	Tree	
woodcut	Logs	0	2644	3309	0	1278	Tree	
woodcut	Logs	0	2651	3326	0	1278	Tree	
woodcut	Logs	0	2635	3269	0	1280	Tree	
woodcut	Oak logs	15	2628	3303	0	1281	Oak	
woodcut	Oak logs	15	2658	3326	0	1281	Oak	
woodcut	Oak logs	15	2675	3294	0	1281	Oak	
woodcut	Oak logs	15	2679	3299	0	1281	Oak	
woodcut	Oak logs	15	2680	3313	0	1281	Oak	
woodcut	Oak logs	15	2682	3290	0	1281	Oak	
woodcut	Oak logs	15	2682	3307	0	1281	Oak	
woodcut	Oak logs	15	2684	3314	0	1281	Oak	
woodcut	Logs	0	2630	3277	0	1282	Dead tree	
woodcut	Logs	0	2636	3279	0	1282	Dead tree	
woodcut	Logs	0	2627	3276	0	1286	Dead tree	
woodcut	Logs	0	2627	3282	0	1286	Dead tree	
woodcut	Logs	0	2629	3280	0	1286	Dead tree	
woodcut	Logs	0	2630	3283	0	1286	Dead tree	
woodcut	Logs	0	2630	3285	0	1286	Dead tree	
woodcut	Logs	0	2633	3273	0	1286	Dead tree	
woodcut	Logs	0	2634	3284	0	1286	Dead tree	
woodcut	Logs	0	2635	3282	0	1286	Dead tree	
woodcut	Logs	0	2637	3277	0	1286	Dead tree	
woodcut	Logs	0	2624	3373	0	1276	Tree	
woodcut	Logs	0	2627	3374	0	1276	Tree	
woodcut	Logs	0	2627	3380	0	1276	Tree	
woodcut	Logs	0	2628	3345	0	1276	Tree	
woodcut	Logs	0	2629	3347	0	1276	Tree	
woodcut	Logs	0	2629	3376	0	1276	Tree	
woodcut	Logs	0	2632	3337	0	1276	Tree	
woodcut	Logs	0	2635	3379	0	1276	Tree	
woodcut	Logs	0	2637	3341	0	1276	Tree	
woodcut	Logs	0	2637	3357	0	1276	Tree	
woodcut	Logs	0	2638	3345	0	1276	Tree	
woodcut	Logs	0	2638	3355	0	1276	Tree	
woodcut	Logs	0	2638	3378	0	1276	Tree	
woodcut	Logs	0	2641	3376	0	1276	Tree	
woodcut	Logs	0	2641	3379	0	1276	Tree	
woodcut	Logs	0	2643	3378	0	1276	Tree	
woodcut	Logs	0	2643	3390	0	1276	Tree	
woodcut	Logs	0	2647	3384	0	1276	Tree	
woodcut	Logs	0	2648	3380	0	1276	Tree	
woodcut	Logs	0	2648	3389	0	1276	Tree	
woodcut	Logs	0	2649	3382	0	1276	Tree	
woodcut	Logs	0	2651	3387	0	1276	Tree	
woodcut	Logs	0	2652	3389	0	1276	Tree	
woodcut	Logs	0	2655	3333	0	1276	Tree	
woodcut	Logs	0	2656	3383	0	1276	Tree	
woodcut	Logs	0	2659	3342	0	1276	Tree	
woodcut	Logs	0	2659	3381	0	1276	Tree	
woodcut	Logs	0	2659	3386	0	1276	Tree	
woodcut	Logs	0	2660	3340	0	1276	Tree	
woodcut	Logs	0	2661	3359	0	1276	Tree	
woodcut	Logs	0	2661	3379	0	1276	Tree	
woodcut	Logs	0	2661	3382	0	1276	Tree	
woodcut	Logs	0	2661	3387	0	1276	Tree	
woodcut	Logs	0	2663	3368	0	1276	Tree	
woodcut	Logs	0	2664	3337	0	1276	Tree	
woodcut	Logs	0	2665	3355	0	1276	Tree	
woodcut	Logs	0	2665	3378	0	1276	Tree	
woodcut	Logs	0	2666	3357	0	1276	Tree	
woodcut	Logs	0	2666	3359	0	1276	Tree	
woodcut	Logs	0	2666	3366	0	1276	Tree	
woodcut	Logs	0	2666	3383	0	1276	Tree	
woodcut	Logs	0	2667	3331	0	1276	Tree	
woodcut	Logs	0	2667	3342	0	1276	Tree	
woodcut	Logs	0	2668	3340	0	1276	Tree	
woodcut	Logs	0	2668	3356	0	1276	Tree	
woodcut	Logs	0	2669	3342	0	1276	Tree	
woodcut	Logs	0	2670	3359	0	1276	Tree	
woodcut	Logs	0	2672	3385	0	1276	Tree	
woodcut	Logs	0	2672	3388	0	1276	Tree	
woodcut	Logs	0	2673	3343	0	1276	Tree	
woodcut	Logs	0	2674	3336	0	1276	Tree	
woodcut	Logs	0	2674	3345	0	1276	Tree	
woodcut	Logs	0	2674	3386	0	1276	Tree	
woodcut	Logs	0	2674	3391	0	1276	Tree	
woodcut	Logs	0	2676	3385	0	1276	Tree	
woodcut	Logs	0	2677	3342	0	1276	Tree	
woodcut	Logs	0	2677	3371	0	1276	Tree	
woodcut	Logs	0	2677	3388	0	1276	Tree	
woodcut	Logs	0	2679	3336	0	1276	Tree	
woodcut	Logs	0	2679	3348	0	1276	Tree	
woodcut	Logs	0	2679	3365	0	1276	Tree	
woodcut	Logs	0	2679	3370	0	1276	Tree	
woodcut	Logs	0	2679	3372	0	1276	Tree	
woodcut	Logs	0	2679	3383	0	1276	Tree	
woodcut	Logs	0	2679	3389	0	1276	Tree	
woodcut	Logs	0	2680	3330	0	1276	Tree	
woodcut	Logs	0	2680	3340	0	1276	Tree	
woodcut	Logs	0	2680	3342	0	1276	Tree	
woodcut	Logs	0	2680	3377	0	1276	Tree	
woodcut	Logs	0	2681	3347	0	1276	Tree	
woodcut	Logs	0	2681	3349	0	1276	Tree	
woodcut	Logs	0	2682	3335	0	1276	Tree	
woodcut	Logs	0	2682	3343	0	1276	Tree	
woodcut	Logs	0	2682	3362	0	1276	Tree	
woodcut	Logs	0	2682	3369	0	1276	Tree	
woodcut	Logs	0	2682	3374	0	1276	Tree	
woodcut	Logs	0	2682	3387	0	1276	Tree	
woodcut	Logs	0	2683	3338	0	1276	Tree	
woodcut	Logs	0	2683	3346	0	1276	Tree	
woodcut	Logs	0	2683	3383	0	1276	Tree	
woodcut	Logs	0	2684	3357	0	1276	Tree	
woodcut	Logs	0	2684	3371	0	1276	Tree	
woodcut	Logs	0	2684	3373	0	1276	Tree	
woodcut	Logs	0	2684	3386	0	1276	Tree	
woodcut	Logs	0	2685	3331	0	1276	Tree	
woodcut	Logs	0	2685	3334	0	1276	Tree	
woodcut	Logs	0	2685	3343	0	1276	Tree	
woodcut	Logs	0	2685	3359	0	1276	Tree	
woodcut	Logs	0	2685	3364	0	1276	Tree	
woodcut	Logs	0	2686	3337	0	1276	Tree	
woodcut	Logs	0	2686	3372	0	1276	Tree	
woodcut	Logs	0	2624	3331	0	1278	Tree	
woodcut	Logs	0	2624	3342	0	1278	Tree	
woodcut	Logs	0	2626	3333	0	1278	Tree	
woodcut	Logs	0	2627	3347	0	1278	Tree	
woodcut	Logs	0	2628	3337	0	1278	Tree	
woodcut	Logs	0	2635	3333	0	1278	Tree	
woodcut	Logs	0	2636	3336	0	1278	Tree	
woodcut	Logs	0	2638	3366	0	1278	Tree	
woodcut	Logs	0	2649	3330	0	1278	Tree	
woodcut	Logs	0	2653	3337	0	1278	Tree	
woodcut	Logs	0	2654	3331	0	1278	Tree	
woodcut	Logs	0	2655	3336	0	1278	Tree	
woodcut	Logs	0	2662	3329	0	1278	Tree	
woodcut	Logs	0	2663	3331	0	1278	Tree	
woodcut	Logs	0	2663	3373	0	1278	Tree	
woodcut	Logs	0	2667	3329	0	1278	Tree	
woodcut	Logs	0	2667	3364	0	1278	Tree	
woodcut	Logs	0	2668	3335	0	1278	Tree	
woodcut	Logs	0	2669	3330	0	1278	Tree	
woodcut	Oak logs	15	2625	3357	0	1281	Oak	
woodcut	Oak logs	15	2626	3376	0	1281	Oak	
woodcut	Oak logs	15	2629	3373	0	1281	Oak	
woodcut	Oak logs	15	2630	3332	0	1281	Oak	
woodcut	Oak logs	15	2631	3346	0	1281	Oak	
woodcut	Oak logs	15	2648	3386	0	1281	Oak	
woodcut	Oak logs	15	2651	3330	0	1281	Oak	
woodcut	Oak logs	15	2652	3384	0	1281	Oak	
woodcut	Oak logs	15	2658	3383	0	1281	Oak	
woodcut	Oak logs	15	2660	3336	0	1281	Oak	
woodcut	Oak logs	15	2661	3384	0	1281	Oak	
woodcut	Oak logs	15	2662	3364	0	1281	Oak	
woodcut	Oak logs	15	2663	3360	0	1281	Oak	
woodcut	Oak logs	15	2664	3328	0	1281	Oak	
woodcut	Oak logs	15	2665	3380	0	1281	Oak	
woodcut	Oak logs	15	2667	3370	0	1281	Oak	
woodcut	Oak logs	15	2669	3332	0	1281	Oak	
woodcut	Oak logs	15	2672	3329	0	1281	Oak	
woodcut	Oak logs	15	2672	3358	0	1281	Oak	
woodcut	Oak logs	15	2672	3376	0	1281	Oak	
woodcut	Oak logs	15	2673	3338	0	1281	Oak	
woodcut	Oak logs	15	2674	3388	0	1281	Oak	
woodcut	Oak logs	15	2676	3335	0	1281	Oak	
woodcut	Oak logs	15	2677	3338	0	1281	Oak	
woodcut	Oak logs	15	2678	3345	0	1281	Oak	
woodcut	Oak logs	15	2679	3374	0	1281	Oak	
woodcut	Oak logs	15	2679	3385	0	1281	Oak	
woodcut	Oak logs	15	2681	3371	0	1281	Oak	
woodcut	Oak logs	15	2682	3340	0	1281	Oak	
woodcut	Oak logs	15	2684	3388	0	1281	Oak	
woodcut	Logs	0	2633	3413	0	1276	Tree	
woodcut	Logs	0	2636	3401	0	1276	Tree	
woodcut	Logs	0	2639	3393	0	1276	Tree	
woodcut	Logs	0	2639	3395	0	1276	Tree	
woodcut	Logs	0	2640	3402	0	1276	Tree	
woodcut	Logs	0	2640	3409	0	1276	Tree	
woodcut	Logs	0	2642	3405	0	1276	Tree	
woodcut	Logs	0	2642	3411	0	1276	Tree	
woodcut	Logs	0	2643	3420	0	1276	Tree	
woodcut	Logs	0	2647	3397	0	1276	Tree	
woodcut	Logs	0	2647	3413	0	1276	Tree	
woodcut	Logs	0	2648	3405	0	1276	Tree	
woodcut	Logs	0	2648	3409	0	1276	Tree	
woodcut	Logs	0	2648	3418	0	1276	Tree	
woodcut	Logs	0	2649	3401	0	1276	Tree	
woodcut	Logs	0	2649	3415	0	1276	Tree	
woodcut	Logs	0	2650	3393	0	1276	Tree	
woodcut	Logs	0	2651	3412	0	1276	Tree	
woodcut	Logs	0	2652	3404	0	1276	Tree	
woodcut	Logs	0	2652	3410	0	1276	Tree	
woodcut	Logs	0	2653	3394	0	1276	Tree	
woodcut	Logs	0	2653	3407	0	1276	Tree	
woodcut	Logs	0	2653	3412	0	1276	Tree	
woodcut	Logs	0	2653	3418	0	1276	Tree	
woodcut	Logs	0	2655	3396	0	1276	Tree	
woodcut	Logs	0	2655	3415	0	1276	Tree	
woodcut	Logs	0	2656	3407	0	1276	Tree	
woodcut	Logs	0	2658	3394	0	1276	Tree	
woodcut	Logs	0	2658	3403	0	1276	Tree	
woodcut	Logs	0	2658	3409	0	1276	Tree	
woodcut	Logs	0	2658	3412	0	1276	Tree	
woodcut	Logs	0	2662	3400	0	1276	Tree	
woodcut	Logs	0	2662	3407	0	1276	Tree	
woodcut	Logs	0	2664	3397	0	1276	Tree	
woodcut	Logs	0	2666	3393	0	1276	Tree	
woodcut	Logs	0	2667	3398	0	1276	Tree	
woodcut	Logs	0	2668	3405	0	1276	Tree	
woodcut	Logs	0	2669	3394	0	1276	Tree	
woodcut	Logs	0	2669	3399	0	1276	Tree	
woodcut	Logs	0	2676	3411	0	1276	Tree	
woodcut	Logs	0	2680	3415	0	1276	Tree	
woodcut	Logs	0	2682	3411	0	1276	Tree	
woodcut	Logs	0	2685	3393	0	1276	Tree	
woodcut	Logs	0	2685	3401	0	1276	Tree	
woodcut	Logs	0	2685	3415	0	1276	Tree	
woodcut	Logs	0	2685	3419	0	1276	Tree	
woodcut	Logs	0	2686	3397	0	1276	Tree	
woodcut	Logs	0	2686	3403	0	1276	Tree	
woodcut	Logs	0	2686	3408	0	1276	Tree	
woodcut	Logs	0	2686	3422	0	1276	Tree	
woodcut	Logs	0	2633	3399	0	1278	Tree	
woodcut	Logs	0	2633	3405	0	1278	Tree	
woodcut	Logs	0	2636	3395	0	1278	Tree	
woodcut	Logs	0	2640	3406	0	1278	Tree	
woodcut	Logs	0	2641	3396	0	1278	Tree	
woodcut	Logs	0	2646	3445	0	1278	Tree	
woodcut	Logs	0	2647	3402	0	1278	Tree	
woodcut	Logs	0	2648	3428	0	1278	Tree	
woodcut	Logs	0	2654	3448	0	1278	Tree	
woodcut	Logs	0	2654	3452	0	1278	Tree	
woodcut	Logs	0	2655	3401	0	1278	Tree	
woodcut	Logs	0	2657	3422	0	1278	Tree	
woodcut	Logs	0	2657	3448	0	1278	Tree	
woodcut	Logs	0	2658	3399	0	1278	Tree	
woodcut	Logs	0	2658	3442	0	1278	Tree	
woodcut	Logs	0	2659	3452	0	1278	Tree	
woodcut	Logs	0	2660	3449	0	1278	Tree	
woodcut	Logs	0	2661	3396	0	1278	Tree	
woodcut	Logs	0	2663	3452	0	1278	Tree	
woodcut	Logs	0	2664	3448	0	1278	Tree	
woodcut	Logs	0	2665	3403	0	1278	Tree	
woodcut	Logs	0	2667	3400	0	1278	Tree	
woodcut	Logs	0	2668	3449	0	1278	Tree	
woodcut	Logs	0	2668	3452	0	1278	Tree	
woodcut	Logs	0	2674	3451	0	1278	Tree	
woodcut	Logs	0	2676	3445	0	1278	Tree	
woodcut	Logs	0	2678	3446	0	1278	Tree	
woodcut	Logs	0	2679	3450	0	1278	Tree	
woodcut	Logs	0	2679	3453	0	1278	Tree	
woodcut	Logs	0	2680	3441	0	1278	Tree	
woodcut	Logs	0	2683	3453	0	1278	Tree	
woodcut	Logs	0	2684	3436	0	1278	Tree	
woodcut	Logs	0	2684	3450	0	1278	Tree	
woodcut	Logs	0	2686	3434	0	1278	Tree	
woodcut	Logs	0	2686	3437	0	1278	Tree	
woodcut	Logs	0	2686	3447	0	1278	Tree	
woodcut	Logs	0	2686	3450	0	1278	Tree	
woodcut	Oak logs	15	2641	3393	0	1281	Oak	
woodcut	Oak logs	15	2642	3407	0	1281	Oak	
woodcut	Oak logs	15	2645	3435	0	1281	Oak	
woodcut	Oak logs	15	2646	3399	0	1281	Oak	
woodcut	Oak logs	15	2646	3415	0	1281	Oak	
woodcut	Oak logs	15	2652	3396	0	1281	Oak	
woodcut	Oak logs	15	2654	3445	0	1281	Oak	
woodcut	Oak logs	15	2655	3393	0	1281	Oak	
woodcut	Oak logs	15	2655	3409	0	1281	Oak	
woodcut	Oak logs	15	2657	3396	0	1281	Oak	
woodcut	Oak logs	15	2658	3406	0	1281	Oak	
woodcut	Oak logs	15	2664	3399	0	1281	Oak	
woodcut	Oak logs	15	2676	3451	0	1281	Oak	
woodcut	Oak logs	15	2678	3443	0	1281	Oak	
woodcut	Oak logs	15	2682	3415	0	1281	Oak	
woodcut	Oak logs	15	2684	3411	0	1281	Oak	
woodcut	Oak logs	15	2685	3452	0	1281	Oak	
woodcut	Willow logs	30	2624	3394	0	1308	Willow	
woodcut	Willow logs	30	2625	3401	0	1308	Willow	
woodcut	Willow logs	30	2626	3397	0	1308	Willow	
woodcut	Willow logs	30	2627	3402	0	1308	Willow	
woodcut	Willow logs	30	2627	3406	0	1308	Willow	
woodcut	Willow logs	30	2627	3412	0	1308	Willow	
woodcut	Willow logs	30	2628	3408	0	1308	Willow	
woodcut	Willow logs	30	2629	3406	0	1308	Willow	
woodcut	Willow logs	30	2630	3400	0	1308	Willow	
woodcut	Willow logs	30	2631	3411	0	1308	Willow	
woodcut	Willow logs	30	2632	3408	0	1308	Willow	
woodcut	Willow logs	30	2633	3432	0	1308	Willow	
woodcut	Logs	0	2624	3481	0	1276	Tree	
woodcut	Logs	0	2624	3486	0	1276	Tree	
woodcut	Logs	0	2624	3494	0	1276	Tree	
woodcut	Logs	0	2624	3499	0	1276	Tree	
woodcut	Logs	0	2625	3488	0	1276	Tree	
woodcut	Logs	0	2625	3497	0	1276	Tree	
woodcut	Logs	0	2627	3457	0	1276	Tree	
woodcut	Logs	0	2627	3466	0	1276	Tree	
woodcut	Logs	0	2627	3490	0	1276	Tree	
woodcut	Logs	0	2627	3504	0	1276	Tree	
woodcut	Logs	0	2628	3506	0	1276	Tree	
woodcut	Logs	0	2629	3486	0	1276	Tree	
woodcut	Logs	0	2630	3464	0	1276	Tree	
woodcut	Logs	0	2630	3470	0	1276	Tree	
woodcut	Logs	0	2630	3478	0	1276	Tree	
woodcut	Logs	0	2630	3484	0	1276	Tree	
woodcut	Logs	0	2630	3489	0	1276	Tree	
woodcut	Logs	0	2631	3468	0	1276	Tree	
woodcut	Logs	0	2631	3504	0	1276	Tree	
woodcut	Logs	0	2632	3461	0	1276	Tree	
woodcut	Logs	0	2632	3506	0	1276	Tree	
woodcut	Logs	0	2633	3468	0	1276	Tree	
woodcut	Logs	0	2633	3488	0	1276	Tree	
woodcut	Logs	0	2634	3470	0	1276	Tree	
woodcut	Logs	0	2634	3507	0	1276	Tree	
woodcut	Logs	0	2635	3461	0	1276	Tree	
woodcut	Logs	0	2635	3464	0	1276	Tree	
woodcut	Logs	0	2635	3496	0	1276	Tree	
woodcut	Logs	0	2636	3466	0	1276	Tree	
woodcut	Logs	0	2637	3458	0	1276	Tree	
woodcut	Logs	0	2637	3468	0	1276	Tree	
woodcut	Logs	0	2638	3465	0	1276	Tree	
woodcut	Logs	0	2639	3506	0	1276	Tree	
woodcut	Logs	0	2640	3466	0	1276	Tree	
woodcut	Logs	0	2640	3482	0	1276	Tree	
woodcut	Logs	0	2640	3487	0	1276	Tree	
woodcut	Logs	0	2641	3462	0	1276	Tree	
woodcut	Logs	0	2641	3464	0	1276	Tree	
woodcut	Logs	0	2643	3465	0	1276	Tree	
woodcut	Logs	0	2644	3473	0	1276	Tree	
woodcut	Logs	0	2644	3492	0	1276	Tree	
woodcut	Logs	0	2644	3502	0	1276	Tree	
woodcut	Logs	0	2645	3466	0	1276	Tree	
woodcut	Logs	0	2645	3470	0	1276	Tree	
woodcut	Logs	0	2646	3457	0	1276	Tree	
woodcut	Logs	0	2647	3461	0	1276	Tree	
woodcut	Logs	0	2647	3466	0	1276	Tree	
woodcut	Logs	0	2648	3505	0	1276	Tree	
woodcut	Logs	0	2649	3464	0	1276	Tree	
woodcut	Logs	0	2649	3485	0	1276	Tree	
woodcut	Logs	0	2650	3461	0	1276	Tree	
woodcut	Logs	0	2652	3463	0	1276	Tree	
woodcut	Logs	0	2652	3470	0	1276	Tree	
woodcut	Logs	0	2652	3474	0	1276	Tree	
woodcut	Logs	0	2652	3487	0	1276	Tree	
woodcut	Logs	0	2652	3500	0	1276	Tree	
woodcut	Logs	0	2653	3461	0	1276	Tree	
woodcut	Logs	0	2653	3467	0	1276	Tree	
woodcut	Logs	0	2653	3472	0	1276	Tree	
woodcut	Logs	0	2653	3505	0	1276	Tree	
woodcut	Logs	0	2654	3470	0	1276	Tree	
woodcut	Logs	0	2654	3499	0	1276	Tree	
woodcut	Logs	0	2654	3503	0	1276	Tree	
woodcut	Logs	0	2655	3458	0	1276	Tree	
woodcut	Logs	0	2655	3468	0	1276	Tree	
woodcut	Logs	0	2655	3474	0	1276	Tree	
woodcut	Logs	0	2656	3477	0	1276	Tree	
woodcut	Logs	0	2657	3467	0	1276	Tree	
woodcut	Logs	0	2658	3458	0	1276	Tree	
woodcut	Logs	0	2658	3465	0	1276	Tree	
woodcut	Logs	0	2659	3502	0	1276	Tree	
woodcut	Logs	0	2660	3467	0	1276	Tree	
woodcut	Logs	0	2660	3481	0	1276	Tree	
woodcut	Logs	0	2661	3464	0	1276	Tree	
woodcut	Logs	0	2661	3485	0	1276	Tree	
woodcut	Logs	0	2662	3507	0	1276	Tree	
woodcut	Logs	0	2664	3465	0	1276	Tree	
woodcut	Logs	0	2664	3468	0	1276	Tree	
woodcut	Logs	0	2664	3483	0	1276	Tree	
woodcut	Logs	0	2664	3496	0	1276	Tree	
woodcut	Logs	0	2664	3502	0	1276	Tree	
woodcut	Logs	0	2665	3458	0	1276	Tree	
woodcut	Logs	0	2666	3470	0	1276	Tree	
woodcut	Logs	0	2666	3490	0	1276	Tree	
woodcut	Logs	0	2667	3456	0	1276	Tree	
woodcut	Logs	0	2669	3499	0	1276	Tree	
woodcut	Logs	0	2670	3462	0	1276	Tree	
woodcut	Logs	0	2671	3483	0	1276	Tree	
woodcut	Logs	0	2671	3509	0	1276	Tree	
woodcut	Logs	0	2672	3467	0	1276	Tree	
woodcut	Logs	0	2672	3471	0	1276	Tree	
woodcut	Logs	0	2672	3481	0	1276	Tree	
woodcut	Logs	0	2672	3485	0	1276	Tree	
woodcut	Logs	0	2672	3493	0	1276	Tree	
woodcut	Logs	0	2672	3512	0	1276	Tree	
woodcut	Logs	0	2673	3477	0	1276	Tree	
woodcut	Logs	0	2673	3483	0	1276	Tree	
woodcut	Logs	0	2674	3469	0	1276	Tree	
woodcut	Logs	0	2675	3508	0	1276	Tree	
woodcut	Logs	0	2676	3473	0	1276	Tree	
woodcut	Logs	0	2676	3479	0	1276	Tree	
woodcut	Logs	0	2676	3494	0	1276	Tree	
woodcut	Logs	0	2676	3496	0	1276	Tree	
woodcut	Logs	0	2677	3461	0	1276	Tree	
woodcut	Logs	0	2677	3463	0	1276	Tree	
woodcut	Logs	0	2678	3472	0	1276	Tree	
woodcut	Logs	0	2678	3499	0	1276	Tree	
woodcut	Logs	0	2678	3508	0	1276	Tree	
woodcut	Logs	0	2679	3463	0	1276	Tree	
woodcut	Logs	0	2679	3487	0	1276	Tree	
woodcut	Logs	0	2679	3495	0	1276	Tree	
woodcut	Logs	0	2679	3506	0	1276	Tree	
woodcut	Logs	0	2680	3497	0	1276	Tree	
woodcut	Logs	0	2681	3466	0	1276	Tree	
woodcut	Logs	0	2681	3499	0	1276	Tree	
woodcut	Logs	0	2682	3507	0	1276	Tree	
woodcut	Logs	0	2683	3511	0	1276	Tree	
woodcut	Logs	0	2684	3500	0	1276	Tree	
woodcut	Logs	0	2685	3469	0	1276	Tree	
woodcut	Logs	0	2685	3480	0	1276	Tree	
woodcut	Logs	0	2685	3492	0	1276	Tree	
woodcut	Logs	0	2624	3465	0	1278	Tree	
woodcut	Logs	0	2625	3473	0	1278	Tree	
woodcut	Logs	0	2626	3460	0	1278	Tree	
woodcut	Logs	0	2626	3484	0	1278	Tree	
woodcut	Logs	0	2626	3502	0	1278	Tree	
woodcut	Logs	0	2627	3479	0	1278	Tree	
woodcut	Logs	0	2628	3474	0	1278	Tree	
woodcut	Logs	0	2631	3466	0	1278	Tree	
woodcut	Logs	0	2632	3482	0	1278	Tree	
woodcut	Logs	0	2633	3472	0	1278	Tree	
woodcut	Logs	0	2634	3478	0	1278	Tree	
woodcut	Logs	0	2634	3490	0	1278	Tree	
woodcut	Logs	0	2634	3501	0	1278	Tree	
woodcut	Logs	0	2636	3481	0	1278	Tree	
woodcut	Logs	0	2636	3505	0	1278	Tree	
woodcut	Logs	0	2637	3487	0	1278	Tree	
woodcut	Logs	0	2638	3497	0	1278	Tree	
woodcut	Logs	0	2639	3474	0	1278	Tree	
woodcut	Logs	0	2639	3504	0	1278	Tree	
woodcut	Logs	0	2641	3485	0	1278	Tree	
woodcut	Logs	0	2641	3501	0	1278	Tree	
woodcut	Logs	0	2642	3467	0	1278	Tree	
woodcut	Logs	0	2642	3481	0	1278	Tree	
woodcut	Logs	0	2642	3492	0	1278	Tree	
woodcut	Logs	0	2642	3496	0	1278	Tree	
woodcut	Logs	0	2643	3459	0	1278	Tree	
woodcut	Logs	0	2643	3477	0	1278	Tree	
woodcut	Logs	0	2644	3499	0	1278	Tree	
woodcut	Logs	0	2645	3511	0	1278	Tree	
woodcut	Logs	0	2646	3506	0	1278	Tree	
woodcut	Logs	0	2647	3489	0	1278	Tree	
woodcut	Logs	0	2648	3493	0	1278	Tree	
woodcut	Logs	0	2648	3499	0	1278	Tree	
woodcut	Logs	0	2649	3476	0	1278	Tree	
woodcut	Logs	0	2650	3509	0	1278	Tree	
woodcut	Logs	0	2654	3482	0	1278	Tree	
woodcut	Logs	0	2655	3472	0	1278	Tree	
woodcut	Logs	0	2657	3484	0	1278	Tree	
woodcut	Logs	0	2658	3506	0	1278	Tree	
woodcut	Logs	0	2659	3456	0	1278	Tree	
woodcut	Logs	0	2659	3460	0	1278	Tree	
woodcut	Logs	0	2660	3495	0	1278	Tree	
woodcut	Logs	0	2661	3471	0	1278	Tree	
woodcut	Logs	0	2662	3490	0	1278	Tree	
woodcut	Logs	0	2663	3462	0	1278	Tree	
woodcut	Logs	0	2663	3477	0	1278	Tree	
woodcut	Logs	0	2665	3510	0	1278	Tree	
woodcut	Logs	0	2666	3495	0	1278	Tree	
woodcut	Logs	0	2667	3481	0	1278	Tree	
woodcut	Logs	0	2669	3458	0	1278	Tree	
woodcut	Logs	0	2669	3485	0	1278	Tree	
woodcut	Logs	0	2669	3490	0	1278	Tree	
woodcut	Logs	0	2672	3498	0	1278	Tree	
woodcut	Logs	0	2675	3476	0	1278	Tree	
woodcut	Logs	0	2677	3465	0	1278	Tree	
woodcut	Logs	0	2677	3511	0	1278	Tree	
woodcut	Logs	0	2679	3501	0	1278	Tree	
woodcut	Logs	0	2680	3492	0	1278	Tree	
woodcut	Logs	0	2682	3479	0	1278	Tree	
woodcut	Logs	0	2682	3503	0	1278	Tree	
woodcut	Logs	0	2683	3473	0	1278	Tree	
woodcut	Logs	0	2684	3487	0	1278	Tree	
woodcut	Logs	0	2684	3496	0	1278	Tree	
woodcut	Oak logs	15	2624	3476	0	1281	Oak	
woodcut	Oak logs	15	2624	3490	0	1281	Oak	
woodcut	Oak logs	15	2624	3505	0	1281	Oak	
woodcut	Oak logs	15	2626	3499	0	1281	Oak	
woodcut	Oak logs	15	2627	3470	0	1281	Oak	
woodcut	Oak logs	15	2631	3474	0	1281	Oak	
woodcut	Oak logs	15	2632	3493	0	1281	Oak	
woodcut	Oak logs	15	2635	3484	0	1281	Oak	
woodcut	Oak logs	15	2636	3470	0	1281	Oak	
woodcut	Oak logs	15	2637	3462	0	1281	Oak	
woodcut	Oak logs	15	2637	3492	0	1281	Oak	
woodcut	Oak logs	15	2637	3500	0	1281	Oak	
woodcut	Oak logs	15	2639	3478	0	1281	Oak	
woodcut	Oak logs	15	2641	3471	0	1281	Oak	
woodcut	Oak logs	15	2642	3489	0	1281	Oak	
woodcut	Oak logs	15	2642	3505	0	1281	Oak	
woodcut	Oak logs	15	2644	3485	0	1281	Oak	
woodcut	Oak logs	15	2645	3463	0	1281	Oak	
woodcut	Oak logs	15	2645	3495	0	1281	Oak	
woodcut	Oak logs	15	2646	3478	0	1281	Oak	
woodcut	Oak logs	15	2648	3502	0	1281	Oak	
woodcut	Oak logs	15	2650	3491	0	1281	Oak	
woodcut	Oak logs	15	2650	3496	0	1281	Oak	
woodcut	Oak logs	15	2652	3479	0	1281	Oak	
woodcut	Oak logs	15	2654	3486	0	1281	Oak	
woodcut	Oak logs	15	2655	3460	0	1281	Oak	
woodcut	Oak logs	15	2656	3480	0	1281	Oak	
woodcut	Oak logs	15	2657	3469	0	1281	Oak	
woodcut	Oak logs	15	2658	3474	0	1281	Oak	
woodcut	Oak logs	15	2661	3504	0	1281	Oak	
woodcut	Oak logs	15	2662	3473	0	1281	Oak	
woodcut	Oak logs	15	2663	3492	0	1281	Oak	
woodcut	Oak logs	15	2664	3486	0	1281	Oak	
woodcut	Oak logs	15	2665	3499	0	1281	Oak	
woodcut	Oak logs	15	2666	3467	0	1281	Oak	
woodcut	Oak logs	15	2666	3476	0	1281	Oak	
woodcut	Oak logs	15	2667	3460	0	1281	Oak	
woodcut	Oak logs	15	2668	3470	0	1281	Oak	
woodcut	Oak logs	15	2668	3473	0	1281	Oak	
woodcut	Oak logs	15	2668	3493	0	1281	Oak	
woodcut	Oak logs	15	2668	3502	0	1281	Oak	
woodcut	Oak logs	15	2672	3474	0	1281	Oak	
woodcut	Oak logs	15	2672	3488	0	1281	Oak	
woodcut	Oak logs	15	2672	3501	0	1281	Oak	
woodcut	Oak logs	15	2674	3463	0	1281	Oak	
woodcut	Oak logs	15	2674	3485	0	1281	Oak	
woodcut	Oak logs	15	2674	3498	0	1281	Oak	
woodcut	Oak logs	15	2676	3491	0	1281	Oak	
woodcut	Oak logs	15	2676	3505	0	1281	Oak	
woodcut	Oak logs	15	2682	3458	0	1281	Oak	
woodcut	Oak logs	15	2684	3475	0	1281	Oak	
woodcut	Maple logs	45	2650	3517	0	1307	Maple tree	
woodcut	Maple logs	45	2653	3519	0	1307	Maple tree	
woodcut	Maple logs	45	2656	3517	0	1307	Maple tree	
woodcut	Logs	0	2649	3577	0	1285	Dead tree	
woodcut	Logs	0	2651	3569	0	1285	Dead tree	
woodcut	Logs	0	2655	3565	0	1285	Dead tree	
woodcut	Logs	0	2655	3568	0	1285	Dead tree	
woodcut	Logs	0	2656	3533	0	1285	Dead tree	
woodcut	Logs	0	2656	3562	0	1285	Dead tree	
woodcut	Logs	0	2656	3579	0	1285	Dead tree	
woodcut	Logs	0	2657	3566	0	1285	Dead tree	
woodcut	Logs	0	2657	3582	0	1285	Dead tree	
woodcut	Logs	0	2658	3526	0	1285	Dead tree	
woodcut	Logs	0	2658	3528	0	1285	Dead tree	
woodcut	Logs	0	2661	3520	0	1285	Dead tree	
woodcut	Logs	0	2661	3529	0	1285	Dead tree	
woodcut	Logs	0	2662	3533	0	1285	Dead tree	
woodcut	Logs	0	2662	3572	0	1285	Dead tree	
woodcut	Logs	0	2663	3560	0	1285	Dead tree	
woodcut	Logs	0	2663	3563	0	1285	Dead tree	
woodcut	Logs	0	2663	3568	0	1285	Dead tree	
woodcut	Logs	0	2665	3536	0	1285	Dead tree	
woodcut	Logs	0	2665	3563	0	1285	Dead tree	
woodcut	Logs	0	2665	3566	0	1285	Dead tree	
woodcut	Logs	0	2667	3553	0	1285	Dead tree	
woodcut	Logs	0	2668	3559	0	1285	Dead tree	
woodcut	Logs	0	2669	3561	0	1285	Dead tree	
woodcut	Logs	0	2670	3537	0	1285	Dead tree	
woodcut	Logs	0	2670	3552	0	1285	Dead tree	
woodcut	Logs	0	2671	3530	0	1285	Dead tree	
woodcut	Logs	0	2672	3538	0	1285	Dead tree	
woodcut	Logs	0	2672	3560	0	1285	Dead tree	
woodcut	Logs	0	2674	3560	0	1285	Dead tree	
woodcut	Logs	0	2676	3542	0	1285	Dead tree	
woodcut	Logs	0	2677	3530	0	1285	Dead tree	
woodcut	Logs	0	2679	3539	0	1285	Dead tree	
woodcut	Logs	0	2679	3553	0	1285	Dead tree	
woodcut	Logs	0	2680	3551	0	1285	Dead tree	
woodcut	Logs	0	2682	3527	0	1285	Dead tree	
woodcut	Logs	0	2682	3531	0	1285	Dead tree	
woodcut	Logs	0	2683	3552	0	1285	Dead tree	
woodcut	Maple logs	45	2651	3529	0	1307	Maple tree	
woodcut	Maple logs	45	2654	3532	0	1307	Maple tree	
woodcut	Maple logs	45	2655	3521	0	1307	Maple tree	
woodcut	Maple logs	45	2656	3527	0	1307	Maple tree	
woodcut	Maple logs	45	2657	3531	0	1307	Maple tree	
woodcut	Maple logs	45	2658	3534	0	1307	Maple tree	
woodcut	Maple logs	45	2662	3535	0	1307	Maple tree	
woodcut	Maple logs	45	2664	3532	0	1307	Maple tree	
woodcut	Maple logs	45	2664	3534	0	1307	Maple tree	
woodcut	Maple logs	45	2667	3526	0	1307	Maple tree	
woodcut	Maple logs	45	2669	3554	0	1307	Maple tree	
woodcut	Maple logs	45	2671	3544	0	1307	Maple tree	
woodcut	Maple logs	45	2671	3554	0	1307	Maple tree	
woodcut	Maple logs	45	2672	3540	0	1307	Maple tree	
woodcut	Maple logs	45	2674	3535	0	1307	Maple tree	
woodcut	Maple logs	45	2674	3538	0	1307	Maple tree	
woodcut	Maple logs	45	2675	3558	0	1307	Maple tree	
woodcut	Maple logs	45	2676	3533	0	1307	Maple tree	
woodcut	Maple logs	45	2676	3550	0	1307	Maple tree	
woodcut	Maple logs	45	2677	3535	0	1307	Maple tree	
woodcut	Maple logs	45	2677	3552	0	1307	Maple tree	
woodcut	Maple logs	45	2678	3541	0	1307	Maple tree	
woodcut	Maple logs	45	2678	3550	0	1307	Maple tree	
woodcut	Maple logs	45	2679	3525	0	1307	Maple tree	
woodcut	Maple logs	45	2679	3548	0	1307	Maple tree	
woodcut	Maple logs	45	2679	3559	0	1307	Maple tree	
woodcut	Maple logs	45	2681	3529	0	1307	Maple tree	
woodcut	Maple logs	45	2683	3521	0	1307	Maple tree	
woodcut	Maple logs	45	2683	3541	0	1307	Maple tree	
woodcut	Maple logs	45	2683	3561	0	1307	Maple tree	
woodcut	Maple logs	45	2684	3527	0	1307	Maple tree	
woodcut	Maple logs	45	2684	3537	0	1307	Maple tree	
woodcut	Maple logs	45	2684	3548	0	1307	Maple tree	
woodcut	Maple logs	45	2685	3554	0	1307	Maple tree	
woodcut	Maple logs	45	2685	3566	0	1307	Maple tree	
woodcut	Logs	0	2625	3628	0	1276	Tree	
woodcut	Logs	0	2628	3620	0	1276	Tree	
woodcut	Logs	0	2629	3612	0	1276	Tree	
woodcut	Logs	0	2631	3624	0	1276	Tree	
woodcut	Logs	0	2631	3628	0	1276	Tree	
woodcut	Logs	0	2631	3633	0	1276	Tree	
woodcut	Logs	0	2632	3613	0	1276	Tree	
woodcut	Logs	0	2633	3607	0	1276	Tree	
woodcut	Logs	0	2633	3620	0	1276	Tree	
woodcut	Logs	0	2634	3631	0	1276	Tree	
woodcut	Logs	0	2636	3604	0	1276	Tree	
woodcut	Logs	0	2637	3608	0	1276	Tree	
woodcut	Logs	0	2637	3614	0	1276	Tree	
woodcut	Logs	0	2637	3624	0	1276	Tree	
woodcut	Logs	0	2639	3618	0	1276	Tree	
woodcut	Logs	0	2639	3636	0	1276	Tree	
woodcut	Logs	0	2641	3611	0	1276	Tree	
woodcut	Logs	0	2641	3631	0	1276	Tree	
woodcut	Logs	0	2642	3604	0	1276	Tree	
woodcut	Logs	0	2644	3624	0	1276	Tree	
woodcut	Logs	0	2645	3584	0	1276	Tree	
woodcut	Logs	0	2645	3608	0	1276	Tree	
woodcut	Logs	0	2646	3625	0	1276	Tree	
woodcut	Logs	0	2646	3630	0	1276	Tree	
woodcut	Logs	0	2647	3601	0	1276	Tree	
woodcut	Logs	0	2648	3607	0	1276	Tree	
woodcut	Logs	0	2651	3602	0	1276	Tree	
woodcut	Logs	0	2660	3584	0	1276	Tree	
woodcut	Logs	0	2661	3593	0	1276	Tree	
woodcut	Logs	0	2661	3604	0	1276	Tree	
woodcut	Logs	0	2667	3608	0	1276	Tree	
woodcut	Logs	0	2668	3611	0	1276	Tree	
woodcut	Logs	0	2669	3621	0	1276	Tree	
woodcut	Logs	0	2672	3610	0	1276	Tree	
woodcut	Logs	0	2674	3595	0	1276	Tree	
woodcut	Logs	0	2676	3588	0	1276	Tree	
woodcut	Logs	0	2677	3626	0	1276	Tree	
woodcut	Logs	0	2679	3606	0	1276	Tree	
woodcut	Logs	0	2679	3621	0	1276	Tree	
woodcut	Logs	0	2680	3617	0	1276	Tree	
woodcut	Logs	0	2681	3613	0	1276	Tree	
woodcut	Logs	0	2685	3628	0	1276	Tree	
woodcut	Logs	0	2686	3608	0	1276	Tree	
woodcut	Logs	0	2624	3612	0	1278	Tree	
woodcut	Logs	0	2625	3623	0	1278	Tree	
woodcut	Logs	0	2627	3611	0	1278	Tree	
woodcut	Logs	0	2628	3614	0	1278	Tree	
woodcut	Logs	0	2629	3623	0	1278	Tree	
woodcut	Logs	0	2631	3608	0	1278	Tree	
woodcut	Logs	0	2632	3604	0	1278	Tree	
woodcut	Logs	0	2632	3630	0	1278	Tree	
woodcut	Logs	0	2634	3618	0	1278	Tree	
woodcut	Logs	0	2634	3622	0	1278	Tree	
woodcut	Logs	0	2635	3625	0	1278	Tree	
woodcut	Logs	0	2638	3612	0	1278	Tree	
woodcut	Logs	0	2639	3602	0	1278	Tree	
woodcut	Logs	0	2639	3606	0	1278	Tree	
woodcut	Logs	0	2640	3628	0	1278	Tree	
woodcut	Logs	0	2642	3607	0	1278	Tree	
woodcut	Logs	0	2644	3597	0	1278	Tree	
woodcut	Logs	0	2644	3602	0	1278	Tree	
woodcut	Logs	0	2644	3610	0	1278	Tree	
woodcut	Logs	0	2646	3598	0	1278	Tree	
woodcut	Logs	0	2648	3586	0	1278	Tree	
woodcut	Logs	0	2648	3627	0	1278	Tree	
woodcut	Logs	0	2649	3612	0	1278	Tree	
woodcut	Logs	0	2650	3587	0	1278	Tree	
woodcut	Logs	0	2650	3600	0	1278	Tree	
woodcut	Logs	0	2651	3604	0	1278	Tree	
woodcut	Logs	0	2653	3626	0	1278	Tree	
woodcut	Logs	0	2656	3603	0	1278	Tree	
woodcut	Logs	0	2658	3585	0	1278	Tree	
woodcut	Logs	0	2661	3587	0	1278	Tree	
woodcut	Logs	0	2661	3590	0	1278	Tree	
woodcut	Logs	0	2661	3606	0	1278	Tree	
woodcut	Logs	0	2663	3594	0	1278	Tree	
woodcut	Logs	0	2663	3604	0	1278	Tree	
woodcut	Logs	0	2664	3589	0	1278	Tree	
woodcut	Logs	0	2669	3605	0	1278	Tree	
woodcut	Logs	0	2669	3614	0	1278	Tree	
woodcut	Logs	0	2671	3618	0	1278	Tree	
woodcut	Logs	0	2672	3607	0	1278	Tree	
woodcut	Logs	0	2672	3624	0	1278	Tree	
woodcut	Logs	0	2674	3612	0	1278	Tree	
woodcut	Logs	0	2674	3616	0	1278	Tree	
woodcut	Logs	0	2675	3621	0	1278	Tree	
woodcut	Logs	0	2676	3607	0	1278	Tree	
woodcut	Logs	0	2678	3611	0	1278	Tree	
woodcut	Logs	0	2682	3624	0	1278	Tree	
woodcut	Logs	0	2683	3619	0	1278	Tree	
woodcut	Logs	0	2685	3606	0	1278	Tree	
woodcut	Logs	0	2685	3614	0	1278	Tree	
woodcut	Logs	0	2687	3622	0	1278	Tree	
woodcut	Oak logs	15	2626	3607	0	1281	Oak	
woodcut	Oak logs	15	2627	3629	0	1281	Oak	
woodcut	Oak logs	15	2630	3618	0	1281	Oak	
woodcut	Oak logs	15	2634	3610	0	1281	Oak	
woodcut	Oak logs	15	2638	3620	0	1281	Oak	
woodcut	Oak logs	15	2638	3630	0	1281	Oak	
woodcut	Oak logs	15	2644	3617	0	1281	Oak	
woodcut	Oak logs	15	2644	3621	0	1281	Oak	
woodcut	Oak logs	15	2646	3603	0	1281	Oak	
woodcut	Oak logs	15	2651	3617	0	1281	Oak	
woodcut	Oak logs	15	2657	3589	0	1281	Oak	
woodcut	Oak logs	15	2666	3591	0	1281	Oak	
woodcut	Oak logs	15	2671	3604	0	1281	Oak	
woodcut	Oak logs	15	2671	3615	0	1281	Oak	
woodcut	Oak logs	15	2673	3618	0	1281	Oak	
woodcut	Oak logs	15	2677	3613	0	1281	Oak	
woodcut	Oak logs	15	2680	3609	0	1281	Oak	
woodcut	Oak logs	15	2681	3626	0	1281	Oak	
woodcut	Oak logs	15	2685	3618	0	1281	Oak	
woodcut	Oak logs	15	2686	3611	0	1281	Oak	
woodcut	Logs	0	2669	3602	0	1282	Dead tree	
woodcut	Logs	0	2625	3615	0	1286	Dead tree	
woodcut	Logs	0	2627	3623	0	1286	Dead tree	
woodcut	Logs	0	2629	3635	0	1286	Dead tree	
woodcut	Logs	0	2632	3606	0	1286	Dead tree	
woodcut	Logs	0	2635	3615	0	1286	Dead tree	
woodcut	Logs	0	2646	3620	0	1286	Dead tree	
woodcut	Logs	0	2649	3634	0	1286	Dead tree	
woodcut	Logs	0	2653	3632	0	1286	Dead tree	
woodcut	Logs	0	2658	3607	0	1286	Dead tree	
woodcut	Logs	0	2658	3638	0	1286	Dead tree	
woodcut	Logs	0	2671	3608	0	1286	Dead tree	
woodcut	Logs	0	2675	3629	0	1286	Dead tree	
woodcut	Logs	0	2677	3634	0	1286	Dead tree	
woodcut	Logs	0	2678	3619	0	1286	Dead tree	
woodcut	Logs	0	2684	3622	0	1286	Dead tree	
woodcut	Logs	0	2624	3611	0	1383	Dead tree	
woodcut	Logs	0	2625	3626	0	1383	Dead tree	
woodcut	Logs	0	2627	3633	0	1383	Dead tree	
woodcut	Logs	0	2628	3618	0	1383	Dead tree	
woodcut	Logs	0	2634	3635	0	1383	Dead tree	
woodcut	Logs	0	2640	3604	0	1383	Dead tree	
woodcut	Logs	0	2640	3609	0	1383	Dead tree	
woodcut	Logs	0	2643	3635	0	1383	Dead tree	
woodcut	Logs	0	2645	3599	0	1383	Dead tree	
woodcut	Logs	0	2646	3607	0	1383	Dead tree	
woodcut	Logs	0	2647	3616	0	1383	Dead tree	
woodcut	Logs	0	2647	3624	0	1383	Dead tree	
woodcut	Logs	0	2652	3611	0	1383	Dead tree	
woodcut	Logs	0	2656	3602	0	1383	Dead tree	
woodcut	Logs	0	2658	3624	0	1383	Dead tree	
woodcut	Logs	0	2659	3605	0	1383	Dead tree	
woodcut	Logs	0	2660	3615	0	1383	Dead tree	
woodcut	Logs	0	2664	3630	0	1383	Dead tree	
woodcut	Logs	0	2665	3621	0	1383	Dead tree	
woodcut	Logs	0	2666	3608	0	1383	Dead tree	
woodcut	Logs	0	2666	3637	0	1383	Dead tree	
woodcut	Logs	0	2673	3630	0	1383	Dead tree	
woodcut	Logs	0	2675	3611	0	1383	Dead tree	
woodcut	Logs	0	2681	3630	0	1383	Dead tree	
woodcut	Logs	0	2684	3610	0	1383	Dead tree	
woodcut	Logs	0	2684	3627	0	1383	Dead tree	
flax	flax		2627	3628	0	2646	Flax	
flax	flax		2630	3625	0	2646	Flax	
flax	flax		2631	3630	0	2646	Flax	
flax	flax		2631	3636	0	2646	Flax	
flax	flax		2633	3632	0	2646	Flax	
flax	flax		2635	3628	0	2646	Flax	
flax	flax		2638	3634	0	2646	Flax	
flax	flax		2639	3629	0	2646	Flax	
flax	flax		2641	3630	0	2646	Flax	
mining	Coal	30	2680	3706	0	2096	Rocks	
mining	Coal	30	2681	3708	0	2096	Rocks	
mining	Coal	30	2682	3704	0	2096	Rocks	
mining	Coal	30	2685	3706	0	2096	Rocks	
mining	Coal	30	2686	3707	0	2096	Rocks	
mining	Coal	30	2683	3702	0	2097	Rocks	
mining	Coal	30	2684	3704	0	2097	Rocks	
mining	Clay	1	2684	3707	0	2108	Rocks	
mining	Clay	1	2686	3704	0	2108	Rocks	
mining	Clay	1	2680	3707	0	2109	Rocks	
mining	Clay	1	2684	3709	0	2109	Rocks	
woodcut	Logs	0	2624	4733	0	1276	Tree	
woodcut	Logs	0	2625	4682	0	1276	Tree	
woodcut	Logs	0	2625	4724	0	1276	Tree	
woodcut	Logs	0	2626	4676	0	1276	Tree	
woodcut	Logs	0	2626	4703	0	1276	Tree	
woodcut	Logs	0	2626	4706	0	1276	Tree	
woodcut	Logs	0	2630	4735	0	1276	Tree	
woodcut	Logs	0	2637	4734	0	1276	Tree	
woodcut	Logs	0	2641	4692	0	1276	Tree	
woodcut	Logs	0	2642	4674	0	1276	Tree	
woodcut	Logs	0	2643	4732	0	1276	Tree	
woodcut	Logs	0	2646	4731	0	1276	Tree	
woodcut	Logs	0	2647	4734	0	1276	Tree	
woodcut	Logs	0	2648	4690	0	1276	Tree	
woodcut	Logs	0	2649	4678	0	1276	Tree	
woodcut	Logs	0	2651	4734	0	1276	Tree	
woodcut	Logs	0	2655	4726	0	1276	Tree	
woodcut	Logs	0	2657	4717	0	1276	Tree	
woodcut	Logs	0	2658	4711	0	1276	Tree	
woodcut	Logs	0	2664	4727	0	1276	Tree	
woodcut	Logs	0	2664	4731	0	1276	Tree	
woodcut	Logs	0	2672	4734	0	1276	Tree	
woodcut	Logs	0	2675	4712	0	1276	Tree	
woodcut	Logs	0	2675	4731	0	1276	Tree	
woodcut	Logs	0	2676	4725	0	1276	Tree	
woodcut	Logs	0	2677	4672	0	1276	Tree	
woodcut	Logs	0	2678	4686	0	1276	Tree	
woodcut	Logs	0	2678	4729	0	1276	Tree	
woodcut	Logs	0	2679	4734	0	1276	Tree	
woodcut	Logs	0	2680	4681	0	1276	Tree	
woodcut	Logs	0	2680	4693	0	1276	Tree	
woodcut	Logs	0	2681	4674	0	1276	Tree	
woodcut	Logs	0	2681	4678	0	1276	Tree	
woodcut	Logs	0	2681	4719	0	1276	Tree	
woodcut	Logs	0	2681	4723	0	1276	Tree	
woodcut	Logs	0	2681	4729	0	1276	Tree	
woodcut	Logs	0	2683	4687	0	1276	Tree	
woodcut	Logs	0	2683	4691	0	1276	Tree	
woodcut	Logs	0	2683	4706	0	1276	Tree	
woodcut	Logs	0	2684	4684	0	1276	Tree	
woodcut	Logs	0	2684	4710	0	1276	Tree	
woodcut	Logs	0	2684	4730	0	1276	Tree	
woodcut	Logs	0	2685	4697	0	1276	Tree	
woodcut	Logs	0	2685	4703	0	1276	Tree	
woodcut	Logs	0	2685	4717	0	1276	Tree	
woodcut	Logs	0	2685	4724	0	1276	Tree	
woodcut	Logs	0	2685	4734	0	1276	Tree	
woodcut	Logs	0	2686	4678	0	1276	Tree	
woodcut	Logs	0	2649	4727	0	1278	Tree	
woodcut	Oak logs	15	2624	4711	0	1281	Oak	
woodcut	Oak logs	15	2626	4719	0	1281	Oak	
woodcut	Oak logs	15	2647	4721	0	1281	Oak	
woodcut	Oak logs	15	2651	4729	0	1281	Oak	
woodcut	Oak logs	15	2660	4673	0	1281	Oak	
woodcut	Oak logs	15	2660	4705	0	1281	Oak	
woodcut	Oak logs	15	2669	4717	0	1281	Oak	
woodcut	Oak logs	15	2669	4726	0	1281	Oak	
woodcut	Oak logs	15	2673	4673	0	1281	Oak	
woodcut	Oak logs	15	2676	4720	0	1281	Oak	
woodcut	Oak logs	15	2677	4675	0	1281	Oak	
woodcut	Oak logs	15	2678	4689	0	1281	Oak	
woodcut	Oak logs	15	2678	4713	0	1281	Oak	
woodcut	Oak logs	15	2685	4674	0	1281	Oak	
mining	Gold ore	40	2737	9683	0	2099	Rocks	
mining	Gold ore	40	2737	9689	0	2099	Rocks	
mining	Gold ore	40	2738	9693	0	2099	Rocks	
mining	Gold ore	40	2740	9684	0	2099	Rocks	
mining	Gold ore	40	2742	3154	0	2098	Rocks	
mining	Gold ore	40	2746	3149	0	2098	Rocks	
mining	Gold ore	40	2742	3149	0	2099	Rocks	
mining	Gold ore	40	2743	3152	0	2099	Rocks	
mining	Gold ore	40	2745	3150	0	2099	Rocks	
mining	Gold ore	40	2746	3148	0	2099	Rocks	
mining	Gold ore	40	2731	3225	0	2098	Rocks	
mining	Gold ore	40	2731	3226	0	2098	Rocks	
mining	Gold ore	40	2734	3223	0	2098	Rocks	
mining	Gold ore	40	2734	3227	0	2098	Rocks	
mining	Gold ore	40	2735	3224	0	2098	Rocks	
mining	Gold ore	40	2731	3224	0	2099	Rocks	
mining	Gold ore	40	2732	3223	0	2099	Rocks	
mining	Gold ore	40	2732	3227	0	2099	Rocks	
mining	Gold ore	40	2733	3223	0	2099	Rocks	
mining	Gold ore	40	2733	3227	0	2099	Rocks	
woodcut	Logs	0	2688	3307	0	1276	Tree	
woodcut	Logs	0	2688	3314	0	1276	Tree	
woodcut	Logs	0	2690	3319	0	1276	Tree	
woodcut	Logs	0	2691	3315	0	1276	Tree	
woodcut	Logs	0	2691	3323	0	1276	Tree	
woodcut	Logs	0	2692	3295	0	1276	Tree	
woodcut	Logs	0	2692	3301	0	1276	Tree	
woodcut	Logs	0	2692	3318	0	1276	Tree	
woodcut	Logs	0	2693	3305	0	1276	Tree	
woodcut	Logs	0	2694	3298	0	1276	Tree	
woodcut	Logs	0	2694	3308	0	1276	Tree	
woodcut	Logs	0	2694	3323	0	1276	Tree	
woodcut	Logs	0	2695	3313	0	1276	Tree	
woodcut	Logs	0	2696	3307	0	1276	Tree	
woodcut	Logs	0	2697	3311	0	1276	Tree	
woodcut	Logs	0	2699	3308	0	1276	Tree	
woodcut	Logs	0	2699	3317	0	1276	Tree	
woodcut	Logs	0	2701	3313	0	1276	Tree	
woodcut	Logs	0	2701	3320	0	1276	Tree	
woodcut	Logs	0	2704	3314	0	1276	Tree	
woodcut	Logs	0	2704	3317	0	1276	Tree	
woodcut	Logs	0	2705	3321	0	1276	Tree	
woodcut	Logs	0	2707	3323	0	1276	Tree	
woodcut	Logs	0	2708	3318	0	1276	Tree	
woodcut	Logs	0	2709	3316	0	1276	Tree	
woodcut	Logs	0	2710	3321	0	1276	Tree	
woodcut	Logs	0	2692	3292	0	1278	Tree	
woodcut	Logs	0	2703	3306	0	1278	Tree	
woodcut	Logs	0	2705	3310	0	1278	Tree	
woodcut	Logs	0	2708	3308	0	1278	Tree	
woodcut	Logs	0	2710	3311	0	1278	Tree	
woodcut	Oak logs	15	2692	3320	0	1281	Oak	
woodcut	Oak logs	15	2694	3310	0	1281	Oak	
woodcut	Oak logs	15	2696	3299	0	1281	Oak	
woodcut	Oak logs	15	2697	3313	0	1281	Oak	
woodcut	Oak logs	15	2700	3301	0	1281	Oak	
woodcut	Oak logs	15	2707	3320	0	1281	Oak	
woodcut	Oak logs	15	2710	3318	0	1281	Oak	
woodcut	Willow logs	30	2697	3293	0	1308	Willow	
woodcut	Willow logs	30	2698	3291	0	1308	Willow	
woodcut	Willow logs	30	2699	3294	0	1308	Willow	
woodcut	Willow logs	30	2705	3299	0	1308	Willow	
woodcut	Willow logs	30	2707	3300	0	1308	Willow	
woodcut	Willow logs	30	2707	3302	0	1308	Willow	
woodcut	Willow logs	30	2709	3300	0	1308	Willow	
woodcut	Willow logs	30	2713	3302	0	1308	Willow	
woodcut	Willow logs	30	2714	3325	0	1308	Willow	
woodcut	Willow logs	30	2716	3321	0	1308	Willow	
woodcut	Willow logs	30	2716	3323	0	1308	Willow	
woodcut	Willow logs	30	2717	3314	0	1308	Willow	
woodcut	Willow logs	30	2717	3318	0	1308	Willow	
woodcut	Willow logs	30	2718	3322	0	1308	Willow	
woodcut	Willow logs	30	2718	3324	0	1308	Willow	
woodcut	Willow logs	30	2720	3323	0	1308	Willow	
woodcut	Willow logs	30	2722	3326	0	1308	Willow	
woodcut	Logs	0	2689	3376	0	1276	Tree	
woodcut	Logs	0	2690	3353	0	1276	Tree	
woodcut	Logs	0	2690	3363	0	1276	Tree	
woodcut	Logs	0	2690	3385	0	1276	Tree	
woodcut	Logs	0	2691	3378	0	1276	Tree	
woodcut	Logs	0	2692	3357	0	1276	Tree	
woodcut	Logs	0	2692	3362	0	1276	Tree	
woodcut	Logs	0	2692	3374	0	1276	Tree	
woodcut	Logs	0	2693	3351	0	1276	Tree	
woodcut	Logs	0	2694	3359	0	1276	Tree	
woodcut	Logs	0	2694	3366	0	1276	Tree	
woodcut	Logs	0	2694	3380	0	1276	Tree	
woodcut	Logs	0	2695	3374	0	1276	Tree	
woodcut	Logs	0	2697	3353	0	1276	Tree	
woodcut	Logs	0	2697	3359	0	1276	Tree	
woodcut	Logs	0	2697	3364	0	1276	Tree	
woodcut	Logs	0	2697	3372	0	1276	Tree	
woodcut	Logs	0	2697	3377	0	1276	Tree	
woodcut	Logs	0	2697	3388	0	1276	Tree	
woodcut	Logs	0	2698	3340	0	1276	Tree	
woodcut	Logs	0	2698	3344	0	1276	Tree	
woodcut	Logs	0	2698	3381	0	1276	Tree	
woodcut	Logs	0	2699	3336	0	1276	Tree	
woodcut	Logs	0	2699	3358	0	1276	Tree	
woodcut	Logs	0	2699	3368	0	1276	Tree	
woodcut	Logs	0	2700	3342	0	1276	Tree	
woodcut	Logs	0	2700	3363	0	1276	Tree	
woodcut	Logs	0	2701	3336	0	1276	Tree	
woodcut	Logs	0	2701	3355	0	1276	Tree	
woodcut	Logs	0	2702	3341	0	1276	Tree	
woodcut	Logs	0	2702	3366	0	1276	Tree	
woodcut	Logs	0	2702	3371	0	1276	Tree	
woodcut	Logs	0	2702	3377	0	1276	Tree	
woodcut	Logs	0	2703	3355	0	1276	Tree	
woodcut	Logs	0	2704	3358	0	1276	Tree	
woodcut	Logs	0	2704	3374	0	1276	Tree	
woodcut	Logs	0	2705	3344	0	1276	Tree	
woodcut	Logs	0	2705	3363	0	1276	Tree	
woodcut	Logs	0	2706	3348	0	1276	Tree	
woodcut	Logs	0	2707	3338	0	1276	Tree	
woodcut	Logs	0	2707	3342	0	1276	Tree	
woodcut	Logs	0	2707	3353	0	1276	Tree	
woodcut	Logs	0	2708	3344	0	1276	Tree	
woodcut	Logs	0	2709	3339	0	1276	Tree	
woodcut	Logs	0	2709	3349	0	1276	Tree	
woodcut	Logs	0	2710	3352	0	1276	Tree	
woodcut	Logs	0	2711	3338	0	1276	Tree	
woodcut	Logs	0	2711	3384	0	1276	Tree	
woodcut	Logs	0	2711	3386	0	1276	Tree	
woodcut	Logs	0	2712	3349	0	1276	Tree	
woodcut	Logs	0	2713	3390	0	1276	Tree	
woodcut	Logs	0	2714	3356	0	1276	Tree	
woodcut	Logs	0	2714	3359	0	1276	Tree	
woodcut	Logs	0	2715	3339	0	1276	Tree	
woodcut	Logs	0	2715	3341	0	1276	Tree	
woodcut	Logs	0	2715	3376	0	1276	Tree	
woodcut	Logs	0	2715	3381	0	1276	Tree	
woodcut	Logs	0	2716	3354	0	1276	Tree	
woodcut	Logs	0	2716	3379	0	1276	Tree	
woodcut	Logs	0	2716	3386	0	1276	Tree	
woodcut	Logs	0	2716	3389	0	1276	Tree	
woodcut	Logs	0	2717	3342	0	1276	Tree	
woodcut	Logs	0	2718	3348	0	1276	Tree	
woodcut	Logs	0	2718	3359	0	1276	Tree	
woodcut	Logs	0	2720	3351	0	1276	Tree	
woodcut	Logs	0	2720	3357	0	1276	Tree	
woodcut	Logs	0	2721	3355	0	1276	Tree	
woodcut	Logs	0	2722	3357	0	1276	Tree	
woodcut	Logs	0	2723	3351	0	1276	Tree	
woodcut	Logs	0	2723	3354	0	1276	Tree	
woodcut	Logs	0	2725	3335	0	1276	Tree	
woodcut	Logs	0	2726	3342	0	1276	Tree	
woodcut	Logs	0	2727	3337	0	1276	Tree	
woodcut	Logs	0	2729	3341	0	1276	Tree	
woodcut	Logs	0	2731	3343	0	1276	Tree	
woodcut	Logs	0	2731	3390	0	1276	Tree	
woodcut	Logs	0	2733	3343	0	1276	Tree	
woodcut	Logs	0	2733	3388	0	1276	Tree	
woodcut	Logs	0	2734	3390	0	1276	Tree	
woodcut	Logs	0	2735	3367	0	1276	Tree	
woodcut	Logs	0	2736	3358	0	1276	Tree	
woodcut	Logs	0	2737	3390	0	1276	Tree	
woodcut	Logs	0	2741	3386	0	1276	Tree	
woodcut	Logs	0	2744	3386	0	1276	Tree	
woodcut	Logs	0	2745	3381	0	1276	Tree	
woodcut	Logs	0	2746	3384	0	1276	Tree	
woodcut	Logs	0	2748	3387	0	1276	Tree	
woodcut	Logs	0	2700	3349	0	1278	Tree	
woodcut	Logs	0	2708	3373	0	1278	Tree	
woodcut	Logs	0	2711	3361	0	1278	Tree	
woodcut	Logs	0	2711	3375	0	1278	Tree	
woodcut	Logs	0	2711	3377	0	1278	Tree	
woodcut	Logs	0	2713	3374	0	1278	Tree	
woodcut	Logs	0	2714	3371	0	1278	Tree	
woodcut	Logs	0	2714	3378	0	1278	Tree	
woodcut	Logs	0	2727	3389	0	1278	Tree	
woodcut	Logs	0	2732	3365	0	1278	Tree	
woodcut	Oak logs	15	2691	3380	0	1281	Oak	
woodcut	Oak logs	15	2693	3354	0	1281	Oak	
woodcut	Oak logs	15	2693	3377	0	1281	Oak	
woodcut	Oak logs	15	2696	3337	0	1281	Oak	
woodcut	Oak logs	15	2697	3361	0	1281	Oak	
woodcut	Oak logs	15	2700	3338	0	1281	Oak	
woodcut	Oak logs	15	2700	3360	0	1281	Oak	
woodcut	Oak logs	15	2700	3373	0	1281	Oak	
woodcut	Oak logs	15	2708	3346	0	1281	Oak	
woodcut	Oak logs	15	2708	3375	0	1281	Oak	
woodcut	Oak logs	15	2710	3372	0	1281	Oak	
woodcut	Oak logs	15	2712	3340	0	1281	Oak	
woodcut	Oak logs	15	2713	3343	0	1281	Oak	
woodcut	Oak logs	15	2713	3386	0	1281	Oak	
woodcut	Oak logs	15	2716	3356	0	1281	Oak	
woodcut	Oak logs	15	2717	3350	0	1281	Oak	
woodcut	Oak logs	15	2720	3348	0	1281	Oak	
woodcut	Oak logs	15	2731	3340	0	1281	Oak	
woodcut	Oak logs	15	2743	3383	0	1281	Oak	
woodcut	Logs	0	2689	3340	0	1286	Dead tree	
woodcut	Logs	0	2690	3331	0	1286	Dead tree	
woodcut	Logs	0	2691	3344	0	1286	Dead tree	
woodcut	Logs	0	2693	3340	0	1286	Dead tree	
woodcut	Logs	0	2694	3334	0	1286	Dead tree	
woodcut	Logs	0	2694	3342	0	1286	Dead tree	
woodcut	Logs	0	2700	3334	0	1286	Dead tree	
woodcut	Logs	0	2703	3338	0	1286	Dead tree	
woodcut	Logs	0	2705	3336	0	1286	Dead tree	
woodcut	Logs	0	2708	3334	0	1286	Dead tree	
woodcut	Logs	0	2710	3335	0	1286	Dead tree	
woodcut	Logs	0	2714	3333	0	1286	Dead tree	
woodcut	Logs	0	2715	3337	0	1286	Dead tree	
woodcut	Logs	0	2717	3328	0	1286	Dead tree	
woodcut	Logs	0	2717	3331	0	1286	Dead tree	
woodcut	Logs	0	2720	3330	0	1286	Dead tree	
woodcut	Maple logs	45	2708	3368	0	1307	Maple tree	
woodcut	Maple logs	45	2709	3380	0	1307	Maple tree	
woodcut	Maple logs	45	2711	3369	0	1307	Maple tree	
woodcut	Maple logs	45	2712	3381	0	1307	Maple tree	
woodcut	Maple logs	45	2714	3383	0	1307	Maple tree	
woodcut	Maple logs	45	2715	3367	0	1307	Maple tree	
woodcut	Willow logs	30	2742	3345	0	1308	Willow	
woodcut	Willow logs	30	2743	3351	0	1308	Willow	
woodcut	Willow logs	30	2743	3356	0	1308	Willow	
woodcut	Willow logs	30	2743	3374	0	1308	Willow	
woodcut	Willow logs	30	2743	3377	0	1308	Willow	
woodcut	Willow logs	30	2744	3368	0	1308	Willow	
woodcut	Willow logs	30	2745	3376	0	1308	Willow	
woodcut	Yew logs	60	2731	3331	0	1309	Yew	
woodcut	Yew logs	60	2736	3334	0	1309	Yew	
mining	Iron ore	15	2692	3328	0	2092	Rocks	
mining	Iron ore	15	2693	3329	0	2092	Rocks	
mining	Iron ore	15	2711	3329	0	2092	Rocks	
mining	Iron ore	15	2713	3332	0	2092	Rocks	
mining	Iron ore	15	2715	3331	0	2092	Rocks	
mining	Iron ore	15	2691	3329	0	2093	Rocks	
mining	Iron ore	15	2696	3333	0	2093	Rocks	
mining	Iron ore	15	2697	3334	0	2093	Rocks	
mining	Iron ore	15	2710	3328	0	2093	Rocks	
mining	Iron ore	15	2712	3329	0	2093	Rocks	
mining	Iron ore	15	2714	3330	0	2093	Rocks	
mining	Coal	30	2691	3336	0	2096	Rocks	
mining	Coal	30	2694	3332	0	2096	Rocks	
mining	Coal	30	2694	3336	0	2096	Rocks	
mining	Coal	30	2705	3328	0	2096	Rocks	
mining	Coal	30	2705	3331	0	2096	Rocks	
mining	Coal	30	2708	3333	0	2096	Rocks	
mining	Coal	30	2710	3332	0	2096	Rocks	
mining	Coal	30	2689	3335	0	2097	Rocks	
mining	Coal	30	2694	3331	0	2097	Rocks	
mining	Coal	30	2704	3328	0	2097	Rocks	
mining	Coal	30	2705	3329	0	2097	Rocks	
mining	Coal	30	2708	3329	0	2097	Rocks	
mining	Coal	30	2709	3331	0	2097	Rocks	
woodcut	Logs	0	2688	3401	0	1276	Tree	
woodcut	Logs	0	2688	3404	0	1276	Tree	
woodcut	Logs	0	2689	3407	0	1276	Tree	
woodcut	Logs	0	2690	3398	0	1276	Tree	
woodcut	Logs	0	2690	3400	0	1276	Tree	
woodcut	Logs	0	2690	3402	0	1276	Tree	
woodcut	Logs	0	2690	3412	0	1276	Tree	
woodcut	Logs	0	2690	3415	0	1276	Tree	
woodcut	Logs	0	2691	3395	0	1276	Tree	
woodcut	Logs	0	2691	3406	0	1276	Tree	
woodcut	Logs	0	2691	3409	0	1276	Tree	
woodcut	Logs	0	2691	3433	0	1276	Tree	
woodcut	Logs	0	2691	3438	0	1276	Tree	
woodcut	Logs	0	2692	3401	0	1276	Tree	
woodcut	Logs	0	2693	3396	0	1276	Tree	
woodcut	Logs	0	2693	3408	0	1276	Tree	
woodcut	Logs	0	2693	3413	0	1276	Tree	
woodcut	Logs	0	2693	3418	0	1276	Tree	
woodcut	Logs	0	2693	3435	0	1276	Tree	
woodcut	Logs	0	2694	3410	0	1276	Tree	
woodcut	Logs	0	2694	3430	0	1276	Tree	
woodcut	Logs	0	2695	3394	0	1276	Tree	
woodcut	Logs	0	2695	3397	0	1276	Tree	
woodcut	Logs	0	2695	3415	0	1276	Tree	
woodcut	Logs	0	2695	3435	0	1276	Tree	
woodcut	Logs	0	2696	3410	0	1276	Tree	
woodcut	Logs	0	2696	3429	0	1276	Tree	
woodcut	Logs	0	2697	3417	0	1276	Tree	
woodcut	Logs	0	2697	3420	0	1276	Tree	
woodcut	Logs	0	2697	3433	0	1276	Tree	
woodcut	Logs	0	2698	3413	0	1276	Tree	
woodcut	Logs	0	2698	3415	0	1276	Tree	
woodcut	Logs	0	2699	3431	0	1276	Tree	
woodcut	Logs	0	2699	3434	0	1276	Tree	
woodcut	Logs	0	2702	3416	0	1276	Tree	
woodcut	Logs	0	2702	3419	0	1276	Tree	
woodcut	Logs	0	2702	3438	0	1276	Tree	
woodcut	Logs	0	2704	3413	0	1276	Tree	
woodcut	Logs	0	2704	3415	0	1276	Tree	
woodcut	Logs	0	2704	3426	0	1276	Tree	
woodcut	Logs	0	2704	3434	0	1276	Tree	
woodcut	Logs	0	2705	3393	0	1276	Tree	
woodcut	Logs	0	2706	3440	0	1276	Tree	
woodcut	Logs	0	2707	3418	0	1276	Tree	
woodcut	Logs	0	2708	3397	0	1276	Tree	
woodcut	Logs	0	2709	3394	0	1276	Tree	
woodcut	Logs	0	2709	3413	0	1276	Tree	
woodcut	Logs	0	2710	3415	0	1276	Tree	
woodcut	Logs	0	2710	3447	0	1276	Tree	
woodcut	Logs	0	2711	3396	0	1276	Tree	
woodcut	Logs	0	2711	3401	0	1276	Tree	
woodcut	Logs	0	2711	3406	0	1276	Tree	
woodcut	Logs	0	2711	3411	0	1276	Tree	
woodcut	Logs	0	2711	3418	0	1276	Tree	
woodcut	Logs	0	2711	3443	0	1276	Tree	
woodcut	Logs	0	2712	3394	0	1276	Tree	
woodcut	Logs	0	2712	3399	0	1276	Tree	
woodcut	Logs	0	2713	3401	0	1276	Tree	
woodcut	Logs	0	2713	3406	0	1276	Tree	
woodcut	Logs	0	2713	3412	0	1276	Tree	
woodcut	Logs	0	2713	3445	0	1276	Tree	
woodcut	Logs	0	2714	3403	0	1276	Tree	
woodcut	Logs	0	2714	3441	0	1276	Tree	
woodcut	Logs	0	2715	3419	0	1276	Tree	
woodcut	Logs	0	2715	3445	0	1276	Tree	
woodcut	Logs	0	2716	3407	0	1276	Tree	
woodcut	Logs	0	2716	3415	0	1276	Tree	
woodcut	Logs	0	2716	3442	0	1276	Tree	
woodcut	Logs	0	2716	3447	0	1276	Tree	
woodcut	Logs	0	2716	3450	0	1276	Tree	
woodcut	Logs	0	2717	3410	0	1276	Tree	
woodcut	Logs	0	2717	3444	0	1276	Tree	
woodcut	Logs	0	2717	3452	0	1276	Tree	
woodcut	Logs	0	2718	3403	0	1276	Tree	
woodcut	Logs	0	2718	3421	0	1276	Tree	
woodcut	Logs	0	2719	3393	0	1276	Tree	
woodcut	Logs	0	2719	3423	0	1276	Tree	
woodcut	Logs	0	2719	3444	0	1276	Tree	
woodcut	Logs	0	2719	3449	0	1276	Tree	
woodcut	Logs	0	2720	3421	0	1276	Tree	
woodcut	Logs	0	2720	3439	0	1276	Tree	
woodcut	Logs	0	2721	3396	0	1276	Tree	
woodcut	Logs	0	2721	3401	0	1276	Tree	
woodcut	Logs	0	2721	3411	0	1276	Tree	
woodcut	Logs	0	2721	3427	0	1276	Tree	
woodcut	Logs	0	2722	3436	0	1276	Tree	
woodcut	Logs	0	2722	3442	0	1276	Tree	
woodcut	Logs	0	2722	3450	0	1276	Tree	
woodcut	Logs	0	2723	3398	0	1276	Tree	
woodcut	Logs	0	2723	3413	0	1276	Tree	
woodcut	Logs	0	2723	3444	0	1276	Tree	
woodcut	Logs	0	2724	3392	0	1276	Tree	
woodcut	Logs	0	2724	3419	0	1276	Tree	
woodcut	Logs	0	2724	3429	0	1276	Tree	
woodcut	Logs	0	2725	3401	0	1276	Tree	
woodcut	Logs	0	2725	3406	0	1276	Tree	
woodcut	Logs	0	2725	3411	0	1276	Tree	
woodcut	Logs	0	2725	3439	0	1276	Tree	
woodcut	Logs	0	2725	3447	0	1276	Tree	
woodcut	Logs	0	2726	3396	0	1276	Tree	
woodcut	Logs	0	2726	3426	0	1276	Tree	
woodcut	Logs	0	2726	3428	0	1276	Tree	
woodcut	Logs	0	2726	3431	0	1276	Tree	
woodcut	Logs	0	2726	3442	0	1276	Tree	
woodcut	Logs	0	2728	3399	0	1276	Tree	
woodcut	Logs	0	2728	3403	0	1276	Tree	
woodcut	Logs	0	2728	3417	0	1276	Tree	
woodcut	Logs	0	2728	3427	0	1276	Tree	
woodcut	Logs	0	2728	3429	0	1276	Tree	
woodcut	Logs	0	2728	3444	0	1276	Tree	
woodcut	Logs	0	2728	3447	0	1276	Tree	
woodcut	Logs	0	2730	3421	0	1276	Tree	
woodcut	Logs	0	2731	3412	0	1276	Tree	
woodcut	Logs	0	2731	3428	0	1276	Tree	
woodcut	Logs	0	2732	3407	0	1276	Tree	
woodcut	Logs	0	2734	3420	0	1276	Tree	
woodcut	Logs	0	2735	3416	0	1276	Tree	
woodcut	Logs	0	2735	3426	0	1276	Tree	
woodcut	Logs	0	2738	3422	0	1276	Tree	
woodcut	Logs	0	2739	3419	0	1276	Tree	
woodcut	Logs	0	2691	3450	0	1278	Tree	
woodcut	Logs	0	2693	3452	0	1278	Tree	
woodcut	Logs	0	2694	3450	0	1278	Tree	
woodcut	Logs	0	2695	3448	0	1278	Tree	
woodcut	Logs	0	2697	3447	0	1278	Tree	
woodcut	Logs	0	2698	3453	0	1278	Tree	
woodcut	Logs	0	2700	3450	0	1278	Tree	
woodcut	Logs	0	2714	3437	0	1278	Tree	
woodcut	Logs	0	2715	3430	0	1278	Tree	
woodcut	Logs	0	2716	3436	0	1278	Tree	
woodcut	Logs	0	2718	3434	0	1278	Tree	
woodcut	Logs	0	2718	3439	0	1278	Tree	
woodcut	Logs	0	2720	3436	0	1278	Tree	
woodcut	Logs	0	2725	3436	0	1278	Tree	
woodcut	Logs	0	2731	3398	0	1278	Tree	
woodcut	Logs	0	2732	3393	0	1278	Tree	
woodcut	Logs	0	2735	3397	0	1278	Tree	
woodcut	Logs	0	2737	3395	0	1278	Tree	
woodcut	Logs	0	2739	3393	0	1278	Tree	
woodcut	Logs	0	2740	3396	0	1278	Tree	
woodcut	Logs	0	2740	3399	0	1278	Tree	
woodcut	Logs	0	2742	3395	0	1278	Tree	
woodcut	Logs	0	2743	3400	0	1278	Tree	
woodcut	Logs	0	2746	3395	0	1278	Tree	
woodcut	Oak logs	15	2691	3430	0	1281	Oak	
woodcut	Oak logs	15	2692	3403	0	1281	Oak	
woodcut	Oak logs	15	2693	3427	0	1281	Oak	
woodcut	Oak logs	15	2693	3441	0	1281	Oak	
woodcut	Oak logs	15	2694	3399	0	1281	Oak	
woodcut	Oak logs	15	2694	3432	0	1281	Oak	
woodcut	Oak logs	15	2695	3412	0	1281	Oak	
woodcut	Oak logs	15	2697	3436	0	1281	Oak	
woodcut	Oak logs	15	2699	3428	0	1281	Oak	
woodcut	Oak logs	15	2700	3413	0	1281	Oak	
woodcut	Oak logs	15	2706	3414	0	1281	Oak	
woodcut	Oak logs	15	2707	3410	0	1281	Oak	
woodcut	Oak logs	15	2708	3399	0	1281	Oak	
woodcut	Oak logs	15	2711	3403	0	1281	Oak	
woodcut	Oak logs	15	2712	3408	0	1281	Oak	
woodcut	Oak logs	15	2718	3446	0	1281	Oak	
woodcut	Oak logs	15	2719	3416	0	1281	Oak	
woodcut	Oak logs	15	2720	3398	0	1281	Oak	
woodcut	Oak logs	15	2722	3447	0	1281	Oak	
woodcut	Oak logs	15	2723	3395	0	1281	Oak	
woodcut	Oak logs	15	2723	3416	0	1281	Oak	
woodcut	Oak logs	15	2724	3421	0	1281	Oak	
woodcut	Oak logs	15	2725	3444	0	1281	Oak	
woodcut	Oak logs	15	2725	3449	0	1281	Oak	
woodcut	Oak logs	15	2731	3416	0	1281	Oak	
woodcut	Oak logs	15	2731	3423	0	1281	Oak	
woodcut	Magic logs	75	2690	3427	0	1306	Magic tree	
woodcut	Magic logs	75	2691	3424	0	1306	Magic tree	
woodcut	Magic logs	75	2696	3423	0	1306	Magic tree	
woodcut	Magic logs	75	2698	3396	0	1306	Magic tree	
woodcut	Magic logs	75	2698	3398	0	1306	Magic tree	
woodcut	Magic logs	75	2705	3396	0	1306	Magic tree	
woodcut	Magic logs	75	2705	3398	0	1306	Magic tree	
flax	flax		2700	3396	0	2646	Flax	
flax	flax		2702	3396	0	2646	Flax	
flax	flax		2703	3396	0	2646	Flax	
flax	flax		2737	3440	0	2646	Flax	
flax	flax		2738	3439	0	2646	Flax	
flax	flax		2738	3440	0	2646	Flax	
flax	flax		2738	3441	0	2646	Flax	
flax	flax		2738	3447	0	2646	Flax	
flax	flax		2738	3450	0	2646	Flax	
flax	flax		2739	3438	0	2646	Flax	
flax	flax		2739	3439	0	2646	Flax	
flax	flax		2739	3440	0	2646	Flax	
flax	flax		2739	3442	0	2646	Flax	
flax	flax		2739	3444	0	2646	Flax	
flax	flax		2739	3449	0	2646	Flax	
flax	flax		2740	3439	0	2646	Flax	
flax	flax		2740	3448	0	2646	Flax	
flax	flax		2740	3449	0	2646	Flax	
flax	flax		2741	3447	0	2646	Flax	
flax	flax		2741	3448	0	2646	Flax	
flax	flax		2741	3449	0	2646	Flax	
flax	flax		2741	3450	0	2646	Flax	
flax	flax		2741	3451	0	2646	Flax	
flax	flax		2742	3446	0	2646	Flax	
flax	flax		2742	3448	0	2646	Flax	
flax	flax		2742	3451	0	2646	Flax	
flax	flax		2742	3452	0	2646	Flax	
flax	flax		2743	3447	0	2646	Flax	
flax	flax		2743	3449	0	2646	Flax	
flax	flax		2744	3438	0	2646	Flax	
flax	flax		2744	3440	0	2646	Flax	
flax	flax		2744	3441	0	2646	Flax	
flax	flax		2745	3439	0	2646	Flax	
flax	flax		2745	3440	0	2646	Flax	
flax	flax		2745	3441	0	2646	Flax	
flax	flax		2745	3442	0	2646	Flax	
flax	flax		2745	3443	0	2646	Flax	
flax	flax		2745	3447	0	2646	Flax	
flax	flax		2745	3450	0	2646	Flax	
flax	flax		2746	3440	0	2646	Flax	
flax	flax		2746	3441	0	2646	Flax	
flax	flax		2746	3446	0	2646	Flax	
flax	flax		2747	3445	0	2646	Flax	
flax	flax		2747	3446	0	2646	Flax	
flax	flax		2747	3450	0	2646	Flax	
flax	flax		2748	3440	0	2646	Flax	
flax	flax		2748	3443	0	2646	Flax	
flax	flax		2749	3438	0	2646	Flax	
flax	flax		2749	3446	0	2646	Flax	
flax	flax		2749	3449	0	2646	Flax	
flax	flax		2750	3442	0	2646	Flax	
woodcut	Logs	0	2688	3478	0	1276	Tree	
woodcut	Logs	0	2691	3476	0	1276	Tree	
woodcut	Logs	0	2692	3479	0	1276	Tree	
woodcut	Logs	0	2694	3478	0	1276	Tree	
woodcut	Logs	0	2695	3474	0	1276	Tree	
woodcut	Logs	0	2697	3479	0	1276	Tree	
woodcut	Logs	0	2722	3476	0	1276	Tree	
woodcut	Logs	0	2722	3481	0	1276	Tree	
woodcut	Logs	0	2725	3482	0	1276	Tree	
woodcut	Logs	0	2731	3495	0	1276	Tree	
woodcut	Logs	0	2732	3479	0	1276	Tree	
woodcut	Logs	0	2732	3481	0	1276	Tree	
woodcut	Logs	0	2733	3496	0	1276	Tree	
woodcut	Logs	0	2734	3479	0	1276	Tree	
woodcut	Logs	0	2737	3484	0	1276	Tree	
woodcut	Logs	0	2737	3487	0	1276	Tree	
woodcut	Logs	0	2739	3485	0	1276	Tree	
woodcut	Logs	0	2741	3494	0	1276	Tree	
woodcut	Logs	0	2748	3480	0	1276	Tree	
woodcut	Logs	0	2706	3502	0	1278	Tree	
woodcut	Logs	0	2709	3501	0	1278	Tree	
woodcut	Logs	0	2710	3503	0	1278	Tree	
woodcut	Logs	0	2714	3499	0	1278	Tree	
woodcut	Logs	0	2714	3504	0	1278	Tree	
woodcut	Logs	0	2716	3501	0	1278	Tree	
woodcut	Logs	0	2723	3479	0	1278	Tree	
woodcut	Logs	0	2724	3457	0	1278	Tree	
woodcut	Logs	0	2724	3465	0	1278	Tree	
woodcut	Logs	0	2724	3468	0	1278	Tree	
woodcut	Logs	0	2725	3472	0	1278	Tree	
woodcut	Logs	0	2726	3467	0	1278	Tree	
woodcut	Logs	0	2736	3504	0	1278	Tree	
woodcut	Logs	0	2738	3497	0	1278	Tree	
woodcut	Logs	0	2738	3512	0	1278	Tree	
woodcut	Logs	0	2738	3517	0	1278	Tree	
woodcut	Logs	0	2741	3482	0	1278	Tree	
woodcut	Oak logs	15	2691	3471	0	1281	Oak	
woodcut	Oak logs	15	2694	3480	0	1281	Oak	
woodcut	Oak logs	15	2700	3480	0	1281	Oak	
woodcut	Oak logs	15	2702	3486	0	1281	Oak	
woodcut	Oak logs	15	2712	3501	0	1281	Oak	
woodcut	Oak logs	15	2719	3481	0	1281	Oak	
woodcut	Oak logs	15	2720	3478	0	1281	Oak	
woodcut	Oak logs	15	2732	3491	0	1281	Oak	
woodcut	Oak logs	15	2734	3484	0	1281	Oak	
woodcut	Logs	0	2704	3465	0	1286	Dead tree	
woodcut	Logs	0	2704	3467	0	1286	Dead tree	
woodcut	Logs	0	2707	3467	0	1286	Dead tree	
woodcut	Logs	0	2708	3458	0	1286	Dead tree	
woodcut	Logs	0	2711	3467	0	1286	Dead tree	
woodcut	Logs	0	2712	3457	0	1286	Dead tree	
woodcut	Logs	0	2713	3461	0	1286	Dead tree	
woodcut	Logs	0	2714	3458	0	1286	Dead tree	
woodcut	Maple logs	45	2720	3475	0	1307	Maple tree	
woodcut	Maple logs	45	2721	3465	0	1307	Maple tree	
woodcut	Maple logs	45	2721	3501	0	1307	Maple tree	
woodcut	Maple logs	45	2727	3501	0	1307	Maple tree	
woodcut	Maple logs	45	2729	3481	0	1307	Maple tree	
woodcut	Maple logs	45	2730	3501	0	1307	Maple tree	
woodcut	Maple logs	45	2733	3499	0	1307	Maple tree	
woodcut	Maple logs	45	2749	3465	0	1307	Maple tree	
woodcut	Maple logs	45	2749	3467	0	1307	Maple tree	
woodcut	Willow logs	30	2704	3506	0	1308	Willow	
woodcut	Willow logs	30	2708	3513	0	1308	Willow	
woodcut	Willow logs	30	2709	3510	0	1308	Willow	
woodcut	Willow logs	30	2711	3511	0	1308	Willow	
woodcut	Willow logs	30	2712	3508	0	1308	Willow	
woodcut	Willow logs	30	2719	3505	0	1308	Willow	
woodcut	Yew logs	60	2705	3459	0	1309	Yew	
woodcut	Yew logs	60	2705	3464	0	1309	Yew	
woodcut	Yew logs	60	2714	3459	0	1309	Yew	
woodcut	Logs	0	2689	3565	0	1276	Tree	
woodcut	Logs	0	2690	3549	0	1276	Tree	
woodcut	Logs	0	2692	3562	0	1276	Tree	
woodcut	Logs	0	2693	3555	0	1276	Tree	
woodcut	Logs	0	2694	3548	0	1276	Tree	
woodcut	Logs	0	2702	3545	0	1276	Tree	
woodcut	Logs	0	2691	3554	0	1278	Tree	
woodcut	Logs	0	2693	3564	0	1278	Tree	
woodcut	Logs	0	2694	3552	0	1278	Tree	
woodcut	Logs	0	2695	3558	0	1278	Tree	
woodcut	Logs	0	2698	3540	0	1278	Tree	
woodcut	Logs	0	2699	3546	0	1278	Tree	
woodcut	Oak logs	15	2690	3556	0	1281	Oak	
woodcut	Logs	0	2699	3553	0	1285	Dead tree	
woodcut	Logs	0	2700	3575	0	1285	Dead tree	
woodcut	Logs	0	2703	3572	0	1285	Dead tree	
woodcut	Logs	0	2703	3577	0	1285	Dead tree	
woodcut	Logs	0	2704	3574	0	1285	Dead tree	
woodcut	Logs	0	2705	3573	0	1285	Dead tree	
woodcut	Logs	0	2706	3571	0	1285	Dead tree	
woodcut	Logs	0	2706	3576	0	1285	Dead tree	
woodcut	Logs	0	2707	3573	0	1285	Dead tree	
woodcut	Logs	0	2707	3575	0	1285	Dead tree	
woodcut	Logs	0	2713	3559	0	1285	Dead tree	
woodcut	Logs	0	2713	3561	0	1285	Dead tree	
woodcut	Logs	0	2713	3565	0	1285	Dead tree	
woodcut	Logs	0	2713	3572	0	1285	Dead tree	
woodcut	Logs	0	2714	3558	0	1285	Dead tree	
woodcut	Logs	0	2715	3568	0	1285	Dead tree	
woodcut	Logs	0	2715	3576	0	1285	Dead tree	
woodcut	Logs	0	2716	3573	0	1285	Dead tree	
woodcut	Logs	0	2716	3574	0	1285	Dead tree	
woodcut	Logs	0	2717	3571	0	1285	Dead tree	
woodcut	Logs	0	2717	3573	0	1285	Dead tree	
woodcut	Logs	0	2718	3560	0	1285	Dead tree	
woodcut	Logs	0	2718	3566	0	1285	Dead tree	
woodcut	Logs	0	2718	3574	0	1285	Dead tree	
woodcut	Logs	0	2718	3577	0	1285	Dead tree	
woodcut	Logs	0	2719	3570	0	1285	Dead tree	
woodcut	Logs	0	2719	3572	0	1285	Dead tree	
woodcut	Logs	0	2721	3569	0	1285	Dead tree	
woodcut	Logs	0	2721	3574	0	1285	Dead tree	
woodcut	Logs	0	2725	3538	0	1285	Dead tree	
woodcut	Logs	0	2726	3546	0	1285	Dead tree	
woodcut	Logs	0	2728	3537	0	1285	Dead tree	
woodcut	Logs	0	2729	3535	0	1285	Dead tree	
woodcut	Logs	0	2729	3551	0	1285	Dead tree	
woodcut	Logs	0	2730	3545	0	1285	Dead tree	
woodcut	Logs	0	2732	3544	0	1285	Dead tree	
woodcut	Logs	0	2732	3545	0	1285	Dead tree	
woodcut	Logs	0	2733	3547	0	1285	Dead tree	
woodcut	Logs	0	2733	3549	0	1285	Dead tree	
woodcut	Logs	0	2734	3538	0	1285	Dead tree	
woodcut	Logs	0	2735	3545	0	1285	Dead tree	
woodcut	Logs	0	2737	3542	0	1285	Dead tree	
woodcut	Logs	0	2737	3545	0	1285	Dead tree	
woodcut	Logs	0	2737	3547	0	1285	Dead tree	
woodcut	Logs	0	2738	3541	0	1285	Dead tree	
woodcut	Logs	0	2739	3538	0	1285	Dead tree	
woodcut	Logs	0	2739	3539	0	1285	Dead tree	
woodcut	Maple logs	45	2688	3556	0	1307	Maple tree	
woodcut	Maple logs	45	2688	3563	0	1307	Maple tree	
woodcut	Maple logs	45	2692	3551	0	1307	Maple tree	
woodcut	Maple logs	45	2692	3559	0	1307	Maple tree	
woodcut	Maple logs	45	2696	3555	0	1307	Maple tree	
woodcut	Maple logs	45	2699	3549	0	1307	Maple tree	
woodcut	Maple logs	45	2708	3565	0	1307	Maple tree	
woodcut	Maple logs	45	2710	3561	0	1307	Maple tree	
woodcut	Maple logs	45	2710	3570	0	1307	Maple tree	
woodcut	Maple logs	45	2711	3566	0	1307	Maple tree	
woodcut	Maple logs	45	2712	3578	0	1307	Maple tree	
woodcut	Maple logs	45	2715	3550	0	1307	Maple tree	
woodcut	Maple logs	45	2715	3554	0	1307	Maple tree	
woodcut	Maple logs	45	2715	3581	0	1307	Maple tree	
woodcut	Maple logs	45	2716	3563	0	1307	Maple tree	
woodcut	Maple logs	45	2717	3556	0	1307	Maple tree	
woodcut	Maple logs	45	2720	3547	0	1307	Maple tree	
woodcut	Maple logs	45	2722	3561	0	1307	Maple tree	
woodcut	Maple logs	45	2722	3563	0	1307	Maple tree	
woodcut	Maple logs	45	2723	3565	0	1307	Maple tree	
woodcut	Maple logs	45	2723	3572	0	1307	Maple tree	
woodcut	Maple logs	45	2724	3552	0	1307	Maple tree	
woodcut	Maple logs	45	2724	3558	0	1307	Maple tree	
woodcut	Maple logs	45	2724	3569	0	1307	Maple tree	
woodcut	Maple logs	45	2726	3562	0	1307	Maple tree	
woodcut	Maple logs	45	2726	3566	0	1307	Maple tree	
woodcut	Willow logs	30	2691	3529	0	1308	Willow	
woodcut	Willow logs	30	2693	3532	0	1308	Willow	
woodcut	Willow logs	30	2696	3531	0	1308	Willow	
woodcut	Willow logs	30	2697	3533	0	1308	Willow	
woodcut	Willow logs	30	2700	3533	0	1308	Willow	
woodcut	Willow logs	30	2747	3568	0	1308	Willow	
woodcut	Logs	0	2689	3606	0	1276	Tree	
woodcut	Logs	0	2695	3608	0	1276	Tree	
woodcut	Logs	0	2695	3636	0	1276	Tree	
woodcut	Logs	0	2698	3606	0	1276	Tree	
woodcut	Logs	0	2700	3610	0	1276	Tree	
woodcut	Logs	0	2707	3611	0	1276	Tree	
woodcut	Logs	0	2709	3605	0	1276	Tree	
woodcut	Logs	0	2710	3622	0	1276	Tree	
woodcut	Logs	0	2711	3636	0	1276	Tree	
woodcut	Logs	0	2713	3614	0	1276	Tree	
woodcut	Logs	0	2715	3600	0	1276	Tree	
woodcut	Logs	0	2716	3625	0	1276	Tree	
woodcut	Logs	0	2720	3603	0	1276	Tree	
woodcut	Logs	0	2722	3645	0	1276	Tree	
woodcut	Logs	0	2724	3603	0	1276	Tree	
woodcut	Logs	0	2725	3599	0	1276	Tree	
woodcut	Logs	0	2726	3611	0	1276	Tree	
woodcut	Logs	0	2730	3605	0	1276	Tree	
woodcut	Logs	0	2730	3623	0	1276	Tree	
woodcut	Logs	0	2730	3631	0	1276	Tree	
woodcut	Logs	0	2730	3645	0	1276	Tree	
woodcut	Logs	0	2733	3611	0	1276	Tree	
woodcut	Logs	0	2735	3595	0	1276	Tree	
woodcut	Logs	0	2736	3610	0	1276	Tree	
woodcut	Logs	0	2737	3598	0	1276	Tree	
woodcut	Logs	0	2737	3605	0	1276	Tree	
woodcut	Logs	0	2737	3622	0	1276	Tree	
woodcut	Logs	0	2740	3603	0	1276	Tree	
woodcut	Logs	0	2740	3646	0	1276	Tree	
woodcut	Logs	0	2741	3594	0	1276	Tree	
woodcut	Logs	0	2741	3607	0	1276	Tree	
woodcut	Logs	0	2744	3618	0	1276	Tree	
woodcut	Logs	0	2744	3628	0	1276	Tree	
woodcut	Logs	0	2745	3646	0	1276	Tree	
woodcut	Logs	0	2746	3614	0	1276	Tree	
woodcut	Logs	0	2748	3593	0	1276	Tree	
woodcut	Logs	0	2749	3598	0	1276	Tree	
woodcut	Logs	0	2749	3645	0	1276	Tree	
woodcut	Logs	0	2750	3605	0	1276	Tree	
woodcut	Logs	0	2692	3609	0	1278	Tree	
woodcut	Logs	0	2694	3646	0	1278	Tree	
woodcut	Logs	0	2695	3616	0	1278	Tree	
woodcut	Logs	0	2697	3631	0	1278	Tree	
woodcut	Logs	0	2698	3641	0	1278	Tree	
woodcut	Logs	0	2698	3645	0	1278	Tree	
woodcut	Logs	0	2700	3607	0	1278	Tree	
woodcut	Logs	0	2700	3619	0	1278	Tree	
woodcut	Logs	0	2700	3637	0	1278	Tree	
woodcut	Logs	0	2701	3604	0	1278	Tree	
woodcut	Logs	0	2706	3602	0	1278	Tree	
woodcut	Logs	0	2706	3647	0	1278	Tree	
woodcut	Logs	0	2707	3633	0	1278	Tree	
woodcut	Logs	0	2707	3637	0	1278	Tree	
woodcut	Logs	0	2708	3615	0	1278	Tree	
woodcut	Logs	0	2709	3625	0	1278	Tree	
woodcut	Logs	0	2711	3643	0	1278	Tree	
woodcut	Logs	0	2712	3606	0	1278	Tree	
woodcut	Logs	0	2712	3639	0	1278	Tree	
woodcut	Logs	0	2712	3646	0	1278	Tree	
woodcut	Logs	0	2713	3625	0	1278	Tree	
woodcut	Logs	0	2714	3621	0	1278	Tree	
woodcut	Logs	0	2715	3637	0	1278	Tree	
woodcut	Logs	0	2716	3618	0	1278	Tree	
woodcut	Logs	0	2716	3634	0	1278	Tree	
woodcut	Logs	0	2716	3643	0	1278	Tree	
woodcut	Logs	0	2717	3604	0	1278	Tree	
woodcut	Logs	0	2718	3613	0	1278	Tree	
woodcut	Logs	0	2719	3608	0	1278	Tree	
woodcut	Logs	0	2719	3645	0	1278	Tree	
woodcut	Logs	0	2721	3600	0	1278	Tree	
woodcut	Logs	0	2721	3637	0	1278	Tree	
woodcut	Logs	0	2722	3631	0	1278	Tree	
woodcut	Logs	0	2723	3641	0	1278	Tree	
woodcut	Logs	0	2724	3628	0	1278	Tree	
woodcut	Logs	0	2724	3634	0	1278	Tree	
woodcut	Logs	0	2726	3621	0	1278	Tree	
woodcut	Logs	0	2727	3604	0	1278	Tree	
woodcut	Logs	0	2727	3627	0	1278	Tree	
woodcut	Logs	0	2727	3644	0	1278	Tree	
woodcut	Logs	0	2728	3608	0	1278	Tree	
woodcut	Logs	0	2730	3610	0	1278	Tree	
woodcut	Logs	0	2730	3614	0	1278	Tree	
woodcut	Logs	0	2730	3642	0	1278	Tree	
woodcut	Logs	0	2732	3597	0	1278	Tree	
woodcut	Logs	0	2733	3604	0	1278	Tree	
woodcut	Logs	0	2733	3625	0	1278	Tree	
woodcut	Logs	0	2734	3599	0	1278	Tree	
woodcut	Logs	0	2734	3644	0	1278	Tree	
woodcut	Logs	0	2735	3608	0	1278	Tree	
woodcut	Logs	0	2736	3602	0	1278	Tree	
woodcut	Logs	0	2737	3613	0	1278	Tree	
woodcut	Logs	0	2741	3612	0	1278	Tree	
woodcut	Logs	0	2741	3629	0	1278	Tree	
woodcut	Logs	0	2742	3600	0	1278	Tree	
woodcut	Logs	0	2743	3622	0	1278	Tree	
woodcut	Logs	0	2744	3611	0	1278	Tree	
woodcut	Logs	0	2745	3600	0	1278	Tree	
woodcut	Logs	0	2747	3607	0	1278	Tree	
woodcut	Logs	0	2747	3610	0	1278	Tree	
woodcut	Logs	0	2747	3630	0	1278	Tree	
woodcut	Logs	0	2748	3617	0	1278	Tree	
woodcut	Logs	0	2748	3643	0	1278	Tree	
woodcut	Logs	0	2749	3614	0	1278	Tree	
woodcut	Logs	0	2749	3640	0	1278	Tree	
woodcut	Logs	0	2750	3601	0	1278	Tree	
woodcut	Oak logs	15	2693	3619	0	1281	Oak	
woodcut	Oak logs	15	2695	3603	0	1281	Oak	
woodcut	Oak logs	15	2697	3633	0	1281	Oak	
woodcut	Oak logs	15	2705	3607	0	1281	Oak	
woodcut	Oak logs	15	2705	3618	0	1281	Oak	
woodcut	Oak logs	15	2707	3640	0	1281	Oak	
woodcut	Oak logs	15	2712	3610	0	1281	Oak	
woodcut	Oak logs	15	2722	3610	0	1281	Oak	
woodcut	Oak logs	15	2723	3624	0	1281	Oak	
woodcut	Oak logs	15	2726	3637	0	1281	Oak	
woodcut	Oak logs	15	2727	3600	0	1281	Oak	
woodcut	Oak logs	15	2736	3628	0	1281	Oak	
woodcut	Oak logs	15	2744	3604	0	1281	Oak	
woodcut	Oak logs	15	2745	3595	0	1281	Oak	
woodcut	Oak logs	15	2747	3621	0	1281	Oak	
woodcut	Logs	0	2693	3643	0	1286	Dead tree	
woodcut	Logs	0	2705	3625	0	1286	Dead tree	
woodcut	Logs	0	2713	3601	0	1286	Dead tree	
woodcut	Logs	0	2715	3641	0	1286	Dead tree	
woodcut	Logs	0	2728	3634	0	1286	Dead tree	
woodcut	Logs	0	2739	3610	0	1286	Dead tree	
woodcut	Logs	0	2743	3616	0	1286	Dead tree	
woodcut	Logs	0	2749	3603	0	1286	Dead tree	
woodcut	Maple logs	45	2690	3595	0	1307	Maple tree	
woodcut	Maple logs	45	2692	3588	0	1307	Maple tree	
woodcut	Maple logs	45	2699	3589	0	1307	Maple tree	
woodcut	Maple logs	45	2705	3586	0	1307	Maple tree	
woodcut	Maple logs	45	2708	3591	0	1307	Maple tree	
woodcut	Maple logs	45	2714	3587	0	1307	Maple tree	
woodcut	Maple logs	45	2722	3589	0	1307	Maple tree	
woodcut	Maple logs	45	2726	3585	0	1307	Maple tree	
woodcut	Maple logs	45	2733	3586	0	1307	Maple tree	
woodcut	Logs	0	2689	3610	0	1383	Dead tree	
woodcut	Logs	0	2692	3604	0	1383	Dead tree	
woodcut	Logs	0	2692	3623	0	1383	Dead tree	
woodcut	Logs	0	2702	3631	0	1383	Dead tree	
woodcut	Logs	0	2703	3644	0	1383	Dead tree	
woodcut	Logs	0	2711	3619	0	1383	Dead tree	
woodcut	Logs	0	2719	3642	0	1383	Dead tree	
woodcut	Logs	0	2720	3617	0	1383	Dead tree	
woodcut	Logs	0	2720	3632	0	1383	Dead tree	
woodcut	Logs	0	2724	3607	0	1383	Dead tree	
woodcut	Logs	0	2728	3624	0	1383	Dead tree	
woodcut	Logs	0	2732	3601	0	1383	Dead tree	
woodcut	Logs	0	2697	3649	0	1276	Tree	
woodcut	Logs	0	2698	3652	0	1276	Tree	
woodcut	Logs	0	2705	3652	0	1276	Tree	
woodcut	Logs	0	2710	3660	0	1276	Tree	
woodcut	Logs	0	2711	3667	0	1276	Tree	
woodcut	Logs	0	2714	3648	0	1276	Tree	
woodcut	Logs	0	2717	3661	0	1276	Tree	
woodcut	Logs	0	2718	3649	0	1276	Tree	
woodcut	Logs	0	2724	3651	0	1276	Tree	
woodcut	Logs	0	2728	3648	0	1276	Tree	
woodcut	Logs	0	2728	3668	0	1276	Tree	
woodcut	Logs	0	2729	3653	0	1276	Tree	
woodcut	Logs	0	2731	3648	0	1276	Tree	
woodcut	Logs	0	2737	3663	0	1276	Tree	
woodcut	Logs	0	2741	3661	0	1276	Tree	
woodcut	Logs	0	2743	3655	0	1276	Tree	
woodcut	Logs	0	2745	3648	0	1276	Tree	
woodcut	Logs	0	2749	3654	0	1276	Tree	
woodcut	Logs	0	2700	3648	0	1278	Tree	
woodcut	Logs	0	2700	3659	0	1278	Tree	
woodcut	Logs	0	2709	3653	0	1278	Tree	
woodcut	Logs	0	2714	3654	0	1278	Tree	
woodcut	Logs	0	2715	3670	0	1278	Tree	
woodcut	Logs	0	2716	3651	0	1278	Tree	
woodcut	Logs	0	2719	3655	0	1278	Tree	
woodcut	Logs	0	2720	3669	0	1278	Tree	
woodcut	Logs	0	2723	3659	0	1278	Tree	
woodcut	Logs	0	2724	3655	0	1278	Tree	
woodcut	Logs	0	2729	3657	0	1278	Tree	
woodcut	Logs	0	2733	3656	0	1278	Tree	
woodcut	Logs	0	2733	3671	0	1278	Tree	
woodcut	Logs	0	2735	3648	0	1278	Tree	
woodcut	Logs	0	2736	3652	0	1278	Tree	
woodcut	Logs	0	2739	3656	0	1278	Tree	
woodcut	Logs	0	2740	3652	0	1278	Tree	
woodcut	Logs	0	2742	3650	0	1278	Tree	
woodcut	Logs	0	2743	3658	0	1278	Tree	
woodcut	Logs	0	2745	3654	0	1278	Tree	
woodcut	Logs	0	2746	3651	0	1278	Tree	
woodcut	Oak logs	15	2701	3650	0	1281	Oak	
woodcut	Oak logs	15	2703	3654	0	1281	Oak	
woodcut	Oak logs	15	2711	3649	0	1281	Oak	
woodcut	Oak logs	15	2713	3663	0	1281	Oak	
woodcut	Oak logs	15	2720	3652	0	1281	Oak	
woodcut	Oak logs	15	2732	3651	0	1281	Oak	
woodcut	Oak logs	15	2738	3648	0	1281	Oak	
woodcut	Oak logs	15	2738	3666	0	1281	Oak	
woodcut	Oak logs	15	2746	3657	0	1281	Oak	
woodcut	Oak logs	15	2748	3648	0	1281	Oak	
woodcut	Logs	0	2697	3660	0	1286	Dead tree	
woodcut	Logs	0	2699	3666	0	1286	Dead tree	
woodcut	Logs	0	2701	3663	0	1286	Dead tree	
woodcut	Logs	0	2701	3671	0	1286	Dead tree	
woodcut	Logs	0	2706	3675	0	1286	Dead tree	
woodcut	Logs	0	2707	3661	0	1286	Dead tree	
woodcut	Logs	0	2709	3674	0	1286	Dead tree	
woodcut	Logs	0	2710	3680	0	1286	Dead tree	
woodcut	Logs	0	2711	3702	0	1286	Dead tree	
woodcut	Logs	0	2714	3659	0	1286	Dead tree	
woodcut	Logs	0	2718	3696	0	1286	Dead tree	
woodcut	Logs	0	2719	3675	0	1286	Dead tree	
woodcut	Logs	0	2723	3684	0	1286	Dead tree	
woodcut	Logs	0	2723	3690	0	1286	Dead tree	
woodcut	Logs	0	2727	3659	0	1286	Dead tree	
woodcut	Logs	0	2727	3677	0	1286	Dead tree	
woodcut	Logs	0	2734	3666	0	1286	Dead tree	
woodcut	Logs	0	2734	3676	0	1286	Dead tree	
woodcut	Logs	0	2746	3665	0	1286	Dead tree	
woodcut	Logs	0	2693	3658	0	1383	Dead tree	
woodcut	Logs	0	2695	3654	0	1383	Dead tree	
woodcut	Logs	0	2697	3664	0	1383	Dead tree	
woodcut	Logs	0	2702	3674	0	1383	Dead tree	
woodcut	Logs	0	2715	3677	0	1383	Dead tree	
woodcut	Logs	0	2721	3664	0	1383	Dead tree	
woodcut	Logs	0	2721	3680	0	1383	Dead tree	
woodcut	Logs	0	2727	3651	0	1383	Dead tree	
woodcut	Logs	0	2727	3664	0	1383	Dead tree	
woodcut	Logs	0	2729	3680	0	1383	Dead tree	
woodcut	Logs	0	2738	3659	0	1383	Dead tree	
woodcut	Logs	0	2741	3667	0	1383	Dead tree	
woodcut	Logs	0	2745	3662	0	1383	Dead tree	
woodcut	Logs	0	2750	3657	0	1383	Dead tree	
mining	Iron ore	15	2723	3692	0	2092	Rocks	
mining	Iron ore	15	2724	3688	0	2092	Rocks	
mining	Iron ore	15	2725	3691	0	2092	Rocks	
mining	Iron ore	15	2725	3694	0	2092	Rocks	
mining	Iron ore	15	2722	3695	0	2093	Rocks	
mining	Iron ore	15	2723	3695	0	2093	Rocks	
mining	Iron ore	15	2723	3696	0	2093	Rocks	
mining	Iron ore	15	2727	3692	0	2093	Rocks	
mining	Iron ore	15	2728	3695	0	2093	Rocks	
mining	Mithril ore	55	2727	3694	0	2102	Rocks	
mining	Mithril ore	55	2726	3687	0	2103	Rocks	
woodcut	Logs	0	2694	4811	0	1286	Dead tree	
woodcut	Logs	0	2697	4842	0	1286	Dead tree	
woodcut	Logs	0	2698	4845	0	1286	Dead tree	
woodcut	Logs	0	2699	4847	0	1286	Dead tree	
woodcut	Logs	0	2701	4825	0	1286	Dead tree	
woodcut	Logs	0	2702	4850	0	1286	Dead tree	
woodcut	Logs	0	2704	4808	0	1286	Dead tree	
woodcut	Logs	0	2708	4850	0	1286	Dead tree	
woodcut	Logs	0	2711	4812	0	1286	Dead tree	
woodcut	Logs	0	2712	4811	0	1286	Dead tree	
woodcut	Logs	0	2726	4820	0	1286	Dead tree	
woodcut	Logs	0	2730	4852	0	1286	Dead tree	
woodcut	Logs	0	2733	4806	0	1286	Dead tree	
woodcut	Logs	0	2733	4849	0	1286	Dead tree	
woodcut	Logs	0	2736	4827	0	1286	Dead tree	
woodcut	Logs	0	2739	4829	0	1286	Dead tree	
woodcut	Logs	0	2779	2923	0	2887	Jungle Tree	
woodcut	Logs	0	2787	2922	0	2887	Jungle Tree	
woodcut	Logs	0	2793	2901	0	2887	Jungle Tree	
woodcut	Logs	0	2809	2914	0	2887	Jungle Tree	
woodcut	Logs	0	2813	2925	0	2887	Jungle Tree	
woodcut	Logs	0	2761	2935	0	2889	Jungle Tree	
woodcut	Logs	0	2761	2942	0	2889	Jungle Tree	
woodcut	Logs	0	2763	2938	0	2889	Jungle Tree	
woodcut	Logs	0	2790	2936	0	2889	Jungle Tree	
woodcut	Logs	0	2791	2937	0	2889	Jungle Tree	
woodcut	Logs	0	2792	2940	0	2889	Jungle Tree	
woodcut	Logs	0	2793	2936	0	2889	Jungle Tree	
woodcut	Logs	0	2793	2939	0	2889	Jungle Tree	
woodcut	Logs	0	2794	2937	0	2889	Jungle Tree	
woodcut	Logs	0	2796	2939	0	2889	Jungle Tree	
woodcut	Logs	0	2798	2936	0	2889	Jungle Tree	
woodcut	Logs	0	2800	2935	0	2889	Jungle Tree	
woodcut	Logs	0	2800	2937	0	2889	Jungle Tree	
woodcut	Logs	0	2800	2938	0	2889	Jungle Tree	
woodcut	Logs	0	2763	2935	0	2890	Jungle Tree	
woodcut	Logs	0	2764	2941	0	2890	Jungle Tree	
woodcut	Logs	0	2765	2937	0	2890	Jungle Tree	
woodcut	Logs	0	2791	2936	0	2890	Jungle Tree	
woodcut	Logs	0	2791	2939	0	2890	Jungle Tree	
woodcut	Logs	0	2791	2942	0	2890	Jungle Tree	
woodcut	Logs	0	2793	2942	0	2890	Jungle Tree	
woodcut	Logs	0	2798	2942	0	2890	Jungle Tree	
woodcut	Logs	0	2800	2939	0	2890	Jungle Tree	
woodcut	Logs	0	2800	2942	0	2890	Jungle Tree	
woodcut	Logs	0	2759	2940	0	2892	Jungle Bush	
woodcut	Logs	0	2759	2941	0	2892	Jungle Bush	
woodcut	Logs	0	2759	2942	0	2892	Jungle Bush	
woodcut	Logs	0	2760	2937	0	2892	Jungle Bush	
woodcut	Logs	0	2760	2938	0	2892	Jungle Bush	
woodcut	Logs	0	2761	2936	0	2892	Jungle Bush	
woodcut	Logs	0	2761	2939	0	2892	Jungle Bush	
woodcut	Logs	0	2761	2940	0	2892	Jungle Bush	
woodcut	Logs	0	2762	2935	0	2892	Jungle Bush	
woodcut	Logs	0	2762	2937	0	2892	Jungle Bush	
woodcut	Logs	0	2762	2941	0	2892	Jungle Bush	
woodcut	Logs	0	2762	2942	0	2892	Jungle Bush	
woodcut	Logs	0	2764	2937	0	2892	Jungle Bush	
woodcut	Logs	0	2764	2939	0	2892	Jungle Bush	
woodcut	Logs	0	2764	2940	0	2892	Jungle Bush	
woodcut	Logs	0	2764	2942	0	2892	Jungle Bush	
woodcut	Logs	0	2765	2936	0	2892	Jungle Bush	
woodcut	Logs	0	2765	2938	0	2892	Jungle Bush	
woodcut	Logs	0	2765	2940	0	2892	Jungle Bush	
woodcut	Logs	0	2790	2942	0	2892	Jungle Bush	
woodcut	Logs	0	2792	2938	0	2892	Jungle Bush	
woodcut	Logs	0	2792	2939	0	2892	Jungle Bush	
woodcut	Logs	0	2792	2941	0	2892	Jungle Bush	
woodcut	Logs	0	2794	2942	0	2892	Jungle Bush	
woodcut	Logs	0	2795	2940	0	2892	Jungle Bush	
woodcut	Logs	0	2795	2941	0	2892	Jungle Bush	
woodcut	Logs	0	2796	2940	0	2892	Jungle Bush	
woodcut	Logs	0	2797	2939	0	2892	Jungle Bush	
woodcut	Logs	0	2797	2942	0	2892	Jungle Bush	
woodcut	Logs	0	2798	2940	0	2892	Jungle Bush	
woodcut	Logs	0	2798	2941	0	2892	Jungle Bush	
woodcut	Logs	0	2799	2939	0	2892	Jungle Bush	
woodcut	Logs	0	2799	2942	0	2892	Jungle Bush	
woodcut	Logs	0	2801	2935	0	2892	Jungle Bush	
woodcut	Logs	0	2759	2935	0	2893	Jungle Bush	
woodcut	Logs	0	2760	2936	0	2893	Jungle Bush	
woodcut	Logs	0	2760	2940	0	2893	Jungle Bush	
woodcut	Logs	0	2760	2942	0	2893	Jungle Bush	
woodcut	Logs	0	2761	2941	0	2893	Jungle Bush	
woodcut	Logs	0	2762	2936	0	2893	Jungle Bush	
woodcut	Logs	0	2763	2937	0	2893	Jungle Bush	
woodcut	Logs	0	2763	2942	0	2893	Jungle Bush	
woodcut	Logs	0	2764	2936	0	2893	Jungle Bush	
woodcut	Logs	0	2765	2939	0	2893	Jungle Bush	
woodcut	Logs	0	2791	2938	0	2893	Jungle Bush	
woodcut	Logs	0	2791	2940	0	2893	Jungle Bush	
woodcut	Logs	0	2791	2941	0	2893	Jungle Bush	
woodcut	Logs	0	2793	2938	0	2893	Jungle Bush	
woodcut	Logs	0	2793	2940	0	2893	Jungle Bush	
woodcut	Logs	0	2793	2941	0	2893	Jungle Bush	
woodcut	Logs	0	2794	2940	0	2893	Jungle Bush	
woodcut	Logs	0	2794	2941	0	2893	Jungle Bush	
woodcut	Logs	0	2795	2939	0	2893	Jungle Bush	
woodcut	Logs	0	2795	2942	0	2893	Jungle Bush	
woodcut	Logs	0	2796	2941	0	2893	Jungle Bush	
woodcut	Logs	0	2797	2941	0	2893	Jungle Bush	
woodcut	Logs	0	2798	2939	0	2893	Jungle Bush	
woodcut	Logs	0	2799	2938	0	2893	Jungle Bush	
woodcut	Logs	0	2799	2940	0	2893	Jungle Bush	
woodcut	Logs	0	2799	2941	0	2893	Jungle Bush	
woodcut	Logs	0	2800	2940	0	2893	Jungle Bush	
woodcut	Logs	0	2800	2941	0	2893	Jungle Bush	
woodcut	Logs	0	2801	2941	0	2893	Jungle Bush	
woodcut	Logs	0	2808	3382	0	1276	Tree	
woodcut	Logs	0	2811	3385	0	1276	Tree	
woodcut	Logs	0	2813	3338	0	1276	Tree	
woodcut	Logs	0	2805	3340	0	1278	Tree	
woodcut	Logs	0	2812	3364	0	1278	Tree	
woodcut	Logs	0	2814	3334	0	1278	Tree	
woodcut	Logs	0	2814	3364	0	1278	Tree	
woodcut	Oak logs	15	2810	3349	0	1281	Oak	
woodcut	Logs	0	2808	3368	0	1282	Dead tree	
woodcut	Logs	0	2809	3365	0	1282	Dead tree	
woodcut	Logs	0	2810	3367	0	1282	Dead tree	
woodcut	Logs	0	2810	3369	0	1282	Dead tree	
woodcut	Logs	0	2812	3367	0	1282	Dead tree	
woodcut	Logs	0	2813	3369	0	1282	Dead tree	
woodcut	Logs	0	2813	3376	0	1282	Dead tree	
woodcut	Logs	0	2813	3377	0	1282	Dead tree	
woodcut	Logs	0	2814	3366	0	1282	Dead tree	
woodcut	Logs	0	2814	3368	0	1282	Dead tree	
woodcut	Logs	0	2814	3378	0	1282	Dead tree	
woodcut	Logs	0	2808	3367	0	1286	Dead tree	
woodcut	Logs	0	2812	3370	0	1289	Dead tree	
woodcut	Logs	0	2812	3372	0	1289	Dead tree	
woodcut	Logs	0	2814	3375	0	1289	Dead tree	
woodcut	Logs	0	2815	3378	0	1289	Dead tree	
woodcut	Logs	0	2815	3382	0	1289	Dead tree	
woodcut	Logs	0	2757	3452	0	1276	Tree	
woodcut	Logs	0	2769	3434	0	1276	Tree	
woodcut	Logs	0	2771	3444	0	1276	Tree	
woodcut	Logs	0	2772	3446	0	1276	Tree	
woodcut	Logs	0	2772	3449	0	1276	Tree	
woodcut	Logs	0	2773	3441	0	1276	Tree	
woodcut	Logs	0	2776	3440	0	1276	Tree	
woodcut	Logs	0	2776	3444	0	1276	Tree	
woodcut	Logs	0	2777	3452	0	1276	Tree	
woodcut	Logs	0	2778	3450	0	1276	Tree	
woodcut	Logs	0	2779	3438	0	1276	Tree	
woodcut	Logs	0	2779	3448	0	1276	Tree	
woodcut	Logs	0	2780	3440	0	1276	Tree	
woodcut	Logs	0	2781	3446	0	1276	Tree	
woodcut	Logs	0	2783	3435	0	1276	Tree	
woodcut	Logs	0	2784	3446	0	1276	Tree	
woodcut	Logs	0	2784	3449	0	1276	Tree	
woodcut	Logs	0	2785	3451	0	1276	Tree	
woodcut	Logs	0	2794	3438	0	1276	Tree	
woodcut	Logs	0	2794	3442	0	1276	Tree	
woodcut	Logs	0	2796	3444	0	1276	Tree	
woodcut	Logs	0	2796	3447	0	1276	Tree	
woodcut	Logs	0	2799	3443	0	1276	Tree	
woodcut	Logs	0	2801	3454	0	1276	Tree	
woodcut	Logs	0	2765	3432	0	1278	Tree	
woodcut	Oak logs	15	2762	3453	0	1281	Oak	
woodcut	Oak logs	15	2768	3447	0	1281	Oak	
woodcut	Oak logs	15	2773	3443	0	1281	Oak	
woodcut	Oak logs	15	2774	3446	0	1281	Oak	
woodcut	Oak logs	15	2779	3452	0	1281	Oak	
woodcut	Oak logs	15	2781	3448	0	1281	Oak	
woodcut	Oak logs	15	2785	3437	0	1281	Oak	
woodcut	Oak logs	15	2786	3433	0	1281	Oak	
woodcut	Oak logs	15	2786	3443	0	1281	Oak	
woodcut	Oak logs	15	2787	3449	0	1281	Oak	
woodcut	Oak logs	15	2793	3444	0	1281	Oak	
woodcut	Oak logs	15	2798	3445	0	1281	Oak	
woodcut	Logs	0	2754	3395	0	1282	Dead tree	
woodcut	Logs	0	2754	3454	0	1282	Dead tree	
woodcut	Logs	0	2755	3393	0	1282	Dead tree	
woodcut	Logs	0	2755	3407	0	1282	Dead tree	
woodcut	Logs	0	2756	3395	0	1282	Dead tree	
woodcut	Logs	0	2756	3396	0	1282	Dead tree	
woodcut	Logs	0	2756	3408	0	1282	Dead tree	
woodcut	Logs	0	2756	3411	0	1282	Dead tree	
woodcut	Logs	0	2757	3405	0	1282	Dead tree	
woodcut	Logs	0	2758	3397	0	1282	Dead tree	
woodcut	Logs	0	2759	3404	0	1282	Dead tree	
woodcut	Logs	0	2760	3406	0	1282	Dead tree	
woodcut	Logs	0	2761	3397	0	1282	Dead tree	
woodcut	Logs	0	2774	3408	0	1286	Dead tree	
woodcut	Logs	0	2791	3440	0	1286	Dead tree	
woodcut	Logs	0	2754	3393	0	1289	Dead tree	
woodcut	Logs	0	2755	3397	0	1289	Dead tree	
woodcut	Logs	0	2757	3394	0	1289	Dead tree	
woodcut	Logs	0	2757	3398	0	1289	Dead tree	
woodcut	Logs	0	2757	3404	0	1289	Dead tree	
woodcut	Logs	0	2757	3407	0	1289	Dead tree	
woodcut	Logs	0	2757	3410	0	1289	Dead tree	
woodcut	Logs	0	2758	3396	0	1289	Dead tree	
woodcut	Logs	0	2758	3399	0	1289	Dead tree	
woodcut	Logs	0	2758	3407	0	1289	Dead tree	
woodcut	Logs	0	2759	3406	0	1289	Dead tree	
woodcut	Logs	0	2760	3398	0	1289	Dead tree	
woodcut	Logs	0	2761	3400	0	1289	Dead tree	
woodcut	Logs	0	2761	3403	0	1289	Dead tree	
woodcut	Logs	0	2761	3405	0	1289	Dead tree	
woodcut	Logs	0	2762	3407	0	1289	Dead tree	
woodcut	Willow logs	30	2768	3426	0	1308	Willow	
woodcut	Willow logs	30	2771	3427	0	1308	Willow	
woodcut	Willow logs	30	2781	3427	0	1308	Willow	
woodcut	Willow logs	30	2783	3426	0	1308	Willow	
woodcut	Willow logs	30	2786	3429	0	1308	Willow	
woodcut	Yew logs	60	2754	3433	0	1309	Yew	
woodcut	Yew logs	60	2755	3430	0	1309	Yew	
woodcut	Yew logs	60	2757	3433	0	1309	Yew	
woodcut	Yew logs	60	2759	3427	0	1309	Yew	
woodcut	Yew logs	60	2760	3431	0	1309	Yew	
woodcut	Yew logs	60	2765	3427	0	1309	Yew	
woodcut	Yew logs	60	2767	3452	0	1309	Yew	
woodcut	Yew logs	60	2770	3437	0	1309	Yew	
woodcut	Logs	0	2754	3468	0	1276	Tree	
woodcut	Logs	0	2755	3461	0	1276	Tree	
woodcut	Logs	0	2755	3470	0	1276	Tree	
woodcut	Logs	0	2757	3461	0	1276	Tree	
woodcut	Logs	0	2757	3468	0	1276	Tree	
woodcut	Logs	0	2758	3466	0	1276	Tree	
woodcut	Logs	0	2759	3458	0	1276	Tree	
woodcut	Logs	0	2759	3460	0	1276	Tree	
woodcut	Logs	0	2760	3462	0	1276	Tree	
woodcut	Logs	0	2761	3457	0	1276	Tree	
woodcut	Logs	0	2761	3460	0	1276	Tree	
woodcut	Logs	0	2761	3465	0	1276	Tree	
woodcut	Logs	0	2761	3473	0	1276	Tree	
woodcut	Logs	0	2763	3474	0	1276	Tree	
woodcut	Logs	0	2764	3472	0	1276	Tree	
woodcut	Logs	0	2766	3464	0	1276	Tree	
woodcut	Logs	0	2766	3467	0	1276	Tree	
woodcut	Logs	0	2768	3457	0	1276	Tree	
woodcut	Logs	0	2768	3468	0	1276	Tree	
woodcut	Logs	0	2768	3474	0	1276	Tree	
woodcut	Logs	0	2769	3470	0	1276	Tree	
woodcut	Logs	0	2770	3461	0	1276	Tree	
woodcut	Logs	0	2770	3467	0	1276	Tree	
woodcut	Logs	0	2771	3463	0	1276	Tree	
woodcut	Logs	0	2772	3461	0	1276	Tree	
woodcut	Logs	0	2780	3492	0	1276	Tree	
woodcut	Logs	0	2781	3470	0	1276	Tree	
woodcut	Logs	0	2786	3460	0	1276	Tree	
woodcut	Logs	0	2791	3457	0	1276	Tree	
woodcut	Logs	0	2793	3456	0	1276	Tree	
woodcut	Logs	0	2796	3457	0	1276	Tree	
woodcut	Logs	0	2799	3460	0	1276	Tree	
woodcut	Logs	0	2800	3466	0	1276	Tree	
woodcut	Logs	0	2800	3468	0	1276	Tree	
woodcut	Logs	0	2802	3459	0	1276	Tree	
woodcut	Logs	0	2802	3463	0	1276	Tree	
woodcut	Logs	0	2805	3472	0	1276	Tree	
woodcut	Logs	0	2809	3460	0	1276	Tree	
woodcut	Logs	0	2755	3458	0	1278	Tree	
woodcut	Logs	0	2762	3471	0	1278	Tree	
woodcut	Logs	0	2775	3472	0	1278	Tree	
woodcut	Logs	0	2776	3464	0	1278	Tree	
woodcut	Logs	0	2778	3498	0	1278	Tree	
woodcut	Logs	0	2781	3459	0	1278	Tree	
woodcut	Logs	0	2788	3474	0	1278	Tree	
woodcut	Logs	0	2789	3466	0	1278	Tree	
woodcut	Logs	0	2795	3462	0	1278	Tree	
woodcut	Logs	0	2795	3466	0	1278	Tree	
woodcut	Logs	0	2795	3473	0	1278	Tree	
woodcut	Logs	0	2798	3467	0	1278	Tree	
woodcut	Logs	0	2802	3461	0	1278	Tree	
woodcut	Logs	0	2802	3466	0	1278	Tree	
woodcut	Logs	0	2804	3460	0	1278	Tree	
woodcut	Logs	0	2812	3469	0	1278	Tree	
woodcut	Logs	0	2813	3474	0	1278	Tree	
woodcut	Oak logs	15	2754	3464	0	1281	Oak	
woodcut	Oak logs	15	2757	3463	0	1281	Oak	
woodcut	Oak logs	15	2760	3467	0	1281	Oak	
woodcut	Oak logs	15	2764	3456	0	1281	Oak	
woodcut	Oak logs	15	2765	3469	0	1281	Oak	
woodcut	Oak logs	15	2766	3461	0	1281	Oak	
woodcut	Oak logs	15	2768	3464	0	1281	Oak	
woodcut	Oak logs	15	2773	3458	0	1281	Oak	
woodcut	Oak logs	15	2798	3463	0	1281	Oak	
woodcut	Logs	0	2807	3510	0	1291	Dead tree	
woodcut	Logs	0	2809	3508	0	1291	Dead tree	
woodcut	Logs	0	2812	3511	0	1291	Dead tree	
woodcut	Logs	0	2775	3499	0	1315	Evergreen	
woodcut	Logs	0	2775	3501	0	1315	Evergreen	
woodcut	Logs	0	2776	3495	0	1315	Evergreen	
woodcut	Logs	0	2778	3494	0	1315	Evergreen	
woodcut	Logs	0	2778	3503	0	1315	Evergreen	
woodcut	Logs	0	2778	3507	0	1315	Evergreen	
woodcut	Logs	0	2779	3486	0	1315	Evergreen	
woodcut	Logs	0	2779	3509	0	1315	Evergreen	
woodcut	Logs	0	2780	3479	0	1315	Evergreen	
woodcut	Logs	0	2781	3489	0	1315	Evergreen	
woodcut	Logs	0	2781	3497	0	1315	Evergreen	
woodcut	Logs	0	2782	3477	0	1315	Evergreen	
woodcut	Logs	0	2782	3494	0	1315	Evergreen	
woodcut	Logs	0	2782	3501	0	1315	Evergreen	
woodcut	Logs	0	2782	3504	0	1315	Evergreen	
woodcut	Logs	0	2782	3507	0	1315	Evergreen	
woodcut	Logs	0	2784	3508	0	1315	Evergreen	
woodcut	Logs	0	2785	3480	0	1315	Evergreen	
woodcut	Logs	0	2785	3485	0	1315	Evergreen	
woodcut	Logs	0	2785	3490	0	1315	Evergreen	
woodcut	Logs	0	2785	3494	0	1315	Evergreen	
woodcut	Logs	0	2785	3515	0	1315	Evergreen	
woodcut	Logs	0	2786	3510	0	1315	Evergreen	
woodcut	Logs	0	2787	3517	0	1315	Evergreen	
woodcut	Logs	0	2789	3488	0	1315	Evergreen	
woodcut	Logs	0	2790	3480	0	1315	Evergreen	
woodcut	Logs	0	2790	3485	0	1315	Evergreen	
woodcut	Logs	0	2791	3500	0	1315	Evergreen	
woodcut	Logs	0	2792	3476	0	1315	Evergreen	
woodcut	Logs	0	2794	3509	0	1315	Evergreen	
woodcut	Logs	0	2794	3515	0	1315	Evergreen	
woodcut	Logs	0	2795	3481	0	1315	Evergreen	
woodcut	Logs	0	2795	3517	0	1315	Evergreen	
woodcut	Logs	0	2796	3475	0	1315	Evergreen	
woodcut	Logs	0	2796	3495	0	1315	Evergreen	
woodcut	Logs	0	2797	3482	0	1315	Evergreen	
woodcut	Logs	0	2797	3518	0	1315	Evergreen	
woodcut	Logs	0	2798	3477	0	1315	Evergreen	
woodcut	Logs	0	2799	3472	0	1315	Evergreen	
woodcut	Logs	0	2799	3495	0	1315	Evergreen	
woodcut	Logs	0	2799	3516	0	1315	Evergreen	
woodcut	Logs	0	2802	3475	0	1315	Evergreen	
woodcut	Logs	0	2802	3485	0	1315	Evergreen	
woodcut	Logs	0	2804	3519	0	1315	Evergreen	
woodcut	Logs	0	2805	3494	0	1315	Evergreen	
woodcut	Logs	0	2806	3468	0	1315	Evergreen	
woodcut	Logs	0	2807	3466	0	1315	Evergreen	
woodcut	Logs	0	2808	3463	0	1315	Evergreen	
woodcut	Logs	0	2809	3471	0	1315	Evergreen	
woodcut	Logs	0	2810	3466	0	1315	Evergreen	
woodcut	Logs	0	2810	3474	0	1315	Evergreen	
woodcut	Logs	0	2812	3491	0	1315	Evergreen	
woodcut	Logs	0	2813	3480	0	1315	Evergreen	
woodcut	Logs	0	2814	3464	0	1315	Evergreen	
woodcut	Logs	0	2814	3483	0	1315	Evergreen	
woodcut	Logs	0	2814	3488	0	1315	Evergreen	
woodcut	Logs	0	2784	3504	0	1316	Evergreen	
woodcut	Logs	0	2792	3483	0	1316	Evergreen	
woodcut	Logs	0	2793	3497	0	1316	Evergreen	
woodcut	Logs	0	2794	3477	0	1316	Evergreen	
woodcut	Logs	0	2804	3474	0	1316	Evergreen	
woodcut	Logs	0	2808	3468	0	1316	Evergreen	
woodcut	Logs	0	2753	3551	0	1315	Evergreen	
woodcut	Logs	0	2754	3542	0	1315	Evergreen	
woodcut	Logs	0	2754	3545	0	1315	Evergreen	
woodcut	Logs	0	2754	3548	0	1315	Evergreen	
woodcut	Logs	0	2754	3555	0	1315	Evergreen	
woodcut	Logs	0	2756	3545	0	1315	Evergreen	
woodcut	Logs	0	2756	3551	0	1315	Evergreen	
woodcut	Logs	0	2811	3543	0	1315	Evergreen	
woodcut	Logs	0	2812	3540	0	1315	Evergreen	
woodcut	Logs	0	2752	3598	0	1276	Tree	
woodcut	Logs	0	2752	3611	0	1276	Tree	
woodcut	Logs	0	2752	3617	0	1278	Tree	
woodcut	Logs	0	2752	3632	0	1278	Tree	
woodcut	Logs	0	2753	3593	0	1278	Tree	
woodcut	Logs	0	2754	3595	0	1278	Tree	
woodcut	Logs	0	2755	3604	0	1278	Tree	
woodcut	Logs	0	2756	3632	0	1278	Tree	
woodcut	Logs	0	2759	3594	0	1278	Tree	
woodcut	Logs	0	2762	3598	0	1278	Tree	
woodcut	Oak logs	15	2753	3635	0	1281	Oak	
woodcut	Oak logs	15	2756	3599	0	1281	Oak	
woodcut	Logs	0	2755	3642	0	1286	Dead tree	
woodcut	Logs	0	2757	3593	0	1286	Dead tree	
woodcut	Logs	0	2758	3604	0	1286	Dead tree	
woodcut	Logs	0	2760	3634	0	1286	Dead tree	
woodcut	Logs	0	2765	3596	0	1286	Dead tree	
woodcut	Logs	0	2752	3643	0	1383	Dead tree	
woodcut	Logs	0	2754	3640	0	1383	Dead tree	
woodcut	Logs	0	2754	3644	0	1383	Dead tree	
woodcut	Logs	0	2755	3610	0	1383	Dead tree	
woodcut	Logs	0	2755	3614	0	1383	Dead tree	
woodcut	Logs	0	2757	3626	0	1383	Dead tree	
woodcut	Logs	0	2758	3637	0	1383	Dead tree	
woodcut	Logs	0	2763	3594	0	1383	Dead tree	
woodcut	Logs	0	2763	3638	0	1383	Dead tree	
woodcut	Logs	0	2768	3597	0	1383	Dead tree	
woodcut	Logs	0	2769	3599	0	1383	Dead tree	
woodcut	Logs	0	2758	4694	0	1282	Dead tree	
woodcut	Logs	0	2767	4734	0	1282	Dead tree	
woodcut	Logs	0	2775	4721	0	1282	Dead tree	
woodcut	Logs	0	2779	4729	0	1282	Dead tree	
woodcut	Logs	0	2788	4673	0	1282	Dead tree	
woodcut	Logs	0	2788	4705	0	1282	Dead tree	
woodcut	Logs	0	2797	4717	0	1282	Dead tree	
woodcut	Logs	0	2797	4726	0	1282	Dead tree	
woodcut	Logs	0	2800	4720	0	1282	Dead tree	
woodcut	Logs	0	2801	4673	0	1282	Dead tree	
woodcut	Logs	0	2804	4720	0	1282	Dead tree	
woodcut	Logs	0	2805	4675	0	1282	Dead tree	
woodcut	Logs	0	2806	4689	0	1282	Dead tree	
woodcut	Logs	0	2806	4713	0	1282	Dead tree	
woodcut	Logs	0	2813	4674	0	1282	Dead tree	
woodcut	Logs	0	2752	4711	0	1286	Dead tree	
woodcut	Logs	0	2752	4733	0	1286	Dead tree	
woodcut	Logs	0	2753	4682	0	1286	Dead tree	
woodcut	Logs	0	2753	4724	0	1286	Dead tree	
woodcut	Logs	0	2754	4676	0	1286	Dead tree	
woodcut	Logs	0	2754	4686	0	1286	Dead tree	
woodcut	Logs	0	2754	4703	0	1286	Dead tree	
woodcut	Logs	0	2754	4706	0	1286	Dead tree	
woodcut	Logs	0	2754	4719	0	1286	Dead tree	
woodcut	Logs	0	2758	4735	0	1286	Dead tree	
woodcut	Logs	0	2759	4688	0	1286	Dead tree	
woodcut	Logs	0	2762	4721	0	1286	Dead tree	
woodcut	Logs	0	2764	4689	0	1286	Dead tree	
woodcut	Logs	0	2765	4715	0	1286	Dead tree	
woodcut	Logs	0	2765	4734	0	1286	Dead tree	
woodcut	Logs	0	2766	4686	0	1286	Dead tree	
woodcut	Logs	0	2767	4726	0	1286	Dead tree	
woodcut	Logs	0	2768	4685	0	1286	Dead tree	
woodcut	Logs	0	2769	4692	0	1286	Dead tree	
woodcut	Logs	0	2770	4674	0	1286	Dead tree	
woodcut	Logs	0	2771	4732	0	1286	Dead tree	
woodcut	Logs	0	2772	4731	0	1286	Dead tree	
woodcut	Logs	0	2773	4728	0	1286	Dead tree	
woodcut	Logs	0	2774	4731	0	1286	Dead tree	
woodcut	Logs	0	2775	4734	0	1286	Dead tree	
woodcut	Logs	0	2776	4690	0	1286	Dead tree	
woodcut	Logs	0	2776	4704	0	1286	Dead tree	
woodcut	Logs	0	2776	4727	0	1286	Dead tree	
woodcut	Logs	0	2777	4678	0	1286	Dead tree	
woodcut	Logs	0	2777	4727	0	1286	Dead tree	
woodcut	Logs	0	2777	4733	0	1286	Dead tree	
woodcut	Logs	0	2779	4697	0	1286	Dead tree	
woodcut	Logs	0	2779	4734	0	1286	Dead tree	
woodcut	Logs	0	2781	4695	0	1286	Dead tree	
woodcut	Logs	0	2783	4726	0	1286	Dead tree	
woodcut	Logs	0	2785	4700	0	1286	Dead tree	
woodcut	Logs	0	2785	4717	0	1286	Dead tree	
woodcut	Logs	0	2786	4696	0	1286	Dead tree	
woodcut	Logs	0	2786	4711	0	1286	Dead tree	
woodcut	Logs	0	2790	4676	0	1286	Dead tree	
woodcut	Logs	0	2792	4699	0	1286	Dead tree	
woodcut	Logs	0	2792	4701	0	1286	Dead tree	
woodcut	Logs	0	2792	4727	0	1286	Dead tree	
woodcut	Logs	0	2792	4731	0	1286	Dead tree	
woodcut	Logs	0	2795	4695	0	1286	Dead tree	
woodcut	Logs	0	2795	4700	0	1286	Dead tree	
woodcut	Logs	0	2797	4673	0	1286	Dead tree	
woodcut	Logs	0	2797	4698	0	1286	Dead tree	
woodcut	Logs	0	2799	4700	0	1286	Dead tree	
woodcut	Logs	0	2800	4675	0	1286	Dead tree	
woodcut	Logs	0	2800	4676	0	1286	Dead tree	
woodcut	Logs	0	2800	4734	0	1286	Dead tree	
woodcut	Logs	0	2801	4677	0	1286	Dead tree	
woodcut	Logs	0	2801	4702	0	1286	Dead tree	
woodcut	Logs	0	2802	4676	0	1286	Dead tree	
woodcut	Logs	0	2802	4678	0	1286	Dead tree	
woodcut	Logs	0	2802	4681	0	1286	Dead tree	
woodcut	Logs	0	2803	4682	0	1286	Dead tree	
woodcut	Logs	0	2803	4685	0	1286	Dead tree	
woodcut	Logs	0	2803	4712	0	1286	Dead tree	
woodcut	Logs	0	2803	4731	0	1286	Dead tree	
woodcut	Logs	0	2804	4725	0	1286	Dead tree	
woodcut	Logs	0	2805	4672	0	1286	Dead tree	
woodcut	Logs	0	2805	4677	0	1286	Dead tree	
woodcut	Logs	0	2806	4686	0	1286	Dead tree	
woodcut	Logs	0	2806	4729	0	1286	Dead tree	
woodcut	Logs	0	2807	4679	0	1286	Dead tree	
woodcut	Logs	0	2807	4734	0	1286	Dead tree	
woodcut	Logs	0	2808	4681	0	1286	Dead tree	
woodcut	Logs	0	2808	4693	0	1286	Dead tree	
woodcut	Logs	0	2809	4674	0	1286	Dead tree	
woodcut	Logs	0	2809	4676	0	1286	Dead tree	
woodcut	Logs	0	2809	4678	0	1286	Dead tree	
woodcut	Logs	0	2809	4719	0	1286	Dead tree	
woodcut	Logs	0	2809	4723	0	1286	Dead tree	
woodcut	Logs	0	2809	4729	0	1286	Dead tree	
woodcut	Logs	0	2811	4677	0	1286	Dead tree	
woodcut	Logs	0	2811	4682	0	1286	Dead tree	
woodcut	Logs	0	2811	4687	0	1286	Dead tree	
woodcut	Logs	0	2811	4691	0	1286	Dead tree	
woodcut	Logs	0	2811	4703	0	1286	Dead tree	
woodcut	Logs	0	2811	4706	0	1286	Dead tree	
woodcut	Logs	0	2812	4684	0	1286	Dead tree	
woodcut	Logs	0	2812	4710	0	1286	Dead tree	
woodcut	Logs	0	2812	4730	0	1286	Dead tree	
woodcut	Logs	0	2813	4680	0	1286	Dead tree	
woodcut	Logs	0	2813	4688	0	1286	Dead tree	
woodcut	Logs	0	2813	4697	0	1286	Dead tree	
woodcut	Logs	0	2813	4703	0	1286	Dead tree	
woodcut	Logs	0	2813	4717	0	1286	Dead tree	
woodcut	Logs	0	2813	4724	0	1286	Dead tree	
woodcut	Logs	0	2813	4734	0	1286	Dead tree	
woodcut	Logs	0	2814	4678	0	1286	Dead tree	
woodcut	Logs	0	2814	4684	0	1286	Dead tree	
mining	Gold ore	40	2859	9580	0	2098	Rocks	
mining	Gold ore	40	2861	9579	0	2098	Rocks	
mining	Gold ore	40	2862	9578	0	2098	Rocks	
mining	Gold ore	40	2863	9576	0	2098	Rocks	
woodcut	Logs	0	2827	2900	0	2887	Jungle Tree	
woodcut	Logs	0	2852	2925	0	2887	Jungle Tree	
woodcut	Logs	0	2856	2904	0	2887	Jungle Tree	
woodcut	Logs	0	2858	2905	0	2887	Jungle Tree	
woodcut	Logs	0	2858	2913	0	2887	Jungle Tree	
woodcut	Logs	0	2819	2938	0	2889	Jungle Tree	
woodcut	Logs	0	2821	2935	0	2889	Jungle Tree	
woodcut	Logs	0	2860	2936	0	2889	Jungle Tree	
woodcut	Logs	0	2860	2938	0	2889	Jungle Tree	
woodcut	Logs	0	2861	2935	0	2889	Jungle Tree	
woodcut	Logs	0	2862	2937	0	2889	Jungle Tree	
woodcut	Logs	0	2862	2940	0	2889	Jungle Tree	
woodcut	Logs	0	2863	2936	0	2889	Jungle Tree	
woodcut	Logs	0	2864	2937	0	2889	Jungle Tree	
woodcut	Logs	0	2864	2938	0	2889	Jungle Tree	
woodcut	Logs	0	2868	2935	0	2889	Jungle Tree	
woodcut	Logs	0	2868	2937	0	2889	Jungle Tree	
woodcut	Logs	0	2869	2936	0	2889	Jungle Tree	
woodcut	Logs	0	2869	2940	0	2889	Jungle Tree	
woodcut	Logs	0	2872	2939	0	2889	Jungle Tree	
woodcut	Logs	0	2816	2935	0	2890	Jungle Tree	
woodcut	Logs	0	2817	2938	0	2890	Jungle Tree	
woodcut	Logs	0	2818	2935	0	2890	Jungle Tree	
woodcut	Logs	0	2820	2936	0	2890	Jungle Tree	
woodcut	Logs	0	2820	2939	0	2890	Jungle Tree	
woodcut	Logs	0	2821	2938	0	2890	Jungle Tree	
woodcut	Logs	0	2862	2938	0	2890	Jungle Tree	
woodcut	Logs	0	2863	2935	0	2890	Jungle Tree	
woodcut	Logs	0	2866	2938	0	2890	Jungle Tree	
woodcut	Logs	0	2866	2940	0	2890	Jungle Tree	
woodcut	Logs	0	2867	2936	0	2890	Jungle Tree	
woodcut	Logs	0	2870	2939	0	2890	Jungle Tree	
woodcut	Logs	0	2872	2940	0	2890	Jungle Tree	
woodcut	Logs	0	2816	2937	0	2892	Jungle Bush	
woodcut	Logs	0	2816	2938	0	2892	Jungle Bush	
woodcut	Logs	0	2817	2939	0	2892	Jungle Bush	
woodcut	Logs	0	2818	2937	0	2892	Jungle Bush	
woodcut	Logs	0	2820	2937	0	2892	Jungle Bush	
woodcut	Logs	0	2821	2939	0	2892	Jungle Bush	
woodcut	Logs	0	2822	2937	0	2892	Jungle Bush	
woodcut	Logs	0	2825	2940	0	2892	Jungle Bush	
woodcut	Logs	0	2860	2937	0	2892	Jungle Bush	
woodcut	Logs	0	2860	2939	0	2892	Jungle Bush	
woodcut	Logs	0	2863	2940	0	2892	Jungle Bush	
woodcut	Logs	0	2864	2935	0	2892	Jungle Bush	
woodcut	Logs	0	2864	2939	0	2892	Jungle Bush	
woodcut	Logs	0	2866	2935	0	2892	Jungle Bush	
woodcut	Logs	0	2866	2937	0	2892	Jungle Bush	
woodcut	Logs	0	2867	2940	0	2892	Jungle Bush	
woodcut	Logs	0	2868	2938	0	2892	Jungle Bush	
woodcut	Logs	0	2868	2939	0	2892	Jungle Bush	
woodcut	Logs	0	2870	2935	0	2892	Jungle Bush	
woodcut	Logs	0	2871	2940	0	2892	Jungle Bush	
woodcut	Logs	0	2872	2935	0	2892	Jungle Bush	
woodcut	Logs	0	2816	2939	0	2893	Jungle Bush	
woodcut	Logs	0	2817	2937	0	2893	Jungle Bush	
woodcut	Logs	0	2818	2936	0	2893	Jungle Bush	
woodcut	Logs	0	2818	2938	0	2893	Jungle Bush	
woodcut	Logs	0	2819	2937	0	2893	Jungle Bush	
woodcut	Logs	0	2819	2939	0	2893	Jungle Bush	
woodcut	Logs	0	2820	2938	0	2893	Jungle Bush	
woodcut	Logs	0	2821	2937	0	2893	Jungle Bush	
woodcut	Logs	0	2822	2935	0	2893	Jungle Bush	
woodcut	Logs	0	2822	2938	0	2893	Jungle Bush	
woodcut	Logs	0	2860	2935	0	2893	Jungle Bush	
woodcut	Logs	0	2862	2935	0	2893	Jungle Bush	
woodcut	Logs	0	2862	2936	0	2893	Jungle Bush	
woodcut	Logs	0	2862	2939	0	2893	Jungle Bush	
woodcut	Logs	0	2863	2937	0	2893	Jungle Bush	
woodcut	Logs	0	2864	2940	0	2893	Jungle Bush	
woodcut	Logs	0	2865	2935	0	2893	Jungle Bush	
woodcut	Logs	0	2866	2939	0	2893	Jungle Bush	
woodcut	Logs	0	2867	2935	0	2893	Jungle Bush	
woodcut	Logs	0	2867	2937	0	2893	Jungle Bush	
woodcut	Logs	0	2868	2940	0	2893	Jungle Bush	
woodcut	Logs	0	2869	2935	0	2893	Jungle Bush	
woodcut	Logs	0	2870	2936	0	2893	Jungle Bush	
woodcut	Logs	0	2870	2937	0	2893	Jungle Bush	
woodcut	Logs	0	2870	2938	0	2893	Jungle Bush	
woodcut	Logs	0	2871	2935	0	2893	Jungle Bush	
woodcut	Logs	0	2871	2937	0	2893	Jungle Bush	
mining	gems	40	2820	2998	0	2111	Rocks	
mining	gems	40	2821	2998	0	2111	Rocks	
mining	gems	40	2821	3000	0	2111	Rocks	
mining	gems	40	2823	2999	0	2111	Rocks	
mining	gems	40	2823	3002	0	2111	Rocks	
mining	gems	40	2825	3001	0	2111	Rocks	
mining	gems	40	2825	3003	0	2111	Rocks	
mining	Iron ore	15	2848	3037	0	2093	Rocks	
mining	Coal	30	2847	3032	0	2097	Rocks	
mining	Silver ore	20	2846	3032	0	2100	Rocks	
mining	Mithril ore	55	2851	3031	0	2102	Rocks	
mining	Mithril ore	55	2851	3030	0	2103	Rocks	
mining	Adamantite ore	70	2846	3035	0	2105	Rocks	
mining	Adamantite ore	70	2847	3035	0	2105	Rocks	
woodcut	Logs	0	2828	3177	0	1286	Dead tree	
woodcut	Logs	0	2829	3169	0	1286	Dead tree	
woodcut	Logs	0	2829	3170	0	1286	Dead tree	
woodcut	Logs	0	2830	3163	0	1286	Dead tree	
woodcut	Logs	0	2832	3183	0	1286	Dead tree	
woodcut	Logs	0	2834	3186	0	1286	Dead tree	
woodcut	Logs	0	2840	3160	0	1286	Dead tree	
woodcut	Logs	0	2844	3161	0	1286	Dead tree	
woodcut	Logs	0	2848	3187	0	1286	Dead tree	
woodcut	Logs	0	2849	3161	0	1286	Dead tree	
woodcut	Logs	0	2851	3161	0	1286	Dead tree	
woodcut	Logs	0	2852	3184	0	1286	Dead tree	
woodcut	Logs	0	2855	3164	0	1286	Dead tree	
woodcut	Logs	0	2856	3182	0	1286	Dead tree	
woodcut	Logs	0	2858	3166	0	1286	Dead tree	
woodcut	Logs	0	2859	3169	0	1286	Dead tree	
woodcut	Logs	0	2834	3176	0	1289	Dead tree	
woodcut	Logs	0	2835	3168	0	1289	Dead tree	
woodcut	Logs	0	2835	3172	0	1289	Dead tree	
woodcut	Logs	0	2836	3169	0	1289	Dead tree	
woodcut	Logs	0	2837	3167	0	1289	Dead tree	
woodcut	Logs	0	2837	3180	0	1289	Dead tree	
woodcut	Logs	0	2838	3182	0	1289	Dead tree	
woodcut	Logs	0	2839	3183	0	1289	Dead tree	
woodcut	Logs	0	2839	3185	0	1289	Dead tree	
woodcut	Logs	0	2843	3164	0	1289	Dead tree	
woodcut	Logs	0	2844	3166	0	1289	Dead tree	
woodcut	Logs	0	2844	3184	0	1289	Dead tree	
woodcut	Logs	0	2844	3187	0	1289	Dead tree	
woodcut	Logs	0	2845	3182	0	1289	Dead tree	
woodcut	Logs	0	2846	3165	0	1289	Dead tree	
woodcut	Logs	0	2846	3174	0	1289	Dead tree	
woodcut	Logs	0	2846	3186	0	1289	Dead tree	
woodcut	Logs	0	2848	3166	0	1289	Dead tree	
woodcut	Logs	0	2848	3182	0	1289	Dead tree	
woodcut	Logs	0	2851	3180	0	1289	Dead tree	
woodcut	Logs	0	2852	3168	0	1289	Dead tree	
woodcut	Logs	0	2852	3180	0	1289	Dead tree	
woodcut	Logs	0	2854	3172	0	1289	Dead tree	
woodcut	Logs	0	2856	3173	0	1289	Dead tree	
woodcut	Logs	0	2856	3177	0	1289	Dead tree	
woodcut	Logs	0	2858	3172	0	1289	Dead tree	
mining	Coal	30	2835	3245	0	2096	Rocks	
mining	Coal	30	2838	3245	0	2096	Rocks	
mining	Coal	30	2836	3246	0	2097	Rocks	
mining	Mithril ore	55	2819	3246	0	2103	Rocks	
mining	Mithril ore	55	2820	3246	0	2103	Rocks	
mining	Mithril ore	55	2820	3247	0	2103	Rocks	
mining	Mithril ore	55	2821	3244	0	2103	Rocks	
mining	Mithril ore	55	2821	3247	0	2103	Rocks	
mining	Mithril ore	55	2822	3242	0	2103	Rocks	
mining	Mithril ore	55	2822	3244	0	2103	Rocks	
mining	Adamantite ore	70	2836	3244	0	2105	Rocks	
mining	Adamantite ore	70	2837	3243	0	2105	Rocks	
mining	Adamantite ore	70	2837	3244	0	2105	Rocks	
mining	Coal	30	2832	3294	0	2097	Rocks	
mining	Coal	30	2833	3291	0	2097	Rocks	
mining	Coal	30	2833	3295	0	2097	Rocks	
mining	Coal	30	2834	3292	0	2097	Rocks	
mining	Coal	30	2835	3291	0	2097	Rocks	
mining	Coal	30	2836	3290	0	2097	Rocks	
mining	Coal	30	2837	3291	0	2097	Rocks	
mining	Gold ore	40	2861	3287	0	2098	Rocks	
mining	Gold ore	40	2861	3288	0	2098	Rocks	
mining	Gold ore	40	2862	3287	0	2098	Rocks	
mining	Mithril ore	55	2832	3297	0	2102	Rocks	
woodcut	Logs	0	2816	3363	0	1276	Tree	
woodcut	Logs	0	2820	3341	0	1276	Tree	
woodcut	Logs	0	2823	3338	0	1276	Tree	
woodcut	Logs	0	2823	3347	0	1276	Tree	
woodcut	Logs	0	2824	3349	0	1276	Tree	
woodcut	Logs	0	2835	3347	0	1276	Tree	
woodcut	Logs	0	2837	3350	0	1276	Tree	
woodcut	Logs	0	2839	3343	0	1276	Tree	
woodcut	Logs	0	2839	3351	0	1276	Tree	
woodcut	Logs	0	2842	3341	0	1276	Tree	
woodcut	Logs	0	2842	3386	0	1276	Tree	
woodcut	Logs	0	2844	3379	0	1276	Tree	
woodcut	Logs	0	2850	3382	0	1276	Tree	
woodcut	Logs	0	2850	3384	0	1276	Tree	
woodcut	Logs	0	2852	3385	0	1276	Tree	
woodcut	Logs	0	2853	3380	0	1276	Tree	
woodcut	Logs	0	2855	3382	0	1276	Tree	
woodcut	Logs	0	2859	3383	0	1276	Tree	
woodcut	Logs	0	2861	3377	0	1276	Tree	
woodcut	Logs	0	2862	3348	0	1276	Tree	
woodcut	Logs	0	2865	3372	0	1276	Tree	
woodcut	Logs	0	2817	3383	0	1278	Tree	
woodcut	Logs	0	2827	3382	0	1278	Tree	
woodcut	Logs	0	2835	3375	0	1278	Tree	
woodcut	Logs	0	2837	3339	0	1278	Tree	
woodcut	Logs	0	2839	3367	0	1278	Tree	
woodcut	Logs	0	2841	3338	0	1278	Tree	
woodcut	Logs	0	2861	3369	0	1278	Tree	
woodcut	Logs	0	2864	3352	0	1278	Tree	
woodcut	Oak logs	15	2818	3337	0	1281	Oak	
woodcut	Oak logs	15	2822	3340	0	1281	Oak	
woodcut	Oak logs	15	2833	3378	0	1281	Oak	
woodcut	Oak logs	15	2851	3332	0	1281	Oak	
woodcut	Oak logs	15	2852	3382	0	1281	Oak	
woodcut	Oak logs	15	2854	3342	0	1281	Oak	
woodcut	Logs	0	2825	3371	0	1286	Dead tree	
woodcut	Logs	0	2826	3376	0	1286	Dead tree	
woodcut	Logs	0	2819	3377	0	1289	Dead tree	
woodcut	Logs	0	2821	3371	0	1289	Dead tree	
woodcut	Logs	0	2824	3379	0	1289	Dead tree	
woodcut	Willow logs	30	2831	3387	0	1308	Willow	
woodcut	Willow logs	30	2832	3384	0	1308	Willow	
woodcut	Willow logs	30	2834	3386	0	1308	Willow	
woodcut	Willow logs	30	2835	3355	0	1308	Willow	
woodcut	Willow logs	30	2836	3387	0	1308	Willow	
woodcut	Willow logs	30	2837	3364	0	1308	Willow	
woodcut	Willow logs	30	2838	3387	0	1308	Willow	
woodcut	Willow logs	30	2839	3363	0	1308	Willow	
woodcut	Willow logs	30	2842	3362	0	1308	Willow	
woodcut	Willow logs	30	2845	3363	0	1308	Willow	
woodcut	Willow logs	30	2849	3363	0	1308	Willow	
woodcut	Willow logs	30	2858	3388	0	1308	Willow	
woodcut	Willow logs	30	2861	3387	0	1308	Willow	
woodcut	Willow logs	30	2862	3385	0	1308	Willow	
woodcut	Willow logs	30	2864	3386	0	1308	Willow	
woodcut	Willow logs	30	2866	3384	0	1308	Willow	
woodcut	Logs	0	2834	3453	0	1315	Evergreen	
woodcut	Logs	0	2836	3451	0	1315	Evergreen	
woodcut	Logs	0	2840	3439	0	1315	Evergreen	
woodcut	Logs	0	2841	3443	0	1315	Evergreen	
woodcut	Logs	0	2843	3436	0	1315	Evergreen	
woodcut	Logs	0	2843	3449	0	1315	Evergreen	
woodcut	Logs	0	2845	3448	0	1315	Evergreen	
woodcut	Logs	0	2845	3450	0	1315	Evergreen	
woodcut	Logs	0	2846	3437	0	1315	Evergreen	
woodcut	Logs	0	2849	3448	0	1315	Evergreen	
woodcut	Logs	0	2850	3434	0	1315	Evergreen	
woodcut	Logs	0	2851	3438	0	1315	Evergreen	
woodcut	Logs	0	2869	3423	0	1315	Evergreen	
woodcut	Logs	0	2870	3420	0	1315	Evergreen	
woodcut	Logs	0	2871	3417	0	1315	Evergreen	
woodcut	Logs	0	2871	3422	0	1315	Evergreen	
woodcut	Logs	0	2876	3423	0	1315	Evergreen	
woodcut	Logs	0	2877	3426	0	1315	Evergreen	
woodcut	Logs	0	2844	3440	0	1316	Evergreen	
woodcut	Logs	0	2874	3410	0	1316	Evergreen	
woodcut	Logs	0	2875	3415	0	1316	Evergreen	
woodcut	Logs	0	2851	3459	0	1286	Dead tree	
woodcut	Logs	0	2856	3472	0	1286	Dead tree	
woodcut	Logs	0	2856	3517	0	1286	Dead tree	
woodcut	Logs	0	2858	3462	0	1286	Dead tree	
woodcut	Logs	0	2858	3518	0	1286	Dead tree	
woodcut	Logs	0	2867	3470	0	1286	Dead tree	
woodcut	Logs	0	2871	3462	0	1286	Dead tree	
woodcut	Logs	0	2871	3473	0	1286	Dead tree	
woodcut	Logs	0	2873	3490	0	1286	Dead tree	
woodcut	Logs	0	2874	3513	0	1286	Dead tree	
woodcut	Logs	0	2820	3513	0	1291	Dead tree	
woodcut	Logs	0	2822	3511	0	1291	Dead tree	
woodcut	Logs	0	2834	3505	0	1291	Dead tree	
woodcut	Logs	0	2835	3511	0	1291	Dead tree	
woodcut	Logs	0	2836	3503	0	1291	Dead tree	
woodcut	Logs	0	2838	3498	0	1291	Dead tree	
woodcut	Logs	0	2842	3489	0	1291	Dead tree	
woodcut	Logs	0	2848	3480	0	1291	Dead tree	
woodcut	Logs	0	2848	3486	0	1291	Dead tree	
woodcut	Logs	0	2850	3515	0	1291	Dead tree	
woodcut	Logs	0	2851	3486	0	1291	Dead tree	
woodcut	Logs	0	2851	3505	0	1291	Dead tree	
woodcut	Logs	0	2855	3501	0	1291	Dead tree	
woodcut	Logs	0	2857	3499	0	1291	Dead tree	
woodcut	Logs	0	2864	3511	0	1291	Dead tree	
woodcut	Logs	0	2865	3507	0	1291	Dead tree	
woodcut	Logs	0	2866	3518	0	1291	Dead tree	
woodcut	Logs	0	2868	3512	0	1291	Dead tree	
woodcut	Logs	0	2818	3502	0	1315	Evergreen	
woodcut	Logs	0	2822	3477	0	1315	Evergreen	
woodcut	Logs	0	2822	3500	0	1315	Evergreen	
woodcut	Logs	0	2826	3480	0	1315	Evergreen	
woodcut	Logs	0	2826	3497	0	1315	Evergreen	
woodcut	Logs	0	2827	3462	0	1315	Evergreen	
woodcut	Logs	0	2829	3457	0	1315	Evergreen	
woodcut	Logs	0	2830	3468	0	1315	Evergreen	
woodcut	Logs	0	2834	3484	0	1315	Evergreen	
woodcut	Logs	0	2836	3468	0	1315	Evergreen	
woodcut	Logs	0	2836	3476	0	1315	Evergreen	
woodcut	Logs	0	2837	3456	0	1315	Evergreen	
woodcut	Logs	0	2837	3481	0	1315	Evergreen	
woodcut	Logs	0	2839	3479	0	1315	Evergreen	
woodcut	Logs	0	2845	3465	0	1315	Evergreen	
woodcut	Logs	0	2855	3518	0	1315	Evergreen	
woodcut	Logs	0	2867	3473	0	1315	Evergreen	
woodcut	Logs	0	2870	3466	0	1315	Evergreen	
woodcut	Logs	0	2871	3497	0	1315	Evergreen	
woodcut	Logs	0	2872	3518	0	1315	Evergreen	
woodcut	Logs	0	2874	3516	0	1315	Evergreen	
woodcut	Logs	0	2875	3500	0	1315	Evergreen	
woodcut	Logs	0	2876	3513	0	1315	Evergreen	
woodcut	Logs	0	2877	3472	0	1315	Evergreen	
woodcut	Logs	0	2878	3466	0	1315	Evergreen	
woodcut	Logs	0	2878	3485	0	1315	Evergreen	
woodcut	Logs	0	2878	3492	0	1315	Evergreen	
woodcut	Logs	0	2824	3476	0	1316	Evergreen	
woodcut	Logs	0	2829	3464	0	1316	Evergreen	
woodcut	Logs	0	2847	3461	0	1316	Evergreen	
woodcut	Logs	0	2840	3549	0	1286	Dead tree	
woodcut	Logs	0	2818	3536	0	1315	Evergreen	
woodcut	Logs	0	2821	3528	0	1315	Evergreen	
woodcut	Logs	0	2821	3539	0	1315	Evergreen	
woodcut	Logs	0	2822	3522	0	1315	Evergreen	
woodcut	Logs	0	2822	3526	0	1315	Evergreen	
woodcut	Logs	0	2827	3525	0	1315	Evergreen	
woodcut	Logs	0	2828	3543	0	1315	Evergreen	
woodcut	Logs	0	2830	3521	0	1315	Evergreen	
woodcut	Logs	0	2832	3527	0	1315	Evergreen	
woodcut	Logs	0	2833	3542	0	1315	Evergreen	
woodcut	Logs	0	2836	3546	0	1315	Evergreen	
woodcut	Logs	0	2838	3539	0	1315	Evergreen	
woodcut	Logs	0	2843	3526	0	1315	Evergreen	
woodcut	Logs	0	2843	3536	0	1315	Evergreen	
woodcut	Logs	0	2846	3526	0	1315	Evergreen	
woodcut	Logs	0	2846	3537	0	1315	Evergreen	
woodcut	Logs	0	2846	3545	0	1315	Evergreen	
woodcut	Logs	0	2848	3536	0	1315	Evergreen	
woodcut	Logs	0	2849	3534	0	1315	Evergreen	
woodcut	Logs	0	2850	3525	0	1315	Evergreen	
woodcut	Logs	0	2852	3531	0	1315	Evergreen	
woodcut	Logs	0	2853	3525	0	1315	Evergreen	
woodcut	Logs	0	2853	3548	0	1315	Evergreen	
woodcut	Logs	0	2858	3552	0	1315	Evergreen	
woodcut	Logs	0	2860	3533	0	1315	Evergreen	
woodcut	Logs	0	2863	3527	0	1315	Evergreen	
woodcut	Logs	0	2863	3553	0	1315	Evergreen	
woodcut	Logs	0	2866	3549	0	1315	Evergreen	
woodcut	Logs	0	2867	3543	0	1315	Evergreen	
woodcut	Logs	0	2869	3526	0	1315	Evergreen	
woodcut	Logs	0	2869	3541	0	1315	Evergreen	
woodcut	Logs	0	2871	3521	0	1315	Evergreen	
woodcut	Logs	0	2871	3525	0	1315	Evergreen	
woodcut	Logs	0	2871	3535	0	1315	Evergreen	
woodcut	Logs	0	2872	3532	0	1315	Evergreen	
woodcut	Logs	0	2874	3530	0	1315	Evergreen	
woodcut	Logs	0	2876	3528	0	1315	Evergreen	
woodcut	Logs	0	2819	3541	0	1316	Evergreen	
woodcut	Logs	0	2834	3528	0	1316	Evergreen	
woodcut	Logs	0	2835	3540	0	1316	Evergreen	
woodcut	Logs	0	2841	3541	0	1316	Evergreen	
woodcut	Logs	0	2844	3539	0	1316	Evergreen	
woodcut	Logs	0	2851	3535	0	1316	Evergreen	
woodcut	Logs	0	2865	3528	0	1316	Evergreen	
woodcut	Logs	0	2866	3540	0	1316	Evergreen	
woodcut	Logs	0	2820	4818	0	1276	Tree	
woodcut	Logs	0	2820	4823	0	1276	Tree	
woodcut	Logs	0	2823	4818	0	1276	Tree	
woodcut	Logs	0	2823	4825	0	1276	Tree	
woodcut	Logs	0	2824	4816	0	1276	Tree	
woodcut	Logs	0	2824	4841	0	1276	Tree	
woodcut	Logs	0	2825	4845	0	1276	Tree	
woodcut	Logs	0	2826	4847	0	1276	Tree	
woodcut	Logs	0	2827	4820	0	1276	Tree	
woodcut	Logs	0	2827	4841	0	1276	Tree	
woodcut	Logs	0	2828	4816	0	1276	Tree	
woodcut	Logs	0	2828	4833	0	1276	Tree	
woodcut	Logs	0	2829	4813	0	1276	Tree	
woodcut	Logs	0	2829	4846	0	1276	Tree	
woodcut	Logs	0	2829	4849	0	1276	Tree	
woodcut	Logs	0	2830	4815	0	1276	Tree	
woodcut	Logs	0	2830	4839	0	1276	Tree	
woodcut	Logs	0	2831	4812	0	1276	Tree	
woodcut	Logs	0	2831	4819	0	1276	Tree	
woodcut	Logs	0	2831	4823	0	1276	Tree	
woodcut	Logs	0	2831	4825	0	1276	Tree	
woodcut	Logs	0	2832	4810	0	1276	Tree	
woodcut	Logs	0	2833	4812	0	1276	Tree	
woodcut	Logs	0	2833	4843	0	1276	Tree	
woodcut	Logs	0	2833	4849	0	1276	Tree	
woodcut	Logs	0	2834	4817	0	1276	Tree	
woodcut	Logs	0	2835	4809	0	1276	Tree	
woodcut	Logs	0	2835	4814	0	1276	Tree	
woodcut	Logs	0	2835	4848	0	1276	Tree	
woodcut	Logs	0	2837	4849	0	1276	Tree	
woodcut	Logs	0	2837	4855	0	1276	Tree	
woodcut	Logs	0	2838	4809	0	1276	Tree	
woodcut	Logs	0	2838	4814	0	1276	Tree	
woodcut	Logs	0	2838	4851	0	1276	Tree	
woodcut	Logs	0	2838	4855	0	1276	Tree	
woodcut	Logs	0	2839	4848	0	1276	Tree	
woodcut	Logs	0	2840	4812	0	1276	Tree	
woodcut	Logs	0	2841	4805	0	1276	Tree	
woodcut	Logs	0	2841	4809	0	1276	Tree	
woodcut	Logs	0	2841	4851	0	1276	Tree	
woodcut	Logs	0	2841	4855	0	1276	Tree	
woodcut	Logs	0	2842	4811	0	1276	Tree	
woodcut	Logs	0	2843	4815	0	1276	Tree	
woodcut	Logs	0	2843	4851	0	1276	Tree	
woodcut	Logs	0	2844	4819	0	1276	Tree	
woodcut	Logs	0	2844	4847	0	1276	Tree	
woodcut	Logs	0	2845	4814	0	1276	Tree	
woodcut	Logs	0	2845	4849	0	1276	Tree	
woodcut	Logs	0	2846	4803	0	1276	Tree	
woodcut	Logs	0	2846	4847	0	1276	Tree	
woodcut	Logs	0	2847	4812	0	1276	Tree	
woodcut	Logs	0	2847	4851	0	1276	Tree	
woodcut	Logs	0	2848	4814	0	1276	Tree	
woodcut	Logs	0	2848	4853	0	1276	Tree	
woodcut	Logs	0	2849	4849	0	1276	Tree	
woodcut	Logs	0	2849	4852	0	1276	Tree	
woodcut	Logs	0	2850	4812	0	1276	Tree	
woodcut	Logs	0	2850	4817	0	1276	Tree	
woodcut	Logs	0	2850	4852	0	1276	Tree	
woodcut	Logs	0	2851	4806	0	1276	Tree	
woodcut	Logs	0	2852	4846	0	1276	Tree	
woodcut	Logs	0	2853	4808	0	1276	Tree	
woodcut	Logs	0	2853	4813	0	1276	Tree	
woodcut	Logs	0	2853	4819	0	1276	Tree	
woodcut	Logs	0	2853	4843	0	1276	Tree	
woodcut	Logs	0	2854	4848	0	1276	Tree	
woodcut	Logs	0	2855	4809	0	1276	Tree	
woodcut	Logs	0	2855	4843	0	1276	Tree	
woodcut	Logs	0	2856	4830	0	1276	Tree	
woodcut	Logs	0	2856	4832	0	1276	Tree	
woodcut	Logs	0	2856	4841	0	1276	Tree	
woodcut	Logs	0	2857	4820	0	1276	Tree	
woodcut	Logs	0	2857	4828	0	1276	Tree	
woodcut	Logs	0	2857	4839	0	1276	Tree	
woodcut	Logs	0	2858	4813	0	1276	Tree	
woodcut	Logs	0	2858	4823	0	1276	Tree	
woodcut	Logs	0	2858	4825	0	1276	Tree	
woodcut	Logs	0	2858	4833	0	1276	Tree	
woodcut	Logs	0	2858	4841	0	1276	Tree	
woodcut	Logs	0	2858	4844	0	1276	Tree	
woodcut	Logs	0	2858	4846	0	1276	Tree	
woodcut	Logs	0	2859	4836	0	1276	Tree	
woodcut	Logs	0	2859	4846	0	1276	Tree	
woodcut	Logs	0	2859	4848	0	1276	Tree	
woodcut	Logs	0	2860	4810	0	1276	Tree	
woodcut	Logs	0	2860	4814	0	1276	Tree	
woodcut	Logs	0	2860	4816	0	1276	Tree	
woodcut	Logs	0	2860	4834	0	1276	Tree	
woodcut	Logs	0	2860	4838	0	1276	Tree	
woodcut	Logs	0	2860	4840	0	1276	Tree	
woodcut	Logs	0	2860	4845	0	1276	Tree	
woodcut	Logs	0	2861	4819	0	1276	Tree	
woodcut	Logs	0	2861	4843	0	1276	Tree	
woodcut	Logs	0	2862	4828	0	1276	Tree	
woodcut	Logs	0	2862	4831	0	1276	Tree	
woodcut	Logs	0	2862	4836	0	1276	Tree	
woodcut	Logs	0	2862	4846	0	1276	Tree	
woodcut	Logs	0	2863	4813	0	1276	Tree	
woodcut	Logs	0	2863	4814	0	1276	Tree	
woodcut	Logs	0	2863	4823	0	1276	Tree	
woodcut	Logs	0	2863	4833	0	1276	Tree	
woodcut	Logs	0	2863	4843	0	1276	Tree	
woodcut	Logs	0	2863	4852	0	1276	Tree	
woodcut	Logs	0	2864	4826	0	1276	Tree	
woodcut	Logs	0	2864	4831	0	1276	Tree	
woodcut	Logs	0	2864	4846	0	1276	Tree	
woodcut	Logs	0	2864	4848	0	1276	Tree	
woodcut	Logs	0	2864	4850	0	1276	Tree	
woodcut	Logs	0	2865	4819	0	1276	Tree	
woodcut	Logs	0	2865	4824	0	1276	Tree	
woodcut	Logs	0	2865	4844	0	1276	Tree	
woodcut	Logs	0	2866	4842	0	1276	Tree	
woodcut	Logs	0	2866	4847	0	1276	Tree	
woodcut	Logs	0	2866	4849	0	1276	Tree	
woodcut	Logs	0	2867	4840	0	1276	Tree	
woodcut	Logs	0	2867	4845	0	1276	Tree	
woodcut	Logs	0	2867	4851	0	1276	Tree	
woodcut	Logs	0	2868	4843	0	1276	Tree	
woodcut	Logs	0	2819	4826	0	1278	Tree	
woodcut	Logs	0	2819	4828	0	1278	Tree	
woodcut	Logs	0	2820	4831	0	1278	Tree	
woodcut	Logs	0	2821	4820	0	1278	Tree	
woodcut	Logs	0	2821	4825	0	1278	Tree	
woodcut	Logs	0	2821	4849	0	1278	Tree	
woodcut	Logs	0	2822	4831	0	1278	Tree	
woodcut	Logs	0	2822	4840	0	1278	Tree	
woodcut	Logs	0	2823	4814	0	1278	Tree	
woodcut	Logs	0	2823	4820	0	1278	Tree	
woodcut	Logs	0	2823	4849	0	1278	Tree	
woodcut	Logs	0	2823	4851	0	1278	Tree	
woodcut	Logs	0	2824	4828	0	1278	Tree	
woodcut	Logs	0	2824	4843	0	1278	Tree	
woodcut	Logs	0	2825	4820	0	1278	Tree	
woodcut	Logs	0	2825	4826	0	1278	Tree	
woodcut	Logs	0	2826	4816	0	1278	Tree	
woodcut	Logs	0	2826	4818	0	1278	Tree	
woodcut	Logs	0	2827	4826	0	1278	Tree	
woodcut	Logs	0	2827	4828	0	1278	Tree	
woodcut	Logs	0	2827	4839	0	1278	Tree	
woodcut	Logs	0	2828	4811	0	1278	Tree	
woodcut	Logs	0	2828	4822	0	1278	Tree	
woodcut	Logs	0	2828	4830	0	1278	Tree	
woodcut	Logs	0	2829	4818	0	1278	Tree	
woodcut	Logs	0	2829	4820	0	1278	Tree	
woodcut	Logs	0	2829	4824	0	1278	Tree	
woodcut	Logs	0	2830	4845	0	1278	Tree	
woodcut	Logs	0	2831	4817	0	1278	Tree	
woodcut	Logs	0	2831	4821	0	1278	Tree	
woodcut	Logs	0	2831	4849	0	1278	Tree	
woodcut	Logs	0	2833	4851	0	1278	Tree	
woodcut	Logs	0	2833	4853	0	1278	Tree	
woodcut	Logs	0	2835	4854	0	1278	Tree	
woodcut	Logs	0	2836	4816	0	1278	Tree	
woodcut	Logs	0	2838	4853	0	1278	Tree	
woodcut	Logs	0	2840	4814	0	1278	Tree	
woodcut	Logs	0	2840	4853	0	1278	Tree	
woodcut	Logs	0	2842	4813	0	1278	Tree	
woodcut	Logs	0	2842	4853	0	1278	Tree	
woodcut	Logs	0	2843	4817	0	1278	Tree	
woodcut	Logs	0	2844	4853	0	1278	Tree	
woodcut	Logs	0	2845	4816	0	1278	Tree	
woodcut	Logs	0	2848	4816	0	1278	Tree	
woodcut	Logs	0	2850	4814	0	1278	Tree	
woodcut	Logs	0	2850	4819	0	1278	Tree	
woodcut	Logs	0	2852	4815	0	1278	Tree	
woodcut	Logs	0	2852	4817	0	1278	Tree	
woodcut	Logs	0	2855	4811	0	1278	Tree	
woodcut	Logs	0	2855	4813	0	1278	Tree	
woodcut	Logs	0	2855	4819	0	1278	Tree	
woodcut	Logs	0	2857	4818	0	1278	Tree	
woodcut	Logs	0	2859	4818	0	1278	Tree	
woodcut	Logs	0	2859	4828	0	1278	Tree	
woodcut	Logs	0	2860	4812	0	1278	Tree	
woodcut	Logs	0	2862	4811	0	1278	Tree	
woodcut	Logs	0	2862	4816	0	1278	Tree	
woodcut	Logs	0	2862	4841	0	1278	Tree	
woodcut	Logs	0	2863	4818	0	1278	Tree	
woodcut	Logs	0	2864	4811	0	1278	Tree	
woodcut	Logs	0	2864	4841	0	1278	Tree	
woodcut	Logs	0	2865	4813	0	1278	Tree	
woodcut	Logs	0	2865	4815	0	1278	Tree	
woodcut	Logs	0	2865	4817	0	1278	Tree	
woodcut	Logs	0	2867	4816	0	1278	Tree	
woodcut	Logs	0	2867	4818	0	1278	Tree	
woodcut	Logs	0	2867	4820	0	1278	Tree	
woodcut	Logs	0	2867	4823	0	1278	Tree	
woodcut	Oak logs	15	2819	4833	0	1281	Oak	
woodcut	Oak logs	15	2820	4842	0	1281	Oak	
woodcut	Oak logs	15	2821	4828	0	1281	Oak	
woodcut	Oak logs	15	2822	4822	0	1281	Oak	
woodcut	Oak logs	15	2822	4846	0	1281	Oak	
woodcut	Oak logs	15	2825	4812	0	1281	Oak	
woodcut	Oak logs	15	2825	4823	0	1281	Oak	
woodcut	Oak logs	15	2825	4831	0	1281	Oak	
woodcut	Oak logs	15	2825	4849	0	1281	Oak	
woodcut	Oak logs	15	2827	4836	0	1281	Oak	
woodcut	Oak logs	15	2827	4843	0	1281	Oak	
woodcut	Oak logs	15	2829	4827	0	1281	Oak	
woodcut	Oak logs	15	2830	4842	0	1281	Oak	
woodcut	Oak logs	15	2830	4851	0	1281	Oak	
woodcut	Oak logs	15	2831	4855	0	1281	Oak	
woodcut	Oak logs	15	2832	4814	0	1281	Oak	
woodcut	Oak logs	15	2832	4846	0	1281	Oak	
woodcut	Oak logs	15	2835	4811	0	1281	Oak	
woodcut	Oak logs	15	2835	4851	0	1281	Oak	
woodcut	Oak logs	15	2840	4817	0	1281	Oak	
woodcut	Oak logs	15	2841	4848	0	1281	Oak	
woodcut	Oak logs	15	2844	4811	0	1281	Oak	
woodcut	Oak logs	15	2846	4853	0	1281	Oak	
woodcut	Oak logs	15	2847	4818	0	1281	Oak	
woodcut	Oak logs	15	2849	4809	0	1281	Oak	
woodcut	Oak logs	15	2849	4846	0	1281	Oak	
woodcut	Oak logs	15	2849	4855	0	1281	Oak	
woodcut	Oak logs	15	2851	4849	0	1281	Oak	
woodcut	Oak logs	15	2852	4810	0	1281	Oak	
woodcut	Oak logs	15	2854	4816	0	1281	Oak	
woodcut	Oak logs	15	2854	4845	0	1281	Oak	
woodcut	Oak logs	15	2856	4835	0	1281	Oak	
woodcut	Oak logs	15	2856	4848	0	1281	Oak	
woodcut	Oak logs	15	2857	4815	0	1281	Oak	
woodcut	Oak logs	15	2859	4830	0	1281	Oak	
woodcut	Oak logs	15	2860	4821	0	1281	Oak	
woodcut	Oak logs	15	2861	4825	0	1281	Oak	
woodcut	Oak logs	15	2861	4848	0	1281	Oak	
woodcut	Oak logs	15	2863	4838	0	1281	Oak	
woodcut	Oak logs	15	2864	4820	0	1281	Oak	
woodcut	Oak logs	15	2864	4828	0	1281	Oak	
woodcut	Logs	0	2823	4836	0	1286	Dead tree	
woodcut	Logs	0	2824	4833	0	1286	Dead tree	
woodcut	Logs	0	2825	4830	0	1286	Dead tree	
woodcut	Logs	0	2826	4815	0	1286	Dead tree	
woodcut	Logs	0	2826	4829	0	1286	Dead tree	
woodcut	Logs	0	2826	4830	0	1286	Dead tree	
woodcut	Logs	0	2827	4855	0	1286	Dead tree	
woodcut	Logs	0	2828	4813	0	1286	Dead tree	
woodcut	Logs	0	2828	4819	0	1286	Dead tree	
woodcut	Logs	0	2828	4824	0	1286	Dead tree	
woodcut	Logs	0	2828	4835	0	1286	Dead tree	
woodcut	Logs	0	2828	4848	0	1286	Dead tree	
woodcut	Logs	0	2829	4839	0	1286	Dead tree	
woodcut	Logs	0	2829	4841	0	1286	Dead tree	
woodcut	Logs	0	2829	4842	0	1286	Dead tree	
woodcut	Logs	0	2829	4848	0	1286	Dead tree	
woodcut	Logs	0	2830	4822	0	1286	Dead tree	
woodcut	Logs	0	2830	4826	0	1286	Dead tree	
woodcut	Logs	0	2833	4845	0	1286	Dead tree	
woodcut	Logs	0	2838	4811	0	1286	Dead tree	
woodcut	Logs	0	2838	4817	0	1286	Dead tree	
woodcut	Logs	0	2838	4848	0	1286	Dead tree	
woodcut	Logs	0	2839	4816	0	1286	Dead tree	
woodcut	Logs	0	2840	4852	0	1286	Dead tree	
woodcut	Logs	0	2843	4847	0	1286	Dead tree	
woodcut	Logs	0	2844	4850	0	1286	Dead tree	
woodcut	Logs	0	2845	4807	0	1286	Dead tree	
woodcut	Logs	0	2845	4852	0	1286	Dead tree	
woodcut	Logs	0	2848	4849	0	1286	Dead tree	
woodcut	Logs	0	2852	4848	0	1286	Dead tree	
woodcut	Logs	0	2856	4813	0	1286	Dead tree	
woodcut	Logs	0	2856	4853	0	1286	Dead tree	
woodcut	Logs	0	2857	4846	0	1286	Dead tree	
woodcut	Logs	0	2858	4811	0	1286	Dead tree	
woodcut	Logs	0	2858	4832	0	1286	Dead tree	
woodcut	Logs	0	2859	4809	0	1286	Dead tree	
woodcut	Logs	0	2859	4821	0	1286	Dead tree	
woodcut	Logs	0	2859	4838	0	1286	Dead tree	
woodcut	Logs	0	2859	4843	0	1286	Dead tree	
woodcut	Logs	0	2859	4853	0	1286	Dead tree	
woodcut	Logs	0	2860	4824	0	1286	Dead tree	
woodcut	Logs	0	2860	4826	0	1286	Dead tree	
woodcut	Logs	0	2864	4810	0	1286	Dead tree	
woodcut	Logs	0	2865	4834	0	1286	Dead tree	
woodcut	Logs	0	2866	4811	0	1286	Dead tree	
woodcut	Logs	0	2866	4812	0	1286	Dead tree	
woodcut	Logs	0	2866	4826	0	1286	Dead tree	
woodcut	Logs	0	2866	4830	0	1286	Dead tree	
woodcut	Logs	0	2866	4836	0	1286	Dead tree	
woodcut	Logs	0	2867	4828	0	1286	Dead tree	
woodcut	Logs	0	2867	4832	0	1286	Dead tree	
woodcut	Logs	0	2868	4815	0	1286	Dead tree	
woodcut	Logs	0	2869	4817	0	1286	Dead tree	
woodcut	Logs	0	2869	4822	0	1286	Dead tree	
woodcut	Logs	0	2908	9350	0	1286	Dead tree	
woodcut	Logs	0	2915	9347	0	1286	Dead tree	
woodcut	Logs	0	2931	9346	0	1286	Dead tree	
woodcut	Logs	0	2932	9355	0	1286	Dead tree	
woodcut	Logs	0	2890	9829	0	1286	Dead tree	
woodcut	Logs	0	2890	9833	0	1286	Dead tree	
woodcut	Logs	0	2893	9827	0	1286	Dead tree	
woodcut	Logs	0	2897	9833	0	1286	Dead tree	
mining	Coal	30	2922	9904	0	2096	Rocks	
mining	Coal	30	2925	9909	0	2096	Rocks	
mining	Coal	30	2929	9888	0	2096	Rocks	
mining	Coal	30	2930	9901	0	2096	Rocks	
mining	Coal	30	2931	9902	0	2096	Rocks	
mining	Coal	30	2940	9898	0	2096	Rocks	
mining	Coal	30	2941	9891	0	2096	Rocks	
mining	Coal	30	2941	9900	0	2096	Rocks	
mining	Coal	30	2923	9903	0	2097	Rocks	
mining	Coal	30	2941	9897	0	2097	Rocks	
mining	Coal	30	2942	9890	0	2097	Rocks	
mining	Mithril ore	55	2918	9917	0	2102	Rocks	
mining	Mithril ore	55	2919	9917	0	2103	Rocks	
mining	Adamantite ore	70	2915	9916	0	2104	Rocks	
mining	Adamantite ore	70	2916	9917	0	2105	Rocks	
mining	Runite ore	85	2941	9884	0	2106	Rocks	
mining	Runite ore	85	2937	9882	0	2107	Rocks	
woodcut	Logs	0	2883	2907	0	2887	Jungle Tree	
woodcut	Logs	0	2883	2915	0	2887	Jungle Tree	
woodcut	Logs	0	2892	2924	0	2887	Jungle Tree	
woodcut	Logs	0	2897	2927	0	2887	Jungle Tree	
woodcut	Logs	0	2916	2916	0	2887	Jungle Tree	
woodcut	Logs	0	2923	2903	0	2887	Jungle Tree	
woodcut	Logs	0	2935	2929	0	2887	Jungle Tree	
woodcut	Logs	0	2941	2908	0	2887	Jungle Tree	
woodcut	Logs	0	2931	2938	0	2889	Jungle Tree	
woodcut	Logs	0	2932	2940	0	2889	Jungle Tree	
woodcut	Logs	0	2933	2941	0	2889	Jungle Tree	
woodcut	Logs	0	2934	2938	0	2889	Jungle Tree	
woodcut	Logs	0	2935	2940	0	2889	Jungle Tree	
woodcut	Logs	0	2936	2937	0	2889	Jungle Tree	
woodcut	Logs	0	2936	2942	0	2889	Jungle Tree	
woodcut	Logs	0	2937	2940	0	2889	Jungle Tree	
woodcut	Logs	0	2938	2938	0	2889	Jungle Tree	
woodcut	Logs	0	2938	2940	0	2889	Jungle Tree	
woodcut	Logs	0	2939	2939	0	2889	Jungle Tree	
woodcut	Logs	0	2939	2941	0	2889	Jungle Tree	
woodcut	Logs	0	2932	2937	0	2890	Jungle Tree	
woodcut	Logs	0	2933	2942	0	2890	Jungle Tree	
woodcut	Logs	0	2935	2938	0	2890	Jungle Tree	
woodcut	Logs	0	2935	2939	0	2890	Jungle Tree	
woodcut	Logs	0	2937	2939	0	2890	Jungle Tree	
woodcut	Logs	0	2937	2942	0	2890	Jungle Tree	
woodcut	Logs	0	2938	2941	0	2890	Jungle Tree	
woodcut	Logs	0	2940	2939	0	2890	Jungle Tree	
woodcut	Logs	0	2931	2937	0	2892	Jungle Bush	
woodcut	Logs	0	2932	2939	0	2892	Jungle Bush	
woodcut	Logs	0	2932	2941	0	2892	Jungle Bush	
woodcut	Logs	0	2934	2939	0	2892	Jungle Bush	
woodcut	Logs	0	2934	2941	0	2892	Jungle Bush	
woodcut	Logs	0	2934	2942	0	2892	Jungle Bush	
woodcut	Logs	0	2936	2941	0	2892	Jungle Bush	
woodcut	Logs	0	2937	2938	0	2892	Jungle Bush	
woodcut	Logs	0	2938	2939	0	2892	Jungle Bush	
woodcut	Logs	0	2939	2940	0	2892	Jungle Bush	
woodcut	Logs	0	2940	2938	0	2892	Jungle Bush	
woodcut	Logs	0	2940	2940	0	2892	Jungle Bush	
woodcut	Logs	0	2940	2942	0	2892	Jungle Bush	
woodcut	Logs	0	2932	2942	0	2893	Jungle Bush	
woodcut	Logs	0	2933	2938	0	2893	Jungle Bush	
woodcut	Logs	0	2933	2939	0	2893	Jungle Bush	
woodcut	Logs	0	2933	2940	0	2893	Jungle Bush	
woodcut	Logs	0	2935	2941	0	2893	Jungle Bush	
woodcut	Logs	0	2936	2939	0	2893	Jungle Bush	
woodcut	Logs	0	2938	2942	0	2893	Jungle Bush	
woodcut	Logs	0	2940	2941	0	2893	Jungle Bush	
woodcut	Logs	0	2914	2998	0	1286	Dead tree	
woodcut	Logs	0	2919	3002	0	1286	Dead tree	
woodcut	Logs	0	2923	3003	0	1286	Dead tree	
woodcut	Logs	0	2938	3144	0	1276	Tree	
woodcut	Logs	0	2943	3153	0	1276	Tree	
woodcut	Logs	0	2919	3251	0	1276	Tree	
woodcut	Logs	0	2921	3236	0	1276	Tree	
woodcut	Logs	0	2922	3229	0	1276	Tree	
woodcut	Logs	0	2922	3233	0	1276	Tree	
woodcut	Logs	0	2924	3225	0	1276	Tree	
woodcut	Logs	0	2924	3231	0	1276	Tree	
woodcut	Logs	0	2925	3229	0	1276	Tree	
woodcut	Logs	0	2926	3220	0	1276	Tree	
woodcut	Logs	0	2926	3231	0	1276	Tree	
woodcut	Logs	0	2927	3226	0	1276	Tree	
woodcut	Logs	0	2927	3261	0	1276	Tree	
woodcut	Logs	0	2928	3223	0	1276	Tree	
woodcut	Logs	0	2929	3220	0	1276	Tree	
woodcut	Logs	0	2930	3260	0	1276	Tree	
woodcut	Logs	0	2934	3262	0	1276	Tree	
woodcut	Logs	0	2942	3219	0	1276	Tree	
woodcut	Logs	0	2917	3248	0	1278	Tree	
woodcut	Logs	0	2930	3229	0	1278	Tree	
woodcut	Logs	0	2937	3201	0	1278	Tree	
woodcut	Logs	0	2937	3260	0	1278	Tree	
woodcut	Oak logs	15	2925	3234	0	1281	Oak	
woodcut	Oak logs	15	2941	3261	0	1281	Oak	
woodcut	Yew logs	60	2933	3233	0	1309	Yew	
woodcut	Yew logs	60	2934	3225	0	1309	Yew	
woodcut	Yew logs	60	2935	3229	0	1309	Yew	
woodcut	Yew logs	60	2940	3232	0	1309	Yew	
woodcut	Logs	0	2930	3296	0	1276	Tree	
woodcut	Logs	0	2930	3302	0	1276	Tree	
woodcut	Logs	0	2931	3299	0	1276	Tree	
woodcut	Logs	0	2933	3307	0	1276	Tree	
woodcut	Logs	0	2934	3297	0	1276	Tree	
woodcut	Logs	0	2936	3296	0	1276	Tree	
woodcut	Logs	0	2936	3305	0	1276	Tree	
woodcut	Logs	0	2937	3298	0	1276	Tree	
woodcut	Logs	0	2940	3297	0	1276	Tree	
woodcut	Logs	0	2912	3317	0	1278	Tree	
woodcut	Logs	0	2913	3309	0	1278	Tree	
woodcut	Logs	0	2914	3312	0	1278	Tree	
woodcut	Logs	0	2917	3310	0	1278	Tree	
woodcut	Logs	0	2917	3312	0	1278	Tree	
woodcut	Logs	0	2918	3308	0	1278	Tree	
woodcut	Logs	0	2919	3310	0	1278	Tree	
woodcut	Logs	0	2920	3316	0	1278	Tree	
woodcut	Logs	0	2921	3314	0	1278	Tree	
woodcut	Logs	0	2922	3305	0	1278	Tree	
woodcut	Logs	0	2922	3316	0	1278	Tree	
woodcut	Logs	0	2924	3312	0	1278	Tree	
woodcut	Oak logs	15	2928	3299	0	1281	Oak	
woodcut	Oak logs	15	2931	3304	0	1281	Oak	
woodcut	Oak logs	15	2932	3301	0	1281	Oak	
woodcut	Oak logs	15	2938	3304	0	1281	Oak	
woodcut	Oak logs	15	2939	3265	0	1281	Oak	
woodcut	Oak logs	15	2939	3300	0	1281	Oak	
woodcut	Oak logs	15	2941	3270	0	1281	Oak	
woodcut	Willow logs	30	2911	3304	0	1308	Willow	
woodcut	Willow logs	30	2912	3302	0	1308	Willow	
woodcut	Willow logs	30	2913	3304	0	1308	Willow	
woodcut	Willow logs	30	2914	3299	0	1308	Willow	
woodcut	Willow logs	30	2915	3297	0	1308	Willow	
woodcut	Willow logs	30	2916	3299	0	1308	Willow	
woodcut	Willow logs	30	2920	3295	0	1308	Willow	
woodcut	Willow logs	30	2921	3297	0	1308	Willow	
mining	Gold ore	40	2938	3278	0	2098	Rocks	
mining	Gold ore	40	2941	3276	0	2098	Rocks	
mining	Gold ore	40	2942	3276	0	2098	Rocks	
mining	Gold ore	40	2943	3279	0	2098	Rocks	
mining	Gold ore	40	2943	3280	0	2098	Rocks	
mining	Gold ore	40	2938	3280	0	2099	Rocks	
mining	Gold ore	40	2939	3276	0	2099	Rocks	
mining	Silver ore	20	2940	3286	0	2100	Rocks	
mining	Silver ore	20	2941	3285	0	2100	Rocks	
mining	Silver ore	20	2943	3290	0	2100	Rocks	
mining	Silver ore	20	2940	3290	0	2101	Rocks	
mining	Silver ore	20	2941	3288	0	2101	Rocks	
mining	Silver ore	20	2942	3291	0	2101	Rocks	
mining	Clay	1	2937	3284	0	2108	Rocks	
mining	Clay	1	2940	3283	0	2108	Rocks	
mining	Clay	1	2942	3283	0	2108	Rocks	
mining	Clay	1	2938	3285	0	2109	Rocks	
mining	Clay	1	2943	3282	0	2109	Rocks	
mining	Clay	1	2943	3284	0	2109	Rocks	
woodcut	Logs	0	2893	3359	0	1276	Tree	
woodcut	Logs	0	2896	3368	0	1276	Tree	
woodcut	Logs	0	2906	3378	0	1276	Tree	
woodcut	Logs	0	2913	3350	0	1276	Tree	
woodcut	Logs	0	2915	3349	0	1276	Tree	
woodcut	Logs	0	2915	3352	0	1276	Tree	
woodcut	Logs	0	2916	3357	0	1276	Tree	
woodcut	Logs	0	2917	3362	0	1276	Tree	
woodcut	Logs	0	2918	3350	0	1276	Tree	
woodcut	Logs	0	2920	3353	0	1276	Tree	
woodcut	Logs	0	2921	3372	0	1276	Tree	
woodcut	Logs	0	2923	3365	0	1276	Tree	
woodcut	Logs	0	2924	3337	0	1276	Tree	
woodcut	Logs	0	2925	3367	0	1276	Tree	
woodcut	Logs	0	2925	3370	0	1276	Tree	
woodcut	Logs	0	2926	3330	0	1276	Tree	
woodcut	Logs	0	2928	3350	0	1276	Tree	
woodcut	Logs	0	2928	3369	0	1276	Tree	
woodcut	Logs	0	2929	3372	0	1276	Tree	
woodcut	Logs	0	2930	3339	0	1276	Tree	
woodcut	Logs	0	2930	3368	0	1276	Tree	
woodcut	Logs	0	2931	3333	0	1276	Tree	
woodcut	Logs	0	2931	3365	0	1276	Tree	
woodcut	Logs	0	2933	3332	0	1276	Tree	
woodcut	Logs	0	2898	3365	0	1278	Tree	
woodcut	Logs	0	2902	3370	0	1278	Tree	
woodcut	Logs	0	2905	3373	0	1278	Tree	
woodcut	Logs	0	2921	3358	0	1278	Tree	
woodcut	Logs	0	2925	3376	0	1278	Tree	
woodcut	Logs	0	2930	3376	0	1278	Tree	
woodcut	Logs	0	2931	3357	0	1278	Tree	
woodcut	Oak logs	15	2912	3352	0	1281	Oak	
woodcut	Oak logs	15	2922	3368	0	1281	Oak	
woodcut	Oak logs	15	2926	3344	0	1281	Oak	
woodcut	Oak logs	15	2927	3366	0	1281	Oak	
woodcut	Oak logs	15	2932	3335	0	1281	Oak	
woodcut	Oak logs	15	2932	3368	0	1281	Oak	
woodcut	Logs	0	2899	3328	0	1282	Dead tree	
woodcut	Logs	0	2901	3329	0	1282	Dead tree	
woodcut	Logs	0	2901	3330	0	1282	Dead tree	
woodcut	Logs	0	2902	3328	0	1282	Dead tree	
woodcut	Logs	0	2902	3338	0	1282	Dead tree	
woodcut	Logs	0	2902	3339	0	1282	Dead tree	
woodcut	Logs	0	2903	3329	0	1282	Dead tree	
woodcut	Logs	0	2903	3339	0	1282	Dead tree	
woodcut	Logs	0	2903	3340	0	1282	Dead tree	
woodcut	Logs	0	2904	3329	0	1282	Dead tree	
woodcut	Logs	0	2905	3328	0	1282	Dead tree	
woodcut	Logs	0	2905	3329	0	1282	Dead tree	
woodcut	Logs	0	2905	3340	0	1282	Dead tree	
woodcut	Logs	0	2906	3341	0	1282	Dead tree	
woodcut	Logs	0	2907	3344	0	1282	Dead tree	
woodcut	Logs	0	2909	3328	0	1282	Dead tree	
woodcut	Logs	0	2909	3347	0	1282	Dead tree	
woodcut	Logs	0	2910	3329	0	1282	Dead tree	
woodcut	Logs	0	2910	3340	0	1282	Dead tree	
woodcut	Logs	0	2911	3330	0	1282	Dead tree	
woodcut	Logs	0	2912	3329	0	1282	Dead tree	
woodcut	Logs	0	2912	3339	0	1282	Dead tree	
woodcut	Logs	0	2912	3342	0	1282	Dead tree	
woodcut	Logs	0	2913	3331	0	1282	Dead tree	
woodcut	Logs	0	2913	3337	0	1282	Dead tree	
woodcut	Logs	0	2913	3339	0	1282	Dead tree	
woodcut	Logs	0	2914	3329	0	1282	Dead tree	
woodcut	Logs	0	2915	3329	0	1282	Dead tree	
woodcut	Logs	0	2915	3332	0	1282	Dead tree	
woodcut	Logs	0	2915	3338	0	1282	Dead tree	
woodcut	Logs	0	2915	3341	0	1282	Dead tree	
woodcut	Logs	0	2916	3331	0	1282	Dead tree	
woodcut	Logs	0	2916	3340	0	1282	Dead tree	
woodcut	Logs	0	2917	3330	0	1282	Dead tree	
woodcut	Logs	0	2917	3338	0	1282	Dead tree	
woodcut	Logs	0	2918	3340	0	1282	Dead tree	
woodcut	Logs	0	2918	3344	0	1282	Dead tree	
woodcut	Logs	0	2919	3339	0	1282	Dead tree	
woodcut	Logs	0	2887	3390	0	1286	Dead tree	
woodcut	Logs	0	2888	3387	0	1286	Dead tree	
woodcut	Logs	0	2889	3383	0	1286	Dead tree	
woodcut	Logs	0	2889	3388	0	1286	Dead tree	
woodcut	Logs	0	2889	3390	0	1286	Dead tree	
woodcut	Logs	0	2892	3383	0	1286	Dead tree	
woodcut	Logs	0	2892	3387	0	1286	Dead tree	
woodcut	Logs	0	2892	3390	0	1286	Dead tree	
woodcut	Logs	0	2894	3385	0	1286	Dead tree	
woodcut	Logs	0	2895	3389	0	1286	Dead tree	
woodcut	Logs	0	2897	3381	0	1286	Dead tree	
woodcut	Logs	0	2897	3387	0	1286	Dead tree	
woodcut	Logs	0	2897	3389	0	1286	Dead tree	
woodcut	Logs	0	2901	3358	0	1286	Dead tree	
woodcut	Logs	0	2903	3364	0	1286	Dead tree	
woodcut	Logs	0	2903	3376	0	1286	Dead tree	
woodcut	Logs	0	2906	3367	0	1286	Dead tree	
woodcut	Logs	0	2913	3357	0	1286	Dead tree	
woodcut	Logs	0	2914	3375	0	1286	Dead tree	
woodcut	Logs	0	2924	3360	0	1286	Dead tree	
woodcut	Logs	0	2900	3342	0	1289	Dead tree	
woodcut	Logs	0	2901	3340	0	1289	Dead tree	
woodcut	Logs	0	2902	3332	0	1289	Dead tree	
woodcut	Logs	0	2903	3342	0	1289	Dead tree	
woodcut	Logs	0	2904	3344	0	1289	Dead tree	
woodcut	Logs	0	2911	3339	0	1289	Dead tree	
woodcut	Logs	0	2911	3345	0	1289	Dead tree	
woodcut	Logs	0	2912	3341	0	1289	Dead tree	
woodcut	Logs	0	2914	3341	0	1289	Dead tree	
woodcut	Logs	0	2915	3331	0	1289	Dead tree	
woodcut	Logs	0	2915	3340	0	1289	Dead tree	
woodcut	Logs	0	2916	3336	0	1289	Dead tree	
woodcut	Logs	0	2916	3343	0	1289	Dead tree	
woodcut	Logs	0	2917	3342	0	1289	Dead tree	
woodcut	Logs	0	2918	3328	0	1289	Dead tree	
woodcut	Logs	0	2918	3332	0	1289	Dead tree	
woodcut	Logs	0	2920	3337	0	1289	Dead tree	
woodcut	Logs	0	2920	3343	0	1289	Dead tree	
woodcut	Logs	0	2920	3345	0	1289	Dead tree	
woodcut	Logs	0	2921	3330	0	1289	Dead tree	
woodcut	Logs	0	2921	3341	0	1289	Dead tree	
woodcut	Logs	0	2924	3328	0	1289	Dead tree	
woodcut	Willow logs	30	2883	3349	0	1308	Willow	
woodcut	Willow logs	30	2884	3351	0	1308	Willow	
woodcut	Willow logs	30	2885	3347	0	1308	Willow	
woodcut	Willow logs	30	2888	3369	0	1308	Willow	
woodcut	Willow logs	30	2889	3367	0	1308	Willow	
woodcut	Willow logs	30	2890	3361	0	1308	Willow	
woodcut	Willow logs	30	2890	3365	0	1308	Willow	
woodcut	Willow logs	30	2890	3371	0	1308	Willow	
woodcut	Willow logs	30	2891	3354	0	1308	Willow	
woodcut	Willow logs	30	2893	3368	0	1308	Willow	
woodcut	Willow logs	30	2893	3373	0	1308	Willow	
mining	Copper ore	1	2907	3361	0	2091	Rocks	
mining	Copper ore	1	2909	3364	0	2091	Rocks	
mining	Iron ore	15	2903	3353	0	2092	Rocks	
mining	Iron ore	15	2904	3354	0	2093	Rocks	
mining	Iron ore	15	2904	3356	0	2093	Rocks	
mining	Tin ore	1	2904	3357	0	2094	Rocks	
mining	Tin ore	1	2905	3359	0	2094	Rocks	
mining	Tin ore	1	2905	3358	0	2095	Rocks	
mining	Tin ore	1	2906	3360	0	2095	Rocks	
mining	Tin ore	1	2908	3360	0	2095	Rocks	
mining	Tin ore	1	2908	3362	0	2095	Rocks	
mining	Coal	30	2910	3366	0	2096	Rocks	
mining	Coal	30	2909	3363	0	2097	Rocks	
woodcut	Logs	0	2880	3427	0	1276	Tree	
woodcut	Logs	0	2894	3409	0	1276	Tree	
woodcut	Logs	0	2900	3411	0	1276	Tree	
woodcut	Logs	0	2922	3446	0	1276	Tree	
woodcut	Logs	0	2924	3439	0	1276	Tree	
woodcut	Logs	0	2926	3446	0	1276	Tree	
woodcut	Logs	0	2934	3438	0	1276	Tree	
woodcut	Logs	0	2918	3429	0	1278	Tree	
woodcut	Logs	0	2923	3433	0	1278	Tree	
woodcut	Logs	0	2928	3434	0	1278	Tree	
woodcut	Logs	0	2934	3443	0	1278	Tree	
woodcut	Logs	0	2938	3428	0	1278	Tree	
woodcut	Oak logs	15	2880	3417	0	1281	Oak	
woodcut	Oak logs	15	2880	3444	0	1281	Oak	
woodcut	Oak logs	15	2927	3441	0	1281	Oak	
woodcut	Oak logs	15	2932	3433	0	1281	Oak	
woodcut	Oak logs	15	2937	3443	0	1281	Oak	
woodcut	Oak logs	15	2939	3437	0	1281	Oak	
woodcut	Logs	0	2880	3399	0	1286	Dead tree	
woodcut	Logs	0	2881	3397	0	1286	Dead tree	
woodcut	Logs	0	2881	3402	0	1286	Dead tree	
woodcut	Logs	0	2882	3392	0	1286	Dead tree	
woodcut	Logs	0	2882	3400	0	1286	Dead tree	
woodcut	Logs	0	2883	3398	0	1286	Dead tree	
woodcut	Logs	0	2883	3403	0	1286	Dead tree	
woodcut	Logs	0	2884	3394	0	1286	Dead tree	
woodcut	Logs	0	2886	3396	0	1286	Dead tree	
woodcut	Logs	0	2886	3399	0	1286	Dead tree	
woodcut	Logs	0	2886	3403	0	1286	Dead tree	
woodcut	Logs	0	2887	3392	0	1286	Dead tree	
woodcut	Logs	0	2888	3396	0	1286	Dead tree	
woodcut	Logs	0	2888	3401	0	1286	Dead tree	
woodcut	Logs	0	2889	3392	0	1286	Dead tree	
woodcut	Logs	0	2889	3399	0	1286	Dead tree	
woodcut	Logs	0	2891	3395	0	1286	Dead tree	
woodcut	Logs	0	2891	3398	0	1286	Dead tree	
woodcut	Logs	0	2892	3392	0	1286	Dead tree	
woodcut	Willow logs	30	2901	3401	0	1308	Willow	
woodcut	Willow logs	30	2902	3397	0	1308	Willow	
woodcut	Willow logs	30	2902	3403	0	1308	Willow	
woodcut	Willow logs	30	2903	3401	0	1308	Willow	
woodcut	Willow logs	30	2904	3394	0	1308	Willow	
woodcut	Willow logs	30	2904	3399	0	1308	Willow	
woodcut	Willow logs	30	2904	3406	0	1308	Willow	
woodcut	Willow logs	30	2909	3411	0	1308	Willow	
woodcut	Willow logs	30	2918	3403	0	1308	Willow	
woodcut	Willow logs	30	2918	3405	0	1308	Willow	
woodcut	Willow logs	30	2919	3407	0	1308	Willow	
woodcut	Willow logs	30	2919	3419	0	1308	Willow	
woodcut	Willow logs	30	2920	3401	0	1308	Willow	
woodcut	Willow logs	30	2921	3405	0	1308	Willow	
woodcut	Willow logs	30	2922	3399	0	1308	Willow	
woodcut	Willow logs	30	2922	3408	0	1308	Willow	
woodcut	Willow logs	30	2923	3401	0	1308	Willow	
woodcut	Willow logs	30	2924	3414	0	1308	Willow	
woodcut	Willow logs	30	2925	3399	0	1308	Willow	
woodcut	Willow logs	30	2925	3412	0	1308	Willow	
woodcut	Willow logs	30	2929	3405	0	1308	Willow	
flax	flax		2887	3424	0	2646	Flax	
flax	flax		2888	3423	0	2646	Flax	
flax	flax		2890	3438	0	2646	Flax	
woodcut	Logs	0	2907	3485	0	1278	Tree	
woodcut	Logs	0	2909	3488	0	1278	Tree	
woodcut	Logs	0	2910	3492	0	1278	Tree	
woodcut	Logs	0	2912	3481	0	1278	Tree	
woodcut	Logs	0	2912	3488	0	1278	Tree	
woodcut	Logs	0	2912	3495	0	1278	Tree	
woodcut	Logs	0	2913	3479	0	1278	Tree	
woodcut	Logs	0	2915	3473	0	1278	Tree	
woodcut	Logs	0	2917	3498	0	1278	Tree	
woodcut	Logs	0	2918	3493	0	1278	Tree	
woodcut	Logs	0	2919	3469	0	1278	Tree	
woodcut	Logs	0	2922	3500	0	1278	Tree	
woodcut	Logs	0	2924	3504	0	1278	Tree	
woodcut	Logs	0	2925	3496	0	1278	Tree	
woodcut	Logs	0	2925	3498	0	1278	Tree	
woodcut	Logs	0	2928	3503	0	1278	Tree	
woodcut	Logs	0	2930	3469	0	1278	Tree	
woodcut	Logs	0	2935	3469	0	1278	Tree	
woodcut	Oak logs	15	2912	3491	0	1281	Oak	
woodcut	Oak logs	15	2914	3495	0	1281	Oak	
woodcut	Oak logs	15	2915	3492	0	1281	Oak	
woodcut	Oak logs	15	2916	3470	0	1281	Oak	
woodcut	Oak logs	15	2917	3495	0	1281	Oak	
woodcut	Oak logs	15	2926	3506	0	1281	Oak	
woodcut	Oak logs	15	2927	3498	0	1281	Oak	
woodcut	Oak logs	15	2931	3498	0	1281	Oak	
woodcut	Oak logs	15	2932	3469	0	1281	Oak	
woodcut	Logs	0	2910	3465	0	1286	Dead tree	
woodcut	Logs	0	2883	3511	0	1289	Dead tree	
woodcut	Logs	0	2885	3515	0	1289	Dead tree	
woodcut	Logs	0	2886	3510	0	1289	Dead tree	
woodcut	Logs	0	2881	3487	0	1315	Evergreen	
woodcut	Logs	0	2882	3494	0	1315	Evergreen	
woodcut	Logs	0	2883	3486	0	1315	Evergreen	
woodcut	Logs	0	2885	3504	0	1315	Evergreen	
woodcut	Logs	0	2886	3466	0	1315	Evergreen	
woodcut	Logs	0	2886	3506	0	1315	Evergreen	
woodcut	Logs	0	2886	3514	0	1315	Evergreen	
woodcut	Logs	0	2887	3475	0	1315	Evergreen	
woodcut	Logs	0	2887	3497	0	1315	Evergreen	
woodcut	Logs	0	2887	3502	0	1315	Evergreen	
woodcut	Logs	0	2889	3463	0	1315	Evergreen	
woodcut	Logs	0	2889	3467	0	1315	Evergreen	
woodcut	Logs	0	2892	3470	0	1315	Evergreen	
woodcut	Logs	0	2892	3475	0	1315	Evergreen	
woodcut	Logs	0	2892	3478	0	1315	Evergreen	
woodcut	Logs	0	2892	3481	0	1315	Evergreen	
woodcut	Logs	0	2894	3489	0	1315	Evergreen	
woodcut	Logs	0	2895	3473	0	1315	Evergreen	
woodcut	Logs	0	2896	3476	0	1315	Evergreen	
woodcut	Logs	0	2897	3485	0	1315	Evergreen	
woodcut	Logs	0	2899	3498	0	1315	Evergreen	
woodcut	Logs	0	2900	3483	0	1315	Evergreen	
woodcut	Logs	0	2900	3518	0	1315	Evergreen	
woodcut	Logs	0	2902	3490	0	1315	Evergreen	
woodcut	Logs	0	2902	3504	0	1315	Evergreen	
woodcut	Logs	0	2904	3498	0	1315	Evergreen	
woodcut	Logs	0	2907	3504	0	1315	Evergreen	
woodcut	Logs	0	2907	3513	0	1315	Evergreen	
woodcut	Logs	0	2907	3516	0	1315	Evergreen	
woodcut	Logs	0	2908	3500	0	1315	Evergreen	
woodcut	Logs	0	2909	3505	0	1315	Evergreen	
woodcut	Logs	0	2911	3515	0	1315	Evergreen	
woodcut	Logs	0	2912	3511	0	1315	Evergreen	
woodcut	Logs	0	2912	3513	0	1315	Evergreen	
woodcut	Logs	0	2938	3500	0	1315	Evergreen	
woodcut	Logs	0	2939	3491	0	1315	Evergreen	
woodcut	Logs	0	2939	3503	0	1315	Evergreen	
woodcut	Logs	0	2940	3495	0	1315	Evergreen	
woodcut	Logs	0	2881	3489	0	1316	Evergreen	
woodcut	Logs	0	2883	3508	0	1316	Evergreen	
woodcut	Logs	0	2883	3512	0	1316	Evergreen	
woodcut	Logs	0	2888	3470	0	1316	Evergreen	
woodcut	Logs	0	2890	3517	0	1316	Evergreen	
woodcut	Logs	0	2894	3482	0	1316	Evergreen	
woodcut	Logs	0	2896	3499	0	1316	Evergreen	
woodcut	Logs	0	2900	3493	0	1316	Evergreen	
woodcut	Logs	0	2900	3515	0	1316	Evergreen	
woodcut	Logs	0	2906	3506	0	1316	Evergreen	
woodcut	Logs	0	2909	3512	0	1316	Evergreen	
woodcut	Logs	0	2939	3497	0	1316	Evergreen	
woodcut	Logs	0	2911	3576	0	1286	Dead tree	
woodcut	Logs	0	2913	3575	0	1286	Dead tree	
woodcut	Logs	0	2917	3569	0	1286	Dead tree	
woodcut	Logs	0	2924	3569	0	1286	Dead tree	
woodcut	Logs	0	2925	3566	0	1286	Dead tree	
woodcut	Logs	0	2930	3562	0	1286	Dead tree	
woodcut	Logs	0	2939	3568	0	1286	Dead tree	
woodcut	Logs	0	2903	3531	0	1315	Evergreen	
woodcut	Logs	0	2907	3524	0	1315	Evergreen	
woodcut	Logs	0	2910	3548	0	1315	Evergreen	
woodcut	Logs	0	2913	3527	0	1315	Evergreen	
woodcut	Logs	0	2914	3520	0	1315	Evergreen	
woodcut	Logs	0	2914	3533	0	1315	Evergreen	
woodcut	Logs	0	2916	3550	0	1315	Evergreen	
woodcut	Logs	0	2924	3525	0	1315	Evergreen	
woodcut	Logs	0	2924	3528	0	1315	Evergreen	
woodcut	Logs	0	2925	3540	0	1315	Evergreen	
woodcut	Logs	0	2927	3522	0	1315	Evergreen	
woodcut	Logs	0	2927	3530	0	1315	Evergreen	
woodcut	Logs	0	2932	3551	0	1315	Evergreen	
woodcut	Logs	0	2910	3522	0	1316	Evergreen	
woodcut	Logs	0	2912	3550	0	1316	Evergreen	
woodcut	Logs	0	2920	3524	0	1316	Evergreen	
woodcut	Logs	0	2926	3525	0	1316	Evergreen	
woodcut	Logs	0	2929	3552	0	1316	Evergreen	
woodcut	Logs	0	2880	4730	0	1276	Tree	
woodcut	Logs	0	2884	4732	0	1276	Tree	
woodcut	Logs	0	2890	4732	0	1276	Tree	
woodcut	Logs	0	2894	4729	0	1276	Tree	
woodcut	Logs	0	2895	4731	0	1276	Tree	
woodcut	Logs	0	2898	4729	0	1276	Tree	
woodcut	Logs	0	2901	4731	0	1276	Tree	
woodcut	Logs	0	2903	4729	0	1276	Tree	
woodcut	Logs	0	2904	4723	0	1276	Tree	
woodcut	Logs	0	2905	4701	0	1276	Tree	
woodcut	Logs	0	2905	4718	0	1276	Tree	
woodcut	Logs	0	2905	4733	0	1276	Tree	
woodcut	Logs	0	2906	4710	0	1276	Tree	
woodcut	Logs	0	2907	4720	0	1276	Tree	
woodcut	Logs	0	2907	4727	0	1276	Tree	
woodcut	Logs	0	2907	4729	0	1276	Tree	
woodcut	Logs	0	2908	4696	0	1276	Tree	
woodcut	Logs	0	2909	4704	0	1276	Tree	
woodcut	Logs	0	2909	4725	0	1276	Tree	
woodcut	Logs	0	2909	4730	0	1276	Tree	
woodcut	Logs	0	2910	4706	0	1276	Tree	
woodcut	Logs	0	2910	4712	0	1276	Tree	
woodcut	Logs	0	2910	4715	0	1276	Tree	
woodcut	Logs	0	2910	4720	0	1276	Tree	
woodcut	Logs	0	2910	4722	0	1276	Tree	
woodcut	Logs	0	2910	4734	0	1276	Tree	
woodcut	Logs	0	2911	4701	0	1276	Tree	
woodcut	Logs	0	2911	4718	0	1276	Tree	
woodcut	Logs	0	2911	4730	0	1276	Tree	
woodcut	Logs	0	2912	4706	0	1276	Tree	
woodcut	Logs	0	2912	4711	0	1276	Tree	
woodcut	Logs	0	2912	4723	0	1276	Tree	
woodcut	Logs	0	2914	4704	0	1276	Tree	
woodcut	Logs	0	2914	4711	0	1276	Tree	
woodcut	Logs	0	2914	4716	0	1276	Tree	
woodcut	Logs	0	2914	4727	0	1276	Tree	
woodcut	Logs	0	2915	4720	0	1276	Tree	
woodcut	Logs	0	2915	4722	0	1276	Tree	
woodcut	Logs	0	2916	4725	0	1276	Tree	
woodcut	Logs	0	2916	4730	0	1276	Tree	
woodcut	Logs	0	2917	4721	0	1276	Tree	
woodcut	Logs	0	2919	4710	0	1276	Tree	
woodcut	Logs	0	2919	4717	0	1276	Tree	
woodcut	Logs	0	2919	4728	0	1276	Tree	
woodcut	Logs	0	2919	4733	0	1276	Tree	
woodcut	Logs	0	2921	4730	0	1276	Tree	
woodcut	Logs	0	2921	4732	0	1276	Tree	
woodcut	Logs	0	2922	4715	0	1276	Tree	
woodcut	Logs	0	2924	4687	0	1276	Tree	
woodcut	Logs	0	2924	4717	0	1276	Tree	
woodcut	Logs	0	2924	4719	0	1276	Tree	
woodcut	Logs	0	2929	4726	0	1276	Tree	
woodcut	Logs	0	2937	4705	0	1276	Tree	
woodcut	Logs	0	2939	4695	0	1276	Tree	
woodcut	Logs	0	2940	4698	0	1276	Tree	
woodcut	Logs	0	2940	4702	0	1276	Tree	
woodcut	Logs	0	2941	4696	0	1276	Tree	
woodcut	Logs	0	2928	4720	0	1278	Tree	
woodcut	Logs	0	2935	4723	0	1278	Tree	
woodcut	Oak logs	15	2880	4732	0	1281	Oak	
woodcut	Oak logs	15	2892	4731	0	1281	Oak	
woodcut	Oak logs	15	2904	4720	0	1281	Oak	
woodcut	Oak logs	15	2907	4733	0	1281	Oak	
woodcut	Oak logs	15	2909	4727	0	1281	Oak	
woodcut	Oak logs	15	2911	4703	0	1281	Oak	
woodcut	Oak logs	15	2912	4713	0	1281	Oak	
woodcut	Oak logs	15	2912	4720	0	1281	Oak	
woodcut	Oak logs	15	2916	4727	0	1281	Oak	
woodcut	Oak logs	15	2918	4730	0	1281	Oak	
woodcut	Oak logs	15	2921	4717	0	1281	Oak	
woodcut	Oak logs	15	2928	4701	0	1281	Oak	
woodcut	Oak logs	15	2940	4704	0	1281	Oak	
woodcut	Oak logs	15	2940	4728	0	1281	Oak	
woodcut	Logs	0	2891	4841	0	1291	Dead tree	
woodcut	Logs	0	2893	4820	0	1291	Dead tree	
woodcut	Logs	0	2893	4839	0	1291	Dead tree	
woodcut	Logs	0	2894	4840	0	1291	Dead tree	
woodcut	Logs	0	2895	4855	0	1291	Dead tree	
woodcut	Logs	0	2897	4854	0	1291	Dead tree	
woodcut	Logs	0	2904	4832	0	1291	Dead tree	
woodcut	Logs	0	2907	4827	0	1291	Dead tree	
woodcut	Logs	0	2909	4825	0	1291	Dead tree	
woodcut	Logs	0	2910	4823	0	1291	Dead tree	
woodcut	Logs	0	2913	4825	0	1291	Dead tree	
woodcut	Logs	0	2914	4835	0	1291	Dead tree	
woodcut	Logs	0	2918	4837	0	1291	Dead tree	
woodcut	Logs	0	2921	4855	0	1291	Dead tree	
woodcut	Logs	0	2922	4856	0	1291	Dead tree	
woodcut	Logs	0	2933	4822	0	1291	Dead tree	
woodcut	Logs	0	2934	4820	0	1291	Dead tree	
mining	Rune essence	1	2891	4847	0	2491	Rune Essence	
mining	Rune essence	1	2893	4812	0	2491	Rune Essence	
mining	Rune essence	1	2925	4848	0	2491	Rune Essence	
mining	Rune essence	1	2927	4814	0	2491	Rune Essence	
woodcut	Logs	0	2945	2912	0	2887	Jungle Tree	
woodcut	Logs	0	2945	2927	0	2887	Jungle Tree	
woodcut	Logs	0	2950	2926	0	2887	Jungle Tree	
woodcut	Logs	0	2952	2914	0	2887	Jungle Tree	
woodcut	Logs	0	2956	2897	0	2887	Jungle Tree	
woodcut	Logs	0	2956	2915	0	2887	Jungle Tree	
woodcut	Logs	0	2944	3148	0	1276	Tree	
woodcut	Logs	0	2965	3197	0	1276	Tree	
woodcut	Logs	0	2971	3196	0	1276	Tree	
woodcut	Logs	0	2991	3193	0	1276	Tree	
woodcut	Logs	0	2994	3185	0	1276	Tree	
woodcut	Logs	0	2994	3196	0	1276	Tree	
woodcut	Logs	0	2998	3189	0	1276	Tree	
woodcut	Logs	0	3002	3162	0	1276	Tree	
woodcut	Logs	0	3002	3170	0	1276	Tree	
woodcut	Logs	0	2987	3193	0	1278	Tree	
woodcut	Logs	0	2990	3196	0	1278	Tree	
woodcut	Logs	0	2994	3188	0	1278	Tree	
woodcut	Oak logs	15	2954	3196	0	1281	Oak	
woodcut	Willow logs	30	2959	3193	0	1308	Willow	
woodcut	Willow logs	30	2961	3192	0	1308	Willow	
woodcut	Willow logs	30	2961	3194	0	1308	Willow	
woodcut	Willow logs	30	2963	3194	0	1308	Willow	
woodcut	Willow logs	30	2966	3192	0	1308	Willow	
woodcut	Willow logs	30	2968	3191	0	1308	Willow	
woodcut	Willow logs	30	2968	3193	0	1308	Willow	
woodcut	Willow logs	30	2970	3193	0	1308	Willow	
woodcut	Willow logs	30	2974	3191	0	1308	Willow	
woodcut	Willow logs	30	2985	3187	0	1308	Willow	
woodcut	Willow logs	30	2986	3183	0	1308	Willow	
woodcut	Willow logs	30	2987	3186	0	1308	Willow	
woodcut	Willow logs	30	2987	3188	0	1308	Willow	
woodcut	Willow logs	30	2988	3178	0	1308	Willow	
woodcut	Willow logs	30	2988	3182	0	1308	Willow	
woodcut	Willow logs	30	2992	3168	0	1308	Willow	
woodcut	Willow logs	30	2992	3170	0	1308	Willow	
woodcut	Willow logs	30	2994	3167	0	1308	Willow	
woodcut	Willow logs	30	2994	3169	0	1308	Willow	
woodcut	Willow logs	30	2996	3164	0	1308	Willow	
woodcut	Willow logs	30	2997	3162	0	1308	Willow	
woodcut	Willow logs	30	2998	3167	0	1308	Willow	
woodcut	Logs	0	2944	3225	0	1276	Tree	
woodcut	Logs	0	2944	3227	0	1276	Tree	
woodcut	Logs	0	2945	3223	0	1276	Tree	
woodcut	Logs	0	2946	3242	0	1276	Tree	
woodcut	Logs	0	2947	3223	0	1276	Tree	
woodcut	Logs	0	2947	3235	0	1276	Tree	
woodcut	Logs	0	2949	3225	0	1276	Tree	
woodcut	Logs	0	2949	3231	0	1276	Tree	
woodcut	Logs	0	2949	3234	0	1276	Tree	
woodcut	Logs	0	2950	3229	0	1276	Tree	
woodcut	Logs	0	2950	3238	0	1276	Tree	
woodcut	Logs	0	2951	3231	0	1276	Tree	
woodcut	Logs	0	2951	3233	0	1276	Tree	
woodcut	Logs	0	2951	3243	0	1276	Tree	
woodcut	Logs	0	2952	3238	0	1276	Tree	
woodcut	Logs	0	2953	3230	0	1276	Tree	
woodcut	Logs	0	2954	3235	0	1276	Tree	
woodcut	Logs	0	2958	3228	0	1276	Tree	
woodcut	Logs	0	2959	3233	0	1276	Tree	
woodcut	Logs	0	2960	3229	0	1276	Tree	
woodcut	Logs	0	2960	3231	0	1276	Tree	
woodcut	Logs	0	2961	3233	0	1276	Tree	
woodcut	Logs	0	2962	3205	0	1276	Tree	
woodcut	Logs	0	2962	3231	0	1276	Tree	
woodcut	Logs	0	2962	3248	0	1276	Tree	
woodcut	Logs	0	2966	3226	0	1276	Tree	
woodcut	Logs	0	2971	3200	0	1276	Tree	
woodcut	Logs	0	2972	3256	0	1276	Tree	
woodcut	Logs	0	2974	3208	0	1276	Tree	
woodcut	Logs	0	2979	3205	0	1276	Tree	
woodcut	Logs	0	2979	3256	0	1276	Tree	
woodcut	Logs	0	2981	3208	0	1276	Tree	
woodcut	Logs	0	2983	3209	0	1276	Tree	
woodcut	Logs	0	2984	3201	0	1276	Tree	
woodcut	Logs	0	2986	3201	0	1276	Tree	
woodcut	Logs	0	2988	3203	0	1276	Tree	
woodcut	Logs	0	2988	3205	0	1276	Tree	
woodcut	Logs	0	2988	3208	0	1276	Tree	
woodcut	Logs	0	2991	3202	0	1276	Tree	
woodcut	Logs	0	2991	3207	0	1276	Tree	
woodcut	Logs	0	2991	3214	0	1276	Tree	
woodcut	Logs	0	2992	3241	0	1276	Tree	
woodcut	Logs	0	2993	3258	0	1276	Tree	
woodcut	Logs	0	2995	3254	0	1276	Tree	
woodcut	Logs	0	2995	3261	0	1276	Tree	
woodcut	Logs	0	2996	3203	0	1276	Tree	
woodcut	Logs	0	2996	3250	0	1276	Tree	
woodcut	Logs	0	2997	3253	0	1276	Tree	
woodcut	Logs	0	2998	3249	0	1276	Tree	
woodcut	Logs	0	2998	3251	0	1276	Tree	
woodcut	Logs	0	2999	3245	0	1276	Tree	
woodcut	Logs	0	2999	3253	0	1276	Tree	
woodcut	Logs	0	3000	3204	0	1276	Tree	
woodcut	Logs	0	3000	3248	0	1276	Tree	
woodcut	Logs	0	3000	3251	0	1276	Tree	
woodcut	Logs	0	3001	3259	0	1276	Tree	
woodcut	Logs	0	3002	3212	0	1276	Tree	
woodcut	Logs	0	3002	3251	0	1276	Tree	
woodcut	Logs	0	3004	3248	0	1276	Tree	
woodcut	Logs	0	3004	3254	0	1276	Tree	
woodcut	Logs	0	3005	3210	0	1276	Tree	
woodcut	Logs	0	3005	3257	0	1276	Tree	
woodcut	Logs	0	3006	3250	0	1276	Tree	
woodcut	Logs	0	2959	3237	0	1278	Tree	
woodcut	Logs	0	2960	3243	0	1278	Tree	
woodcut	Logs	0	2962	3227	0	1278	Tree	
woodcut	Logs	0	2962	3243	0	1278	Tree	
woodcut	Logs	0	2962	3245	0	1278	Tree	
woodcut	Logs	0	2964	3251	0	1278	Tree	
woodcut	Logs	0	2967	3244	0	1278	Tree	
woodcut	Logs	0	2968	3253	0	1278	Tree	
woodcut	Logs	0	2975	3252	0	1278	Tree	
woodcut	Logs	0	2976	3222	0	1278	Tree	
woodcut	Logs	0	2979	3259	0	1278	Tree	
woodcut	Logs	0	2983	3254	0	1278	Tree	
woodcut	Logs	0	2983	3259	0	1278	Tree	
woodcut	Logs	0	2984	3257	0	1278	Tree	
woodcut	Logs	0	2984	3261	0	1278	Tree	
woodcut	Logs	0	2985	3250	0	1278	Tree	
woodcut	Logs	0	2985	3259	0	1278	Tree	
woodcut	Logs	0	2988	3252	0	1278	Tree	
woodcut	Logs	0	2988	3256	0	1278	Tree	
woodcut	Logs	0	2990	3216	0	1278	Tree	
woodcut	Logs	0	2990	3248	0	1278	Tree	
woodcut	Logs	0	2990	3261	0	1278	Tree	
woodcut	Logs	0	2991	3232	0	1278	Tree	
woodcut	Logs	0	2991	3254	0	1278	Tree	
woodcut	Logs	0	2992	3251	0	1278	Tree	
woodcut	Logs	0	2993	3216	0	1278	Tree	
woodcut	Logs	0	2993	3228	0	1278	Tree	
woodcut	Logs	0	2994	3225	0	1278	Tree	
woodcut	Logs	0	2995	3234	0	1278	Tree	
woodcut	Logs	0	2996	3230	0	1278	Tree	
woodcut	Logs	0	2997	3212	0	1278	Tree	
woodcut	Logs	0	2997	3226	0	1278	Tree	
woodcut	Logs	0	2997	3228	0	1278	Tree	
woodcut	Logs	0	2998	3230	0	1278	Tree	
woodcut	Logs	0	2998	3232	0	1278	Tree	
woodcut	Logs	0	2999	3228	0	1278	Tree	
woodcut	Logs	0	3000	3215	0	1278	Tree	
woodcut	Logs	0	3001	3230	0	1278	Tree	
woodcut	Logs	0	3001	3235	0	1278	Tree	
woodcut	Logs	0	3004	3227	0	1278	Tree	
woodcut	Oak logs	15	2946	3225	0	1281	Oak	
woodcut	Oak logs	15	2951	3235	0	1281	Oak	
woodcut	Oak logs	15	2953	3232	0	1281	Oak	
woodcut	Oak logs	15	2957	3230	0	1281	Oak	
woodcut	Oak logs	15	2976	3201	0	1281	Oak	
woodcut	Oak logs	15	2979	3220	0	1281	Oak	
woodcut	Oak logs	15	2981	3205	0	1281	Oak	
woodcut	Oak logs	15	2984	3206	0	1281	Oak	
woodcut	Oak logs	15	2985	3203	0	1281	Oak	
woodcut	Oak logs	15	2997	3259	0	1281	Oak	
woodcut	Oak logs	15	2999	3255	0	1281	Oak	
mining	Copper ore	1	2976	3247	0	2090	Rocks	
mining	Copper ore	1	2977	3247	0	2090	Rocks	
mining	Copper ore	1	2978	3248	0	2090	Rocks	
mining	Copper ore	1	2979	3248	0	2090	Rocks	
mining	Copper ore	1	2977	3245	0	2091	Rocks	
mining	Iron ore	15	2968	3239	0	2092	Rocks	
mining	Iron ore	15	2969	3240	0	2092	Rocks	
mining	Iron ore	15	2969	3242	0	2092	Rocks	
mining	Iron ore	15	2982	3234	0	2092	Rocks	
mining	Iron ore	15	2971	3237	0	2093	Rocks	
mining	Iron ore	15	2981	3233	0	2093	Rocks	
mining	Tin ore	1	2984	3237	0	2094	Rocks	
mining	Tin ore	1	2986	3235	0	2094	Rocks	
mining	Gold ore	40	2977	3233	0	2098	Rocks	
mining	Gold ore	40	2975	3234	0	2099	Rocks	
mining	Clay	1	2986	3239	0	2108	Rocks	
mining	Clay	1	2987	3240	0	2109	Rocks	
woodcut	Logs	0	2944	3315	0	1276	Tree	
woodcut	Logs	0	2946	3292	0	1276	Tree	
woodcut	Logs	0	2946	3307	0	1276	Tree	
woodcut	Logs	0	2947	3320	0	1276	Tree	
woodcut	Logs	0	2954	3288	0	1276	Tree	
woodcut	Logs	0	2954	3304	0	1276	Tree	
woodcut	Logs	0	2959	3281	0	1276	Tree	
woodcut	Logs	0	2960	3294	0	1276	Tree	
woodcut	Logs	0	2966	3276	0	1276	Tree	
woodcut	Logs	0	2970	3273	0	1276	Tree	
woodcut	Logs	0	2970	3296	0	1276	Tree	
woodcut	Logs	0	2973	3284	0	1276	Tree	
woodcut	Logs	0	2974	3288	0	1276	Tree	
woodcut	Logs	0	2974	3304	0	1276	Tree	
woodcut	Logs	0	2975	3274	0	1276	Tree	
woodcut	Logs	0	2978	3288	0	1276	Tree	
woodcut	Logs	0	2979	3283	0	1276	Tree	
woodcut	Logs	0	2980	3293	0	1276	Tree	
woodcut	Logs	0	2980	3298	0	1276	Tree	
woodcut	Logs	0	2981	3300	0	1276	Tree	
woodcut	Logs	0	2982	3279	0	1276	Tree	
woodcut	Logs	0	2983	3272	0	1276	Tree	
woodcut	Logs	0	2984	3270	0	1276	Tree	
woodcut	Logs	0	2985	3272	0	1276	Tree	
woodcut	Logs	0	2986	3286	0	1276	Tree	
woodcut	Logs	0	2986	3295	0	1276	Tree	
woodcut	Logs	0	2987	3274	0	1276	Tree	
woodcut	Logs	0	2988	3281	0	1276	Tree	
woodcut	Logs	0	2988	3296	0	1276	Tree	
woodcut	Logs	0	2991	3288	0	1276	Tree	
woodcut	Logs	0	2991	3293	0	1276	Tree	
woodcut	Logs	0	2992	3291	0	1276	Tree	
woodcut	Logs	0	2992	3306	0	1276	Tree	
woodcut	Logs	0	2994	3298	0	1276	Tree	
woodcut	Logs	0	2999	3298	0	1276	Tree	
woodcut	Logs	0	3000	3309	0	1276	Tree	
woodcut	Logs	0	3000	3311	0	1276	Tree	
woodcut	Logs	0	3002	3307	0	1276	Tree	
woodcut	Logs	0	3002	3316	0	1276	Tree	
woodcut	Logs	0	2949	3283	0	1278	Tree	
woodcut	Logs	0	2949	3297	0	1278	Tree	
woodcut	Logs	0	2952	3272	0	1278	Tree	
woodcut	Logs	0	2953	3280	0	1278	Tree	
woodcut	Logs	0	2953	3316	0	1278	Tree	
woodcut	Logs	0	2957	3297	0	1278	Tree	
woodcut	Logs	0	2958	3303	0	1278	Tree	
woodcut	Logs	0	2959	3264	0	1278	Tree	
woodcut	Logs	0	2961	3269	0	1278	Tree	
woodcut	Logs	0	2961	3274	0	1278	Tree	
woodcut	Logs	0	2961	3288	0	1278	Tree	
woodcut	Logs	0	2964	3281	0	1278	Tree	
woodcut	Logs	0	2965	3291	0	1278	Tree	
woodcut	Logs	0	2965	3303	0	1278	Tree	
woodcut	Logs	0	2966	3265	0	1278	Tree	
woodcut	Logs	0	2969	3288	0	1278	Tree	
woodcut	Logs	0	2973	3268	0	1278	Tree	
woodcut	Logs	0	2975	3297	0	1278	Tree	
woodcut	Logs	0	2978	3301	0	1278	Tree	
woodcut	Logs	0	2980	3265	0	1278	Tree	
woodcut	Logs	0	2981	3304	0	1278	Tree	
woodcut	Logs	0	2984	3282	0	1278	Tree	
woodcut	Logs	0	2987	3269	0	1278	Tree	
woodcut	Logs	0	2989	3299	0	1278	Tree	
woodcut	Logs	0	2991	3266	0	1278	Tree	
woodcut	Logs	0	2994	3292	0	1278	Tree	
woodcut	Logs	0	3001	3292	0	1278	Tree	
woodcut	Logs	0	3001	3302	0	1278	Tree	
woodcut	Logs	0	3003	3281	0	1278	Tree	
woodcut	Logs	0	3005	3271	0	1278	Tree	
woodcut	Oak logs	15	2945	3274	0	1281	Oak	
woodcut	Oak logs	15	2949	3314	0	1281	Oak	
woodcut	Oak logs	15	2950	3307	0	1281	Oak	
woodcut	Oak logs	15	2968	3284	0	1281	Oak	
woodcut	Oak logs	15	2974	3276	0	1281	Oak	
woodcut	Oak logs	15	2975	3290	0	1281	Oak	
woodcut	Oak logs	15	2979	3267	0	1281	Oak	
woodcut	Oak logs	15	2979	3279	0	1281	Oak	
woodcut	Oak logs	15	2982	3297	0	1281	Oak	
woodcut	Oak logs	15	2984	3274	0	1281	Oak	
woodcut	Oak logs	15	2987	3283	0	1281	Oak	
woodcut	Oak logs	15	2992	3282	0	1281	Oak	
woodcut	Oak logs	15	2994	3287	0	1281	Oak	
woodcut	Oak logs	15	2996	3281	0	1281	Oak	
woodcut	Oak logs	15	2999	3284	0	1281	Oak	
woodcut	Oak logs	15	2999	3305	0	1281	Oak	
woodcut	Oak logs	15	3002	3297	0	1281	Oak	
woodcut	Oak logs	15	3002	3309	0	1281	Oak	
woodcut	Oak logs	15	3002	3313	0	1281	Oak	
woodcut	Yew logs	60	2996	3311	0	1309	Yew	
woodcut	Logs	0	2945	3354	0	1276	Tree	
woodcut	Logs	0	2947	3356	0	1276	Tree	
woodcut	Logs	0	2953	3363	0	1276	Tree	
woodcut	Logs	0	2972	3364	0	1276	Tree	
woodcut	Logs	0	2978	3365	0	1276	Tree	
woodcut	Logs	0	2986	3376	0	1276	Tree	
woodcut	Logs	0	2989	3373	0	1276	Tree	
woodcut	Logs	0	2990	3390	0	1276	Tree	
woodcut	Logs	0	2997	3368	0	1276	Tree	
woodcut	Logs	0	2998	3358	0	1276	Tree	
woodcut	Logs	0	2998	3390	0	1276	Tree	
woodcut	Logs	0	3005	3366	0	1276	Tree	
woodcut	Logs	0	2986	3390	0	1278	Tree	
woodcut	Logs	0	2994	3390	0	1278	Tree	
woodcut	Logs	0	3002	3356	0	1278	Tree	
woodcut	Logs	0	3002	3359	0	1278	Tree	
woodcut	Oak logs	15	2978	3389	0	1281	Oak	
woodcut	Oak logs	15	2982	3364	0	1281	Oak	
woodcut	Oak logs	15	3000	3366	0	1281	Oak	
woodcut	Logs	0	2946	3404	0	1276	Tree	
woodcut	Logs	0	2946	3431	0	1276	Tree	
woodcut	Logs	0	2947	3407	0	1276	Tree	
woodcut	Logs	0	2947	3421	0	1276	Tree	
woodcut	Logs	0	2948	3412	0	1276	Tree	
woodcut	Logs	0	2951	3415	0	1276	Tree	
woodcut	Logs	0	2952	3405	0	1276	Tree	
woodcut	Logs	0	2953	3401	0	1276	Tree	
woodcut	Logs	0	2954	3409	0	1276	Tree	
woodcut	Logs	0	2954	3413	0	1276	Tree	
woodcut	Logs	0	2956	3405	0	1276	Tree	
woodcut	Logs	0	2958	3406	0	1276	Tree	
woodcut	Logs	0	2964	3424	0	1276	Tree	
woodcut	Logs	0	2967	3422	0	1276	Tree	
woodcut	Logs	0	2948	3417	0	1278	Tree	
woodcut	Logs	0	2949	3403	0	1278	Tree	
woodcut	Logs	0	2953	3425	0	1278	Tree	
woodcut	Logs	0	2957	3410	0	1278	Tree	
woodcut	Logs	0	2958	3402	0	1278	Tree	
woodcut	Logs	0	2959	3420	0	1278	Tree	
woodcut	Logs	0	2990	3415	0	1278	Tree	
woodcut	Logs	0	2990	3419	0	1278	Tree	
woodcut	Logs	0	2994	3416	0	1278	Tree	
woodcut	Logs	0	3002	3422	0	1278	Tree	
woodcut	Logs	0	3003	3419	0	1278	Tree	
woodcut	Oak logs	15	2947	3399	0	1281	Oak	
woodcut	Oak logs	15	2950	3408	0	1281	Oak	
woodcut	Oak logs	15	2996	3420	0	1281	Oak	
woodcut	Logs	0	2954	3431	0	1315	Evergreen	
woodcut	Logs	0	2954	3436	0	1315	Evergreen	
woodcut	Logs	0	2964	3433	0	1315	Evergreen	
woodcut	Logs	0	2964	3447	0	1315	Evergreen	
woodcut	Logs	0	2968	3453	0	1315	Evergreen	
woodcut	Logs	0	2970	3426	0	1315	Evergreen	
woodcut	Logs	0	2973	3451	0	1315	Evergreen	
woodcut	Logs	0	2975	3442	0	1315	Evergreen	
woodcut	Logs	0	2977	3437	0	1315	Evergreen	
woodcut	Logs	0	2979	3442	0	1315	Evergreen	
woodcut	Logs	0	2979	3451	0	1315	Evergreen	
woodcut	Logs	0	2982	3434	0	1315	Evergreen	
woodcut	Logs	0	2982	3438	0	1315	Evergreen	
woodcut	Logs	0	2982	3448	0	1315	Evergreen	
woodcut	Logs	0	2985	3431	0	1315	Evergreen	
woodcut	Logs	0	2985	3436	0	1315	Evergreen	
woodcut	Logs	0	2990	3454	0	1315	Evergreen	
woodcut	Logs	0	2994	3453	0	1315	Evergreen	
woodcut	Logs	0	2996	3448	0	1315	Evergreen	
woodcut	Logs	0	2996	3452	0	1315	Evergreen	
woodcut	Logs	0	3001	3443	0	1315	Evergreen	
woodcut	Logs	0	3005	3423	0	1315	Evergreen	
woodcut	Logs	0	3006	3444	0	1315	Evergreen	
woodcut	Logs	0	3007	3416	0	1315	Evergreen	
woodcut	Logs	0	2953	3446	0	1316	Evergreen	
woodcut	Logs	0	2958	3425	0	1316	Evergreen	
woodcut	Logs	0	2963	3428	0	1316	Evergreen	
woodcut	Logs	0	2963	3452	0	1316	Evergreen	
woodcut	Logs	0	2969	3443	0	1316	Evergreen	
woodcut	Logs	0	2969	3448	0	1316	Evergreen	
woodcut	Logs	0	2970	3421	0	1316	Evergreen	
woodcut	Logs	0	2974	3454	0	1316	Evergreen	
woodcut	Logs	0	2975	3424	0	1316	Evergreen	
woodcut	Logs	0	2977	3446	0	1316	Evergreen	
woodcut	Logs	0	2984	3441	0	1316	Evergreen	
woodcut	Logs	0	2987	3437	0	1316	Evergreen	
woodcut	Logs	0	2998	3446	0	1316	Evergreen	
woodcut	Logs	0	3001	3452	0	1316	Evergreen	
woodcut	Logs	0	2965	3512	0	1282	Dead tree	
woodcut	Logs	0	2944	3503	0	1286	Dead tree	
woodcut	Logs	0	2945	3510	0	1286	Dead tree	
woodcut	Logs	0	2947	3498	0	1286	Dead tree	
woodcut	Logs	0	2947	3505	0	1286	Dead tree	
woodcut	Logs	0	2947	3514	0	1286	Dead tree	
woodcut	Logs	0	2949	3493	0	1286	Dead tree	
woodcut	Logs	0	2951	3488	0	1286	Dead tree	
woodcut	Logs	0	2951	3513	0	1286	Dead tree	
woodcut	Logs	0	2952	3516	0	1286	Dead tree	
woodcut	Logs	0	2953	3495	0	1286	Dead tree	
woodcut	Logs	0	2953	3503	0	1286	Dead tree	
woodcut	Logs	0	2957	3518	0	1286	Dead tree	
woodcut	Logs	0	2959	3487	0	1286	Dead tree	
woodcut	Logs	0	2964	3502	0	1286	Dead tree	
woodcut	Logs	0	2964	3509	0	1286	Dead tree	
woodcut	Logs	0	2967	3515	0	1286	Dead tree	
woodcut	Logs	0	2969	3512	0	1286	Dead tree	
woodcut	Logs	0	3000	3488	0	1286	Dead tree	
woodcut	Logs	0	3001	3497	0	1286	Dead tree	
woodcut	Logs	0	3004	3506	0	1286	Dead tree	
woodcut	Logs	0	2997	3470	0	1291	Dead tree	
woodcut	Logs	0	3001	3473	0	1291	Dead tree	
woodcut	Logs	0	3006	3484	0	1291	Dead tree	
woodcut	Logs	0	3007	3498	0	1291	Dead tree	
woodcut	Logs	0	2956	3485	0	1315	Evergreen	
woodcut	Logs	0	2956	3488	0	1315	Evergreen	
woodcut	Logs	0	2958	3458	0	1315	Evergreen	
woodcut	Logs	0	2960	3480	0	1315	Evergreen	
woodcut	Logs	0	2961	3456	0	1315	Evergreen	
woodcut	Logs	0	2962	3467	0	1315	Evergreen	
woodcut	Logs	0	2962	3484	0	1315	Evergreen	
woodcut	Logs	0	2963	3462	0	1315	Evergreen	
woodcut	Logs	0	2963	3489	0	1315	Evergreen	
woodcut	Logs	0	2964	3457	0	1315	Evergreen	
woodcut	Logs	0	2965	3487	0	1315	Evergreen	
woodcut	Logs	0	2966	3470	0	1315	Evergreen	
woodcut	Logs	0	2968	3459	0	1315	Evergreen	
woodcut	Logs	0	2969	3484	0	1315	Evergreen	
woodcut	Logs	0	2971	3467	0	1315	Evergreen	
woodcut	Logs	0	2971	3499	0	1315	Evergreen	
woodcut	Logs	0	2972	3501	0	1315	Evergreen	
woodcut	Logs	0	2972	3517	0	1315	Evergreen	
woodcut	Logs	0	2973	3495	0	1315	Evergreen	
woodcut	Logs	0	2974	3489	0	1315	Evergreen	
woodcut	Logs	0	2974	3510	0	1315	Evergreen	
woodcut	Logs	0	2974	3517	0	1315	Evergreen	
woodcut	Logs	0	2975	3458	0	1315	Evergreen	
woodcut	Logs	0	2975	3496	0	1315	Evergreen	
woodcut	Logs	0	2975	3499	0	1315	Evergreen	
woodcut	Logs	0	2975	3515	0	1315	Evergreen	
woodcut	Logs	0	2976	3506	0	1315	Evergreen	
woodcut	Logs	0	2976	3512	0	1315	Evergreen	
woodcut	Logs	0	2977	3510	0	1315	Evergreen	
woodcut	Logs	0	2978	3492	0	1315	Evergreen	
woodcut	Logs	0	2979	3487	0	1315	Evergreen	
woodcut	Logs	0	2979	3490	0	1315	Evergreen	
woodcut	Logs	0	2980	3493	0	1315	Evergreen	
woodcut	Logs	0	2980	3507	0	1315	Evergreen	
woodcut	Logs	0	2980	3518	0	1315	Evergreen	
woodcut	Logs	0	2981	3465	0	1315	Evergreen	
woodcut	Logs	0	2982	3462	0	1315	Evergreen	
woodcut	Logs	0	2982	3495	0	1315	Evergreen	
woodcut	Logs	0	2983	3491	0	1315	Evergreen	
woodcut	Logs	0	2985	3459	0	1315	Evergreen	
woodcut	Logs	0	2985	3475	0	1315	Evergreen	
woodcut	Logs	0	2985	3506	0	1315	Evergreen	
woodcut	Logs	0	2987	3509	0	1315	Evergreen	
woodcut	Logs	0	2987	3519	0	1315	Evergreen	
woodcut	Logs	0	2988	3480	0	1315	Evergreen	
woodcut	Logs	0	2988	3511	0	1315	Evergreen	
woodcut	Logs	0	2990	3482	0	1315	Evergreen	
woodcut	Logs	0	2990	3517	0	1315	Evergreen	
woodcut	Logs	0	2991	3479	0	1315	Evergreen	
woodcut	Logs	0	2991	3506	0	1315	Evergreen	
woodcut	Logs	0	2992	3489	0	1315	Evergreen	
woodcut	Logs	0	2993	3511	0	1315	Evergreen	
woodcut	Logs	0	2994	3484	0	1315	Evergreen	
woodcut	Logs	0	2994	3507	0	1315	Evergreen	
woodcut	Logs	0	2996	3510	0	1315	Evergreen	
woodcut	Logs	0	2998	3517	0	1315	Evergreen	
woodcut	Logs	0	2999	3514	0	1315	Evergreen	
woodcut	Logs	0	3001	3518	0	1315	Evergreen	
woodcut	Logs	0	2952	3483	0	1316	Evergreen	
woodcut	Logs	0	2959	3464	0	1316	Evergreen	
woodcut	Logs	0	2962	3473	0	1316	Evergreen	
woodcut	Logs	0	2964	3479	0	1316	Evergreen	
woodcut	Logs	0	2967	3463	0	1316	Evergreen	
woodcut	Logs	0	2969	3456	0	1316	Evergreen	
woodcut	Logs	0	2969	3473	0	1316	Evergreen	
woodcut	Logs	0	2970	3479	0	1316	Evergreen	
woodcut	Logs	0	2970	3488	0	1316	Evergreen	
woodcut	Logs	0	2971	3461	0	1316	Evergreen	
woodcut	Logs	0	2974	3476	0	1316	Evergreen	
woodcut	Logs	0	2976	3482	0	1316	Evergreen	
woodcut	Logs	0	2976	3488	0	1316	Evergreen	
woodcut	Logs	0	2979	3496	0	1316	Evergreen	
woodcut	Logs	0	2981	3468	0	1316	Evergreen	
woodcut	Logs	0	2981	3504	0	1316	Evergreen	
woodcut	Logs	0	2984	3462	0	1316	Evergreen	
woodcut	Logs	0	2984	3508	0	1316	Evergreen	
woodcut	Logs	0	2987	3477	0	1316	Evergreen	
woodcut	Logs	0	2987	3513	0	1316	Evergreen	
woodcut	Logs	0	2991	3485	0	1316	Evergreen	
woodcut	Logs	0	2992	3501	0	1316	Evergreen	
woodcut	Logs	0	2996	3513	0	1316	Evergreen	
woodcut	Logs	0	2995	3541	0	1276	Tree	
woodcut	Logs	0	2972	3525	0	1278	Tree	
woodcut	Logs	0	2974	3528	0	1278	Tree	
woodcut	Logs	0	2977	3524	0	1278	Tree	
woodcut	Logs	0	2979	3532	0	1278	Tree	
woodcut	Logs	0	2981	3525	0	1278	Tree	
woodcut	Logs	0	2984	3529	0	1278	Tree	
woodcut	Logs	0	2987	3531	0	1278	Tree	
woodcut	Logs	0	3002	3547	0	1278	Tree	
woodcut	Oak logs	15	2979	3528	0	1281	Oak	
woodcut	Logs	0	2951	3581	0	1282	Dead tree	
woodcut	Logs	0	2956	3583	0	1282	Dead tree	
woodcut	Logs	0	2970	3578	0	1282	Dead tree	
woodcut	Logs	0	2988	3582	0	1282	Dead tree	
woodcut	Logs	0	3001	3574	0	1282	Dead tree	
woodcut	Logs	0	2958	3537	0	1286	Dead tree	
woodcut	Logs	0	2964	3538	0	1286	Dead tree	
woodcut	Logs	0	2964	3557	0	1286	Dead tree	
woodcut	Logs	0	2966	3577	0	1286	Dead tree	
woodcut	Logs	0	2966	3582	0	1286	Dead tree	
woodcut	Logs	0	2967	3545	0	1286	Dead tree	
woodcut	Logs	0	2968	3551	0	1286	Dead tree	
woodcut	Logs	0	2971	3575	0	1286	Dead tree	
woodcut	Logs	0	2973	3583	0	1286	Dead tree	
woodcut	Logs	0	2976	3579	0	1286	Dead tree	
woodcut	Logs	0	2977	3556	0	1286	Dead tree	
woodcut	Logs	0	2981	3555	0	1286	Dead tree	
woodcut	Logs	0	2983	3582	0	1286	Dead tree	
woodcut	Logs	0	2987	3579	0	1286	Dead tree	
woodcut	Logs	0	2990	3559	0	1286	Dead tree	
woodcut	Logs	0	2993	3557	0	1286	Dead tree	
woodcut	Logs	0	2994	3580	0	1286	Dead tree	
woodcut	Logs	0	2995	3583	0	1286	Dead tree	
woodcut	Logs	0	2998	3565	0	1286	Dead tree	
woodcut	Logs	0	2998	3573	0	1286	Dead tree	
woodcut	Logs	0	3000	3562	0	1286	Dead tree	
woodcut	Logs	0	3001	3570	0	1286	Dead tree	
woodcut	Logs	0	3001	3579	0	1286	Dead tree	
woodcut	Logs	0	3004	3571	0	1286	Dead tree	
woodcut	Logs	0	3005	3563	0	1286	Dead tree	
woodcut	Logs	0	3005	3578	0	1286	Dead tree	
woodcut	Logs	0	2948	3527	0	1289	Dead tree	
woodcut	Logs	0	2951	3531	0	1289	Dead tree	
woodcut	Logs	0	2953	3525	0	1289	Dead tree	
woodcut	Logs	0	2955	3533	0	1289	Dead tree	
woodcut	Logs	0	2960	3547	0	1289	Dead tree	
woodcut	Logs	0	2960	3553	0	1289	Dead tree	
woodcut	Logs	0	2963	3551	0	1289	Dead tree	
woodcut	Logs	0	2967	3641	0	1282	Dead tree	
woodcut	Logs	0	2970	3588	0	1282	Dead tree	
woodcut	Logs	0	2995	3589	0	1282	Dead tree	
woodcut	Logs	0	2996	3633	0	1282	Dead tree	
woodcut	Logs	0	3001	3606	0	1282	Dead tree	
woodcut	Logs	0	2961	3631	0	1286	Dead tree	
woodcut	Logs	0	2962	3602	0	1286	Dead tree	
woodcut	Logs	0	2962	3628	0	1286	Dead tree	
woodcut	Logs	0	2963	3599	0	1286	Dead tree	
woodcut	Logs	0	2964	3604	0	1286	Dead tree	
woodcut	Logs	0	2964	3644	0	1286	Dead tree	
woodcut	Logs	0	2965	3587	0	1286	Dead tree	
woodcut	Logs	0	2966	3640	0	1286	Dead tree	
woodcut	Logs	0	2967	3645	0	1286	Dead tree	
woodcut	Logs	0	2968	3589	0	1286	Dead tree	
woodcut	Logs	0	2970	3637	0	1286	Dead tree	
woodcut	Logs	0	2971	3591	0	1286	Dead tree	
woodcut	Logs	0	2972	3645	0	1286	Dead tree	
woodcut	Logs	0	2974	3586	0	1286	Dead tree	
woodcut	Logs	0	2974	3590	0	1286	Dead tree	
woodcut	Logs	0	2989	3636	0	1286	Dead tree	
woodcut	Logs	0	2990	3638	0	1286	Dead tree	
woodcut	Logs	0	2992	3589	0	1286	Dead tree	
woodcut	Logs	0	2993	3635	0	1286	Dead tree	
woodcut	Logs	0	2994	3585	0	1286	Dead tree	
woodcut	Logs	0	2994	3592	0	1286	Dead tree	
woodcut	Logs	0	2994	3621	0	1286	Dead tree	
woodcut	Logs	0	2995	3628	0	1286	Dead tree	
woodcut	Logs	0	2997	3592	0	1286	Dead tree	
woodcut	Logs	0	2998	3603	0	1286	Dead tree	
woodcut	Logs	0	2999	3587	0	1286	Dead tree	
woodcut	Logs	0	2999	3608	0	1286	Dead tree	
woodcut	Logs	0	2999	3630	0	1286	Dead tree	
woodcut	Logs	0	3000	3633	0	1286	Dead tree	
woodcut	Logs	0	3000	3637	0	1286	Dead tree	
woodcut	Logs	0	3002	3610	0	1286	Dead tree	
woodcut	Logs	0	3003	3604	0	1286	Dead tree	
woodcut	Logs	0	3004	3602	0	1286	Dead tree	
woodcut	Logs	0	3006	3608	0	1286	Dead tree	
woodcut	Logs	0	2961	3626	0	1383	Dead tree	
woodcut	Logs	0	2962	3641	0	1383	Dead tree	
woodcut	Logs	0	2963	3607	0	1383	Dead tree	
woodcut	Logs	0	2964	3601	0	1383	Dead tree	
woodcut	Logs	0	2965	3629	0	1383	Dead tree	
woodcut	Logs	0	2966	3638	0	1383	Dead tree	
woodcut	Logs	0	2967	3591	0	1383	Dead tree	
woodcut	Logs	0	2967	3630	0	1383	Dead tree	
woodcut	Logs	0	2968	3600	0	1383	Dead tree	
woodcut	Logs	0	2969	3586	0	1383	Dead tree	
woodcut	Logs	0	2970	3599	0	1383	Dead tree	
woodcut	Logs	0	2972	3642	0	1383	Dead tree	
woodcut	Logs	0	2973	3588	0	1383	Dead tree	
woodcut	Logs	0	2974	3640	0	1383	Dead tree	
woodcut	Logs	0	2993	3629	0	1383	Dead tree	
woodcut	Logs	0	2994	3637	0	1383	Dead tree	
woodcut	Logs	0	2996	3587	0	1383	Dead tree	
woodcut	Logs	0	2997	3637	0	1383	Dead tree	
woodcut	Logs	0	2998	3612	0	1383	Dead tree	
woodcut	Logs	0	2998	3629	0	1383	Dead tree	
woodcut	Logs	0	2999	3590	0	1383	Dead tree	
woodcut	Logs	0	3001	3603	0	1383	Dead tree	
woodcut	Logs	0	3004	3612	0	1383	Dead tree	
woodcut	Logs	0	3005	3605	0	1383	Dead tree	
woodcut	Logs	0	2972	3673	0	1282	Dead tree	
woodcut	Logs	0	2977	3652	0	1282	Dead tree	
woodcut	Logs	0	2986	3707	0	1282	Dead tree	
woodcut	Logs	0	2989	3663	0	1282	Dead tree	
woodcut	Logs	0	2999	3652	0	1282	Dead tree	
woodcut	Logs	0	3001	3691	0	1282	Dead tree	
woodcut	Logs	0	2964	3673	0	1286	Dead tree	
woodcut	Logs	0	2969	3672	0	1286	Dead tree	
woodcut	Logs	0	2970	3677	0	1286	Dead tree	
woodcut	Logs	0	2972	3655	0	1286	Dead tree	
woodcut	Logs	0	2973	3652	0	1286	Dead tree	
woodcut	Logs	0	2973	3710	0	1286	Dead tree	
woodcut	Logs	0	2974	3649	0	1286	Dead tree	
woodcut	Logs	0	2975	3674	0	1286	Dead tree	
woodcut	Logs	0	2975	3677	0	1286	Dead tree	
woodcut	Logs	0	2976	3650	0	1286	Dead tree	
woodcut	Logs	0	2978	3710	0	1286	Dead tree	
woodcut	Logs	0	2979	3656	0	1286	Dead tree	
woodcut	Logs	0	2979	3673	0	1286	Dead tree	
woodcut	Logs	0	2981	3654	0	1286	Dead tree	
woodcut	Logs	0	2982	3650	0	1286	Dead tree	
woodcut	Logs	0	2983	3653	0	1286	Dead tree	
woodcut	Logs	0	2984	3664	0	1286	Dead tree	
woodcut	Logs	0	2984	3707	0	1286	Dead tree	
woodcut	Logs	0	2984	3710	0	1286	Dead tree	
woodcut	Logs	0	2985	3659	0	1286	Dead tree	
woodcut	Logs	0	2985	3668	0	1286	Dead tree	
woodcut	Logs	0	2986	3705	0	1286	Dead tree	
woodcut	Logs	0	2988	3666	0	1286	Dead tree	
woodcut	Logs	0	2989	3708	0	1286	Dead tree	
woodcut	Logs	0	2990	3659	0	1286	Dead tree	
woodcut	Logs	0	2993	3662	0	1286	Dead tree	
woodcut	Logs	0	2993	3667	0	1286	Dead tree	
woodcut	Logs	0	2994	3653	0	1286	Dead tree	
woodcut	Logs	0	2994	3659	0	1286	Dead tree	
woodcut	Logs	0	2995	3666	0	1286	Dead tree	
woodcut	Logs	0	2996	3690	0	1286	Dead tree	
woodcut	Logs	0	2997	3654	0	1286	Dead tree	
woodcut	Logs	0	2998	3650	0	1286	Dead tree	
woodcut	Logs	0	3002	3690	0	1286	Dead tree	
woodcut	Logs	0	3004	3652	0	1286	Dead tree	
woodcut	Logs	0	3005	3692	0	1286	Dead tree	
woodcut	Logs	0	3005	3702	0	1286	Dead tree	
woodcut	Logs	0	2955	3696	0	1383	Dead tree	
woodcut	Logs	0	2959	3690	0	1383	Dead tree	
woodcut	Logs	0	2961	3683	0	1383	Dead tree	
woodcut	Logs	0	2966	3683	0	1383	Dead tree	
woodcut	Logs	0	2969	3676	0	1383	Dead tree	
woodcut	Logs	0	2970	3651	0	1383	Dead tree	
woodcut	Logs	0	2972	3671	0	1383	Dead tree	
woodcut	Logs	0	2974	3678	0	1383	Dead tree	
woodcut	Logs	0	2974	3683	0	1383	Dead tree	
woodcut	Logs	0	2976	3655	0	1383	Dead tree	
woodcut	Logs	0	2976	3672	0	1383	Dead tree	
woodcut	Logs	0	2977	3675	0	1383	Dead tree	
woodcut	Logs	0	2977	3708	0	1383	Dead tree	
woodcut	Logs	0	2979	3650	0	1383	Dead tree	
woodcut	Logs	0	2982	3652	0	1383	Dead tree	
woodcut	Logs	0	2982	3708	0	1383	Dead tree	
woodcut	Logs	0	2985	3680	0	1383	Dead tree	
woodcut	Logs	0	2987	3662	0	1383	Dead tree	
woodcut	Logs	0	2987	3677	0	1383	Dead tree	
woodcut	Logs	0	2988	3711	0	1383	Dead tree	
woodcut	Logs	0	2989	3680	0	1383	Dead tree	
woodcut	Logs	0	2990	3705	0	1383	Dead tree	
woodcut	Logs	0	2991	3661	0	1383	Dead tree	
woodcut	Logs	0	2991	3708	0	1383	Dead tree	
woodcut	Logs	0	2993	3664	0	1383	Dead tree	
woodcut	Logs	0	2996	3651	0	1383	Dead tree	
woodcut	Logs	0	2996	3687	0	1383	Dead tree	
woodcut	Logs	0	2997	3708	0	1383	Dead tree	
woodcut	Logs	0	2998	3693	0	1383	Dead tree	
woodcut	Logs	0	2999	3656	0	1383	Dead tree	
woodcut	Logs	0	3001	3650	0	1383	Dead tree	
woodcut	Logs	0	3002	3654	0	1383	Dead tree	
woodcut	Logs	0	3002	3658	0	1383	Dead tree	
woodcut	Logs	0	3003	3708	0	1383	Dead tree	
woodcut	Logs	0	3005	3695	0	1383	Dead tree	
woodcut	Logs	0	3006	3699	0	1383	Dead tree	
woodcut	Logs	0	2958	3767	0	1282	Dead tree	
woodcut	Logs	0	2959	3738	0	1282	Dead tree	
woodcut	Logs	0	2959	3768	0	1282	Dead tree	
woodcut	Logs	0	2960	3737	0	1282	Dead tree	
woodcut	Logs	0	2960	3741	0	1282	Dead tree	
woodcut	Logs	0	2960	3767	0	1282	Dead tree	
woodcut	Logs	0	2960	3770	0	1282	Dead tree	
woodcut	Logs	0	2961	3735	0	1282	Dead tree	
woodcut	Logs	0	2961	3737	0	1282	Dead tree	
woodcut	Logs	0	2961	3768	0	1282	Dead tree	
woodcut	Logs	0	2962	3736	0	1282	Dead tree	
woodcut	Logs	0	2962	3740	0	1282	Dead tree	
woodcut	Logs	0	2962	3767	0	1282	Dead tree	
woodcut	Logs	0	2962	3770	0	1282	Dead tree	
woodcut	Logs	0	2963	3734	0	1282	Dead tree	
woodcut	Logs	0	2963	3737	0	1282	Dead tree	
woodcut	Logs	0	2963	3768	0	1282	Dead tree	
woodcut	Logs	0	2964	3728	0	1282	Dead tree	
woodcut	Logs	0	2965	3734	0	1282	Dead tree	
woodcut	Logs	0	2966	3732	0	1282	Dead tree	
woodcut	Logs	0	2966	3768	0	1282	Dead tree	
woodcut	Logs	0	2968	3734	0	1282	Dead tree	
woodcut	Logs	0	2971	3716	0	1282	Dead tree	
woodcut	Logs	0	2971	3768	0	1282	Dead tree	
woodcut	Logs	0	2975	3768	0	1282	Dead tree	
woodcut	Logs	0	2975	3770	0	1282	Dead tree	
woodcut	Logs	0	2977	3769	0	1282	Dead tree	
woodcut	Logs	0	2977	3770	0	1282	Dead tree	
woodcut	Logs	0	2977	3772	0	1282	Dead tree	
woodcut	Logs	0	2978	3768	0	1282	Dead tree	
woodcut	Logs	0	2981	3769	0	1282	Dead tree	
woodcut	Logs	0	2983	3770	0	1282	Dead tree	
woodcut	Logs	0	2984	3769	0	1282	Dead tree	
woodcut	Logs	0	2984	3771	0	1282	Dead tree	
woodcut	Logs	0	2985	3769	0	1282	Dead tree	
woodcut	Logs	0	2986	3768	0	1282	Dead tree	
woodcut	Logs	0	2989	3729	0	1282	Dead tree	
woodcut	Logs	0	2989	3734	0	1282	Dead tree	
woodcut	Logs	0	2989	3768	0	1282	Dead tree	
woodcut	Logs	0	2991	3735	0	1282	Dead tree	
woodcut	Logs	0	2992	3733	0	1282	Dead tree	
woodcut	Logs	0	2992	3736	0	1282	Dead tree	
woodcut	Logs	0	2993	3735	0	1282	Dead tree	
woodcut	Logs	0	2993	3739	0	1282	Dead tree	
woodcut	Logs	0	2995	3737	0	1282	Dead tree	
woodcut	Logs	0	2995	3744	0	1282	Dead tree	
woodcut	Logs	0	2995	3748	0	1282	Dead tree	
woodcut	Logs	0	2996	3737	0	1282	Dead tree	
woodcut	Logs	0	2996	3740	0	1282	Dead tree	
woodcut	Logs	0	2996	3743	0	1282	Dead tree	
woodcut	Logs	0	2996	3747	0	1282	Dead tree	
woodcut	Logs	0	2996	3749	0	1282	Dead tree	
woodcut	Logs	0	2997	3747	0	1282	Dead tree	
woodcut	Logs	0	2998	3742	0	1282	Dead tree	
woodcut	Logs	0	3001	3754	0	1282	Dead tree	
woodcut	Logs	0	2962	3727	0	1286	Dead tree	
woodcut	Logs	0	2965	3726	0	1286	Dead tree	
woodcut	Logs	0	2966	3731	0	1286	Dead tree	
woodcut	Logs	0	2968	3715	0	1286	Dead tree	
woodcut	Logs	0	2969	3717	0	1286	Dead tree	
woodcut	Logs	0	2971	3720	0	1286	Dead tree	
woodcut	Logs	0	2973	3772	0	1286	Dead tree	
woodcut	Logs	0	2975	3716	0	1286	Dead tree	
woodcut	Logs	0	3000	3758	0	1286	Dead tree	
woodcut	Logs	0	3003	3751	0	1286	Dead tree	
woodcut	Logs	0	3004	3755	0	1286	Dead tree	
woodcut	Logs	0	2957	3756	0	1289	Dead tree	
woodcut	Logs	0	2958	3755	0	1289	Dead tree	
woodcut	Logs	0	2958	3757	0	1289	Dead tree	
woodcut	Logs	0	2958	3765	0	1289	Dead tree	
woodcut	Logs	0	2959	3758	0	1289	Dead tree	
woodcut	Logs	0	2959	3765	0	1289	Dead tree	
woodcut	Logs	0	2959	3769	0	1289	Dead tree	
woodcut	Logs	0	2960	3766	0	1289	Dead tree	
woodcut	Logs	0	2961	3765	0	1289	Dead tree	
woodcut	Logs	0	2962	3765	0	1289	Dead tree	
woodcut	Logs	0	2963	3739	0	1289	Dead tree	
woodcut	Logs	0	2963	3766	0	1289	Dead tree	
woodcut	Logs	0	2963	3769	0	1289	Dead tree	
woodcut	Logs	0	2963	3771	0	1289	Dead tree	
woodcut	Logs	0	2964	3736	0	1289	Dead tree	
woodcut	Logs	0	2964	3738	0	1289	Dead tree	
woodcut	Logs	0	2965	3737	0	1289	Dead tree	
woodcut	Logs	0	2966	3736	0	1289	Dead tree	
woodcut	Logs	0	2966	3740	0	1289	Dead tree	
woodcut	Logs	0	2967	3769	0	1289	Dead tree	
woodcut	Logs	0	2969	3771	0	1289	Dead tree	
woodcut	Logs	0	2972	3770	0	1289	Dead tree	
woodcut	Logs	0	2973	3768	0	1289	Dead tree	
woodcut	Logs	0	2974	3770	0	1289	Dead tree	
woodcut	Logs	0	2975	3767	0	1289	Dead tree	
woodcut	Logs	0	2977	3738	0	1289	Dead tree	
woodcut	Logs	0	2977	3767	0	1289	Dead tree	
woodcut	Logs	0	2978	3767	0	1289	Dead tree	
woodcut	Logs	0	2979	3770	0	1289	Dead tree	
woodcut	Logs	0	2980	3766	0	1289	Dead tree	
woodcut	Logs	0	2981	3772	0	1289	Dead tree	
woodcut	Logs	0	2982	3746	0	1289	Dead tree	
woodcut	Logs	0	2982	3768	0	1289	Dead tree	
woodcut	Logs	0	2983	3771	0	1289	Dead tree	
woodcut	Logs	0	2985	3767	0	1289	Dead tree	
woodcut	Logs	0	2988	3770	0	1289	Dead tree	
woodcut	Logs	0	2989	3736	0	1289	Dead tree	
woodcut	Logs	0	2990	3738	0	1289	Dead tree	
woodcut	Logs	0	2991	3737	0	1289	Dead tree	
woodcut	Logs	0	2993	3741	0	1289	Dead tree	
woodcut	Logs	0	2993	3743	0	1289	Dead tree	
woodcut	Logs	0	2993	3749	0	1289	Dead tree	
woodcut	Logs	0	2994	3742	0	1289	Dead tree	
woodcut	Logs	0	2994	3744	0	1289	Dead tree	
woodcut	Logs	0	2994	3748	0	1289	Dead tree	
woodcut	Logs	0	2961	3723	0	1383	Dead tree	
woodcut	Logs	0	2963	3731	0	1383	Dead tree	
woodcut	Logs	0	2966	3751	0	1383	Dead tree	
woodcut	Logs	0	2967	3759	0	1383	Dead tree	
woodcut	Logs	0	2968	3720	0	1383	Dead tree	
woodcut	Logs	0	2968	3729	0	1383	Dead tree	
woodcut	Logs	0	2973	3713	0	1383	Dead tree	
woodcut	Logs	0	2974	3774	0	1383	Dead tree	
woodcut	Logs	0	2975	3751	0	1383	Dead tree	
woodcut	Logs	0	2975	3757	0	1383	Dead tree	
woodcut	Logs	0	2981	3770	0	1383	Dead tree	
woodcut	Logs	0	2984	3772	0	1383	Dead tree	
woodcut	Logs	0	2988	3731	0	1383	Dead tree	
woodcut	Logs	0	2988	3751	0	1383	Dead tree	
woodcut	Logs	0	2988	3759	0	1383	Dead tree	
woodcut	Logs	0	2990	3726	0	1383	Dead tree	
woodcut	Logs	0	2994	3728	0	1383	Dead tree	
woodcut	Logs	0	2999	3749	0	1383	Dead tree	
woodcut	Logs	0	2999	3754	0	1383	Dead tree	
woodcut	Logs	0	3004	3758	0	1383	Dead tree	
woodcut	Logs	0	2972	3797	0	1282	Dead tree	
woodcut	Logs	0	2986	3783	0	1282	Dead tree	
woodcut	Logs	0	2995	3806	0	1282	Dead tree	
woodcut	Logs	0	2998	3793	0	1282	Dead tree	
woodcut	Logs	0	2970	3796	0	1286	Dead tree	
woodcut	Logs	0	2977	3785	0	1286	Dead tree	
woodcut	Logs	0	2983	3781	0	1286	Dead tree	
woodcut	Logs	0	2984	3787	0	1286	Dead tree	
woodcut	Logs	0	2990	3783	0	1286	Dead tree	
woodcut	Logs	0	2990	3788	0	1286	Dead tree	
woodcut	Logs	0	2993	3803	0	1286	Dead tree	
woodcut	Logs	0	2995	3790	0	1286	Dead tree	
woodcut	Logs	0	2995	3794	0	1286	Dead tree	
woodcut	Logs	0	2998	3809	0	1286	Dead tree	
woodcut	Logs	0	2999	3806	0	1286	Dead tree	
woodcut	Logs	0	3001	3791	0	1286	Dead tree	
woodcut	Logs	0	3002	3796	0	1286	Dead tree	
woodcut	Logs	0	2964	3795	0	1383	Dead tree	
woodcut	Logs	0	2974	3799	0	1383	Dead tree	
woodcut	Logs	0	2975	3782	0	1383	Dead tree	
woodcut	Logs	0	2980	3802	0	1383	Dead tree	
woodcut	Logs	0	2984	3785	0	1383	Dead tree	
woodcut	Logs	0	2986	3779	0	1383	Dead tree	
woodcut	Logs	0	2986	3785	0	1383	Dead tree	
woodcut	Logs	0	2986	3803	0	1383	Dead tree	
woodcut	Logs	0	2993	3808	0	1383	Dead tree	
woodcut	Logs	0	2997	3790	0	1383	Dead tree	
woodcut	Logs	0	2997	3804	0	1383	Dead tree	
woodcut	Logs	0	2998	3811	0	1383	Dead tree	
woodcut	Logs	0	2999	3797	0	1383	Dead tree	
woodcut	Logs	0	3000	3808	0	1383	Dead tree	
woodcut	Logs	0	2994	3851	0	1286	Dead tree	
woodcut	Logs	0	2997	3855	0	1286	Dead tree	
woodcut	Logs	0	2945	3896	0	1291	Dead tree	
woodcut	Logs	0	2950	3881	0	1291	Dead tree	
woodcut	Logs	0	2951	3901	0	1291	Dead tree	
woodcut	Logs	0	2953	3891	0	1291	Dead tree	
woodcut	Logs	0	2954	3887	0	1291	Dead tree	
woodcut	Logs	0	2956	3858	0	1291	Dead tree	
woodcut	Logs	0	2956	3871	0	1291	Dead tree	
woodcut	Logs	0	2957	3853	0	1291	Dead tree	
woodcut	Logs	0	2959	3884	0	1291	Dead tree	
woodcut	Logs	0	2959	3890	0	1291	Dead tree	
woodcut	Logs	0	2960	3849	0	1291	Dead tree	
woodcut	Logs	0	2960	3872	0	1291	Dead tree	
woodcut	Logs	0	2963	3846	0	1291	Dead tree	
woodcut	Logs	0	2945	3889	0	1318	Evergreen	
woodcut	Logs	0	2965	3895	0	1318	Evergreen	
woodcut	Logs	0	2961	3888	0	1331	Tree	
woodcut	Logs	0	2952	3899	0	1332	Tree	
woodcut	Logs	0	2994	3853	0	1383	Dead tree	
woodcut	Logs	0	3000	3853	0	1383	Dead tree	
woodcut	Logs	0	3004	3966	0	1286	Dead tree	
woodcut	Logs	0	2996	3964	0	1289	Dead tree	
woodcut	Logs	0	2998	3940	0	1289	Dead tree	
woodcut	Logs	0	2998	3956	0	1289	Dead tree	
woodcut	Logs	0	2998	3965	0	1289	Dead tree	
woodcut	Logs	0	2999	3941	0	1289	Dead tree	
woodcut	Logs	0	2999	3957	0	1289	Dead tree	
woodcut	Logs	0	2999	3964	0	1289	Dead tree	
woodcut	Logs	0	3000	3956	0	1289	Dead tree	
woodcut	Logs	0	3000	3966	0	1289	Dead tree	
woodcut	Logs	0	3001	3965	0	1289	Dead tree	
woodcut	Logs	0	3001	3966	0	1289	Dead tree	
woodcut	Logs	0	2945	3940	0	1291	Dead tree	
woodcut	Logs	0	2947	3939	0	1291	Dead tree	
woodcut	Logs	0	2947	3941	0	1291	Dead tree	
woodcut	Logs	0	2949	3937	0	1291	Dead tree	
woodcut	Logs	0	2961	3931	0	1291	Dead tree	
woodcut	Logs	0	2966	3953	0	1291	Dead tree	
woodcut	Logs	0	2969	3952	0	1291	Dead tree	
woodcut	Logs	0	2970	3910	0	1291	Dead tree	
woodcut	Logs	0	2970	3940	0	1291	Dead tree	
woodcut	Logs	0	2970	3956	0	1291	Dead tree	
woodcut	Logs	0	2972	3905	0	1291	Dead tree	
woodcut	Logs	0	2972	3957	0	1291	Dead tree	
woodcut	Logs	0	2973	3925	0	1291	Dead tree	
woodcut	Logs	0	2973	3949	0	1291	Dead tree	
woodcut	Logs	0	2973	3958	0	1291	Dead tree	
woodcut	Logs	0	2974	3956	0	1291	Dead tree	
woodcut	Logs	0	2974	3960	0	1291	Dead tree	
woodcut	Logs	0	2975	3935	0	1291	Dead tree	
woodcut	Logs	0	2975	3963	0	1291	Dead tree	
woodcut	Logs	0	2976	3906	0	1291	Dead tree	
woodcut	Logs	0	2976	3917	0	1291	Dead tree	
woodcut	Logs	0	2976	3947	0	1291	Dead tree	
woodcut	Logs	0	2978	3959	0	1291	Dead tree	
woodcut	Logs	0	2980	3942	0	1291	Dead tree	
woodcut	Logs	0	2981	3911	0	1291	Dead tree	
woodcut	Logs	0	2981	3932	0	1291	Dead tree	
woodcut	Logs	0	2982	3914	0	1291	Dead tree	
woodcut	Logs	0	2983	3906	0	1291	Dead tree	
woodcut	Logs	0	2985	3914	0	1291	Dead tree	
woodcut	Logs	0	2988	3941	0	1291	Dead tree	
woodcut	Logs	0	2995	3938	0	1291	Dead tree	
woodcut	Logs	0	2955	3936	0	1318	Evergreen	
woodcut	Logs	0	2946	3907	0	1319	Evergreen	
woodcut	Logs	0	2950	3918	0	1319	Evergreen	
woodcut	Logs	0	2955	3926	0	1319	Evergreen	
woodcut	Logs	0	2962	3934	0	1319	Evergreen	
woodcut	Logs	0	2964	3940	0	1330	Tree	
woodcut	Logs	0	2949	3943	0	1332	Tree	
woodcut	Logs	0	2956	3910	0	1332	Tree	
woodcut	Logs	0	2962	3947	0	1332	Tree	
woodcut	Logs	0	2967	3907	0	1332	Tree	
woodcut	Logs	0	2969	3924	0	1332	Tree	
woodcut	Logs	0	2971	3932	0	1332	Tree	
woodcut	Logs	0	2974	3942	0	1332	Tree	
woodcut	Logs	0	2975	3912	0	1332	Tree	
woodcut	Logs	0	2977	3928	0	1332	Tree	
woodcut	Logs	0	2978	3949	0	1332	Tree	
woodcut	Logs	0	2981	3937	0	1332	Tree	
woodcut	Logs	0	2982	3926	0	1332	Tree	
woodcut	Logs	0	2983	3944	0	1332	Tree	
woodcut	Charcoal	0	2991	3907	0	1384	Dead tree	
woodcut	Charcoal	0	2995	3905	0	1384	Dead tree	
woodcut	Charcoal	0	3000	3906	0	1384	Dead tree	
woodcut	Charcoal	0	3005	3909	0	1384	Dead tree	
mining	Blurite ore	10	3049	9566	0	2110	Rocks	
mining	Blurite ore	10	3059	9564	0	2110	Rocks	
mining	Blurite ore	10	3067	9581	0	2110	Rocks	
mining	Blurite ore	10	3067	9582	0	2110	Rocks	
mining	Copper ore	1	3039	9783	0	2090	Rocks	
mining	Copper ore	1	3040	9784	0	2090	Rocks	
mining	Copper ore	1	3038	9780	0	2091	Rocks	
mining	Copper ore	1	3039	9781	0	2091	Rocks	
mining	Iron ore	15	3037	9776	0	2092	Rocks	
mining	Iron ore	15	3039	9777	0	2092	Rocks	
mining	Iron ore	15	3036	9775	0	2093	Rocks	
mining	Iron ore	15	3044	9769	0	2093	Rocks	
mining	Iron ore	15	3045	9771	0	2093	Rocks	
mining	Tin ore	1	3052	9782	0	2094	Rocks	
mining	Tin ore	1	3053	9780	0	2094	Rocks	
mining	Tin ore	1	3054	9781	0	2094	Rocks	
mining	Tin ore	1	3055	9781	0	2094	Rocks	
mining	Tin ore	1	3056	9780	0	2095	Rocks	
mining	Coal	30	3028	9737	0	2096	Rocks	
mining	Coal	30	3031	9739	0	2096	Rocks	
mining	Coal	30	3032	9735	0	2096	Rocks	
mining	Coal	30	3032	9737	0	2096	Rocks	
mining	Coal	30	3032	9741	0	2096	Rocks	
mining	Coal	30	3034	9739	0	2096	Rocks	
mining	Coal	30	3035	9734	0	2096	Rocks	
mining	Coal	30	3035	9742	0	2096	Rocks	
mining	Coal	30	3037	9733	0	2096	Rocks	
mining	Coal	30	3037	9735	0	2096	Rocks	
mining	Coal	30	3037	9739	0	2096	Rocks	
mining	Coal	30	3037	9763	0	2096	Rocks	
mining	Coal	30	3038	9748	0	2096	Rocks	
mining	Coal	30	3039	9733	0	2096	Rocks	
mining	Coal	30	3039	9738	0	2096	Rocks	
mining	Coal	30	3039	9761	0	2096	Rocks	
mining	Coal	30	3040	9732	0	2096	Rocks	
mining	Coal	30	3042	9739	0	2096	Rocks	
mining	Coal	30	3043	9742	0	2096	Rocks	
mining	Coal	30	3044	9753	0	2096	Rocks	
mining	Coal	30	3045	9740	0	2096	Rocks	
mining	Coal	30	3046	9735	0	2096	Rocks	
mining	Coal	30	3046	9762	0	2096	Rocks	
mining	Coal	30	3047	9737	0	2096	Rocks	
mining	Coal	30	3048	9743	0	2096	Rocks	
mining	Coal	30	3048	9747	0	2096	Rocks	
mining	Coal	30	3049	9734	0	2096	Rocks	
mining	Coal	30	3049	9740	0	2096	Rocks	
mining	Coal	30	3051	9735	0	2096	Rocks	
mining	Coal	30	3052	9777	0	2096	Rocks	
mining	Coal	30	3053	9742	0	2096	Rocks	
mining	Coal	30	3054	9739	0	2096	Rocks	
mining	Coal	30	3054	9746	0	2096	Rocks	
mining	Coal	30	3028	9739	0	2097	Rocks	
mining	Coal	30	3029	9734	0	2097	Rocks	
mining	Coal	30	3039	9741	0	2097	Rocks	
mining	Coal	30	3039	9762	0	2097	Rocks	
mining	Coal	30	3041	9760	0	2097	Rocks	
mining	Coal	30	3042	9734	0	2097	Rocks	
mining	Coal	30	3044	9737	0	2097	Rocks	
mining	Coal	30	3045	9744	0	2097	Rocks	
mining	Coal	30	3048	9754	0	2097	Rocks	
mining	Coal	30	3048	9775	0	2097	Rocks	
mining	Coal	30	3049	9735	0	2097	Rocks	
mining	Coal	30	3051	9776	0	2097	Rocks	
mining	Gold ore	40	3050	9760	0	2098	Rocks	
mining	Gold ore	40	3049	9760	0	2099	Rocks	
mining	Mithril ore	55	3035	9771	0	2102	Rocks	
mining	Mithril ore	55	3046	9733	0	2102	Rocks	
mining	Mithril ore	55	3053	9737	0	2102	Rocks	
mining	Mithril ore	55	3037	9773	0	2103	Rocks	
mining	Mithril ore	55	3047	9733	0	2103	Rocks	
mining	Mithril ore	55	3050	9738	0	2103	Rocks	
mining	Mithril ore	55	3052	9739	0	2103	Rocks	
mining	Adamantite ore	70	3035	9764	0	2105	Rocks	
mining	Adamantite ore	70	3042	9772	0	2105	Rocks	
mining	Adamantite ore	70	3042	9774	0	2105	Rocks	
mining	Copper ore	1	3024	9798	0	2090	Rocks	
mining	Copper ore	1	3027	9802	0	2090	Rocks	
mining	Copper ore	1	3021	9801	0	2091	Rocks	
mining	Copper ore	1	3026	9801	0	2091	Rocks	
mining	Copper ore	1	3030	9825	0	2091	Rocks	
mining	Copper ore	1	3030	9826	0	2091	Rocks	
mining	Copper ore	1	3033	9828	0	2091	Rocks	
mining	Iron ore	15	3053	9822	0	2092	Rocks	
mining	Iron ore	15	3054	9828	0	2092	Rocks	
mining	Iron ore	15	3032	9826	0	2093	Rocks	
mining	Iron ore	15	3033	9825	0	2093	Rocks	
mining	Tin ore	1	3052	9813	0	2094	Rocks	
mining	Tin ore	1	3032	9822	0	2095	Rocks	
mining	Tin ore	1	3033	9824	0	2095	Rocks	
mining	Tin ore	1	3052	9811	0	2095	Rocks	
mining	Tin ore	1	3054	9824	0	2095	Rocks	
mining	Coal	30	3037	9800	0	2096	Rocks	
mining	Coal	30	3037	9799	0	2097	Rocks	
mining	Coal	30	3039	9798	0	2097	Rocks	
mining	Clay	1	3028	9808	0	2108	Rocks	
mining	Clay	1	3030	9809	0	2108	Rocks	
mining	Clay	1	3053	9818	0	2108	Rocks	
mining	Clay	1	3054	9819	0	2108	Rocks	
mining	Clay	1	3030	9810	0	2109	Rocks	
mining	Runite ore	85	3046	10265	0	2106	Rocks	
woodcut	Logs	0	3013	3171	0	1276	Tree	
woodcut	Logs	0	3022	3174	0	1276	Tree	
woodcut	Logs	0	3023	3182	0	1276	Tree	
woodcut	Logs	0	3024	3174	0	1276	Tree	
woodcut	Logs	0	3024	3176	0	1276	Tree	
woodcut	Logs	0	3025	3169	0	1276	Tree	
woodcut	Logs	0	3016	3167	0	1278	Tree	
woodcut	Logs	0	3019	3194	0	1278	Tree	
woodcut	Logs	0	3020	3165	0	1278	Tree	
woodcut	Logs	0	3020	3171	0	1278	Tree	
woodcut	Logs	0	3022	3166	0	1278	Tree	
woodcut	Logs	0	3023	3185	0	1278	Tree	
woodcut	Oak logs	15	3017	3170	0	1281	Oak	
woodcut	Oak logs	15	3024	3171	0	1281	Oak	
woodcut	Willow logs	30	3028	3176	0	1308	Willow	
woodcut	Willow logs	30	3029	3173	0	1308	Willow	
woodcut	Willow logs	30	3031	3168	0	1308	Willow	
woodcut	Logs	0	3008	3229	0	1276	Tree	
woodcut	Logs	0	3008	3241	0	1276	Tree	
woodcut	Logs	0	3035	3261	0	1276	Tree	
woodcut	Logs	0	3039	3260	0	1276	Tree	
woodcut	Logs	0	3042	3261	0	1276	Tree	
woodcut	Logs	0	3062	3259	0	1276	Tree	
woodcut	Logs	0	3068	3252	0	1276	Tree	
woodcut	Logs	0	3070	3248	0	1276	Tree	
woodcut	Logs	0	3070	3258	0	1276	Tree	
woodcut	Logs	0	3011	3213	0	1278	Tree	
woodcut	Logs	0	3019	3221	0	1278	Tree	
woodcut	Logs	0	3046	3261	0	1278	Tree	
woodcut	Logs	0	3050	3261	0	1278	Tree	
woodcut	Logs	0	3052	3262	0	1278	Tree	
woodcut	Logs	0	3061	3262	0	1278	Tree	
woodcut	Oak logs	15	3010	3216	0	1281	Oak	
woodcut	Oak logs	15	3036	3258	0	1281	Oak	
woodcut	Oak logs	15	3056	3261	0	1281	Oak	
woodcut	Oak logs	15	3070	3253	0	1281	Oak	
woodcut	Willow logs	30	3057	3251	0	1308	Willow	
woodcut	Willow logs	30	3057	3254	0	1308	Willow	
woodcut	Willow logs	30	3059	3252	0	1308	Willow	
woodcut	Willow logs	30	3061	3253	0	1308	Willow	
woodcut	Willow logs	30	3062	3251	0	1308	Willow	
woodcut	Willow logs	30	3063	3253	0	1308	Willow	
woodcut	Logs	0	3010	3308	0	1276	Tree	
woodcut	Logs	0	3013	3273	0	1276	Tree	
woodcut	Logs	0	3014	3321	0	1276	Tree	
woodcut	Logs	0	3015	3270	0	1276	Tree	
woodcut	Logs	0	3016	3279	0	1276	Tree	
woodcut	Logs	0	3016	3315	0	1276	Tree	
woodcut	Logs	0	3019	3280	0	1276	Tree	
woodcut	Logs	0	3022	3279	0	1276	Tree	
woodcut	Logs	0	3025	3279	0	1276	Tree	
woodcut	Logs	0	3026	3271	0	1276	Tree	
woodcut	Logs	0	3026	3323	0	1276	Tree	
woodcut	Logs	0	3027	3318	0	1276	Tree	
woodcut	Logs	0	3028	3272	0	1276	Tree	
woodcut	Logs	0	3028	3274	0	1276	Tree	
woodcut	Logs	0	3030	3279	0	1276	Tree	
woodcut	Logs	0	3032	3320	0	1276	Tree	
woodcut	Logs	0	3033	3265	0	1276	Tree	
woodcut	Logs	0	3034	3271	0	1276	Tree	
woodcut	Logs	0	3036	3279	0	1276	Tree	
woodcut	Logs	0	3036	3319	0	1276	Tree	
woodcut	Logs	0	3037	3268	0	1276	Tree	
woodcut	Logs	0	3037	3271	0	1276	Tree	
woodcut	Logs	0	3037	3324	0	1276	Tree	
woodcut	Logs	0	3038	3273	0	1276	Tree	
woodcut	Logs	0	3039	3265	0	1276	Tree	
woodcut	Logs	0	3040	3270	0	1276	Tree	
woodcut	Logs	0	3040	3299	0	1276	Tree	
woodcut	Logs	0	3040	3316	0	1276	Tree	
woodcut	Logs	0	3041	3273	0	1276	Tree	
woodcut	Logs	0	3042	3277	0	1276	Tree	
woodcut	Logs	0	3043	3272	0	1276	Tree	
woodcut	Logs	0	3044	3298	0	1276	Tree	
woodcut	Logs	0	3044	3303	0	1276	Tree	
woodcut	Logs	0	3044	3324	0	1276	Tree	
woodcut	Logs	0	3045	3278	0	1276	Tree	
woodcut	Logs	0	3045	3314	0	1276	Tree	
woodcut	Logs	0	3046	3265	0	1276	Tree	
woodcut	Logs	0	3046	3306	0	1276	Tree	
woodcut	Logs	0	3046	3309	0	1276	Tree	
woodcut	Logs	0	3047	3319	0	1276	Tree	
woodcut	Logs	0	3048	3268	0	1276	Tree	
woodcut	Logs	0	3048	3323	0	1276	Tree	
woodcut	Logs	0	3049	3278	0	1276	Tree	
woodcut	Logs	0	3051	3322	0	1276	Tree	
woodcut	Logs	0	3053	3319	0	1276	Tree	
woodcut	Logs	0	3054	3321	0	1276	Tree	
woodcut	Logs	0	3054	3323	0	1276	Tree	
woodcut	Logs	0	3056	3318	0	1276	Tree	
woodcut	Logs	0	3056	3320	0	1276	Tree	
woodcut	Logs	0	3057	3325	0	1276	Tree	
woodcut	Logs	0	3058	3320	0	1276	Tree	
woodcut	Logs	0	3059	3272	0	1276	Tree	
woodcut	Logs	0	3059	3318	0	1276	Tree	
woodcut	Logs	0	3059	3323	0	1276	Tree	
woodcut	Logs	0	3060	3302	0	1276	Tree	
woodcut	Logs	0	3061	3323	0	1276	Tree	
woodcut	Logs	0	3066	3305	0	1276	Tree	
woodcut	Logs	0	3068	3281	0	1276	Tree	
woodcut	Logs	0	3008	3304	0	1278	Tree	
woodcut	Logs	0	3008	3315	0	1278	Tree	
woodcut	Logs	0	3009	3266	0	1278	Tree	
woodcut	Logs	0	3012	3295	0	1278	Tree	
woodcut	Logs	0	3013	3306	0	1278	Tree	
woodcut	Logs	0	3016	3301	0	1278	Tree	
woodcut	Logs	0	3017	3272	0	1278	Tree	
woodcut	Logs	0	3018	3312	0	1278	Tree	
woodcut	Logs	0	3018	3319	0	1278	Tree	
woodcut	Logs	0	3019	3267	0	1278	Tree	
woodcut	Logs	0	3023	3311	0	1278	Tree	
woodcut	Logs	0	3023	3316	0	1278	Tree	
woodcut	Logs	0	3024	3320	0	1278	Tree	
woodcut	Logs	0	3031	3316	0	1278	Tree	
woodcut	Logs	0	3031	3324	0	1278	Tree	
woodcut	Logs	0	3032	3268	0	1278	Tree	
woodcut	Logs	0	3046	3271	0	1278	Tree	
woodcut	Logs	0	3053	3266	0	1278	Tree	
woodcut	Logs	0	3056	3314	0	1278	Tree	
woodcut	Logs	0	3064	3309	0	1278	Tree	
woodcut	Logs	0	3065	3327	0	1278	Tree	
woodcut	Oak logs	15	3011	3298	0	1281	Oak	
woodcut	Oak logs	15	3011	3316	0	1281	Oak	
woodcut	Oak logs	15	3019	3277	0	1281	Oak	
woodcut	Oak logs	15	3021	3308	0	1281	Oak	
woodcut	Oak logs	15	3022	3272	0	1281	Oak	
woodcut	Oak logs	15	3030	3274	0	1281	Oak	
woodcut	Oak logs	15	3035	3273	0	1281	Oak	
woodcut	Oak logs	15	3039	3278	0	1281	Oak	
woodcut	Oak logs	15	3041	3265	0	1281	Oak	
woodcut	Oak logs	15	3046	3311	0	1281	Oak	
woodcut	Oak logs	15	3047	3314	0	1281	Oak	
woodcut	Oak logs	15	3051	3314	0	1281	Oak	
woodcut	Oak logs	15	3056	3267	0	1281	Oak	
woodcut	Oak logs	15	3056	3322	0	1281	Oak	
woodcut	Oak logs	15	3060	3311	0	1281	Oak	
woodcut	Oak logs	15	3060	3320	0	1281	Oak	
woodcut	Oak logs	15	3062	3302	0	1281	Oak	
woodcut	Oak logs	15	3062	3315	0	1281	Oak	
woodcut	Yew logs	60	3017	3308	0	1309	Yew	
woodcut	Yew logs	60	3041	3319	0	1309	Yew	
woodcut	Yew logs	60	3053	3271	0	1309	Yew	
woodcut	Logs	0	3009	3329	0	1276	Tree	
woodcut	Logs	0	3035	3330	0	1276	Tree	
woodcut	Logs	0	3038	3338	0	1276	Tree	
woodcut	Logs	0	3051	3367	0	1276	Tree	
woodcut	Logs	0	3055	3355	0	1276	Tree	
woodcut	Logs	0	3055	3372	0	1276	Tree	
woodcut	Logs	0	3055	3386	0	1276	Tree	
woodcut	Logs	0	3062	3370	0	1276	Tree	
woodcut	Logs	0	3034	3337	0	1278	Tree	
woodcut	Logs	0	3041	3336	0	1278	Tree	
woodcut	Logs	0	3048	3336	0	1278	Tree	
woodcut	Logs	0	3050	3331	0	1278	Tree	
woodcut	Logs	0	3052	3339	0	1278	Tree	
woodcut	Logs	0	3055	3349	0	1278	Tree	
woodcut	Oak logs	15	3028	3370	0	1281	Oak	
woodcut	Oak logs	15	3040	3332	0	1281	Oak	
woodcut	Oak logs	15	3054	3335	0	1281	Oak	
woodcut	Oak logs	15	3055	3341	0	1281	Oak	
woodcut	Oak logs	15	3056	3366	0	1281	Oak	
woodcut	Oak logs	15	3064	3341	0	1281	Oak	
woodcut	Oak logs	15	3064	3351	0	1281	Oak	
woodcut	Oak logs	15	3065	3333	0	1281	Oak	
woodcut	Oak logs	15	3066	3359	0	1281	Oak	
woodcut	Oak logs	15	3067	3347	0	1281	Oak	
woodcut	Oak logs	15	3069	3337	0	1281	Oak	
woodcut	Oak logs	15	3070	3370	0	1281	Oak	
woodcut	Oak logs	15	3070	3382	0	1281	Oak	
woodcut	Logs	0	3012	3414	0	1276	Tree	
woodcut	Logs	0	3015	3407	0	1276	Tree	
woodcut	Logs	0	3016	3400	0	1276	Tree	
woodcut	Logs	0	3024	3409	0	1276	Tree	
woodcut	Logs	0	3028	3401	0	1276	Tree	
woodcut	Logs	0	3031	3405	0	1276	Tree	
woodcut	Logs	0	3035	3406	0	1276	Tree	
woodcut	Logs	0	3038	3392	0	1276	Tree	
woodcut	Logs	0	3044	3398	0	1276	Tree	
woodcut	Logs	0	3052	3396	0	1276	Tree	
woodcut	Logs	0	3058	3395	0	1276	Tree	
woodcut	Logs	0	3010	3403	0	1278	Tree	
woodcut	Logs	0	3013	3396	0	1278	Tree	
woodcut	Logs	0	3022	3395	0	1278	Tree	
woodcut	Logs	0	3022	3399	0	1278	Tree	
woodcut	Logs	0	3026	3406	0	1278	Tree	
woodcut	Oak logs	15	3010	3409	0	1281	Oak	
woodcut	Oak logs	15	3010	3419	0	1281	Oak	
woodcut	Oak logs	15	3019	3411	0	1281	Oak	
woodcut	Oak logs	15	3020	3404	0	1281	Oak	
woodcut	Oak logs	15	3027	3396	0	1281	Oak	
woodcut	Oak logs	15	3061	3398	0	1281	Oak	
woodcut	Logs	0	3015	3442	0	1315	Evergreen	
woodcut	Logs	0	3037	3434	0	1315	Evergreen	
woodcut	Logs	0	3037	3443	0	1315	Evergreen	
woodcut	Logs	0	3039	3451	0	1315	Evergreen	
woodcut	Logs	0	3040	3435	0	1315	Evergreen	
woodcut	Logs	0	3041	3442	0	1315	Evergreen	
woodcut	Logs	0	3042	3426	0	1315	Evergreen	
woodcut	Logs	0	3043	3444	0	1315	Evergreen	
woodcut	Logs	0	3044	3435	0	1315	Evergreen	
woodcut	Logs	0	3046	3439	0	1315	Evergreen	
woodcut	Logs	0	3047	3430	0	1315	Evergreen	
woodcut	Logs	0	3047	3437	0	1315	Evergreen	
woodcut	Logs	0	3047	3445	0	1315	Evergreen	
woodcut	Logs	0	3047	3448	0	1315	Evergreen	
woodcut	Logs	0	3048	3421	0	1315	Evergreen	
woodcut	Logs	0	3048	3433	0	1315	Evergreen	
woodcut	Logs	0	3049	3438	0	1315	Evergreen	
woodcut	Logs	0	3049	3440	0	1315	Evergreen	
woodcut	Logs	0	3049	3444	0	1315	Evergreen	
woodcut	Logs	0	3050	3451	0	1315	Evergreen	
woodcut	Logs	0	3051	3423	0	1315	Evergreen	
woodcut	Logs	0	3051	3429	0	1315	Evergreen	
woodcut	Logs	0	3053	3449	0	1315	Evergreen	
woodcut	Logs	0	3054	3451	0	1315	Evergreen	
woodcut	Logs	0	3055	3435	0	1315	Evergreen	
woodcut	Logs	0	3055	3449	0	1315	Evergreen	
woodcut	Logs	0	3056	3444	0	1315	Evergreen	
woodcut	Logs	0	3058	3430	0	1315	Evergreen	
woodcut	Logs	0	3058	3448	0	1315	Evergreen	
woodcut	Logs	0	3059	3439	0	1315	Evergreen	
woodcut	Logs	0	3059	3445	0	1315	Evergreen	
woodcut	Logs	0	3060	3447	0	1315	Evergreen	
woodcut	Logs	0	3061	3436	0	1315	Evergreen	
woodcut	Logs	0	3061	3443	0	1315	Evergreen	
woodcut	Logs	0	3062	3424	0	1315	Evergreen	
woodcut	Logs	0	3062	3430	0	1315	Evergreen	
woodcut	Logs	0	3062	3440	0	1315	Evergreen	
woodcut	Logs	0	3062	3445	0	1315	Evergreen	
woodcut	Logs	0	3065	3442	0	1315	Evergreen	
woodcut	Logs	0	3043	3430	0	1316	Evergreen	
woodcut	Logs	0	3045	3424	0	1316	Evergreen	
woodcut	Logs	0	3045	3450	0	1316	Evergreen	
woodcut	Logs	0	3046	3442	0	1316	Evergreen	
woodcut	Logs	0	3050	3433	0	1316	Evergreen	
woodcut	Logs	0	3055	3419	0	1316	Evergreen	
woodcut	Logs	0	3056	3426	0	1316	Evergreen	
woodcut	Logs	0	3013	3507	0	1286	Dead tree	
woodcut	Logs	0	3014	3494	0	1286	Dead tree	
woodcut	Logs	0	3017	3478	0	1286	Dead tree	
woodcut	Logs	0	3026	3476	0	1286	Dead tree	
woodcut	Logs	0	3009	3474	0	1291	Dead tree	
woodcut	Logs	0	3009	3488	0	1291	Dead tree	
woodcut	Logs	0	3009	3491	0	1291	Dead tree	
woodcut	Logs	0	3011	3482	0	1291	Dead tree	
woodcut	Logs	0	3012	3477	0	1291	Dead tree	
woodcut	Logs	0	3012	3502	0	1291	Dead tree	
woodcut	Logs	0	3016	3504	0	1291	Dead tree	
woodcut	Logs	0	3017	3471	0	1291	Dead tree	
woodcut	Logs	0	3019	3473	0	1291	Dead tree	
woodcut	Logs	0	3009	3456	0	1315	Evergreen	
woodcut	Logs	0	3013	3457	0	1315	Evergreen	
woodcut	Logs	0	3018	3458	0	1315	Evergreen	
woodcut	Logs	0	3020	3487	0	1315	Evergreen	
woodcut	Logs	0	3021	3457	0	1315	Evergreen	
woodcut	Logs	0	3023	3456	0	1315	Evergreen	
woodcut	Logs	0	3023	3487	0	1315	Evergreen	
woodcut	Logs	0	3024	3458	0	1315	Evergreen	
woodcut	Logs	0	3024	3482	0	1315	Evergreen	
woodcut	Logs	0	3025	3491	0	1315	Evergreen	
woodcut	Logs	0	3026	3495	0	1315	Evergreen	
woodcut	Logs	0	3028	3464	0	1315	Evergreen	
woodcut	Logs	0	3029	3496	0	1315	Evergreen	
woodcut	Logs	0	3029	3499	0	1315	Evergreen	
woodcut	Logs	0	3031	3463	0	1315	Evergreen	
woodcut	Logs	0	3033	3467	0	1315	Evergreen	
woodcut	Logs	0	3035	3504	0	1315	Evergreen	
woodcut	Logs	0	3035	3510	0	1315	Evergreen	
woodcut	Logs	0	3035	3513	0	1315	Evergreen	
woodcut	Logs	0	3036	3457	0	1315	Evergreen	
woodcut	Logs	0	3039	3460	0	1315	Evergreen	
woodcut	Logs	0	3039	3464	0	1315	Evergreen	
woodcut	Logs	0	3042	3458	0	1315	Evergreen	
woodcut	Logs	0	3042	3474	0	1315	Evergreen	
woodcut	Logs	0	3043	3465	0	1315	Evergreen	
woodcut	Logs	0	3047	3463	0	1315	Evergreen	
woodcut	Logs	0	3047	3466	0	1315	Evergreen	
woodcut	Logs	0	3047	3474	0	1315	Evergreen	
woodcut	Logs	0	3054	3456	0	1315	Evergreen	
woodcut	Logs	0	3055	3461	0	1315	Evergreen	
woodcut	Logs	0	3055	3466	0	1315	Evergreen	
woodcut	Logs	0	3057	3473	0	1315	Evergreen	
woodcut	Logs	0	3059	3468	0	1315	Evergreen	
woodcut	Logs	0	3060	3459	0	1315	Evergreen	
woodcut	Logs	0	3020	3483	0	1316	Evergreen	
woodcut	Logs	0	3021	3490	0	1316	Evergreen	
woodcut	Logs	0	3027	3459	0	1316	Evergreen	
woodcut	Logs	0	3033	3499	0	1316	Evergreen	
woodcut	Logs	0	3044	3460	0	1316	Evergreen	
woodcut	Logs	0	3055	3469	0	1316	Evergreen	
woodcut	Logs	0	3056	3457	0	1316	Evergreen	
woodcut	Logs	0	3057	3462	0	1316	Evergreen	
woodcut	Logs	0	3009	3523	0	1276	Tree	
woodcut	Logs	0	3009	3528	0	1276	Tree	
woodcut	Logs	0	3011	3537	0	1276	Tree	
woodcut	Logs	0	3013	3525	0	1276	Tree	
woodcut	Logs	0	3013	3534	0	1276	Tree	
woodcut	Logs	0	3013	3537	0	1276	Tree	
woodcut	Logs	0	3013	3539	0	1276	Tree	
woodcut	Logs	0	3014	3522	0	1276	Tree	
woodcut	Logs	0	3015	3538	0	1276	Tree	
woodcut	Logs	0	3017	3532	0	1276	Tree	
woodcut	Logs	0	3019	3539	0	1276	Tree	
woodcut	Logs	0	3020	3532	0	1276	Tree	
woodcut	Logs	0	3023	3528	0	1276	Tree	
woodcut	Logs	0	3024	3524	0	1276	Tree	
woodcut	Logs	0	3026	3522	0	1276	Tree	
woodcut	Logs	0	3026	3527	0	1276	Tree	
woodcut	Logs	0	3028	3549	0	1276	Tree	
woodcut	Logs	0	3029	3523	0	1276	Tree	
woodcut	Logs	0	3042	3528	0	1276	Tree	
woodcut	Logs	0	3045	3529	0	1276	Tree	
woodcut	Logs	0	3054	3530	0	1276	Tree	
woodcut	Logs	0	3055	3522	0	1276	Tree	
woodcut	Logs	0	3066	3528	0	1276	Tree	
woodcut	Logs	0	3068	3532	0	1276	Tree	
woodcut	Logs	0	3034	3546	0	1278	Tree	
woodcut	Logs	0	3045	3523	0	1278	Tree	
woodcut	Logs	0	3050	3530	0	1278	Tree	
woodcut	Logs	0	3053	3525	0	1278	Tree	
woodcut	Oak logs	15	3010	3525	0	1281	Oak	
woodcut	Oak logs	15	3010	3534	0	1281	Oak	
woodcut	Oak logs	15	3010	3539	0	1281	Oak	
woodcut	Oak logs	15	3017	3536	0	1281	Oak	
woodcut	Oak logs	15	3026	3524	0	1281	Oak	
woodcut	Oak logs	15	3030	3547	0	1281	Oak	
woodcut	Oak logs	15	3042	3533	0	1281	Oak	
woodcut	Oak logs	15	3049	3525	0	1281	Oak	
woodcut	Logs	0	3016	3577	0	1282	Dead tree	
woodcut	Logs	0	3033	3577	0	1282	Dead tree	
woodcut	Logs	0	3049	3573	0	1282	Dead tree	
woodcut	Logs	0	3063	3560	0	1282	Dead tree	
woodcut	Logs	0	3012	3566	0	1286	Dead tree	
woodcut	Logs	0	3013	3578	0	1286	Dead tree	
woodcut	Logs	0	3014	3574	0	1286	Dead tree	
woodcut	Logs	0	3016	3580	0	1286	Dead tree	
woodcut	Logs	0	3017	3566	0	1286	Dead tree	
woodcut	Logs	0	3019	3575	0	1286	Dead tree	
woodcut	Logs	0	3020	3578	0	1286	Dead tree	
woodcut	Logs	0	3030	3576	0	1286	Dead tree	
woodcut	Logs	0	3032	3580	0	1286	Dead tree	
woodcut	Logs	0	3033	3567	0	1286	Dead tree	
woodcut	Logs	0	3037	3574	0	1286	Dead tree	
woodcut	Logs	0	3038	3580	0	1286	Dead tree	
woodcut	Logs	0	3039	3567	0	1286	Dead tree	
woodcut	Logs	0	3041	3577	0	1286	Dead tree	
woodcut	Logs	0	3043	3565	0	1286	Dead tree	
woodcut	Logs	0	3046	3562	0	1286	Dead tree	
woodcut	Logs	0	3048	3570	0	1286	Dead tree	
woodcut	Logs	0	3048	3577	0	1286	Dead tree	
woodcut	Logs	0	3049	3559	0	1286	Dead tree	
woodcut	Logs	0	3051	3578	0	1286	Dead tree	
woodcut	Logs	0	3052	3570	0	1286	Dead tree	
woodcut	Logs	0	3053	3553	0	1286	Dead tree	
woodcut	Logs	0	3053	3574	0	1286	Dead tree	
woodcut	Logs	0	3058	3548	0	1286	Dead tree	
woodcut	Logs	0	3059	3561	0	1286	Dead tree	
woodcut	Logs	0	3061	3557	0	1286	Dead tree	
woodcut	Logs	0	3061	3566	0	1286	Dead tree	
woodcut	Logs	0	3065	3556	0	1286	Dead tree	
woodcut	Logs	0	3067	3551	0	1286	Dead tree	
woodcut	Logs	0	3068	3564	0	1286	Dead tree	
woodcut	Logs	0	3009	3619	0	1282	Dead tree	
woodcut	Logs	0	3036	3606	0	1282	Dead tree	
woodcut	Logs	0	3050	3627	0	1282	Dead tree	
woodcut	Logs	0	3052	3598	0	1282	Dead tree	
woodcut	Logs	0	3052	3632	0	1282	Dead tree	
woodcut	Logs	0	3052	3635	0	1282	Dead tree	
woodcut	Logs	0	3053	3631	0	1282	Dead tree	
woodcut	Logs	0	3054	3629	0	1282	Dead tree	
woodcut	Logs	0	3054	3633	0	1282	Dead tree	
woodcut	Logs	0	3054	3636	0	1282	Dead tree	
woodcut	Logs	0	3054	3637	0	1282	Dead tree	
woodcut	Logs	0	3055	3623	0	1282	Dead tree	
woodcut	Logs	0	3055	3631	0	1282	Dead tree	
woodcut	Logs	0	3055	3632	0	1282	Dead tree	
woodcut	Logs	0	3055	3634	0	1282	Dead tree	
woodcut	Logs	0	3056	3628	0	1282	Dead tree	
woodcut	Logs	0	3056	3629	0	1282	Dead tree	
woodcut	Logs	0	3056	3636	0	1282	Dead tree	
woodcut	Logs	0	3057	3631	0	1282	Dead tree	
woodcut	Logs	0	3057	3633	0	1282	Dead tree	
woodcut	Logs	0	3057	3635	0	1282	Dead tree	
woodcut	Logs	0	3057	3636	0	1282	Dead tree	
woodcut	Logs	0	3058	3630	0	1282	Dead tree	
woodcut	Logs	0	3058	3637	0	1282	Dead tree	
woodcut	Logs	0	3059	3630	0	1282	Dead tree	
woodcut	Logs	0	3059	3632	0	1282	Dead tree	
woodcut	Logs	0	3059	3636	0	1282	Dead tree	
woodcut	Logs	0	3060	3628	0	1282	Dead tree	
woodcut	Logs	0	3067	3626	0	1282	Dead tree	
woodcut	Logs	0	3067	3639	0	1282	Dead tree	
woodcut	Logs	0	3010	3616	0	1286	Dead tree	
woodcut	Logs	0	3011	3622	0	1286	Dead tree	
woodcut	Logs	0	3012	3619	0	1286	Dead tree	
woodcut	Logs	0	3012	3627	0	1286	Dead tree	
woodcut	Logs	0	3014	3629	0	1286	Dead tree	
woodcut	Logs	0	3016	3615	0	1286	Dead tree	
woodcut	Logs	0	3033	3604	0	1286	Dead tree	
woodcut	Logs	0	3037	3604	0	1286	Dead tree	
woodcut	Logs	0	3041	3607	0	1286	Dead tree	
woodcut	Logs	0	3047	3625	0	1286	Dead tree	
woodcut	Logs	0	3048	3599	0	1286	Dead tree	
woodcut	Logs	0	3050	3632	0	1286	Dead tree	
woodcut	Logs	0	3050	3638	0	1286	Dead tree	
woodcut	Logs	0	3052	3639	0	1286	Dead tree	
woodcut	Logs	0	3053	3630	0	1286	Dead tree	
woodcut	Logs	0	3055	3599	0	1286	Dead tree	
woodcut	Logs	0	3056	3638	0	1286	Dead tree	
woodcut	Logs	0	3057	3621	0	1286	Dead tree	
woodcut	Logs	0	3057	3630	0	1286	Dead tree	
woodcut	Logs	0	3058	3601	0	1286	Dead tree	
woodcut	Logs	0	3059	3633	0	1286	Dead tree	
woodcut	Logs	0	3059	3635	0	1286	Dead tree	
woodcut	Logs	0	3059	3643	0	1286	Dead tree	
woodcut	Logs	0	3060	3623	0	1286	Dead tree	
woodcut	Logs	0	3062	3620	0	1286	Dead tree	
woodcut	Logs	0	3062	3635	0	1286	Dead tree	
woodcut	Logs	0	3064	3626	0	1286	Dead tree	
woodcut	Logs	0	3064	3631	0	1286	Dead tree	
woodcut	Logs	0	3065	3624	0	1286	Dead tree	
woodcut	Logs	0	3066	3638	0	1286	Dead tree	
woodcut	Logs	0	3066	3641	0	1286	Dead tree	
woodcut	Logs	0	3067	3632	0	1286	Dead tree	
woodcut	Logs	0	3068	3644	0	1286	Dead tree	
woodcut	Logs	0	3069	3624	0	1286	Dead tree	
woodcut	Logs	0	3070	3630	0	1286	Dead tree	
woodcut	Logs	0	3070	3635	0	1286	Dead tree	
woodcut	Logs	0	3071	3641	0	1286	Dead tree	
woodcut	Logs	0	3008	3615	0	1383	Dead tree	
woodcut	Logs	0	3008	3618	0	1383	Dead tree	
woodcut	Logs	0	3008	3622	0	1383	Dead tree	
woodcut	Logs	0	3011	3615	0	1383	Dead tree	
woodcut	Logs	0	3012	3625	0	1383	Dead tree	
woodcut	Logs	0	3013	3616	0	1383	Dead tree	
woodcut	Logs	0	3013	3620	0	1383	Dead tree	
woodcut	Logs	0	3013	3623	0	1383	Dead tree	
woodcut	Logs	0	3013	3634	0	1383	Dead tree	
woodcut	Logs	0	3014	3615	0	1383	Dead tree	
woodcut	Logs	0	3020	3616	0	1383	Dead tree	
woodcut	Logs	0	3030	3602	0	1383	Dead tree	
woodcut	Logs	0	3034	3603	0	1383	Dead tree	
woodcut	Logs	0	3034	3606	0	1383	Dead tree	
woodcut	Logs	0	3035	3608	0	1383	Dead tree	
woodcut	Logs	0	3036	3605	0	1383	Dead tree	
woodcut	Logs	0	3038	3609	0	1383	Dead tree	
woodcut	Logs	0	3039	3607	0	1383	Dead tree	
woodcut	Logs	0	3040	3606	0	1383	Dead tree	
woodcut	Logs	0	3042	3608	0	1383	Dead tree	
woodcut	Logs	0	3044	3605	0	1383	Dead tree	
woodcut	Logs	0	3044	3607	0	1383	Dead tree	
woodcut	Logs	0	3046	3600	0	1383	Dead tree	
woodcut	Logs	0	3046	3631	0	1383	Dead tree	
woodcut	Logs	0	3047	3591	0	1383	Dead tree	
woodcut	Logs	0	3047	3601	0	1383	Dead tree	
woodcut	Logs	0	3048	3586	0	1383	Dead tree	
woodcut	Logs	0	3048	3589	0	1383	Dead tree	
woodcut	Logs	0	3048	3597	0	1383	Dead tree	
woodcut	Logs	0	3048	3629	0	1383	Dead tree	
woodcut	Logs	0	3049	3595	0	1383	Dead tree	
woodcut	Logs	0	3049	3624	0	1383	Dead tree	
woodcut	Logs	0	3049	3635	0	1383	Dead tree	
woodcut	Logs	0	3050	3600	0	1383	Dead tree	
woodcut	Logs	0	3050	3602	0	1383	Dead tree	
woodcut	Logs	0	3050	3636	0	1383	Dead tree	
woodcut	Logs	0	3051	3585	0	1383	Dead tree	
woodcut	Logs	0	3051	3588	0	1383	Dead tree	
woodcut	Logs	0	3051	3623	0	1383	Dead tree	
woodcut	Logs	0	3052	3590	0	1383	Dead tree	
woodcut	Logs	0	3052	3595	0	1383	Dead tree	
woodcut	Logs	0	3052	3602	0	1383	Dead tree	
woodcut	Logs	0	3052	3628	0	1383	Dead tree	
woodcut	Logs	0	3053	3586	0	1383	Dead tree	
woodcut	Logs	0	3053	3621	0	1383	Dead tree	
woodcut	Logs	0	3053	3625	0	1383	Dead tree	
woodcut	Logs	0	3053	3633	0	1383	Dead tree	
woodcut	Logs	0	3054	3619	0	1383	Dead tree	
woodcut	Logs	0	3054	3628	0	1383	Dead tree	
woodcut	Logs	0	3055	3595	0	1383	Dead tree	
woodcut	Logs	0	3055	3630	0	1383	Dead tree	
woodcut	Logs	0	3055	3636	0	1383	Dead tree	
woodcut	Logs	0	3056	3587	0	1383	Dead tree	
woodcut	Logs	0	3056	3601	0	1383	Dead tree	
woodcut	Logs	0	3057	3598	0	1383	Dead tree	
woodcut	Logs	0	3057	3604	0	1383	Dead tree	
woodcut	Logs	0	3057	3626	0	1383	Dead tree	
woodcut	Logs	0	3057	3634	0	1383	Dead tree	
woodcut	Logs	0	3058	3618	0	1383	Dead tree	
woodcut	Logs	0	3058	3623	0	1383	Dead tree	
woodcut	Logs	0	3058	3629	0	1383	Dead tree	
woodcut	Logs	0	3059	3638	0	1383	Dead tree	
woodcut	Logs	0	3060	3602	0	1383	Dead tree	
woodcut	Logs	0	3060	3626	0	1383	Dead tree	
woodcut	Logs	0	3061	3584	0	1383	Dead tree	
woodcut	Logs	0	3061	3631	0	1383	Dead tree	
woodcut	Logs	0	3061	3640	0	1383	Dead tree	
woodcut	Logs	0	3062	3625	0	1383	Dead tree	
woodcut	Logs	0	3062	3638	0	1383	Dead tree	
woodcut	Logs	0	3063	3623	0	1383	Dead tree	
woodcut	Logs	0	3063	3629	0	1383	Dead tree	
woodcut	Logs	0	3063	3641	0	1383	Dead tree	
woodcut	Logs	0	3064	3598	0	1383	Dead tree	
woodcut	Logs	0	3064	3637	0	1383	Dead tree	
woodcut	Logs	0	3064	3644	0	1383	Dead tree	
woodcut	Logs	0	3065	3621	0	1383	Dead tree	
woodcut	Logs	0	3066	3599	0	1383	Dead tree	
woodcut	Logs	0	3066	3623	0	1383	Dead tree	
woodcut	Logs	0	3066	3629	0	1383	Dead tree	
woodcut	Logs	0	3066	3635	0	1383	Dead tree	
woodcut	Logs	0	3067	3597	0	1383	Dead tree	
woodcut	Logs	0	3067	3643	0	1383	Dead tree	
woodcut	Logs	0	3068	3586	0	1383	Dead tree	
woodcut	Logs	0	3068	3590	0	1383	Dead tree	
woodcut	Logs	0	3068	3629	0	1383	Dead tree	
woodcut	Logs	0	3069	3589	0	1383	Dead tree	
woodcut	Logs	0	3069	3596	0	1383	Dead tree	
woodcut	Logs	0	3069	3622	0	1383	Dead tree	
woodcut	Logs	0	3069	3633	0	1383	Dead tree	
woodcut	Logs	0	3069	3638	0	1383	Dead tree	
woodcut	Logs	0	3070	3627	0	1383	Dead tree	
woodcut	Logs	0	3070	3642	0	1383	Dead tree	
mining	Coal	30	3010	3590	0	2096	Rocks	
mining	Coal	30	3010	3591	0	2096	Rocks	
mining	Coal	30	3011	3595	0	2096	Rocks	
mining	Coal	30	3014	3594	0	2096	Rocks	
mining	Coal	30	3015	3586	0	2096	Rocks	
mining	Coal	30	3016	3591	0	2096	Rocks	
mining	Coal	30	3016	3592	0	2096	Rocks	
mining	Coal	30	3016	3598	0	2096	Rocks	
mining	Coal	30	3017	3598	0	2096	Rocks	
mining	Coal	30	3018	3597	0	2096	Rocks	
mining	Coal	30	3021	3587	0	2096	Rocks	
mining	Coal	30	3021	3598	0	2096	Rocks	
mining	Coal	30	3022	3587	0	2096	Rocks	
mining	Coal	30	3022	3588	0	2096	Rocks	
mining	Coal	30	3023	3589	0	2096	Rocks	
mining	Coal	30	3009	3590	0	2097	Rocks	
mining	Coal	30	3010	3589	0	2097	Rocks	
mining	Coal	30	3011	3593	0	2097	Rocks	
mining	Coal	30	3012	3586	0	2097	Rocks	
mining	Coal	30	3012	3588	0	2097	Rocks	
mining	Coal	30	3013	3596	0	2097	Rocks	
mining	Coal	30	3015	3591	0	2097	Rocks	
mining	Coal	30	3015	3596	0	2097	Rocks	
mining	Coal	30	3016	3587	0	2097	Rocks	
mining	Coal	30	3017	3587	0	2097	Rocks	
mining	Coal	30	3017	3596	0	2097	Rocks	
mining	Coal	30	3017	3597	0	2097	Rocks	
mining	Coal	30	3018	3586	0	2097	Rocks	
mining	Coal	30	3020	3588	0	2097	Rocks	
mining	Coal	30	3021	3589	0	2097	Rocks	
mining	Coal	30	3021	3590	0	2097	Rocks	
mining	Coal	30	3022	3597	0	2097	Rocks	
mining	Coal	30	3023	3588	0	2097	Rocks	
mining	Coal	30	3023	3594	0	2097	Rocks	
woodcut	Logs	0	3009	3702	0	1286	Dead tree	
woodcut	Logs	0	3010	3687	0	1286	Dead tree	
woodcut	Logs	0	3010	3693	0	1286	Dead tree	
woodcut	Logs	0	3011	3673	0	1286	Dead tree	
woodcut	Logs	0	3013	3652	0	1286	Dead tree	
woodcut	Logs	0	3013	3667	0	1286	Dead tree	
woodcut	Logs	0	3013	3692	0	1286	Dead tree	
woodcut	Logs	0	3015	3662	0	1286	Dead tree	
woodcut	Logs	0	3057	3676	0	1286	Dead tree	
woodcut	Logs	0	3060	3668	0	1286	Dead tree	
woodcut	Logs	0	3063	3660	0	1286	Dead tree	
woodcut	Logs	0	3063	3682	0	1286	Dead tree	
woodcut	Logs	0	3063	3694	0	1286	Dead tree	
woodcut	Logs	0	3067	3686	0	1286	Dead tree	
woodcut	Logs	0	3009	3664	0	1383	Dead tree	
woodcut	Logs	0	3010	3697	0	1383	Dead tree	
woodcut	Logs	0	3010	3705	0	1383	Dead tree	
woodcut	Logs	0	3012	3656	0	1383	Dead tree	
woodcut	Logs	0	3012	3678	0	1383	Dead tree	
woodcut	Logs	0	3012	3699	0	1383	Dead tree	
woodcut	Logs	0	3012	3703	0	1383	Dead tree	
woodcut	Logs	0	3013	3688	0	1383	Dead tree	
woodcut	Logs	0	3013	3696	0	1383	Dead tree	
woodcut	Logs	0	3014	3673	0	1383	Dead tree	
woodcut	Logs	0	3015	3684	0	1383	Dead tree	
woodcut	Logs	0	3015	3695	0	1383	Dead tree	
woodcut	Logs	0	3017	3653	0	1383	Dead tree	
woodcut	Logs	0	3056	3650	0	1383	Dead tree	
woodcut	Logs	0	3060	3678	0	1383	Dead tree	
woodcut	Logs	0	3063	3655	0	1383	Dead tree	
woodcut	Logs	0	3063	3688	0	1383	Dead tree	
woodcut	Logs	0	3064	3671	0	1383	Dead tree	
woodcut	Logs	0	3067	3649	0	1383	Dead tree	
woodcut	Logs	0	3068	3679	0	1383	Dead tree	
woodcut	Logs	0	3070	3697	0	1383	Dead tree	
woodcut	Charcoal	0	3019	3678	0	1384	Dead tree	
woodcut	Charcoal	0	3023	3671	0	1384	Dead tree	
woodcut	Charcoal	0	3024	3654	0	1384	Dead tree	
woodcut	Charcoal	0	3024	3661	0	1384	Dead tree	
woodcut	Charcoal	0	3027	3654	0	1384	Dead tree	
woodcut	Charcoal	0	3027	3667	0	1384	Dead tree	
woodcut	Charcoal	0	3027	3686	0	1384	Dead tree	
woodcut	Charcoal	0	3030	3651	0	1384	Dead tree	
woodcut	Charcoal	0	3031	3679	0	1384	Dead tree	
woodcut	Charcoal	0	3038	3665	0	1384	Dead tree	
woodcut	Charcoal	0	3039	3680	0	1384	Dead tree	
woodcut	Charcoal	0	3040	3676	0	1384	Dead tree	
woodcut	Charcoal	0	3043	3650	0	1384	Dead tree	
woodcut	Charcoal	0	3051	3671	0	1384	Dead tree	
woodcut	Charcoal	0	3053	3679	0	1384	Dead tree	
woodcut	Logs	0	3010	3717	0	1282	Dead tree	
woodcut	Logs	0	3015	3762	0	1282	Dead tree	
woodcut	Logs	0	3022	3764	0	1282	Dead tree	
woodcut	Logs	0	3026	3767	0	1282	Dead tree	
woodcut	Logs	0	3019	3764	0	1283	Dead tree	
woodcut	Logs	0	3010	3714	0	1286	Dead tree	
woodcut	Logs	0	3010	3725	0	1286	Dead tree	
woodcut	Logs	0	3010	3756	0	1286	Dead tree	
woodcut	Logs	0	3010	3760	0	1286	Dead tree	
woodcut	Logs	0	3013	3764	0	1286	Dead tree	
woodcut	Logs	0	3014	3716	0	1286	Dead tree	
woodcut	Logs	0	3014	3724	0	1286	Dead tree	
woodcut	Logs	0	3015	3758	0	1286	Dead tree	
woodcut	Logs	0	3017	3714	0	1286	Dead tree	
woodcut	Logs	0	3020	3768	0	1286	Dead tree	
woodcut	Logs	0	3021	3761	0	1286	Dead tree	
woodcut	Logs	0	3022	3771	0	1286	Dead tree	
woodcut	Logs	0	3024	3726	0	1286	Dead tree	
woodcut	Logs	0	3025	3758	0	1286	Dead tree	
woodcut	Logs	0	3027	3722	0	1286	Dead tree	
woodcut	Logs	0	3027	3762	0	1286	Dead tree	
woodcut	Logs	0	3029	3772	0	1286	Dead tree	
woodcut	Logs	0	3030	3767	0	1286	Dead tree	
woodcut	Logs	0	3034	3718	0	1286	Dead tree	
woodcut	Logs	0	3036	3731	0	1286	Dead tree	
woodcut	Logs	0	3041	3727	0	1286	Dead tree	
woodcut	Logs	0	3042	3716	0	1286	Dead tree	
woodcut	Logs	0	3042	3723	0	1286	Dead tree	
woodcut	Logs	0	3044	3718	0	1286	Dead tree	
woodcut	Logs	0	3045	3714	0	1286	Dead tree	
woodcut	Logs	0	3046	3716	0	1286	Dead tree	
woodcut	Logs	0	3046	3738	0	1286	Dead tree	
woodcut	Logs	0	3050	3727	0	1286	Dead tree	
woodcut	Logs	0	3050	3732	0	1286	Dead tree	
woodcut	Logs	0	3053	3715	0	1286	Dead tree	
woodcut	Logs	0	3062	3714	0	1286	Dead tree	
woodcut	Logs	0	3008	3715	0	1383	Dead tree	
woodcut	Logs	0	3008	3764	0	1383	Dead tree	
woodcut	Logs	0	3009	3722	0	1383	Dead tree	
woodcut	Logs	0	3009	3758	0	1383	Dead tree	
woodcut	Logs	0	3009	3761	0	1383	Dead tree	
woodcut	Logs	0	3009	3764	0	1383	Dead tree	
woodcut	Logs	0	3010	3751	0	1383	Dead tree	
woodcut	Logs	0	3011	3757	0	1383	Dead tree	
woodcut	Logs	0	3012	3753	0	1383	Dead tree	
woodcut	Logs	0	3013	3713	0	1383	Dead tree	
woodcut	Logs	0	3013	3755	0	1383	Dead tree	
woodcut	Logs	0	3013	3761	0	1383	Dead tree	
woodcut	Logs	0	3014	3714	0	1383	Dead tree	
woodcut	Logs	0	3014	3721	0	1383	Dead tree	
woodcut	Logs	0	3015	3717	0	1383	Dead tree	
woodcut	Logs	0	3015	3765	0	1383	Dead tree	
woodcut	Logs	0	3016	3759	0	1383	Dead tree	
woodcut	Logs	0	3017	3766	0	1383	Dead tree	
woodcut	Logs	0	3018	3758	0	1383	Dead tree	
woodcut	Logs	0	3018	3762	0	1383	Dead tree	
woodcut	Logs	0	3018	3769	0	1383	Dead tree	
woodcut	Logs	0	3019	3763	0	1383	Dead tree	
woodcut	Logs	0	3019	3770	0	1383	Dead tree	
woodcut	Logs	0	3020	3757	0	1383	Dead tree	
woodcut	Logs	0	3020	3772	0	1383	Dead tree	
woodcut	Logs	0	3021	3764	0	1383	Dead tree	
woodcut	Logs	0	3022	3759	0	1383	Dead tree	
woodcut	Logs	0	3023	3761	0	1383	Dead tree	
woodcut	Logs	0	3023	3767	0	1383	Dead tree	
woodcut	Logs	0	3023	3769	0	1383	Dead tree	
woodcut	Logs	0	3024	3756	0	1383	Dead tree	
woodcut	Logs	0	3024	3771	0	1383	Dead tree	
woodcut	Logs	0	3025	3728	0	1383	Dead tree	
woodcut	Logs	0	3026	3760	0	1383	Dead tree	
woodcut	Logs	0	3026	3764	0	1383	Dead tree	
woodcut	Logs	0	3026	3766	0	1383	Dead tree	
woodcut	Logs	0	3027	3757	0	1383	Dead tree	
woodcut	Logs	0	3027	3765	0	1383	Dead tree	
woodcut	Logs	0	3027	3770	0	1383	Dead tree	
woodcut	Logs	0	3027	3773	0	1383	Dead tree	
woodcut	Logs	0	3028	3760	0	1383	Dead tree	
woodcut	Logs	0	3029	3758	0	1383	Dead tree	
woodcut	Logs	0	3029	3762	0	1383	Dead tree	
woodcut	Logs	0	3029	3764	0	1383	Dead tree	
woodcut	Logs	0	3030	3761	0	1383	Dead tree	
woodcut	Logs	0	3030	3770	0	1383	Dead tree	
woodcut	Logs	0	3031	3764	0	1383	Dead tree	
woodcut	Logs	0	3032	3722	0	1383	Dead tree	
woodcut	Logs	0	3032	3761	0	1383	Dead tree	
woodcut	Logs	0	3034	3721	0	1383	Dead tree	
woodcut	Logs	0	3035	3718	0	1383	Dead tree	
woodcut	Logs	0	3036	3717	0	1383	Dead tree	
woodcut	Logs	0	3038	3714	0	1383	Dead tree	
woodcut	Logs	0	3039	3713	0	1383	Dead tree	
woodcut	Logs	0	3039	3731	0	1383	Dead tree	
woodcut	Logs	0	3044	3727	0	1383	Dead tree	
woodcut	Logs	0	3045	3722	0	1383	Dead tree	
woodcut	Logs	0	3047	3714	0	1383	Dead tree	
woodcut	Logs	0	3047	3715	0	1383	Dead tree	
woodcut	Logs	0	3048	3712	0	1383	Dead tree	
woodcut	Logs	0	3048	3735	0	1383	Dead tree	
woodcut	Logs	0	3052	3721	0	1383	Dead tree	
woodcut	Logs	0	3052	3728	0	1383	Dead tree	
woodcut	Logs	0	3054	3724	0	1383	Dead tree	
woodcut	Logs	0	3058	3717	0	1383	Dead tree	
woodcut	Logs	0	3060	3715	0	1383	Dead tree	
woodcut	Logs	0	3011	3787	0	1282	Dead tree	
woodcut	Logs	0	3018	3791	0	1282	Dead tree	
woodcut	Logs	0	3009	3786	0	1286	Dead tree	
woodcut	Logs	0	3010	3782	0	1286	Dead tree	
woodcut	Logs	0	3012	3794	0	1286	Dead tree	
woodcut	Logs	0	3013	3783	0	1286	Dead tree	
woodcut	Logs	0	3014	3792	0	1286	Dead tree	
woodcut	Logs	0	3019	3787	0	1286	Dead tree	
woodcut	Logs	0	3019	3789	0	1286	Dead tree	
woodcut	Logs	0	3020	3794	0	1286	Dead tree	
woodcut	Logs	0	3021	3792	0	1286	Dead tree	
woodcut	Logs	0	3023	3788	0	1286	Dead tree	
woodcut	Logs	0	3023	3797	0	1286	Dead tree	
woodcut	Logs	0	3061	3788	0	1286	Dead tree	
woodcut	Logs	0	3065	3787	0	1286	Dead tree	
woodcut	Logs	0	3008	3783	0	1383	Dead tree	
woodcut	Logs	0	3008	3789	0	1383	Dead tree	
woodcut	Logs	0	3010	3790	0	1383	Dead tree	
woodcut	Logs	0	3010	3792	0	1383	Dead tree	
woodcut	Logs	0	3011	3784	0	1383	Dead tree	
woodcut	Logs	0	3013	3786	0	1383	Dead tree	
woodcut	Logs	0	3013	3789	0	1383	Dead tree	
woodcut	Logs	0	3014	3797	0	1383	Dead tree	
woodcut	Logs	0	3015	3784	0	1383	Dead tree	
woodcut	Logs	0	3015	3790	0	1383	Dead tree	
woodcut	Logs	0	3016	3786	0	1383	Dead tree	
woodcut	Logs	0	3016	3793	0	1383	Dead tree	
woodcut	Logs	0	3016	3795	0	1383	Dead tree	
woodcut	Logs	0	3017	3789	0	1383	Dead tree	
woodcut	Logs	0	3018	3794	0	1383	Dead tree	
woodcut	Logs	0	3019	3797	0	1383	Dead tree	
woodcut	Logs	0	3021	3787	0	1383	Dead tree	
woodcut	Logs	0	3022	3790	0	1383	Dead tree	
woodcut	Logs	0	3023	3795	0	1383	Dead tree	
woodcut	Logs	0	3024	3790	0	1383	Dead tree	
woodcut	Logs	0	3025	3794	0	1383	Dead tree	
woodcut	Logs	0	3026	3792	0	1383	Dead tree	
woodcut	Logs	0	3026	3796	0	1383	Dead tree	
woodcut	Logs	0	3032	3803	0	1383	Dead tree	
woodcut	Logs	0	3033	3780	0	1383	Dead tree	
woodcut	Logs	0	3039	3785	0	1383	Dead tree	
woodcut	Logs	0	3044	3792	0	1383	Dead tree	
woodcut	Logs	0	3049	3782	0	1383	Dead tree	
woodcut	Logs	0	3063	3786	0	1383	Dead tree	
woodcut	Logs	0	3063	3792	0	1383	Dead tree	
woodcut	Logs	0	3064	3789	0	1383	Dead tree	
woodcut	Charcoal	0	3027	3824	0	1384	Dead tree	
woodcut	Charcoal	0	3033	3819	0	1384	Dead tree	
woodcut	Charcoal	0	3034	3812	0	1384	Dead tree	
woodcut	Charcoal	0	3035	3827	0	1384	Dead tree	
woodcut	Charcoal	0	3037	3816	0	1384	Dead tree	
woodcut	Charcoal	0	3040	3829	0	1384	Dead tree	
woodcut	Charcoal	0	3041	3837	0	1384	Dead tree	
woodcut	Charcoal	0	3045	3810	0	1384	Dead tree	
woodcut	Charcoal	0	3046	3824	0	1384	Dead tree	
woodcut	Charcoal	0	3048	3832	0	1384	Dead tree	
woodcut	Charcoal	0	3050	3820	0	1384	Dead tree	
woodcut	Charcoal	0	3051	3801	0	1384	Dead tree	
woodcut	Charcoal	0	3054	3812	0	1384	Dead tree	
woodcut	Charcoal	0	3056	3805	0	1384	Dead tree	
woodcut	Charcoal	0	3059	3824	0	1384	Dead tree	
woodcut	Charcoal	0	3065	3800	0	1384	Dead tree	
woodcut	Charcoal	0	3065	3814	0	1384	Dead tree	
woodcut	Charcoal	0	3067	3822	0	1384	Dead tree	
woodcut	Charcoal	0	3068	3806	0	1384	Dead tree	
woodcut	Charcoal	0	3069	3830	0	1384	Dead tree	
woodcut	Logs	0	3029	3850	0	1286	Dead tree	
woodcut	Logs	0	3029	3853	0	1286	Dead tree	
woodcut	Logs	0	3030	3848	0	1286	Dead tree	
woodcut	Logs	0	3031	3848	0	1286	Dead tree	
woodcut	Logs	0	3031	3855	0	1286	Dead tree	
woodcut	Charcoal	0	3017	3841	0	1384	Dead tree	
woodcut	Charcoal	0	3021	3857	0	1384	Dead tree	
woodcut	Charcoal	0	3025	3860	0	1384	Dead tree	
woodcut	Charcoal	0	3030	3842	0	1384	Dead tree	
woodcut	Charcoal	0	3031	3861	0	1384	Dead tree	
woodcut	Charcoal	0	3034	3852	0	1384	Dead tree	
woodcut	Charcoal	0	3036	3865	0	1384	Dead tree	
woodcut	Charcoal	0	3043	3865	0	1384	Dead tree	
woodcut	Charcoal	0	3051	3842	0	1384	Dead tree	
woodcut	Charcoal	0	3051	3872	0	1384	Dead tree	
woodcut	Charcoal	0	3051	3883	0	1384	Dead tree	
woodcut	Charcoal	0	3053	3887	0	1384	Dead tree	
woodcut	Charcoal	0	3054	3860	0	1384	Dead tree	
woodcut	Charcoal	0	3060	3841	0	1384	Dead tree	
woodcut	Charcoal	0	3066	3869	0	1384	Dead tree	
woodcut	Charcoal	0	3068	3883	0	1384	Dead tree	
mining	Runite ore	85	3059	3885	0	2106	Rocks	
mining	Runite ore	85	3060	3884	0	2107	Rocks	
woodcut	Logs	0	3037	3922	0	1286	Dead tree	
woodcut	Logs	0	3039	3917	0	1286	Dead tree	
woodcut	Logs	0	3039	3920	0	1286	Dead tree	
woodcut	Logs	0	3039	3923	0	1286	Dead tree	
woodcut	Logs	0	3040	3927	0	1286	Dead tree	
woodcut	Logs	0	3041	3914	0	1286	Dead tree	
woodcut	Logs	0	3043	3930	0	1286	Dead tree	
woodcut	Logs	0	3044	3918	0	1286	Dead tree	
woodcut	Logs	0	3050	3919	0	1286	Dead tree	
woodcut	Logs	0	3053	3914	0	1286	Dead tree	
woodcut	Logs	0	3055	3925	0	1286	Dead tree	
woodcut	Logs	0	3036	3923	0	1383	Dead tree	
woodcut	Logs	0	3037	3919	0	1383	Dead tree	
woodcut	Logs	0	3039	3916	0	1383	Dead tree	
woodcut	Logs	0	3039	3925	0	1383	Dead tree	
woodcut	Logs	0	3041	3915	0	1383	Dead tree	
woodcut	Logs	0	3041	3918	0	1383	Dead tree	
woodcut	Logs	0	3041	3919	0	1383	Dead tree	
woodcut	Logs	0	3041	3922	0	1383	Dead tree	
woodcut	Logs	0	3043	3915	0	1383	Dead tree	
woodcut	Logs	0	3044	3920	0	1383	Dead tree	
woodcut	Logs	0	3045	3916	0	1383	Dead tree	
woodcut	Logs	0	3047	3914	0	1383	Dead tree	
woodcut	Logs	0	3047	3918	0	1383	Dead tree	
woodcut	Logs	0	3047	3920	0	1383	Dead tree	
woodcut	Logs	0	3049	3918	0	1383	Dead tree	
woodcut	Logs	0	3049	3930	0	1383	Dead tree	
woodcut	Logs	0	3050	3914	0	1383	Dead tree	
woodcut	Logs	0	3051	3916	0	1383	Dead tree	
woodcut	Logs	0	3051	3920	0	1383	Dead tree	
woodcut	Logs	0	3052	3917	0	1383	Dead tree	
woodcut	Logs	0	3052	3923	0	1383	Dead tree	
woodcut	Logs	0	3052	3927	0	1383	Dead tree	
woodcut	Logs	0	3053	3919	0	1383	Dead tree	
woodcut	Logs	0	3054	3924	0	1383	Dead tree	
woodcut	Charcoal	0	3010	3925	0	1384	Dead tree	
woodcut	Charcoal	0	3012	3912	0	1384	Dead tree	
woodcut	Charcoal	0	3018	3916	0	1384	Dead tree	
woodcut	Charcoal	0	3022	3905	0	1384	Dead tree	
woodcut	Charcoal	0	3022	3926	0	1384	Dead tree	
woodcut	Charcoal	0	3022	3937	0	1384	Dead tree	
woodcut	Charcoal	0	3026	3913	0	1384	Dead tree	
woodcut	Charcoal	0	3029	3927	0	1384	Dead tree	
woodcut	Charcoal	0	3031	3917	0	1384	Dead tree	
woodcut	Charcoal	0	3032	3914	0	1384	Dead tree	
woodcut	Charcoal	0	3032	3924	0	1384	Dead tree	
woodcut	Charcoal	0	3034	3908	0	1384	Dead tree	
woodcut	Charcoal	0	3034	3928	0	1384	Dead tree	
woodcut	Charcoal	0	3034	3937	0	1384	Dead tree	
woodcut	Charcoal	0	3036	3915	0	1384	Dead tree	
woodcut	Charcoal	0	3039	3909	0	1384	Dead tree	
woodcut	Charcoal	0	3040	3913	0	1384	Dead tree	
woodcut	Charcoal	0	3043	3911	0	1384	Dead tree	
woodcut	Charcoal	0	3044	3909	0	1384	Dead tree	
woodcut	Charcoal	0	3051	3908	0	1384	Dead tree	
woodcut	Charcoal	0	3053	3950	0	1384	Dead tree	
woodcut	Charcoal	0	3057	3937	0	1384	Dead tree	
woodcut	Charcoal	0	3062	3940	0	1384	Dead tree	
woodcut	Charcoal	0	3067	3948	0	1384	Dead tree	
woodcut	Charcoal	0	3067	3955	0	1384	Dead tree	
mining	Iron ore	15	3057	3941	0	2093	Rocks	
mining	Coal	30	3052	3946	0	2096	Rocks	
mining	Coal	30	3057	3946	0	2096	Rocks	
mining	Coal	30	3056	3950	0	2097	Rocks	
mining	Coal	30	3059	3948	0	2097	Rocks	
mining	Mithril ore	55	3057	3944	0	2102	Rocks	
mining	Mithril ore	55	3059	3943	0	2102	Rocks	
mining	Mithril ore	55	3053	3942	0	2103	Rocks	
mining	Mithril ore	55	3055	3947	0	2103	Rocks	
mining	Adamantite ore	70	3055	3944	0	2104	Rocks	
mining	Tin ore	1	3134	9879	0	2095	Rocks	
mining	Coal	30	3135	9869	0	2096	Rocks	
mining	Coal	30	3134	9872	0	2097	Rocks	
mining	Coal	30	3134	9878	0	2097	Rocks	
mining	Mithril ore	55	3134	9871	0	2103	Rocks	
woodcut	Logs	0	3105	3170	0	1278	Tree	
woodcut	Oak logs	15	3104	3150	0	1281	Oak	
woodcut	Logs	0	3094	3216	0	1276	Tree	
woodcut	Logs	0	3099	3211	0	1276	Tree	
woodcut	Logs	0	3104	3232	0	1276	Tree	
woodcut	Logs	0	3105	3228	0	1276	Tree	
woodcut	Logs	0	3106	3231	0	1276	Tree	
woodcut	Logs	0	3107	3229	0	1276	Tree	
woodcut	Logs	0	3108	3218	0	1276	Tree	
woodcut	Logs	0	3108	3221	0	1276	Tree	
woodcut	Logs	0	3110	3244	0	1276	Tree	
woodcut	Logs	0	3111	3217	0	1276	Tree	
woodcut	Logs	0	3111	3226	0	1276	Tree	
woodcut	Logs	0	3112	3232	0	1276	Tree	
woodcut	Logs	0	3113	3217	0	1276	Tree	
woodcut	Logs	0	3113	3249	0	1276	Tree	
woodcut	Logs	0	3114	3225	0	1276	Tree	
woodcut	Logs	0	3114	3256	0	1276	Tree	
woodcut	Logs	0	3116	3223	0	1276	Tree	
woodcut	Logs	0	3116	3229	0	1276	Tree	
woodcut	Logs	0	3116	3260	0	1276	Tree	
woodcut	Logs	0	3117	3220	0	1276	Tree	
woodcut	Logs	0	3118	3222	0	1276	Tree	
woodcut	Logs	0	3122	3234	0	1276	Tree	
woodcut	Logs	0	3122	3255	0	1276	Tree	
woodcut	Logs	0	3124	3218	0	1276	Tree	
woodcut	Logs	0	3125	3210	0	1276	Tree	
woodcut	Logs	0	3125	3229	0	1276	Tree	
woodcut	Logs	0	3126	3252	0	1276	Tree	
woodcut	Logs	0	3128	3209	0	1276	Tree	
woodcut	Logs	0	3128	3221	0	1276	Tree	
woodcut	Logs	0	3129	3258	0	1276	Tree	
woodcut	Logs	0	3131	3210	0	1276	Tree	
woodcut	Logs	0	3132	3217	0	1276	Tree	
woodcut	Logs	0	3133	3221	0	1276	Tree	
woodcut	Logs	0	3133	3233	0	1276	Tree	
woodcut	Logs	0	3134	3213	0	1276	Tree	
woodcut	Logs	0	3083	3242	0	1278	Tree	
woodcut	Logs	0	3086	3243	0	1278	Tree	
woodcut	Logs	0	3099	3242	0	1278	Tree	
woodcut	Logs	0	3099	3247	0	1278	Tree	
woodcut	Logs	0	3101	3252	0	1278	Tree	
woodcut	Logs	0	3103	3222	0	1278	Tree	
woodcut	Logs	0	3106	3256	0	1278	Tree	
woodcut	Logs	0	3109	3256	0	1278	Tree	
woodcut	Logs	0	3111	3209	0	1278	Tree	
woodcut	Logs	0	3111	3238	0	1278	Tree	
woodcut	Logs	0	3111	3247	0	1278	Tree	
woodcut	Logs	0	3112	3243	0	1278	Tree	
woodcut	Logs	0	3113	3235	0	1278	Tree	
woodcut	Logs	0	3113	3252	0	1278	Tree	
woodcut	Logs	0	3115	3247	0	1278	Tree	
woodcut	Logs	0	3117	3231	0	1278	Tree	
woodcut	Logs	0	3117	3255	0	1278	Tree	
woodcut	Logs	0	3118	3238	0	1278	Tree	
woodcut	Logs	0	3119	3249	0	1278	Tree	
woodcut	Logs	0	3122	3252	0	1278	Tree	
woodcut	Logs	0	3123	3216	0	1278	Tree	
woodcut	Logs	0	3124	3213	0	1278	Tree	
woodcut	Logs	0	3125	3258	0	1278	Tree	
woodcut	Logs	0	3126	3261	0	1278	Tree	
woodcut	Logs	0	3127	3207	0	1278	Tree	
woodcut	Logs	0	3127	3215	0	1278	Tree	
woodcut	Logs	0	3128	3217	0	1278	Tree	
woodcut	Logs	0	3128	3253	0	1278	Tree	
woodcut	Logs	0	3129	3212	0	1278	Tree	
woodcut	Logs	0	3131	3259	0	1278	Tree	
woodcut	Logs	0	3132	3206	0	1278	Tree	
woodcut	Logs	0	3132	3209	0	1278	Tree	
woodcut	Logs	0	3132	3214	0	1278	Tree	
woodcut	Logs	0	3133	3255	0	1278	Tree	
woodcut	Logs	0	3134	3238	0	1278	Tree	
woodcut	Logs	0	3134	3250	0	1278	Tree	
woodcut	Logs	0	3135	3211	0	1278	Tree	
woodcut	Oak logs	15	3097	3214	0	1281	Oak	
woodcut	Oak logs	15	3102	3242	0	1281	Oak	
woodcut	Oak logs	15	3106	3247	0	1281	Oak	
woodcut	Oak logs	15	3114	3214	0	1281	Oak	
woodcut	Oak logs	15	3114	3231	0	1281	Oak	
woodcut	Oak logs	15	3114	3239	0	1281	Oak	
woodcut	Oak logs	15	3115	3243	0	1281	Oak	
woodcut	Oak logs	15	3115	3250	0	1281	Oak	
woodcut	Oak logs	15	3116	3225	0	1281	Oak	
woodcut	Oak logs	15	3118	3245	0	1281	Oak	
woodcut	Oak logs	15	3119	3256	0	1281	Oak	
woodcut	Oak logs	15	3124	3254	0	1281	Oak	
woodcut	Oak logs	15	3126	3212	0	1281	Oak	
woodcut	Oak logs	15	3129	3214	0	1281	Oak	
woodcut	Oak logs	15	3129	3255	0	1281	Oak	
woodcut	Logs	0	3126	3256	0	1286	Dead tree	
woodcut	Logs	0	3128	3234	0	1286	Dead tree	
woodcut	Willow logs	30	3082	3237	0	1308	Willow	
woodcut	Willow logs	30	3085	3235	0	1308	Willow	
woodcut	Willow logs	30	3087	3231	0	1308	Willow	
woodcut	Willow logs	30	3088	3227	0	1308	Willow	
woodcut	Willow logs	30	3088	3234	0	1308	Willow	
woodcut	Logs	0	3074	3300	0	1276	Tree	
woodcut	Logs	0	3076	3269	0	1276	Tree	
woodcut	Logs	0	3076	3303	0	1276	Tree	
woodcut	Logs	0	3077	3273	0	1276	Tree	
woodcut	Logs	0	3078	3295	0	1276	Tree	
woodcut	Logs	0	3078	3307	0	1276	Tree	
woodcut	Logs	0	3079	3267	0	1276	Tree	
woodcut	Logs	0	3080	3272	0	1276	Tree	
woodcut	Logs	0	3081	3265	0	1276	Tree	
woodcut	Logs	0	3081	3308	0	1276	Tree	
woodcut	Logs	0	3082	3304	0	1276	Tree	
woodcut	Logs	0	3084	3269	0	1276	Tree	
woodcut	Logs	0	3084	3287	0	1276	Tree	
woodcut	Logs	0	3084	3298	0	1276	Tree	
woodcut	Logs	0	3085	3291	0	1276	Tree	
woodcut	Logs	0	3086	3284	0	1276	Tree	
woodcut	Logs	0	3086	3296	0	1276	Tree	
woodcut	Logs	0	3088	3287	0	1276	Tree	
woodcut	Logs	0	3089	3310	0	1276	Tree	
woodcut	Logs	0	3092	3279	0	1276	Tree	
woodcut	Logs	0	3093	3287	0	1276	Tree	
woodcut	Logs	0	3093	3301	0	1276	Tree	
woodcut	Logs	0	3094	3275	0	1276	Tree	
woodcut	Logs	0	3096	3310	0	1276	Tree	
woodcut	Logs	0	3099	3287	0	1276	Tree	
woodcut	Logs	0	3099	3302	0	1276	Tree	
woodcut	Logs	0	3101	3289	0	1276	Tree	
woodcut	Logs	0	3102	3291	0	1276	Tree	
woodcut	Logs	0	3103	3289	0	1276	Tree	
woodcut	Logs	0	3104	3285	0	1276	Tree	
woodcut	Logs	0	3105	3287	0	1276	Tree	
woodcut	Logs	0	3105	3298	0	1276	Tree	
woodcut	Logs	0	3105	3313	0	1276	Tree	
woodcut	Logs	0	3106	3296	0	1276	Tree	
woodcut	Logs	0	3106	3300	0	1276	Tree	
woodcut	Logs	0	3106	3304	0	1276	Tree	
woodcut	Logs	0	3107	3298	0	1276	Tree	
woodcut	Logs	0	3107	3308	0	1276	Tree	
woodcut	Logs	0	3114	3306	0	1276	Tree	
woodcut	Logs	0	3126	3302	0	1276	Tree	
woodcut	Logs	0	3075	3266	0	1278	Tree	
woodcut	Logs	0	3079	3270	0	1278	Tree	
woodcut	Logs	0	3083	3306	0	1278	Tree	
woodcut	Logs	0	3084	3266	0	1278	Tree	
woodcut	Logs	0	3087	3307	0	1278	Tree	
woodcut	Logs	0	3089	3301	0	1278	Tree	
woodcut	Logs	0	3090	3305	0	1278	Tree	
woodcut	Logs	0	3093	3283	0	1278	Tree	
woodcut	Logs	0	3097	3283	0	1278	Tree	
woodcut	Logs	0	3098	3306	0	1278	Tree	
woodcut	Logs	0	3100	3304	0	1278	Tree	
woodcut	Logs	0	3100	3309	0	1278	Tree	
woodcut	Logs	0	3101	3307	0	1278	Tree	
woodcut	Logs	0	3102	3305	0	1278	Tree	
woodcut	Logs	0	3104	3309	0	1278	Tree	
woodcut	Logs	0	3105	3306	0	1278	Tree	
woodcut	Logs	0	3112	3297	0	1278	Tree	
woodcut	Logs	0	3113	3299	0	1278	Tree	
woodcut	Logs	0	3115	3298	0	1278	Tree	
woodcut	Logs	0	3115	3300	0	1278	Tree	
woodcut	Logs	0	3117	3304	0	1278	Tree	
woodcut	Logs	0	3118	3300	0	1278	Tree	
woodcut	Logs	0	3122	3303	0	1278	Tree	
woodcut	Logs	0	3127	3299	0	1278	Tree	
woodcut	Oak logs	15	3078	3301	0	1281	Oak	
woodcut	Oak logs	15	3081	3291	0	1281	Oak	
woodcut	Oak logs	15	3082	3295	0	1281	Oak	
woodcut	Oak logs	15	3083	3300	0	1281	Oak	
woodcut	Oak logs	15	3096	3287	0	1281	Oak	
woodcut	Oak logs	15	3098	3290	0	1281	Oak	
woodcut	Oak logs	15	3101	3286	0	1281	Oak	
woodcut	Oak logs	15	3102	3297	0	1281	Oak	
woodcut	Oak logs	15	3105	3290	0	1281	Oak	
woodcut	Oak logs	15	3106	3282	0	1281	Oak	
woodcut	Oak logs	15	3108	3302	0	1281	Oak	
woodcut	Logs	0	3074	3326	0	1282	Dead tree	
woodcut	Logs	0	3075	3320	0	1282	Dead tree	
woodcut	Logs	0	3078	3317	0	1282	Dead tree	
woodcut	Logs	0	3081	3322	0	1282	Dead tree	
woodcut	Logs	0	3087	3319	0	1282	Dead tree	
woodcut	Logs	0	3089	3315	0	1282	Dead tree	
woodcut	Logs	0	3091	3324	0	1282	Dead tree	
woodcut	Logs	0	3093	3318	0	1282	Dead tree	
woodcut	Logs	0	3098	3315	0	1282	Dead tree	
woodcut	Logs	0	3098	3319	0	1282	Dead tree	
woodcut	Logs	0	3100	3324	0	1282	Dead tree	
woodcut	Logs	0	3102	3316	0	1282	Dead tree	
woodcut	Logs	0	3103	3326	0	1282	Dead tree	
woodcut	Logs	0	3104	3325	0	1282	Dead tree	
woodcut	Logs	0	3108	3315	0	1282	Dead tree	
woodcut	Logs	0	3108	3320	0	1282	Dead tree	
woodcut	Logs	0	3109	3323	0	1282	Dead tree	
woodcut	Logs	0	3111	3322	0	1282	Dead tree	
woodcut	Logs	0	3112	3317	0	1282	Dead tree	
woodcut	Logs	0	3114	3316	0	1282	Dead tree	
woodcut	Logs	0	3116	3321	0	1282	Dead tree	
woodcut	Logs	0	3117	3319	0	1282	Dead tree	
woodcut	Logs	0	3117	3320	0	1282	Dead tree	
woodcut	Logs	0	3118	3321	0	1282	Dead tree	
woodcut	Logs	0	3119	3320	0	1282	Dead tree	
woodcut	Logs	0	3121	3325	0	1282	Dead tree	
woodcut	Logs	0	3123	3319	0	1282	Dead tree	
woodcut	Logs	0	3123	3323	0	1282	Dead tree	
woodcut	Logs	0	3129	3319	0	1282	Dead tree	
woodcut	Logs	0	3129	3325	0	1282	Dead tree	
woodcut	Logs	0	3133	3317	0	1282	Dead tree	
woodcut	Logs	0	3133	3323	0	1282	Dead tree	
woodcut	Logs	0	3115	3320	0	1283	Dead tree	
woodcut	Logs	0	3074	3323	0	1286	Dead tree	
woodcut	Logs	0	3079	3326	0	1286	Dead tree	
woodcut	Logs	0	3081	3319	0	1286	Dead tree	
woodcut	Logs	0	3083	3317	0	1286	Dead tree	
woodcut	Logs	0	3085	3320	0	1286	Dead tree	
woodcut	Logs	0	3092	3321	0	1286	Dead tree	
woodcut	Logs	0	3121	3296	0	1286	Dead tree	
woodcut	Logs	0	3121	3316	0	1286	Dead tree	
woodcut	Logs	0	3122	3294	0	1286	Dead tree	
woodcut	Logs	0	3124	3295	0	1286	Dead tree	
woodcut	Logs	0	3127	3315	0	1286	Dead tree	
woodcut	Logs	0	3127	3322	0	1286	Dead tree	
woodcut	Logs	0	3134	3321	0	1286	Dead tree	
woodcut	Logs	0	3086	3326	0	1289	Dead tree	
woodcut	Logs	0	3094	3325	0	1289	Dead tree	
woodcut	Logs	0	3096	3323	0	1289	Dead tree	
woodcut	Logs	0	3102	3319	0	1289	Dead tree	
woodcut	Logs	0	3104	3323	0	1289	Dead tree	
woodcut	Logs	0	3110	3326	0	1289	Dead tree	
woodcut	Logs	0	3111	3313	0	1289	Dead tree	
woodcut	Logs	0	3113	3319	0	1289	Dead tree	
woodcut	Logs	0	3114	3327	0	1289	Dead tree	
woodcut	Logs	0	3115	3319	0	1289	Dead tree	
woodcut	Logs	0	3115	3325	0	1289	Dead tree	
woodcut	Logs	0	3120	3322	0	1289	Dead tree	
woodcut	Logs	0	3125	3324	0	1289	Dead tree	
woodcut	Logs	0	3074	3357	0	1282	Dead tree	
woodcut	Logs	0	3075	3377	0	1282	Dead tree	
woodcut	Logs	0	3076	3356	0	1282	Dead tree	
woodcut	Logs	0	3076	3375	0	1282	Dead tree	
woodcut	Logs	0	3078	3380	0	1282	Dead tree	
woodcut	Logs	0	3079	3356	0	1282	Dead tree	
woodcut	Logs	0	3079	3360	0	1282	Dead tree	
woodcut	Logs	0	3079	3367	0	1282	Dead tree	
woodcut	Logs	0	3079	3379	0	1282	Dead tree	
woodcut	Logs	0	3080	3349	0	1282	Dead tree	
woodcut	Logs	0	3080	3355	0	1282	Dead tree	
woodcut	Logs	0	3080	3360	0	1282	Dead tree	
woodcut	Logs	0	3080	3366	0	1282	Dead tree	
woodcut	Logs	0	3080	3378	0	1282	Dead tree	
woodcut	Logs	0	3080	3383	0	1282	Dead tree	
woodcut	Logs	0	3081	3347	0	1282	Dead tree	
woodcut	Logs	0	3081	3350	0	1282	Dead tree	
woodcut	Logs	0	3082	3331	0	1282	Dead tree	
woodcut	Logs	0	3082	3384	0	1282	Dead tree	
woodcut	Logs	0	3083	3375	0	1282	Dead tree	
woodcut	Logs	0	3084	3343	0	1282	Dead tree	
woodcut	Logs	0	3084	3344	0	1282	Dead tree	
woodcut	Logs	0	3084	3372	0	1282	Dead tree	
woodcut	Logs	0	3084	3373	0	1282	Dead tree	
woodcut	Logs	0	3084	3376	0	1282	Dead tree	
woodcut	Logs	0	3085	3341	0	1282	Dead tree	
woodcut	Logs	0	3085	3367	0	1282	Dead tree	
woodcut	Logs	0	3085	3370	0	1282	Dead tree	
woodcut	Logs	0	3085	3371	0	1282	Dead tree	
woodcut	Logs	0	3085	3372	0	1282	Dead tree	
woodcut	Logs	0	3085	3375	0	1282	Dead tree	
woodcut	Logs	0	3085	3379	0	1282	Dead tree	
woodcut	Logs	0	3086	3344	0	1282	Dead tree	
woodcut	Logs	0	3086	3345	0	1282	Dead tree	
woodcut	Logs	0	3086	3380	0	1282	Dead tree	
woodcut	Logs	0	3086	3381	0	1282	Dead tree	
woodcut	Logs	0	3087	3340	0	1282	Dead tree	
woodcut	Logs	0	3087	3372	0	1282	Dead tree	
woodcut	Logs	0	3087	3377	0	1282	Dead tree	
woodcut	Logs	0	3087	3379	0	1282	Dead tree	
woodcut	Logs	0	3087	3383	0	1282	Dead tree	
woodcut	Logs	0	3088	3341	0	1282	Dead tree	
woodcut	Logs	0	3088	3343	0	1282	Dead tree	
woodcut	Logs	0	3088	3345	0	1282	Dead tree	
woodcut	Logs	0	3088	3354	0	1282	Dead tree	
woodcut	Logs	0	3088	3356	0	1282	Dead tree	
woodcut	Logs	0	3088	3378	0	1282	Dead tree	
woodcut	Logs	0	3088	3381	0	1282	Dead tree	
woodcut	Logs	0	3089	3342	0	1282	Dead tree	
woodcut	Logs	0	3089	3346	0	1282	Dead tree	
woodcut	Logs	0	3089	3357	0	1282	Dead tree	
woodcut	Logs	0	3089	3380	0	1282	Dead tree	
woodcut	Logs	0	3089	3384	0	1282	Dead tree	
woodcut	Logs	0	3090	3341	0	1282	Dead tree	
woodcut	Logs	0	3090	3352	0	1282	Dead tree	
woodcut	Logs	0	3090	3370	0	1282	Dead tree	
woodcut	Logs	0	3090	3382	0	1282	Dead tree	
woodcut	Logs	0	3091	3329	0	1282	Dead tree	
woodcut	Logs	0	3091	3364	0	1282	Dead tree	
woodcut	Logs	0	3091	3365	0	1282	Dead tree	
woodcut	Logs	0	3091	3383	0	1282	Dead tree	
woodcut	Logs	0	3091	3384	0	1282	Dead tree	
woodcut	Logs	0	3092	3333	0	1282	Dead tree	
woodcut	Logs	0	3092	3336	0	1282	Dead tree	
woodcut	Logs	0	3092	3348	0	1282	Dead tree	
woodcut	Logs	0	3092	3351	0	1282	Dead tree	
woodcut	Logs	0	3092	3367	0	1282	Dead tree	
woodcut	Logs	0	3092	3375	0	1282	Dead tree	
woodcut	Logs	0	3092	3382	0	1282	Dead tree	
woodcut	Logs	0	3093	3332	0	1282	Dead tree	
woodcut	Logs	0	3093	3335	0	1282	Dead tree	
woodcut	Logs	0	3093	3349	0	1282	Dead tree	
woodcut	Logs	0	3093	3351	0	1282	Dead tree	
woodcut	Logs	0	3093	3366	0	1282	Dead tree	
woodcut	Logs	0	3094	3329	0	1282	Dead tree	
woodcut	Logs	0	3094	3333	0	1282	Dead tree	
woodcut	Logs	0	3094	3341	0	1282	Dead tree	
woodcut	Logs	0	3094	3348	0	1282	Dead tree	
woodcut	Logs	0	3094	3364	0	1282	Dead tree	
woodcut	Logs	0	3094	3368	0	1282	Dead tree	
woodcut	Logs	0	3094	3369	0	1282	Dead tree	
woodcut	Logs	0	3094	3371	0	1282	Dead tree	
woodcut	Logs	0	3094	3381	0	1282	Dead tree	
woodcut	Logs	0	3094	3383	0	1282	Dead tree	
woodcut	Logs	0	3095	3330	0	1282	Dead tree	
woodcut	Logs	0	3095	3334	0	1282	Dead tree	
woodcut	Logs	0	3095	3344	0	1282	Dead tree	
woodcut	Logs	0	3095	3347	0	1282	Dead tree	
woodcut	Logs	0	3095	3349	0	1282	Dead tree	
woodcut	Logs	0	3095	3367	0	1282	Dead tree	
woodcut	Logs	0	3095	3372	0	1282	Dead tree	
woodcut	Logs	0	3095	3382	0	1282	Dead tree	
woodcut	Logs	0	3096	3330	0	1282	Dead tree	
woodcut	Logs	0	3096	3333	0	1282	Dead tree	
woodcut	Logs	0	3096	3336	0	1282	Dead tree	
woodcut	Logs	0	3096	3340	0	1282	Dead tree	
woodcut	Logs	0	3096	3350	0	1282	Dead tree	
woodcut	Logs	0	3097	3332	0	1282	Dead tree	
woodcut	Logs	0	3097	3335	0	1282	Dead tree	
woodcut	Logs	0	3097	3339	0	1282	Dead tree	
woodcut	Logs	0	3097	3341	0	1282	Dead tree	
woodcut	Logs	0	3097	3348	0	1282	Dead tree	
woodcut	Logs	0	3097	3349	0	1282	Dead tree	
woodcut	Logs	0	3098	3343	0	1282	Dead tree	
woodcut	Logs	0	3098	3350	0	1282	Dead tree	
woodcut	Logs	0	3098	3384	0	1282	Dead tree	
woodcut	Logs	0	3099	3348	0	1282	Dead tree	
woodcut	Logs	0	3099	3351	0	1282	Dead tree	
woodcut	Logs	0	3099	3383	0	1282	Dead tree	
woodcut	Logs	0	3100	3330	0	1282	Dead tree	
woodcut	Logs	0	3100	3347	0	1282	Dead tree	
woodcut	Logs	0	3100	3349	0	1282	Dead tree	
woodcut	Logs	0	3100	3375	0	1282	Dead tree	
woodcut	Logs	0	3100	3384	0	1282	Dead tree	
woodcut	Logs	0	3100	3389	0	1282	Dead tree	
woodcut	Logs	0	3101	3331	0	1282	Dead tree	
woodcut	Logs	0	3101	3338	0	1282	Dead tree	
woodcut	Logs	0	3101	3346	0	1282	Dead tree	
woodcut	Logs	0	3101	3376	0	1282	Dead tree	
woodcut	Logs	0	3102	3332	0	1282	Dead tree	
woodcut	Logs	0	3102	3389	0	1282	Dead tree	
woodcut	Logs	0	3103	3382	0	1282	Dead tree	
woodcut	Logs	0	3103	3390	0	1282	Dead tree	
woodcut	Logs	0	3104	3331	0	1282	Dead tree	
woodcut	Logs	0	3104	3339	0	1282	Dead tree	
woodcut	Logs	0	3104	3344	0	1282	Dead tree	
woodcut	Logs	0	3104	3347	0	1282	Dead tree	
woodcut	Logs	0	3105	3332	0	1282	Dead tree	
woodcut	Logs	0	3105	3336	0	1282	Dead tree	
woodcut	Logs	0	3105	3344	0	1282	Dead tree	
woodcut	Logs	0	3105	3376	0	1282	Dead tree	
woodcut	Logs	0	3106	3331	0	1282	Dead tree	
woodcut	Logs	0	3106	3335	0	1282	Dead tree	
woodcut	Logs	0	3106	3340	0	1282	Dead tree	
woodcut	Logs	0	3106	3345	0	1282	Dead tree	
woodcut	Logs	0	3106	3347	0	1282	Dead tree	
woodcut	Logs	0	3107	3347	0	1282	Dead tree	
woodcut	Logs	0	3107	3382	0	1282	Dead tree	
woodcut	Logs	0	3108	3383	0	1282	Dead tree	
woodcut	Logs	0	3110	3342	0	1282	Dead tree	
woodcut	Logs	0	3110	3380	0	1282	Dead tree	
woodcut	Logs	0	3110	3381	0	1282	Dead tree	
woodcut	Logs	0	3110	3383	0	1282	Dead tree	
woodcut	Logs	0	3111	3335	0	1282	Dead tree	
woodcut	Logs	0	3111	3337	0	1282	Dead tree	
woodcut	Logs	0	3111	3341	0	1282	Dead tree	
woodcut	Logs	0	3111	3344	0	1282	Dead tree	
woodcut	Logs	0	3111	3379	0	1282	Dead tree	
woodcut	Logs	0	3111	3380	0	1282	Dead tree	
woodcut	Logs	0	3112	3336	0	1282	Dead tree	
woodcut	Logs	0	3112	3349	0	1282	Dead tree	
woodcut	Logs	0	3113	3341	0	1282	Dead tree	
woodcut	Logs	0	3113	3381	0	1282	Dead tree	
woodcut	Logs	0	3113	3383	0	1282	Dead tree	
woodcut	Logs	0	3114	3334	0	1282	Dead tree	
woodcut	Logs	0	3114	3342	0	1282	Dead tree	
woodcut	Logs	0	3114	3385	0	1282	Dead tree	
woodcut	Logs	0	3116	3347	0	1282	Dead tree	
woodcut	Logs	0	3116	3379	0	1282	Dead tree	
woodcut	Logs	0	3117	3330	0	1282	Dead tree	
woodcut	Logs	0	3117	3338	0	1282	Dead tree	
woodcut	Logs	0	3117	3346	0	1282	Dead tree	
woodcut	Logs	0	3117	3348	0	1282	Dead tree	
woodcut	Logs	0	3118	3328	0	1282	Dead tree	
woodcut	Logs	0	3118	3333	0	1282	Dead tree	
woodcut	Logs	0	3118	3339	0	1282	Dead tree	
woodcut	Logs	0	3118	3380	0	1282	Dead tree	
woodcut	Logs	0	3119	3334	0	1282	Dead tree	
woodcut	Logs	0	3119	3338	0	1282	Dead tree	
woodcut	Logs	0	3119	3341	0	1282	Dead tree	
woodcut	Logs	0	3119	3345	0	1282	Dead tree	
woodcut	Logs	0	3119	3379	0	1282	Dead tree	
woodcut	Logs	0	3120	3333	0	1282	Dead tree	
woodcut	Logs	0	3120	3338	0	1282	Dead tree	
woodcut	Logs	0	3120	3348	0	1282	Dead tree	
woodcut	Logs	0	3120	3361	0	1282	Dead tree	
woodcut	Logs	0	3120	3363	0	1282	Dead tree	
woodcut	Logs	0	3120	3366	0	1282	Dead tree	
woodcut	Logs	0	3120	3370	0	1282	Dead tree	
woodcut	Logs	0	3120	3379	0	1282	Dead tree	
woodcut	Logs	0	3121	3328	0	1282	Dead tree	
woodcut	Logs	0	3121	3348	0	1282	Dead tree	
woodcut	Logs	0	3121	3364	0	1282	Dead tree	
woodcut	Logs	0	3121	3368	0	1282	Dead tree	
woodcut	Logs	0	3121	3371	0	1282	Dead tree	
woodcut	Logs	0	3121	3378	0	1282	Dead tree	
woodcut	Logs	0	3122	3329	0	1282	Dead tree	
woodcut	Logs	0	3122	3331	0	1282	Dead tree	
woodcut	Logs	0	3122	3341	0	1282	Dead tree	
woodcut	Logs	0	3122	3345	0	1282	Dead tree	
woodcut	Logs	0	3123	3333	0	1282	Dead tree	
woodcut	Logs	0	3123	3334	0	1282	Dead tree	
woodcut	Logs	0	3123	3339	0	1282	Dead tree	
woodcut	Logs	0	3123	3342	0	1282	Dead tree	
woodcut	Logs	0	3123	3367	0	1282	Dead tree	
woodcut	Logs	0	3123	3377	0	1282	Dead tree	
woodcut	Logs	0	3123	3383	0	1282	Dead tree	
woodcut	Logs	0	3124	3341	0	1282	Dead tree	
woodcut	Logs	0	3124	3381	0	1282	Dead tree	
woodcut	Logs	0	3125	3342	0	1282	Dead tree	
woodcut	Logs	0	3125	3363	0	1282	Dead tree	
woodcut	Logs	0	3125	3383	0	1282	Dead tree	
woodcut	Logs	0	3126	3339	0	1282	Dead tree	
woodcut	Logs	0	3126	3341	0	1282	Dead tree	
woodcut	Logs	0	3126	3345	0	1282	Dead tree	
woodcut	Logs	0	3126	3362	0	1282	Dead tree	
woodcut	Logs	0	3126	3380	0	1282	Dead tree	
woodcut	Logs	0	3126	3381	0	1282	Dead tree	
woodcut	Logs	0	3127	3361	0	1282	Dead tree	
woodcut	Logs	0	3127	3380	0	1282	Dead tree	
woodcut	Logs	0	3127	3381	0	1282	Dead tree	
woodcut	Logs	0	3128	3378	0	1282	Dead tree	
woodcut	Logs	0	3129	3376	0	1282	Dead tree	
woodcut	Logs	0	3130	3344	0	1282	Dead tree	
woodcut	Logs	0	3131	3348	0	1282	Dead tree	
woodcut	Logs	0	3132	3343	0	1282	Dead tree	
woodcut	Logs	0	3132	3354	0	1282	Dead tree	
woodcut	Logs	0	3132	3365	0	1282	Dead tree	
woodcut	Logs	0	3133	3352	0	1282	Dead tree	
woodcut	Logs	0	3133	3359	0	1282	Dead tree	
woodcut	Logs	0	3133	3363	0	1282	Dead tree	
woodcut	Logs	0	3133	3368	0	1282	Dead tree	
woodcut	Logs	0	3134	3360	0	1282	Dead tree	
woodcut	Logs	0	3134	3370	0	1282	Dead tree	
woodcut	Logs	0	3075	3359	0	1283	Dead tree	
woodcut	Logs	0	3076	3357	0	1283	Dead tree	
woodcut	Logs	0	3076	3358	0	1283	Dead tree	
woodcut	Logs	0	3077	3338	0	1283	Dead tree	
woodcut	Logs	0	3077	3376	0	1283	Dead tree	
woodcut	Logs	0	3079	3338	0	1283	Dead tree	
woodcut	Logs	0	3079	3339	0	1283	Dead tree	
woodcut	Logs	0	3079	3361	0	1283	Dead tree	
woodcut	Logs	0	3079	3380	0	1283	Dead tree	
woodcut	Logs	0	3079	3381	0	1283	Dead tree	
woodcut	Logs	0	3080	3356	0	1283	Dead tree	
woodcut	Logs	0	3080	3367	0	1283	Dead tree	
woodcut	Logs	0	3081	3348	0	1283	Dead tree	
woodcut	Logs	0	3081	3380	0	1283	Dead tree	
woodcut	Logs	0	3082	3349	0	1283	Dead tree	
woodcut	Logs	0	3082	3387	0	1283	Dead tree	
woodcut	Logs	0	3083	3350	0	1283	Dead tree	
woodcut	Logs	0	3083	3373	0	1283	Dead tree	
woodcut	Logs	0	3085	3346	0	1283	Dead tree	
woodcut	Logs	0	3085	3355	0	1283	Dead tree	
woodcut	Logs	0	3087	3342	0	1283	Dead tree	
woodcut	Logs	0	3087	3346	0	1283	Dead tree	
woodcut	Logs	0	3087	3349	0	1283	Dead tree	
woodcut	Logs	0	3087	3378	0	1283	Dead tree	
woodcut	Logs	0	3088	3382	0	1283	Dead tree	
woodcut	Logs	0	3089	3355	0	1283	Dead tree	
woodcut	Logs	0	3089	3381	0	1283	Dead tree	
woodcut	Logs	0	3092	3364	0	1283	Dead tree	
woodcut	Logs	0	3092	3379	0	1283	Dead tree	
woodcut	Logs	0	3094	3332	0	1283	Dead tree	
woodcut	Logs	0	3094	3335	0	1283	Dead tree	
woodcut	Logs	0	3094	3342	0	1283	Dead tree	
woodcut	Logs	0	3094	3351	0	1283	Dead tree	
woodcut	Logs	0	3094	3365	0	1283	Dead tree	
woodcut	Logs	0	3094	3384	0	1283	Dead tree	
woodcut	Logs	0	3095	3350	0	1283	Dead tree	
woodcut	Logs	0	3095	3364	0	1283	Dead tree	
woodcut	Logs	0	3095	3368	0	1283	Dead tree	
woodcut	Logs	0	3095	3371	0	1283	Dead tree	
woodcut	Logs	0	3096	3342	0	1283	Dead tree	
woodcut	Logs	0	3096	3343	0	1283	Dead tree	
woodcut	Logs	0	3097	3344	0	1283	Dead tree	
woodcut	Logs	0	3098	3375	0	1283	Dead tree	
woodcut	Logs	0	3098	3379	0	1283	Dead tree	
woodcut	Logs	0	3100	3382	0	1283	Dead tree	
woodcut	Logs	0	3101	3374	0	1283	Dead tree	
woodcut	Logs	0	3101	3384	0	1283	Dead tree	
woodcut	Logs	0	3101	3390	0	1283	Dead tree	
woodcut	Logs	0	3102	3330	0	1283	Dead tree	
woodcut	Logs	0	3102	3375	0	1283	Dead tree	
woodcut	Logs	0	3102	3383	0	1283	Dead tree	
woodcut	Logs	0	3103	3329	0	1283	Dead tree	
woodcut	Logs	0	3104	3330	0	1283	Dead tree	
woodcut	Logs	0	3104	3337	0	1283	Dead tree	
woodcut	Logs	0	3104	3345	0	1283	Dead tree	
woodcut	Logs	0	3104	3375	0	1283	Dead tree	
woodcut	Logs	0	3104	3389	0	1283	Dead tree	
woodcut	Logs	0	3105	3338	0	1283	Dead tree	
woodcut	Logs	0	3105	3346	0	1283	Dead tree	
woodcut	Logs	0	3105	3388	0	1283	Dead tree	
woodcut	Logs	0	3105	3389	0	1283	Dead tree	
woodcut	Logs	0	3106	3388	0	1283	Dead tree	
woodcut	Logs	0	3107	3339	0	1283	Dead tree	
woodcut	Logs	0	3107	3375	0	1283	Dead tree	
woodcut	Logs	0	3108	3374	0	1283	Dead tree	
woodcut	Logs	0	3111	3333	0	1283	Dead tree	
woodcut	Logs	0	3111	3382	0	1283	Dead tree	
woodcut	Logs	0	3112	3342	0	1283	Dead tree	
woodcut	Logs	0	3112	3384	0	1283	Dead tree	
woodcut	Logs	0	3113	3335	0	1283	Dead tree	
woodcut	Logs	0	3113	3344	0	1283	Dead tree	
woodcut	Logs	0	3113	3385	0	1283	Dead tree	
woodcut	Logs	0	3114	3337	0	1283	Dead tree	
woodcut	Logs	0	3114	3375	0	1283	Dead tree	
woodcut	Logs	0	3114	3378	0	1283	Dead tree	
woodcut	Logs	0	3116	3383	0	1283	Dead tree	
woodcut	Logs	0	3117	3340	0	1283	Dead tree	
woodcut	Logs	0	3118	3331	0	1283	Dead tree	
woodcut	Logs	0	3118	3347	0	1283	Dead tree	
woodcut	Logs	0	3118	3348	0	1283	Dead tree	
woodcut	Logs	0	3118	3378	0	1283	Dead tree	
woodcut	Logs	0	3118	3381	0	1283	Dead tree	
woodcut	Logs	0	3119	3332	0	1283	Dead tree	
woodcut	Logs	0	3119	3339	0	1283	Dead tree	
woodcut	Logs	0	3119	3347	0	1283	Dead tree	
woodcut	Logs	0	3120	3329	0	1283	Dead tree	
woodcut	Logs	0	3120	3331	0	1283	Dead tree	
woodcut	Logs	0	3121	3332	0	1283	Dead tree	
woodcut	Logs	0	3121	3362	0	1283	Dead tree	
woodcut	Logs	0	3121	3365	0	1283	Dead tree	
woodcut	Logs	0	3122	3343	0	1283	Dead tree	
woodcut	Logs	0	3122	3363	0	1283	Dead tree	
woodcut	Logs	0	3123	3344	0	1283	Dead tree	
woodcut	Logs	0	3123	3382	0	1283	Dead tree	
woodcut	Logs	0	3124	3339	0	1283	Dead tree	
woodcut	Logs	0	3124	3345	0	1283	Dead tree	
woodcut	Logs	0	3125	3343	0	1283	Dead tree	
woodcut	Logs	0	3125	3361	0	1283	Dead tree	
woodcut	Logs	0	3129	3377	0	1283	Dead tree	
woodcut	Logs	0	3130	3331	0	1283	Dead tree	
woodcut	Logs	0	3130	3333	0	1283	Dead tree	
woodcut	Logs	0	3131	3332	0	1283	Dead tree	
woodcut	Logs	0	3131	3345	0	1283	Dead tree	
woodcut	Logs	0	3131	3353	0	1283	Dead tree	
woodcut	Logs	0	3131	3369	0	1283	Dead tree	
woodcut	Logs	0	3132	3333	0	1283	Dead tree	
woodcut	Logs	0	3132	3360	0	1283	Dead tree	
woodcut	Logs	0	3132	3369	0	1283	Dead tree	
woodcut	Logs	0	3132	3370	0	1283	Dead tree	
woodcut	Logs	0	3133	3331	0	1283	Dead tree	
woodcut	Logs	0	3133	3371	0	1283	Dead tree	
woodcut	Logs	0	3073	3356	0	1289	Dead tree	
woodcut	Logs	0	3074	3349	0	1289	Dead tree	
woodcut	Logs	0	3074	3359	0	1289	Dead tree	
woodcut	Logs	0	3075	3347	0	1289	Dead tree	
woodcut	Logs	0	3075	3356	0	1289	Dead tree	
woodcut	Logs	0	3076	3349	0	1289	Dead tree	
woodcut	Logs	0	3077	3360	0	1289	Dead tree	
woodcut	Logs	0	3077	3367	0	1289	Dead tree	
woodcut	Logs	0	3077	3379	0	1289	Dead tree	
woodcut	Logs	0	3077	3383	0	1289	Dead tree	
woodcut	Logs	0	3078	3337	0	1289	Dead tree	
woodcut	Logs	0	3078	3340	0	1289	Dead tree	
woodcut	Logs	0	3078	3349	0	1289	Dead tree	
woodcut	Logs	0	3078	3352	0	1289	Dead tree	
woodcut	Logs	0	3078	3366	0	1289	Dead tree	
woodcut	Logs	0	3078	3375	0	1289	Dead tree	
woodcut	Logs	0	3079	3337	0	1289	Dead tree	
woodcut	Logs	0	3079	3351	0	1289	Dead tree	
woodcut	Logs	0	3079	3353	0	1289	Dead tree	
woodcut	Logs	0	3079	3355	0	1289	Dead tree	
woodcut	Logs	0	3080	3337	0	1289	Dead tree	
woodcut	Logs	0	3080	3347	0	1289	Dead tree	
woodcut	Logs	0	3080	3351	0	1289	Dead tree	
woodcut	Logs	0	3081	3382	0	1289	Dead tree	
woodcut	Logs	0	3081	3385	0	1289	Dead tree	
woodcut	Logs	0	3082	3354	0	1289	Dead tree	
woodcut	Logs	0	3082	3357	0	1289	Dead tree	
woodcut	Logs	0	3082	3379	0	1289	Dead tree	
woodcut	Logs	0	3082	3382	0	1289	Dead tree	
woodcut	Logs	0	3083	3383	0	1289	Dead tree	
woodcut	Logs	0	3084	3331	0	1289	Dead tree	
woodcut	Logs	0	3084	3333	0	1289	Dead tree	
woodcut	Logs	0	3084	3336	0	1289	Dead tree	
woodcut	Logs	0	3084	3342	0	1289	Dead tree	
woodcut	Logs	0	3084	3346	0	1289	Dead tree	
woodcut	Logs	0	3084	3371	0	1289	Dead tree	
woodcut	Logs	0	3085	3330	0	1289	Dead tree	
woodcut	Logs	0	3085	3337	0	1289	Dead tree	
woodcut	Logs	0	3085	3340	0	1289	Dead tree	
woodcut	Logs	0	3085	3369	0	1289	Dead tree	
woodcut	Logs	0	3085	3378	0	1289	Dead tree	
woodcut	Logs	0	3085	3382	0	1289	Dead tree	
woodcut	Logs	0	3086	3340	0	1289	Dead tree	
woodcut	Logs	0	3086	3343	0	1289	Dead tree	
woodcut	Logs	0	3086	3349	0	1289	Dead tree	
woodcut	Logs	0	3086	3350	0	1289	Dead tree	
woodcut	Logs	0	3086	3377	0	1289	Dead tree	
woodcut	Logs	0	3086	3387	0	1289	Dead tree	
woodcut	Logs	0	3087	3338	0	1289	Dead tree	
woodcut	Logs	0	3087	3339	0	1289	Dead tree	
woodcut	Logs	0	3087	3369	0	1289	Dead tree	
woodcut	Logs	0	3088	3339	0	1289	Dead tree	
woodcut	Logs	0	3088	3348	0	1289	Dead tree	
woodcut	Logs	0	3088	3358	0	1289	Dead tree	
woodcut	Logs	0	3088	3385	0	1289	Dead tree	
woodcut	Logs	0	3089	3340	0	1289	Dead tree	
woodcut	Logs	0	3089	3349	0	1289	Dead tree	
woodcut	Logs	0	3089	3359	0	1289	Dead tree	
woodcut	Logs	0	3090	3330	0	1289	Dead tree	
woodcut	Logs	0	3090	3331	0	1289	Dead tree	
woodcut	Logs	0	3090	3344	0	1289	Dead tree	
woodcut	Logs	0	3090	3345	0	1289	Dead tree	
woodcut	Logs	0	3090	3354	0	1289	Dead tree	
woodcut	Logs	0	3090	3359	0	1289	Dead tree	
woodcut	Logs	0	3090	3360	0	1289	Dead tree	
woodcut	Logs	0	3090	3386	0	1289	Dead tree	
woodcut	Logs	0	3091	3381	0	1289	Dead tree	
woodcut	Logs	0	3092	3331	0	1289	Dead tree	
woodcut	Logs	0	3092	3332	0	1289	Dead tree	
woodcut	Logs	0	3092	3335	0	1289	Dead tree	
woodcut	Logs	0	3092	3350	0	1289	Dead tree	
woodcut	Logs	0	3092	3353	0	1289	Dead tree	
woodcut	Logs	0	3092	3381	0	1289	Dead tree	
woodcut	Logs	0	3093	3347	0	1289	Dead tree	
woodcut	Logs	0	3093	3381	0	1289	Dead tree	
woodcut	Logs	0	3093	3385	0	1289	Dead tree	
woodcut	Logs	0	3094	3337	0	1289	Dead tree	
woodcut	Logs	0	3094	3344	0	1289	Dead tree	
woodcut	Logs	0	3094	3345	0	1289	Dead tree	
woodcut	Logs	0	3094	3347	0	1289	Dead tree	
woodcut	Logs	0	3094	3386	0	1289	Dead tree	
woodcut	Logs	0	3094	3387	0	1289	Dead tree	
woodcut	Logs	0	3095	3337	0	1289	Dead tree	
woodcut	Logs	0	3095	3340	0	1289	Dead tree	
woodcut	Logs	0	3095	3386	0	1289	Dead tree	
woodcut	Logs	0	3095	3387	0	1289	Dead tree	
woodcut	Logs	0	3096	3329	0	1289	Dead tree	
woodcut	Logs	0	3096	3332	0	1289	Dead tree	
woodcut	Logs	0	3096	3352	0	1289	Dead tree	
woodcut	Logs	0	3096	3353	0	1289	Dead tree	
woodcut	Logs	0	3096	3374	0	1289	Dead tree	
woodcut	Logs	0	3096	3381	0	1289	Dead tree	
woodcut	Logs	0	3096	3384	0	1289	Dead tree	
woodcut	Logs	0	3097	3347	0	1289	Dead tree	
woodcut	Logs	0	3097	3374	0	1289	Dead tree	
woodcut	Logs	0	3097	3375	0	1289	Dead tree	
woodcut	Logs	0	3097	3383	0	1289	Dead tree	
woodcut	Logs	0	3097	3384	0	1289	Dead tree	
woodcut	Logs	0	3098	3331	0	1289	Dead tree	
woodcut	Logs	0	3098	3334	0	1289	Dead tree	
woodcut	Logs	0	3098	3337	0	1289	Dead tree	
woodcut	Logs	0	3098	3352	0	1289	Dead tree	
woodcut	Logs	0	3098	3374	0	1289	Dead tree	
woodcut	Logs	0	3098	3386	0	1289	Dead tree	
woodcut	Logs	0	3099	3330	0	1289	Dead tree	
woodcut	Logs	0	3099	3331	0	1289	Dead tree	
woodcut	Logs	0	3099	3333	0	1289	Dead tree	
woodcut	Logs	0	3099	3335	0	1289	Dead tree	
woodcut	Logs	0	3099	3341	0	1289	Dead tree	
woodcut	Logs	0	3099	3347	0	1289	Dead tree	
woodcut	Logs	0	3099	3374	0	1289	Dead tree	
woodcut	Logs	0	3099	3386	0	1289	Dead tree	
woodcut	Logs	0	3100	3332	0	1289	Dead tree	
woodcut	Logs	0	3100	3338	0	1289	Dead tree	
woodcut	Logs	0	3100	3353	0	1289	Dead tree	
woodcut	Logs	0	3100	3374	0	1289	Dead tree	
woodcut	Logs	0	3100	3386	0	1289	Dead tree	
woodcut	Logs	0	3100	3391	0	1289	Dead tree	
woodcut	Logs	0	3101	3352	0	1289	Dead tree	
woodcut	Logs	0	3101	3353	0	1289	Dead tree	
woodcut	Logs	0	3101	3388	0	1289	Dead tree	
woodcut	Logs	0	3102	3340	0	1289	Dead tree	
woodcut	Logs	0	3102	3348	0	1289	Dead tree	
woodcut	Logs	0	3102	3349	0	1289	Dead tree	
woodcut	Logs	0	3102	3387	0	1289	Dead tree	
woodcut	Logs	0	3103	3377	0	1289	Dead tree	
woodcut	Logs	0	3103	3385	0	1289	Dead tree	
woodcut	Logs	0	3104	3333	0	1289	Dead tree	
woodcut	Logs	0	3104	3341	0	1289	Dead tree	
woodcut	Logs	0	3104	3349	0	1289	Dead tree	
woodcut	Logs	0	3104	3377	0	1289	Dead tree	
woodcut	Logs	0	3104	3384	0	1289	Dead tree	
woodcut	Logs	0	3105	3329	0	1289	Dead tree	
woodcut	Logs	0	3105	3341	0	1289	Dead tree	
woodcut	Logs	0	3105	3378	0	1289	Dead tree	
woodcut	Logs	0	3105	3391	0	1289	Dead tree	
woodcut	Logs	0	3106	3349	0	1289	Dead tree	
woodcut	Logs	0	3106	3374	0	1289	Dead tree	
woodcut	Logs	0	3106	3375	0	1289	Dead tree	
woodcut	Logs	0	3107	3333	0	1289	Dead tree	
woodcut	Logs	0	3107	3350	0	1289	Dead tree	
woodcut	Logs	0	3107	3374	0	1289	Dead tree	
woodcut	Logs	0	3107	3377	0	1289	Dead tree	
woodcut	Logs	0	3109	3382	0	1289	Dead tree	
woodcut	Logs	0	3110	3334	0	1289	Dead tree	
woodcut	Logs	0	3110	3341	0	1289	Dead tree	
woodcut	Logs	0	3110	3344	0	1289	Dead tree	
woodcut	Logs	0	3110	3349	0	1289	Dead tree	
woodcut	Logs	0	3110	3387	0	1289	Dead tree	
woodcut	Logs	0	3110	3389	0	1289	Dead tree	
woodcut	Logs	0	3111	3350	0	1289	Dead tree	
woodcut	Logs	0	3112	3339	0	1289	Dead tree	
woodcut	Logs	0	3112	3387	0	1289	Dead tree	
woodcut	Logs	0	3113	3332	0	1289	Dead tree	
woodcut	Logs	0	3113	3333	0	1289	Dead tree	
woodcut	Logs	0	3113	3334	0	1289	Dead tree	
woodcut	Logs	0	3113	3338	0	1289	Dead tree	
woodcut	Logs	0	3113	3375	0	1289	Dead tree	
woodcut	Logs	0	3113	3388	0	1289	Dead tree	
woodcut	Logs	0	3114	3339	0	1289	Dead tree	
woodcut	Logs	0	3114	3346	0	1289	Dead tree	
woodcut	Logs	0	3115	3330	0	1289	Dead tree	
woodcut	Logs	0	3115	3336	0	1289	Dead tree	
woodcut	Logs	0	3115	3341	0	1289	Dead tree	
woodcut	Logs	0	3115	3374	0	1289	Dead tree	
woodcut	Logs	0	3115	3383	0	1289	Dead tree	
woodcut	Logs	0	3115	3384	0	1289	Dead tree	
woodcut	Logs	0	3115	3388	0	1289	Dead tree	
woodcut	Logs	0	3116	3330	0	1289	Dead tree	
woodcut	Logs	0	3116	3385	0	1289	Dead tree	
woodcut	Logs	0	3117	3329	0	1289	Dead tree	
woodcut	Logs	0	3117	3352	0	1289	Dead tree	
woodcut	Logs	0	3117	3374	0	1289	Dead tree	
woodcut	Logs	0	3117	3381	0	1289	Dead tree	
woodcut	Logs	0	3117	3382	0	1289	Dead tree	
woodcut	Logs	0	3118	3352	0	1289	Dead tree	
woodcut	Logs	0	3118	3375	0	1289	Dead tree	
woodcut	Logs	0	3118	3383	0	1289	Dead tree	
woodcut	Logs	0	3119	3337	0	1289	Dead tree	
woodcut	Logs	0	3119	3374	0	1289	Dead tree	
woodcut	Logs	0	3119	3381	0	1289	Dead tree	
woodcut	Logs	0	3120	3328	0	1289	Dead tree	
woodcut	Logs	0	3120	3353	0	1289	Dead tree	
woodcut	Logs	0	3120	3365	0	1289	Dead tree	
woodcut	Logs	0	3120	3368	0	1289	Dead tree	
woodcut	Logs	0	3120	3372	0	1289	Dead tree	
woodcut	Logs	0	3120	3373	0	1289	Dead tree	
woodcut	Logs	0	3121	3337	0	1289	Dead tree	
woodcut	Logs	0	3121	3373	0	1289	Dead tree	
woodcut	Logs	0	3122	3334	0	1289	Dead tree	
woodcut	Logs	0	3122	3367	0	1289	Dead tree	
woodcut	Logs	0	3122	3370	0	1289	Dead tree	
woodcut	Logs	0	3123	3328	0	1289	Dead tree	
woodcut	Logs	0	3123	3366	0	1289	Dead tree	
woodcut	Logs	0	3124	3329	0	1289	Dead tree	
woodcut	Logs	0	3124	3330	0	1289	Dead tree	
woodcut	Logs	0	3124	3332	0	1289	Dead tree	
woodcut	Logs	0	3125	3331	0	1289	Dead tree	
woodcut	Logs	0	3125	3338	0	1289	Dead tree	
woodcut	Logs	0	3125	3349	0	1289	Dead tree	
woodcut	Logs	0	3125	3351	0	1289	Dead tree	
woodcut	Logs	0	3126	3334	0	1289	Dead tree	
woodcut	Logs	0	3126	3335	0	1289	Dead tree	
woodcut	Logs	0	3126	3336	0	1289	Dead tree	
woodcut	Logs	0	3126	3338	0	1289	Dead tree	
woodcut	Logs	0	3126	3347	0	1289	Dead tree	
woodcut	Logs	0	3126	3379	0	1289	Dead tree	
woodcut	Logs	0	3127	3343	0	1289	Dead tree	
woodcut	Logs	0	3127	3344	0	1289	Dead tree	
woodcut	Logs	0	3127	3351	0	1289	Dead tree	
woodcut	Logs	0	3127	3379	0	1289	Dead tree	
woodcut	Logs	0	3128	3360	0	1289	Dead tree	
woodcut	Logs	0	3128	3377	0	1289	Dead tree	
woodcut	Logs	0	3129	3344	0	1289	Dead tree	
woodcut	Logs	0	3129	3368	0	1289	Dead tree	
woodcut	Logs	0	3129	3372	0	1289	Dead tree	
woodcut	Logs	0	3129	3380	0	1289	Dead tree	
woodcut	Logs	0	3129	3384	0	1289	Dead tree	
woodcut	Logs	0	3130	3343	0	1289	Dead tree	
woodcut	Logs	0	3130	3366	0	1289	Dead tree	
woodcut	Logs	0	3130	3379	0	1289	Dead tree	
woodcut	Logs	0	3131	3336	0	1289	Dead tree	
woodcut	Logs	0	3131	3342	0	1289	Dead tree	
woodcut	Logs	0	3131	3347	0	1289	Dead tree	
woodcut	Logs	0	3131	3355	0	1289	Dead tree	
woodcut	Logs	0	3131	3371	0	1289	Dead tree	
woodcut	Logs	0	3131	3381	0	1289	Dead tree	
woodcut	Logs	0	3132	3331	0	1289	Dead tree	
woodcut	Logs	0	3132	3352	0	1289	Dead tree	
woodcut	Logs	0	3132	3359	0	1289	Dead tree	
woodcut	Logs	0	3132	3368	0	1289	Dead tree	
woodcut	Logs	0	3133	3335	0	1289	Dead tree	
woodcut	Logs	0	3133	3342	0	1289	Dead tree	
woodcut	Logs	0	3133	3345	0	1289	Dead tree	
woodcut	Logs	0	3133	3351	0	1289	Dead tree	
woodcut	Logs	0	3133	3358	0	1289	Dead tree	
woodcut	Logs	0	3134	3333	0	1289	Dead tree	
woodcut	Logs	0	3134	3334	0	1289	Dead tree	
woodcut	Logs	0	3134	3354	0	1289	Dead tree	
woodcut	Logs	0	3134	3357	0	1289	Dead tree	
woodcut	Logs	0	3134	3365	0	1289	Dead tree	
woodcut	Logs	0	3135	3359	0	1289	Dead tree	
woodcut	Logs	0	3135	3369	0	1289	Dead tree	
woodcut	Logs	0	3099	3416	0	1276	Tree	
woodcut	Logs	0	3128	3448	0	1276	Tree	
woodcut	Logs	0	3132	3448	0	1276	Tree	
woodcut	Logs	0	3082	3454	0	1278	Tree	
woodcut	Logs	0	3087	3454	0	1278	Tree	
woodcut	Logs	0	3092	3431	0	1278	Tree	
woodcut	Logs	0	3095	3407	0	1278	Tree	
woodcut	Logs	0	3100	3436	0	1278	Tree	
woodcut	Logs	0	3101	3404	0	1278	Tree	
woodcut	Logs	0	3102	3428	0	1278	Tree	
woodcut	Logs	0	3102	3431	0	1278	Tree	
woodcut	Logs	0	3107	3447	0	1278	Tree	
woodcut	Logs	0	3107	3451	0	1278	Tree	
woodcut	Logs	0	3118	3434	0	1278	Tree	
woodcut	Logs	0	3119	3425	0	1278	Tree	
woodcut	Logs	0	3121	3433	0	1278	Tree	
woodcut	Logs	0	3121	3438	0	1278	Tree	
woodcut	Logs	0	3122	3411	0	1278	Tree	
woodcut	Logs	0	3127	3444	0	1278	Tree	
woodcut	Logs	0	3128	3400	0	1278	Tree	
woodcut	Logs	0	3128	3409	0	1278	Tree	
woodcut	Logs	0	3128	3429	0	1278	Tree	
woodcut	Logs	0	3128	3454	0	1278	Tree	
woodcut	Logs	0	3132	3437	0	1278	Tree	
woodcut	Logs	0	3133	3429	0	1278	Tree	
woodcut	Logs	0	3133	3441	0	1278	Tree	
woodcut	Logs	0	3133	3454	0	1278	Tree	
woodcut	Oak logs	15	3074	3422	0	1281	Oak	
woodcut	Oak logs	15	3096	3410	0	1281	Oak	
woodcut	Oak logs	15	3100	3408	0	1281	Oak	
woodcut	Oak logs	15	3116	3402	0	1281	Oak	
woodcut	Oak logs	15	3116	3409	0	1281	Oak	
woodcut	Oak logs	15	3120	3428	0	1281	Oak	
woodcut	Oak logs	15	3123	3407	0	1281	Oak	
woodcut	Oak logs	15	3126	3437	0	1281	Oak	
woodcut	Oak logs	15	3131	3432	0	1281	Oak	
woodcut	Logs	0	3073	3402	0	1282	Dead tree	
woodcut	Logs	0	3073	3433	0	1282	Dead tree	
woodcut	Logs	0	3075	3449	0	1282	Dead tree	
woodcut	Logs	0	3079	3451	0	1282	Dead tree	
woodcut	Logs	0	3080	3394	0	1282	Dead tree	
woodcut	Logs	0	3085	3399	0	1282	Dead tree	
woodcut	Logs	0	3087	3446	0	1282	Dead tree	
woodcut	Logs	0	3088	3395	0	1282	Dead tree	
woodcut	Logs	0	3088	3402	0	1282	Dead tree	
woodcut	Logs	0	3089	3415	0	1282	Dead tree	
woodcut	Logs	0	3091	3401	0	1282	Dead tree	
woodcut	Logs	0	3094	3403	0	1282	Dead tree	
woodcut	Logs	0	3098	3393	0	1282	Dead tree	
woodcut	Logs	0	3099	3401	0	1282	Dead tree	
woodcut	Logs	0	3110	3444	0	1282	Dead tree	
woodcut	Logs	0	3111	3445	0	1282	Dead tree	
woodcut	Logs	0	3112	3442	0	1282	Dead tree	
woodcut	Logs	0	3112	3443	0	1282	Dead tree	
woodcut	Logs	0	3114	3442	0	1282	Dead tree	
woodcut	Logs	0	3115	3445	0	1282	Dead tree	
woodcut	Logs	0	3120	3449	0	1282	Dead tree	
woodcut	Logs	0	3121	3448	0	1282	Dead tree	
woodcut	Logs	0	3123	3448	0	1282	Dead tree	
woodcut	Logs	0	3123	3450	0	1282	Dead tree	
woodcut	Logs	0	3072	3395	0	1286	Dead tree	
woodcut	Logs	0	3075	3394	0	1286	Dead tree	
woodcut	Logs	0	3075	3398	0	1286	Dead tree	
woodcut	Logs	0	3078	3402	0	1286	Dead tree	
woodcut	Logs	0	3079	3398	0	1286	Dead tree	
woodcut	Logs	0	3081	3401	0	1286	Dead tree	
woodcut	Logs	0	3085	3393	0	1286	Dead tree	
woodcut	Logs	0	3085	3396	0	1286	Dead tree	
woodcut	Logs	0	3094	3394	0	1286	Dead tree	
woodcut	Logs	0	3096	3398	0	1286	Dead tree	
woodcut	Logs	0	3102	3393	0	1286	Dead tree	
woodcut	Logs	0	3104	3396	0	1286	Dead tree	
woodcut	Logs	0	3105	3399	0	1286	Dead tree	
woodcut	Logs	0	3110	3449	0	1289	Dead tree	
woodcut	Logs	0	3110	3455	0	1289	Dead tree	
woodcut	Logs	0	3111	3450	0	1289	Dead tree	
woodcut	Logs	0	3111	3453	0	1289	Dead tree	
woodcut	Logs	0	3112	3447	0	1289	Dead tree	
woodcut	Logs	0	3116	3454	0	1289	Dead tree	
woodcut	Logs	0	3118	3455	0	1289	Dead tree	
woodcut	Logs	0	3120	3452	0	1289	Dead tree	
woodcut	Logs	0	3121	3453	0	1289	Dead tree	
mining	Tin ore	1	3086	3416	0	2094	Rocks	
mining	Tin ore	1	3086	3417	0	2094	Rocks	
mining	Tin ore	1	3086	3425	0	2094	Rocks	
mining	Tin ore	1	3087	3418	0	2094	Rocks	
mining	Tin ore	1	3088	3417	0	2094	Rocks	
mining	Coal	30	3087	3431	0	2096	Rocks	
mining	Coal	30	3087	3432	0	2096	Rocks	
mining	Coal	30	3089	3433	0	2096	Rocks	
mining	Coal	30	3089	3434	0	2096	Rocks	
woodcut	Logs	0	3073	3478	0	1276	Tree	
woodcut	Logs	0	3073	3482	0	1276	Tree	
woodcut	Logs	0	3073	3488	0	1276	Tree	
woodcut	Logs	0	3074	3469	0	1276	Tree	
woodcut	Logs	0	3076	3516	0	1276	Tree	
woodcut	Logs	0	3082	3516	0	1276	Tree	
woodcut	Logs	0	3090	3503	0	1276	Tree	
woodcut	Logs	0	3097	3518	0	1276	Tree	
woodcut	Logs	0	3103	3511	0	1276	Tree	
woodcut	Logs	0	3110	3456	0	1276	Tree	
woodcut	Logs	0	3112	3505	0	1276	Tree	
woodcut	Logs	0	3113	3502	0	1276	Tree	
woodcut	Logs	0	3118	3457	0	1276	Tree	
woodcut	Logs	0	3118	3474	0	1276	Tree	
woodcut	Logs	0	3118	3478	0	1276	Tree	
woodcut	Logs	0	3118	3499	0	1276	Tree	
woodcut	Logs	0	3119	3482	0	1276	Tree	
woodcut	Logs	0	3120	3501	0	1276	Tree	
woodcut	Logs	0	3121	3479	0	1276	Tree	
woodcut	Logs	0	3121	3493	0	1276	Tree	
woodcut	Logs	0	3123	3504	0	1276	Tree	
woodcut	Logs	0	3124	3509	0	1276	Tree	
woodcut	Logs	0	3127	3486	0	1276	Tree	
woodcut	Logs	0	3127	3494	0	1276	Tree	
woodcut	Logs	0	3130	3488	0	1276	Tree	
woodcut	Logs	0	3131	3500	0	1276	Tree	
woodcut	Logs	0	3133	3490	0	1276	Tree	
woodcut	Logs	0	3073	3463	0	1278	Tree	
woodcut	Logs	0	3074	3466	0	1278	Tree	
woodcut	Logs	0	3075	3458	0	1278	Tree	
woodcut	Logs	0	3076	3463	0	1278	Tree	
woodcut	Logs	0	3081	3459	0	1278	Tree	
woodcut	Logs	0	3089	3457	0	1278	Tree	
woodcut	Logs	0	3090	3516	0	1278	Tree	
woodcut	Logs	0	3117	3486	0	1278	Tree	
woodcut	Logs	0	3117	3506	0	1278	Tree	
woodcut	Logs	0	3120	3505	0	1278	Tree	
woodcut	Logs	0	3121	3473	0	1278	Tree	
woodcut	Logs	0	3121	3476	0	1278	Tree	
woodcut	Logs	0	3122	3483	0	1278	Tree	
woodcut	Logs	0	3122	3487	0	1278	Tree	
woodcut	Logs	0	3122	3512	0	1278	Tree	
woodcut	Logs	0	3123	3470	0	1278	Tree	
woodcut	Logs	0	3124	3479	0	1278	Tree	
woodcut	Logs	0	3125	3505	0	1278	Tree	
woodcut	Logs	0	3128	3479	0	1278	Tree	
woodcut	Logs	0	3128	3482	0	1278	Tree	
woodcut	Logs	0	3128	3500	0	1278	Tree	
woodcut	Logs	0	3128	3512	0	1278	Tree	
woodcut	Logs	0	3129	3505	0	1278	Tree	
woodcut	Logs	0	3131	3477	0	1278	Tree	
woodcut	Logs	0	3131	3483	0	1278	Tree	
woodcut	Logs	0	3131	3494	0	1278	Tree	
woodcut	Logs	0	3132	3472	0	1278	Tree	
woodcut	Logs	0	3132	3503	0	1278	Tree	
woodcut	Logs	0	3132	3509	0	1278	Tree	
woodcut	Logs	0	3133	3497	0	1278	Tree	
woodcut	Logs	0	3133	3513	0	1278	Tree	
woodcut	Oak logs	15	3113	3456	0	1281	Oak	
woodcut	Oak logs	15	3126	3471	0	1281	Oak	
woodcut	Oak logs	15	3133	3480	0	1281	Oak	
woodcut	Willow logs	30	3111	3487	0	1308	Willow	
woodcut	Willow logs	30	3113	3494	0	1308	Willow	
woodcut	Yew logs	60	3085	3468	0	1309	Yew	
woodcut	Yew logs	60	3085	3480	0	1309	Yew	
woodcut	Logs	0	3076	3527	0	1276	Tree	
woodcut	Logs	0	3086	3526	0	1276	Tree	
woodcut	Logs	0	3104	3533	0	1276	Tree	
woodcut	Logs	0	3106	3536	0	1276	Tree	
woodcut	Logs	0	3120	3526	0	1276	Tree	
woodcut	Logs	0	3133	3528	0	1276	Tree	
woodcut	Logs	0	3081	3531	0	1278	Tree	
woodcut	Logs	0	3097	3537	0	1278	Tree	
woodcut	Logs	0	3098	3533	0	1278	Tree	
woodcut	Logs	0	3111	3527	0	1278	Tree	
woodcut	Logs	0	3113	3531	0	1278	Tree	
woodcut	Logs	0	3130	3531	0	1278	Tree	
woodcut	Oak logs	15	3081	3527	0	1281	Oak	
woodcut	Oak logs	15	3101	3535	0	1281	Oak	
woodcut	Oak logs	15	3115	3526	0	1281	Oak	
woodcut	Logs	0	3076	3557	0	1282	Dead tree	
woodcut	Logs	0	3113	3578	0	1282	Dead tree	
woodcut	Logs	0	3130	3580	0	1282	Dead tree	
woodcut	Logs	0	3073	3558	0	1286	Dead tree	
woodcut	Logs	0	3073	3566	0	1286	Dead tree	
woodcut	Logs	0	3074	3579	0	1286	Dead tree	
woodcut	Logs	0	3075	3554	0	1286	Dead tree	
woodcut	Logs	0	3075	3561	0	1286	Dead tree	
woodcut	Logs	0	3079	3555	0	1286	Dead tree	
woodcut	Logs	0	3080	3560	0	1286	Dead tree	
woodcut	Logs	0	3085	3556	0	1286	Dead tree	
woodcut	Logs	0	3090	3553	0	1286	Dead tree	
woodcut	Logs	0	3099	3581	0	1286	Dead tree	
woodcut	Logs	0	3100	3558	0	1286	Dead tree	
woodcut	Logs	0	3101	3578	0	1286	Dead tree	
woodcut	Logs	0	3101	3583	0	1286	Dead tree	
woodcut	Logs	0	3105	3579	0	1286	Dead tree	
woodcut	Logs	0	3106	3582	0	1286	Dead tree	
woodcut	Logs	0	3111	3580	0	1286	Dead tree	
woodcut	Logs	0	3115	3576	0	1286	Dead tree	
woodcut	Logs	0	3118	3579	0	1286	Dead tree	
woodcut	Logs	0	3126	3580	0	1286	Dead tree	
woodcut	Logs	0	3131	3577	0	1286	Dead tree	
woodcut	Logs	0	3133	3581	0	1286	Dead tree	
mining	Iron ore	15	3104	3570	0	2092	Rocks	
mining	Iron ore	15	3105	3569	0	2093	Rocks	
mining	Coal	30	3104	3567	0	2096	Rocks	
mining	Coal	30	3103	3565	0	2097	Rocks	
mining	Coal	30	3103	3566	0	2097	Rocks	
woodcut	Logs	0	3074	3634	0	1282	Dead tree	
woodcut	Logs	0	3082	3610	0	1282	Dead tree	
woodcut	Logs	0	3088	3602	0	1282	Dead tree	
woodcut	Logs	0	3111	3600	0	1282	Dead tree	
woodcut	Logs	0	3111	3637	0	1282	Dead tree	
woodcut	Logs	0	3116	3602	0	1282	Dead tree	
woodcut	Logs	0	3118	3634	0	1282	Dead tree	
woodcut	Logs	0	3120	3609	0	1282	Dead tree	
woodcut	Logs	0	3120	3627	0	1282	Dead tree	
woodcut	Logs	0	3072	3638	0	1286	Dead tree	
woodcut	Logs	0	3073	3632	0	1286	Dead tree	
woodcut	Logs	0	3074	3629	0	1286	Dead tree	
woodcut	Logs	0	3074	3645	0	1286	Dead tree	
woodcut	Logs	0	3076	3641	0	1286	Dead tree	
woodcut	Logs	0	3078	3636	0	1286	Dead tree	
woodcut	Logs	0	3079	3612	0	1286	Dead tree	
woodcut	Logs	0	3079	3630	0	1286	Dead tree	
woodcut	Logs	0	3080	3608	0	1286	Dead tree	
woodcut	Logs	0	3080	3643	0	1286	Dead tree	
woodcut	Logs	0	3081	3636	0	1286	Dead tree	
woodcut	Logs	0	3083	3605	0	1286	Dead tree	
woodcut	Logs	0	3083	3613	0	1286	Dead tree	
woodcut	Logs	0	3083	3639	0	1286	Dead tree	
woodcut	Logs	0	3085	3610	0	1286	Dead tree	
woodcut	Logs	0	3086	3602	0	1286	Dead tree	
woodcut	Logs	0	3086	3605	0	1286	Dead tree	
woodcut	Logs	0	3087	3599	0	1286	Dead tree	
woodcut	Logs	0	3087	3608	0	1286	Dead tree	
woodcut	Logs	0	3090	3605	0	1286	Dead tree	
woodcut	Logs	0	3092	3599	0	1286	Dead tree	
woodcut	Logs	0	3092	3601	0	1286	Dead tree	
woodcut	Logs	0	3106	3636	0	1286	Dead tree	
woodcut	Logs	0	3107	3640	0	1286	Dead tree	
woodcut	Logs	0	3108	3601	0	1286	Dead tree	
woodcut	Logs	0	3108	3635	0	1286	Dead tree	
woodcut	Logs	0	3109	3598	0	1286	Dead tree	
woodcut	Logs	0	3112	3604	0	1286	Dead tree	
woodcut	Logs	0	3112	3635	0	1286	Dead tree	
woodcut	Logs	0	3112	3640	0	1286	Dead tree	
woodcut	Logs	0	3114	3604	0	1286	Dead tree	
woodcut	Logs	0	3114	3637	0	1286	Dead tree	
woodcut	Logs	0	3115	3599	0	1286	Dead tree	
woodcut	Logs	0	3115	3606	0	1286	Dead tree	
woodcut	Logs	0	3116	3631	0	1286	Dead tree	
woodcut	Logs	0	3117	3610	0	1286	Dead tree	
woodcut	Logs	0	3118	3607	0	1286	Dead tree	
woodcut	Logs	0	3118	3613	0	1286	Dead tree	
woodcut	Logs	0	3118	3632	0	1286	Dead tree	
woodcut	Logs	0	3119	3601	0	1286	Dead tree	
woodcut	Logs	0	3119	3637	0	1286	Dead tree	
woodcut	Logs	0	3120	3625	0	1286	Dead tree	
woodcut	Logs	0	3121	3602	0	1286	Dead tree	
woodcut	Logs	0	3121	3634	0	1286	Dead tree	
woodcut	Logs	0	3122	3605	0	1286	Dead tree	
woodcut	Logs	0	3123	3607	0	1286	Dead tree	
woodcut	Logs	0	3123	3614	0	1286	Dead tree	
woodcut	Logs	0	3124	3611	0	1286	Dead tree	
woodcut	Logs	0	3124	3629	0	1286	Dead tree	
woodcut	Logs	0	3073	3642	0	1383	Dead tree	
woodcut	Logs	0	3074	3626	0	1383	Dead tree	
woodcut	Logs	0	3074	3639	0	1383	Dead tree	
woodcut	Logs	0	3077	3629	0	1383	Dead tree	
woodcut	Logs	0	3077	3632	0	1383	Dead tree	
woodcut	Logs	0	3077	3639	0	1383	Dead tree	
woodcut	Logs	0	3077	3643	0	1383	Dead tree	
woodcut	Logs	0	3077	3646	0	1383	Dead tree	
woodcut	Logs	0	3080	3610	0	1383	Dead tree	
woodcut	Logs	0	3080	3640	0	1383	Dead tree	
woodcut	Logs	0	3081	3612	0	1383	Dead tree	
woodcut	Logs	0	3081	3632	0	1383	Dead tree	
woodcut	Logs	0	3082	3608	0	1383	Dead tree	
woodcut	Logs	0	3082	3631	0	1383	Dead tree	
woodcut	Logs	0	3084	3602	0	1383	Dead tree	
woodcut	Logs	0	3084	3607	0	1383	Dead tree	
woodcut	Logs	0	3085	3612	0	1383	Dead tree	
woodcut	Logs	0	3085	3635	0	1383	Dead tree	
woodcut	Logs	0	3085	3642	0	1383	Dead tree	
woodcut	Logs	0	3088	3605	0	1383	Dead tree	
woodcut	Logs	0	3088	3609	0	1383	Dead tree	
woodcut	Logs	0	3089	3600	0	1383	Dead tree	
woodcut	Logs	0	3090	3607	0	1383	Dead tree	
woodcut	Logs	0	3091	3602	0	1383	Dead tree	
woodcut	Logs	0	3093	3603	0	1383	Dead tree	
woodcut	Logs	0	3094	3600	0	1383	Dead tree	
woodcut	Logs	0	3094	3605	0	1383	Dead tree	
woodcut	Logs	0	3104	3635	0	1383	Dead tree	
woodcut	Logs	0	3104	3640	0	1383	Dead tree	
woodcut	Logs	0	3105	3603	0	1383	Dead tree	
woodcut	Logs	0	3106	3599	0	1383	Dead tree	
woodcut	Logs	0	3108	3638	0	1383	Dead tree	
woodcut	Logs	0	3109	3641	0	1383	Dead tree	
woodcut	Logs	0	3110	3602	0	1383	Dead tree	
woodcut	Logs	0	3110	3634	0	1383	Dead tree	
woodcut	Logs	0	3111	3606	0	1383	Dead tree	
woodcut	Logs	0	3112	3598	0	1383	Dead tree	
woodcut	Logs	0	3113	3633	0	1383	Dead tree	
woodcut	Logs	0	3114	3601	0	1383	Dead tree	
woodcut	Logs	0	3114	3631	0	1383	Dead tree	
woodcut	Logs	0	3115	3640	0	1383	Dead tree	
woodcut	Logs	0	3116	3608	0	1383	Dead tree	
woodcut	Logs	0	3116	3634	0	1383	Dead tree	
woodcut	Logs	0	3116	3636	0	1383	Dead tree	
woodcut	Logs	0	3116	3638	0	1383	Dead tree	
woodcut	Logs	0	3118	3628	0	1383	Dead tree	
woodcut	Logs	0	3119	3630	0	1383	Dead tree	
woodcut	Logs	0	3120	3605	0	1383	Dead tree	
woodcut	Logs	0	3120	3612	0	1383	Dead tree	
woodcut	Logs	0	3120	3615	0	1383	Dead tree	
woodcut	Logs	0	3121	3607	0	1383	Dead tree	
woodcut	Logs	0	3121	3632	0	1383	Dead tree	
woodcut	Logs	0	3121	3636	0	1383	Dead tree	
woodcut	Logs	0	3122	3630	0	1383	Dead tree	
woodcut	Logs	0	3123	3608	0	1383	Dead tree	
woodcut	Logs	0	3123	3625	0	1383	Dead tree	
woodcut	Logs	0	3124	3627	0	1383	Dead tree	
woodcut	Logs	0	3124	3632	0	1383	Dead tree	
woodcut	Logs	0	3125	3609	0	1383	Dead tree	
woodcut	Logs	0	3125	3612	0	1383	Dead tree	
woodcut	Logs	0	3074	3656	0	1282	Dead tree	
woodcut	Logs	0	3079	3650	0	1282	Dead tree	
woodcut	Logs	0	3082	3699	0	1282	Dead tree	
woodcut	Logs	0	3083	3656	0	1282	Dead tree	
woodcut	Logs	0	3083	3669	0	1282	Dead tree	
woodcut	Logs	0	3086	3659	0	1282	Dead tree	
woodcut	Logs	0	3087	3651	0	1282	Dead tree	
woodcut	Logs	0	3087	3656	0	1282	Dead tree	
woodcut	Logs	0	3087	3659	0	1282	Dead tree	
woodcut	Logs	0	3088	3654	0	1282	Dead tree	
woodcut	Logs	0	3088	3656	0	1282	Dead tree	
woodcut	Logs	0	3088	3657	0	1282	Dead tree	
woodcut	Logs	0	3088	3661	0	1282	Dead tree	
woodcut	Logs	0	3088	3696	0	1282	Dead tree	
woodcut	Logs	0	3089	3658	0	1282	Dead tree	
woodcut	Logs	0	3089	3673	0	1282	Dead tree	
woodcut	Logs	0	3090	3654	0	1282	Dead tree	
woodcut	Logs	0	3090	3661	0	1282	Dead tree	
woodcut	Logs	0	3090	3662	0	1282	Dead tree	
woodcut	Logs	0	3091	3650	0	1282	Dead tree	
woodcut	Logs	0	3091	3657	0	1282	Dead tree	
woodcut	Logs	0	3091	3658	0	1282	Dead tree	
woodcut	Logs	0	3092	3655	0	1282	Dead tree	
woodcut	Logs	0	3092	3659	0	1282	Dead tree	
woodcut	Logs	0	3093	3657	0	1282	Dead tree	
woodcut	Logs	0	3093	3662	0	1282	Dead tree	
woodcut	Logs	0	3093	3675	0	1282	Dead tree	
woodcut	Logs	0	3094	3660	0	1282	Dead tree	
woodcut	Logs	0	3094	3662	0	1282	Dead tree	
woodcut	Logs	0	3095	3658	0	1282	Dead tree	
woodcut	Logs	0	3095	3660	0	1282	Dead tree	
woodcut	Logs	0	3096	3658	0	1282	Dead tree	
woodcut	Logs	0	3097	3664	0	1282	Dead tree	
woodcut	Logs	0	3100	3662	0	1282	Dead tree	
woodcut	Logs	0	3112	3659	0	1282	Dead tree	
woodcut	Logs	0	3116	3656	0	1282	Dead tree	
woodcut	Logs	0	3125	3660	0	1282	Dead tree	
woodcut	Logs	0	3127	3672	0	1282	Dead tree	
woodcut	Logs	0	3129	3682	0	1282	Dead tree	
woodcut	Logs	0	3090	3656	0	1283	Dead tree	
woodcut	Logs	0	3090	3659	0	1283	Dead tree	
woodcut	Logs	0	3092	3661	0	1283	Dead tree	
woodcut	Logs	0	3093	3659	0	1283	Dead tree	
woodcut	Logs	0	3072	3653	0	1286	Dead tree	
woodcut	Logs	0	3072	3656	0	1286	Dead tree	
woodcut	Logs	0	3073	3650	0	1286	Dead tree	
woodcut	Logs	0	3074	3662	0	1286	Dead tree	
woodcut	Logs	0	3075	3660	0	1286	Dead tree	
woodcut	Logs	0	3076	3650	0	1286	Dead tree	
woodcut	Logs	0	3077	3663	0	1286	Dead tree	
woodcut	Logs	0	3078	3654	0	1286	Dead tree	
woodcut	Logs	0	3078	3660	0	1286	Dead tree	
woodcut	Logs	0	3078	3699	0	1286	Dead tree	
woodcut	Logs	0	3079	3648	0	1286	Dead tree	
woodcut	Logs	0	3079	3666	0	1286	Dead tree	
woodcut	Logs	0	3079	3669	0	1286	Dead tree	
woodcut	Logs	0	3079	3701	0	1286	Dead tree	
woodcut	Logs	0	3080	3657	0	1286	Dead tree	
woodcut	Logs	0	3080	3660	0	1286	Dead tree	
woodcut	Logs	0	3081	3662	0	1286	Dead tree	
woodcut	Logs	0	3081	3669	0	1286	Dead tree	
woodcut	Logs	0	3081	3673	0	1286	Dead tree	
woodcut	Logs	0	3082	3652	0	1286	Dead tree	
woodcut	Logs	0	3082	3655	0	1286	Dead tree	
woodcut	Logs	0	3082	3664	0	1286	Dead tree	
woodcut	Logs	0	3082	3697	0	1286	Dead tree	
woodcut	Logs	0	3082	3704	0	1286	Dead tree	
woodcut	Logs	0	3083	3667	0	1286	Dead tree	
woodcut	Logs	0	3084	3673	0	1286	Dead tree	
woodcut	Logs	0	3085	3696	0	1286	Dead tree	
woodcut	Logs	0	3085	3698	0	1286	Dead tree	
woodcut	Logs	0	3085	3700	0	1286	Dead tree	
woodcut	Logs	0	3086	3670	0	1286	Dead tree	
woodcut	Logs	0	3086	3674	0	1286	Dead tree	
woodcut	Logs	0	3086	3704	0	1286	Dead tree	
woodcut	Logs	0	3087	3699	0	1286	Dead tree	
woodcut	Logs	0	3087	3703	0	1286	Dead tree	
woodcut	Logs	0	3088	3669	0	1286	Dead tree	
woodcut	Logs	0	3088	3694	0	1286	Dead tree	
woodcut	Logs	0	3088	3699	0	1286	Dead tree	
woodcut	Logs	0	3089	3671	0	1286	Dead tree	
woodcut	Logs	0	3089	3702	0	1286	Dead tree	
woodcut	Logs	0	3090	3676	0	1286	Dead tree	
woodcut	Logs	0	3090	3695	0	1286	Dead tree	
woodcut	Logs	0	3092	3670	0	1286	Dead tree	
woodcut	Logs	0	3092	3698	0	1286	Dead tree	
woodcut	Logs	0	3092	3700	0	1286	Dead tree	
woodcut	Logs	0	3094	3680	0	1286	Dead tree	
woodcut	Logs	0	3095	3673	0	1286	Dead tree	
woodcut	Logs	0	3097	3676	0	1286	Dead tree	
woodcut	Logs	0	3107	3660	0	1286	Dead tree	
woodcut	Logs	0	3109	3658	0	1286	Dead tree	
woodcut	Logs	0	3110	3654	0	1286	Dead tree	
woodcut	Logs	0	3113	3657	0	1286	Dead tree	
woodcut	Logs	0	3114	3652	0	1286	Dead tree	
woodcut	Logs	0	3114	3655	0	1286	Dead tree	
woodcut	Logs	0	3114	3661	0	1286	Dead tree	
woodcut	Logs	0	3115	3659	0	1286	Dead tree	
woodcut	Logs	0	3117	3659	0	1286	Dead tree	
woodcut	Logs	0	3117	3664	0	1286	Dead tree	
woodcut	Logs	0	3118	3651	0	1286	Dead tree	
woodcut	Logs	0	3120	3655	0	1286	Dead tree	
woodcut	Logs	0	3120	3657	0	1286	Dead tree	
woodcut	Logs	0	3121	3667	0	1286	Dead tree	
woodcut	Logs	0	3122	3657	0	1286	Dead tree	
woodcut	Logs	0	3122	3672	0	1286	Dead tree	
woodcut	Logs	0	3123	3670	0	1286	Dead tree	
woodcut	Logs	0	3123	3676	0	1286	Dead tree	
woodcut	Logs	0	3124	3654	0	1286	Dead tree	
woodcut	Logs	0	3124	3668	0	1286	Dead tree	
woodcut	Logs	0	3125	3664	0	1286	Dead tree	
woodcut	Logs	0	3125	3671	0	1286	Dead tree	
woodcut	Logs	0	3125	3679	0	1286	Dead tree	
woodcut	Logs	0	3126	3656	0	1286	Dead tree	
woodcut	Logs	0	3126	3658	0	1286	Dead tree	
woodcut	Logs	0	3126	3667	0	1286	Dead tree	
woodcut	Logs	0	3126	3675	0	1286	Dead tree	
woodcut	Logs	0	3126	3684	0	1286	Dead tree	
woodcut	Logs	0	3127	3678	0	1286	Dead tree	
woodcut	Logs	0	3127	3680	0	1286	Dead tree	
woodcut	Logs	0	3127	3682	0	1286	Dead tree	
woodcut	Logs	0	3128	3661	0	1286	Dead tree	
woodcut	Logs	0	3128	3665	0	1286	Dead tree	
woodcut	Logs	0	3128	3667	0	1286	Dead tree	
woodcut	Logs	0	3128	3675	0	1286	Dead tree	
woodcut	Logs	0	3128	3684	0	1286	Dead tree	
woodcut	Logs	0	3128	3688	0	1286	Dead tree	
woodcut	Logs	0	3128	3690	0	1286	Dead tree	
woodcut	Logs	0	3129	3669	0	1286	Dead tree	
woodcut	Logs	0	3129	3671	0	1286	Dead tree	
woodcut	Logs	0	3129	3677	0	1286	Dead tree	
woodcut	Logs	0	3130	3657	0	1286	Dead tree	
woodcut	Logs	0	3130	3685	0	1286	Dead tree	
woodcut	Logs	0	3131	3659	0	1286	Dead tree	
woodcut	Logs	0	3131	3675	0	1286	Dead tree	
woodcut	Logs	0	3131	3679	0	1286	Dead tree	
woodcut	Logs	0	3131	3681	0	1286	Dead tree	
woodcut	Logs	0	3131	3689	0	1286	Dead tree	
woodcut	Logs	0	3132	3664	0	1286	Dead tree	
woodcut	Logs	0	3132	3685	0	1286	Dead tree	
woodcut	Logs	0	3133	3673	0	1286	Dead tree	
woodcut	Logs	0	3133	3676	0	1286	Dead tree	
woodcut	Logs	0	3133	3682	0	1286	Dead tree	
woodcut	Logs	0	3134	3686	0	1286	Dead tree	
woodcut	Logs	0	3072	3659	0	1383	Dead tree	
woodcut	Logs	0	3073	3660	0	1383	Dead tree	
woodcut	Logs	0	3074	3648	0	1383	Dead tree	
woodcut	Logs	0	3074	3652	0	1383	Dead tree	
woodcut	Logs	0	3076	3653	0	1383	Dead tree	
woodcut	Logs	0	3077	3659	0	1383	Dead tree	
woodcut	Logs	0	3078	3656	0	1383	Dead tree	
woodcut	Logs	0	3079	3663	0	1383	Dead tree	
woodcut	Logs	0	3079	3698	0	1383	Dead tree	
woodcut	Logs	0	3080	3653	0	1383	Dead tree	
woodcut	Logs	0	3081	3648	0	1383	Dead tree	
woodcut	Logs	0	3081	3654	0	1383	Dead tree	
woodcut	Logs	0	3081	3666	0	1383	Dead tree	
woodcut	Logs	0	3081	3671	0	1383	Dead tree	
woodcut	Logs	0	3081	3702	0	1383	Dead tree	
woodcut	Logs	0	3083	3651	0	1383	Dead tree	
woodcut	Logs	0	3083	3674	0	1383	Dead tree	
woodcut	Logs	0	3084	3702	0	1383	Dead tree	
woodcut	Logs	0	3085	3668	0	1383	Dead tree	
woodcut	Logs	0	3086	3696	0	1383	Dead tree	
woodcut	Logs	0	3087	3672	0	1383	Dead tree	
woodcut	Logs	0	3087	3676	0	1383	Dead tree	
woodcut	Logs	0	3089	3704	0	1383	Dead tree	
woodcut	Logs	0	3090	3669	0	1383	Dead tree	
woodcut	Logs	0	3091	3699	0	1383	Dead tree	
woodcut	Logs	0	3092	3672	0	1383	Dead tree	
woodcut	Logs	0	3092	3678	0	1383	Dead tree	
woodcut	Logs	0	3092	3696	0	1383	Dead tree	
woodcut	Logs	0	3096	3678	0	1383	Dead tree	
woodcut	Logs	0	3108	3656	0	1383	Dead tree	
woodcut	Logs	0	3109	3661	0	1383	Dead tree	
woodcut	Logs	0	3112	3654	0	1383	Dead tree	
woodcut	Logs	0	3113	3663	0	1383	Dead tree	
woodcut	Logs	0	3117	3653	0	1383	Dead tree	
woodcut	Logs	0	3117	3661	0	1383	Dead tree	
woodcut	Logs	0	3120	3659	0	1383	Dead tree	
woodcut	Logs	0	3122	3662	0	1383	Dead tree	
woodcut	Logs	0	3123	3659	0	1383	Dead tree	
woodcut	Logs	0	3124	3665	0	1383	Dead tree	
woodcut	Logs	0	3124	3673	0	1383	Dead tree	
woodcut	Logs	0	3125	3681	0	1383	Dead tree	
woodcut	Logs	0	3127	3654	0	1383	Dead tree	
woodcut	Logs	0	3127	3669	0	1383	Dead tree	
woodcut	Logs	0	3127	3686	0	1383	Dead tree	
woodcut	Logs	0	3129	3659	0	1383	Dead tree	
woodcut	Logs	0	3129	3663	0	1383	Dead tree	
woodcut	Logs	0	3129	3680	0	1383	Dead tree	
woodcut	Logs	0	3130	3670	0	1383	Dead tree	
woodcut	Logs	0	3130	3673	0	1383	Dead tree	
woodcut	Logs	0	3130	3687	0	1383	Dead tree	
woodcut	Logs	0	3132	3683	0	1383	Dead tree	
woodcut	Logs	0	3096	3719	0	1282	Dead tree	
woodcut	Logs	0	3105	3728	0	1282	Dead tree	
woodcut	Logs	0	3107	3718	0	1282	Dead tree	
woodcut	Logs	0	3114	3732	0	1282	Dead tree	
woodcut	Logs	0	3115	3722	0	1282	Dead tree	
woodcut	Logs	0	3123	3729	0	1282	Dead tree	
woodcut	Logs	0	3126	3736	0	1282	Dead tree	
woodcut	Logs	0	3094	3723	0	1286	Dead tree	
woodcut	Logs	0	3095	3720	0	1286	Dead tree	
woodcut	Logs	0	3096	3718	0	1286	Dead tree	
woodcut	Logs	0	3097	3721	0	1286	Dead tree	
woodcut	Logs	0	3100	3721	0	1286	Dead tree	
woodcut	Logs	0	3101	3717	0	1286	Dead tree	
woodcut	Logs	0	3101	3719	0	1286	Dead tree	
woodcut	Logs	0	3101	3725	0	1286	Dead tree	
woodcut	Logs	0	3102	3731	0	1286	Dead tree	
woodcut	Logs	0	3103	3721	0	1286	Dead tree	
woodcut	Logs	0	3103	3728	0	1286	Dead tree	
woodcut	Logs	0	3104	3729	0	1286	Dead tree	
woodcut	Logs	0	3106	3716	0	1286	Dead tree	
woodcut	Logs	0	3106	3718	0	1286	Dead tree	
woodcut	Logs	0	3106	3727	0	1286	Dead tree	
woodcut	Logs	0	3106	3733	0	1286	Dead tree	
woodcut	Logs	0	3107	3717	0	1286	Dead tree	
woodcut	Logs	0	3107	3720	0	1286	Dead tree	
woodcut	Logs	0	3107	3730	0	1286	Dead tree	
woodcut	Logs	0	3108	3723	0	1286	Dead tree	
woodcut	Logs	0	3108	3728	0	1286	Dead tree	
woodcut	Logs	0	3109	3718	0	1286	Dead tree	
woodcut	Logs	0	3110	3722	0	1286	Dead tree	
woodcut	Logs	0	3111	3729	0	1286	Dead tree	
woodcut	Logs	0	3111	3736	0	1286	Dead tree	
woodcut	Logs	0	3112	3715	0	1286	Dead tree	
woodcut	Logs	0	3113	3717	0	1286	Dead tree	
woodcut	Logs	0	3113	3724	0	1286	Dead tree	
woodcut	Logs	0	3113	3732	0	1286	Dead tree	
woodcut	Logs	0	3114	3723	0	1286	Dead tree	
woodcut	Logs	0	3114	3729	0	1286	Dead tree	
woodcut	Logs	0	3115	3731	0	1286	Dead tree	
woodcut	Logs	0	3115	3734	0	1286	Dead tree	
woodcut	Logs	0	3115	3739	0	1286	Dead tree	
woodcut	Logs	0	3116	3725	0	1286	Dead tree	
woodcut	Logs	0	3116	3728	0	1286	Dead tree	
woodcut	Logs	0	3116	3733	0	1286	Dead tree	
woodcut	Logs	0	3117	3721	0	1286	Dead tree	
woodcut	Logs	0	3117	3723	0	1286	Dead tree	
woodcut	Logs	0	3117	3738	0	1286	Dead tree	
woodcut	Logs	0	3118	3727	0	1286	Dead tree	
woodcut	Logs	0	3118	3736	0	1286	Dead tree	
woodcut	Logs	0	3119	3720	0	1286	Dead tree	
woodcut	Logs	0	3119	3729	0	1286	Dead tree	
woodcut	Logs	0	3119	3732	0	1286	Dead tree	
woodcut	Logs	0	3119	3739	0	1286	Dead tree	
woodcut	Logs	0	3120	3734	0	1286	Dead tree	
woodcut	Logs	0	3120	3737	0	1286	Dead tree	
woodcut	Logs	0	3121	3735	0	1286	Dead tree	
woodcut	Logs	0	3122	3720	0	1286	Dead tree	
woodcut	Logs	0	3122	3729	0	1286	Dead tree	
woodcut	Logs	0	3123	3725	0	1286	Dead tree	
woodcut	Logs	0	3124	3728	0	1286	Dead tree	
woodcut	Logs	0	3124	3731	0	1286	Dead tree	
woodcut	Logs	0	3124	3739	0	1286	Dead tree	
woodcut	Logs	0	3124	3743	0	1286	Dead tree	
woodcut	Logs	0	3125	3722	0	1286	Dead tree	
woodcut	Logs	0	3125	3737	0	1286	Dead tree	
woodcut	Logs	0	3126	3729	0	1286	Dead tree	
woodcut	Logs	0	3127	3735	0	1286	Dead tree	
woodcut	Logs	0	3127	3738	0	1286	Dead tree	
woodcut	Logs	0	3128	3725	0	1286	Dead tree	
woodcut	Logs	0	3128	3736	0	1286	Dead tree	
woodcut	Logs	0	3129	3726	0	1286	Dead tree	
woodcut	Logs	0	3129	3742	0	1286	Dead tree	
woodcut	Logs	0	3131	3729	0	1286	Dead tree	
woodcut	Logs	0	3131	3737	0	1286	Dead tree	
woodcut	Logs	0	3134	3734	0	1286	Dead tree	
woodcut	Logs	0	3075	3734	0	1383	Dead tree	
woodcut	Logs	0	3082	3741	0	1383	Dead tree	
woodcut	Logs	0	3083	3722	0	1383	Dead tree	
woodcut	Logs	0	3094	3717	0	1383	Dead tree	
woodcut	Logs	0	3094	3721	0	1383	Dead tree	
woodcut	Logs	0	3096	3726	0	1383	Dead tree	
woodcut	Logs	0	3097	3722	0	1383	Dead tree	
woodcut	Logs	0	3098	3717	0	1383	Dead tree	
woodcut	Logs	0	3099	3719	0	1383	Dead tree	
woodcut	Logs	0	3099	3729	0	1383	Dead tree	
woodcut	Logs	0	3100	3723	0	1383	Dead tree	
woodcut	Logs	0	3101	3727	0	1383	Dead tree	
woodcut	Logs	0	3101	3741	0	1383	Dead tree	
woodcut	Logs	0	3104	3716	0	1383	Dead tree	
woodcut	Logs	0	3104	3718	0	1383	Dead tree	
woodcut	Logs	0	3104	3724	0	1383	Dead tree	
woodcut	Logs	0	3105	3731	0	1383	Dead tree	
woodcut	Logs	0	3107	3725	0	1383	Dead tree	
woodcut	Logs	0	3107	3744	0	1383	Dead tree	
woodcut	Logs	0	3108	3721	0	1383	Dead tree	
woodcut	Logs	0	3108	3735	0	1383	Dead tree	
woodcut	Logs	0	3108	3772	0	1383	Dead tree	
woodcut	Logs	0	3109	3715	0	1383	Dead tree	
woodcut	Logs	0	3109	3731	0	1383	Dead tree	
woodcut	Logs	0	3111	3718	0	1383	Dead tree	
woodcut	Logs	0	3111	3726	0	1383	Dead tree	
woodcut	Logs	0	3112	3721	0	1383	Dead tree	
woodcut	Logs	0	3113	3736	0	1383	Dead tree	
woodcut	Logs	0	3113	3752	0	1383	Dead tree	
woodcut	Logs	0	3113	3770	0	1383	Dead tree	
woodcut	Logs	0	3114	3726	0	1383	Dead tree	
woodcut	Logs	0	3115	3720	0	1383	Dead tree	
woodcut	Logs	0	3115	3730	0	1383	Dead tree	
woodcut	Logs	0	3116	3736	0	1383	Dead tree	
woodcut	Logs	0	3117	3760	0	1383	Dead tree	
woodcut	Logs	0	3118	3717	0	1383	Dead tree	
woodcut	Logs	0	3118	3725	0	1383	Dead tree	
woodcut	Logs	0	3118	3733	0	1383	Dead tree	
woodcut	Logs	0	3119	3722	0	1383	Dead tree	
woodcut	Logs	0	3121	3726	0	1383	Dead tree	
woodcut	Logs	0	3121	3730	0	1383	Dead tree	
woodcut	Logs	0	3121	3741	0	1383	Dead tree	
woodcut	Logs	0	3123	3723	0	1383	Dead tree	
woodcut	Logs	0	3123	3732	0	1383	Dead tree	
woodcut	Logs	0	3123	3737	0	1383	Dead tree	
woodcut	Logs	0	3123	3750	0	1383	Dead tree	
woodcut	Logs	0	3124	3763	0	1383	Dead tree	
woodcut	Logs	0	3125	3734	0	1383	Dead tree	
woodcut	Logs	0	3126	3726	0	1383	Dead tree	
woodcut	Logs	0	3126	3740	0	1383	Dead tree	
woodcut	Logs	0	3128	3731	0	1383	Dead tree	
woodcut	Logs	0	3129	3735	0	1383	Dead tree	
woodcut	Logs	0	3129	3740	0	1383	Dead tree	
woodcut	Logs	0	3132	3733	0	1383	Dead tree	
woodcut	Logs	0	3133	3739	0	1383	Dead tree	
mining	Iron ore	15	3075	3771	0	2092	Rocks	
mining	Iron ore	15	3076	3770	0	2092	Rocks	
mining	Iron ore	15	3088	3769	0	2092	Rocks	
mining	Iron ore	15	3089	3768	0	2092	Rocks	
mining	Iron ore	15	3090	3767	0	2092	Rocks	
mining	Iron ore	15	3099	3765	0	2092	Rocks	
mining	Iron ore	15	3100	3766	0	2092	Rocks	
mining	Iron ore	15	3101	3768	0	2092	Rocks	
mining	Iron ore	15	3076	3771	0	2093	Rocks	
mining	Iron ore	15	3090	3768	0	2093	Rocks	
mining	Iron ore	15	3091	3768	0	2093	Rocks	
mining	Iron ore	15	3099	3766	0	2093	Rocks	
mining	Iron ore	15	3099	3767	0	2093	Rocks	
mining	Iron ore	15	3099	3768	0	2093	Rocks	
mining	Iron ore	15	3100	3765	0	2093	Rocks	
mining	Iron ore	15	3101	3765	0	2093	Rocks	
mining	Coal	30	3077	3763	0	2096	Rocks	
mining	Coal	30	3078	3756	0	2096	Rocks	
mining	Coal	30	3078	3767	0	2096	Rocks	
mining	Coal	30	3079	3766	0	2096	Rocks	
mining	Coal	30	3079	3767	0	2096	Rocks	
mining	Coal	30	3080	3774	0	2096	Rocks	
mining	Coal	30	3081	3773	0	2096	Rocks	
mining	Coal	30	3083	3749	0	2096	Rocks	
mining	Coal	30	3084	3749	0	2096	Rocks	
mining	Coal	30	3085	3748	0	2096	Rocks	
mining	Coal	30	3086	3748	0	2096	Rocks	
mining	Coal	30	3087	3749	0	2096	Rocks	
mining	Coal	30	3089	3764	0	2096	Rocks	
mining	Coal	30	3090	3759	0	2096	Rocks	
mining	Coal	30	3091	3760	0	2096	Rocks	
mining	Coal	30	3093	3761	0	2096	Rocks	
mining	Coal	30	3093	3773	0	2096	Rocks	
mining	Coal	30	3097	3755	0	2096	Rocks	
mining	Coal	30	3098	3755	0	2096	Rocks	
mining	Coal	30	3080	3765	0	2097	Rocks	
mining	Coal	30	3080	3766	0	2097	Rocks	
mining	Coal	30	3080	3773	0	2097	Rocks	
mining	Coal	30	3081	3765	0	2097	Rocks	
mining	Coal	30	3081	3774	0	2097	Rocks	
mining	Coal	30	3082	3774	0	2097	Rocks	
mining	Coal	30	3084	3748	0	2097	Rocks	
mining	Coal	30	3088	3763	0	2097	Rocks	
mining	Coal	30	3091	3774	0	2097	Rocks	
mining	Coal	30	3092	3760	0	2097	Rocks	
mining	Coal	30	3092	3761	0	2097	Rocks	
mining	Coal	30	3096	3754	0	2097	Rocks	
mining	Coal	30	3097	3754	0	2097	Rocks	
mining	Mithril ore	55	3083	3760	0	2102	Rocks	
mining	Mithril ore	55	3084	3770	0	2102	Rocks	
mining	Mithril ore	55	3085	3761	0	2102	Rocks	
mining	Mithril ore	55	3085	3765	0	2102	Rocks	
mining	Mithril ore	55	3085	3766	0	2102	Rocks	
mining	Mithril ore	55	3085	3770	0	2102	Rocks	
mining	Mithril ore	55	3086	3764	0	2102	Rocks	
mining	Mithril ore	55	3087	3756	0	2102	Rocks	
mining	Mithril ore	55	3087	3757	0	2102	Rocks	
mining	Mithril ore	55	3087	3758	0	2102	Rocks	
mining	Mithril ore	55	3100	3762	0	2102	Rocks	
mining	Mithril ore	55	3101	3762	0	2102	Rocks	
mining	Mithril ore	55	3084	3761	0	2103	Rocks	
mining	Mithril ore	55	3084	3764	0	2103	Rocks	
mining	Mithril ore	55	3084	3765	0	2103	Rocks	
mining	Mithril ore	55	3086	3755	0	2103	Rocks	
mining	Mithril ore	55	3088	3756	0	2103	Rocks	
mining	Mithril ore	55	3101	3761	0	2103	Rocks	
mining	Mithril ore	55	3102	3759	0	2103	Rocks	
mining	Adamantite ore	70	3075	3760	0	2104	Rocks	
mining	Adamantite ore	70	3076	3759	0	2104	Rocks	
mining	Adamantite ore	70	3081	3755	0	2104	Rocks	
mining	Adamantite ore	70	3083	3754	0	2104	Rocks	
mining	Adamantite ore	70	3075	3757	0	2105	Rocks	
mining	Adamantite ore	70	3075	3759	0	2105	Rocks	
mining	Adamantite ore	70	3082	3755	0	2105	Rocks	
woodcut	Logs	0	3082	3824	0	1282	Dead tree	
woodcut	Logs	0	3081	3781	0	1286	Dead tree	
woodcut	Logs	0	3083	3826	0	1286	Dead tree	
woodcut	Logs	0	3083	3831	0	1286	Dead tree	
woodcut	Logs	0	3092	3787	0	1286	Dead tree	
woodcut	Logs	0	3100	3786	0	1286	Dead tree	
woodcut	Logs	0	3109	3804	0	1286	Dead tree	
woodcut	Logs	0	3115	3788	0	1286	Dead tree	
woodcut	Logs	0	3122	3802	0	1286	Dead tree	
woodcut	Logs	0	3123	3814	0	1286	Dead tree	
woodcut	Logs	0	3073	3779	0	1383	Dead tree	
woodcut	Logs	0	3080	3789	0	1383	Dead tree	
woodcut	Logs	0	3080	3825	0	1383	Dead tree	
woodcut	Logs	0	3081	3831	0	1383	Dead tree	
woodcut	Logs	0	3085	3834	0	1383	Dead tree	
woodcut	Logs	0	3088	3782	0	1383	Dead tree	
woodcut	Logs	0	3098	3795	0	1383	Dead tree	
woodcut	Logs	0	3101	3780	0	1383	Dead tree	
woodcut	Logs	0	3103	3808	0	1383	Dead tree	
woodcut	Logs	0	3109	3786	0	1383	Dead tree	
woodcut	Logs	0	3114	3780	0	1383	Dead tree	
woodcut	Logs	0	3114	3797	0	1383	Dead tree	
woodcut	Logs	0	3117	3808	0	1383	Dead tree	
woodcut	Logs	0	3128	3820	0	1383	Dead tree	
woodcut	Charcoal	0	3073	3818	0	1384	Dead tree	
woodcut	Charcoal	0	3076	3801	0	1384	Dead tree	
woodcut	Charcoal	0	3076	3814	0	1384	Dead tree	
woodcut	Charcoal	0	3084	3810	0	1384	Dead tree	
woodcut	Charcoal	0	3090	3803	0	1384	Dead tree	
woodcut	Charcoal	0	3090	3816	0	1384	Dead tree	
woodcut	Charcoal	0	3091	3828	0	1384	Dead tree	
woodcut	Charcoal	0	3091	3839	0	1384	Dead tree	
woodcut	Charcoal	0	3099	3820	0	1384	Dead tree	
woodcut	Charcoal	0	3106	3819	0	1384	Dead tree	
woodcut	Charcoal	0	3106	3836	0	1384	Dead tree	
woodcut	Charcoal	0	3111	3835	0	1384	Dead tree	
woodcut	Charcoal	0	3113	3824	0	1384	Dead tree	
woodcut	Charcoal	0	3119	3836	0	1384	Dead tree	
woodcut	Logs	0	3072	3850	0	1282	Dead tree	
woodcut	Logs	0	3073	3844	0	1282	Dead tree	
woodcut	Logs	0	3098	3859	0	1282	Dead tree	
woodcut	Logs	0	3107	3856	0	1282	Dead tree	
woodcut	Logs	0	3109	3858	0	1282	Dead tree	
woodcut	Logs	0	3117	3859	0	1282	Dead tree	
woodcut	Logs	0	3073	3850	0	1286	Dead tree	
woodcut	Logs	0	3073	3851	0	1286	Dead tree	
woodcut	Logs	0	3074	3848	0	1286	Dead tree	
woodcut	Logs	0	3072	3849	0	1383	Dead tree	
woodcut	Logs	0	3073	3847	0	1383	Dead tree	
woodcut	Logs	0	3074	3849	0	1383	Dead tree	
woodcut	Logs	0	3100	3860	0	1383	Dead tree	
woodcut	Logs	0	3107	3858	0	1383	Dead tree	
woodcut	Logs	0	3110	3858	0	1383	Dead tree	
woodcut	Charcoal	0	3072	3844	0	1384	Dead tree	
woodcut	Charcoal	0	3072	3845	0	1384	Dead tree	
woodcut	Charcoal	0	3072	3851	0	1384	Dead tree	
woodcut	Charcoal	0	3073	3843	0	1384	Dead tree	
woodcut	Charcoal	0	3073	3870	0	1384	Dead tree	
woodcut	Charcoal	0	3074	3843	0	1384	Dead tree	
woodcut	Charcoal	0	3074	3851	0	1384	Dead tree	
woodcut	Charcoal	0	3074	3858	0	1384	Dead tree	
woodcut	Charcoal	0	3074	3883	0	1384	Dead tree	
woodcut	Charcoal	0	3078	3846	0	1384	Dead tree	
woodcut	Charcoal	0	3081	3863	0	1384	Dead tree	
woodcut	Charcoal	0	3082	3893	0	1384	Dead tree	
woodcut	Charcoal	0	3091	3888	0	1384	Dead tree	
woodcut	Charcoal	0	3093	3874	0	1384	Dead tree	
woodcut	Charcoal	0	3093	3900	0	1384	Dead tree	
woodcut	Charcoal	0	3099	3860	0	1384	Dead tree	
woodcut	Charcoal	0	3101	3844	0	1384	Dead tree	
woodcut	Charcoal	0	3101	3858	0	1384	Dead tree	
woodcut	Charcoal	0	3101	3860	0	1384	Dead tree	
woodcut	Charcoal	0	3101	3889	0	1384	Dead tree	
woodcut	Charcoal	0	3103	3868	0	1384	Dead tree	
woodcut	Charcoal	0	3105	3900	0	1384	Dead tree	
woodcut	Charcoal	0	3107	3857	0	1384	Dead tree	
woodcut	Charcoal	0	3110	3857	0	1384	Dead tree	
woodcut	Charcoal	0	3111	3858	0	1384	Dead tree	
woodcut	Charcoal	0	3113	3860	0	1384	Dead tree	
woodcut	Charcoal	0	3114	3860	0	1384	Dead tree	
woodcut	Charcoal	0	3114	3888	0	1384	Dead tree	
woodcut	Charcoal	0	3117	3858	0	1384	Dead tree	
woodcut	Charcoal	0	3119	3895	0	1384	Dead tree	
woodcut	Charcoal	0	3121	3843	0	1384	Dead tree	
woodcut	Charcoal	0	3123	3878	0	1384	Dead tree	
woodcut	Charcoal	0	3127	3850	0	1384	Dead tree	
woodcut	Charcoal	0	3128	3861	0	1384	Dead tree	
woodcut	Charcoal	0	3128	3899	0	1384	Dead tree	
woodcut	Charcoal	0	3129	3842	0	1384	Dead tree	
woodcut	Charcoal	0	3132	3876	0	1384	Dead tree	
woodcut	Charcoal	0	3132	3889	0	1384	Dead tree	
woodcut	Charcoal	0	3133	3843	0	1384	Dead tree	
woodcut	Charcoal	0	3087	3954	0	1384	Dead tree	
woodcut	Charcoal	0	3087	3959	0	1384	Dead tree	
woodcut	Charcoal	0	3104	3960	0	1384	Dead tree	
woodcut	Charcoal	0	3108	3958	0	1384	Dead tree	
woodcut	Charcoal	0	3115	3956	0	1384	Dead tree	
woodcut	Charcoal	0	3120	3959	0	1384	Dead tree	
woodcut	Charcoal	0	3125	3955	0	1384	Dead tree	
woodcut	Logs	0	3169	9494	0	1276	Tree	
woodcut	Logs	0	3173	9491	0	1276	Tree	
woodcut	Logs	0	3174	9505	0	1276	Tree	
woodcut	Logs	0	3178	9489	0	1276	Tree	
woodcut	Logs	0	3184	9491	0	1276	Tree	
woodcut	Logs	0	3184	9497	0	1276	Tree	
woodcut	Logs	0	3185	9500	0	1276	Tree	
woodcut	Logs	0	3186	9496	0	1276	Tree	
woodcut	Logs	0	3187	9498	0	1276	Tree	
woodcut	Logs	0	3188	9491	0	1276	Tree	
woodcut	Logs	0	3188	9493	0	1276	Tree	
woodcut	Logs	0	3190	9492	0	1276	Tree	
woodcut	Logs	0	3166	9529	0	1278	Tree	
woodcut	Logs	0	3161	9582	0	1276	Tree	
woodcut	Logs	0	3179	9547	0	1276	Tree	
woodcut	Logs	0	3185	9547	0	1276	Tree	
woodcut	Logs	0	3185	9595	0	1276	Tree	
woodcut	Logs	0	3187	9591	0	1276	Tree	
woodcut	Logs	0	3187	9593	0	1276	Tree	
woodcut	Logs	0	3190	9585	0	1276	Tree	
woodcut	Logs	0	3192	9545	0	1276	Tree	
woodcut	Logs	0	3192	9550	0	1276	Tree	
woodcut	Logs	0	3194	9589	0	1276	Tree	
woodcut	Logs	0	3195	9553	0	1276	Tree	
woodcut	Logs	0	3195	9587	0	1276	Tree	
woodcut	Logs	0	3199	9583	0	1276	Tree	
woodcut	Logs	0	3178	9582	0	1278	Tree	
woodcut	Oak logs	15	3177	9579	0	1281	Oak	
woodcut	Oak logs	15	3189	9589	0	1281	Oak	
woodcut	Oak logs	15	3192	9586	0	1281	Oak	
woodcut	Logs	0	3184	9541	0	1282	Dead tree	
woodcut	Logs	0	3141	9564	0	1286	Dead tree	
woodcut	Logs	0	3141	9570	0	1286	Dead tree	
woodcut	Logs	0	3145	9571	0	1286	Dead tree	
woodcut	Logs	0	3152	9550	0	1286	Dead tree	
woodcut	Logs	0	3157	9545	0	1286	Dead tree	
woodcut	Logs	0	3157	9550	0	1286	Dead tree	
woodcut	Logs	0	3158	9547	0	1286	Dead tree	
woodcut	Yew logs	60	3180	9583	0	1309	Yew	
woodcut	Logs	0	3159	9906	0	1286	Dead tree	
woodcut	Logs	0	3161	9901	0	1286	Dead tree	
woodcut	Logs	0	3162	9904	0	1365	Dead tree	
mining	Copper ore	1	3141	9880	0	2091	Rocks	
mining	Copper ore	1	3143	9877	0	2091	Rocks	
mining	Iron ore	15	3139	9875	0	2092	Rocks	
mining	Iron ore	15	3141	9872	0	2092	Rocks	
mining	Iron ore	15	3143	9876	0	2092	Rocks	
mining	Tin ore	1	3141	9868	0	2095	Rocks	
mining	Coal	30	3139	9868	0	2096	Rocks	
mining	Coal	30	3136	9868	0	2097	Rocks	
mining	Coal	30	3138	9868	0	2097	Rocks	
mining	Silver ore	20	3137	9874	0	2100	Rocks	
mining	Silver ore	20	3137	9880	0	2101	Rocks	
mining	Silver ore	20	3138	9879	0	2101	Rocks	
mining	Adamantite ore	70	3138	9873	0	2104	Rocks	
mining	Adamantite ore	70	3140	9874	0	2104	Rocks	
woodcut	Logs	0	3143	3197	0	1276	Tree	
woodcut	Logs	0	3147	3196	0	1278	Tree	
woodcut	Logs	0	3152	3181	0	1286	Dead tree	
woodcut	Logs	0	3153	3177	0	1286	Dead tree	
woodcut	Logs	0	3154	3176	0	1286	Dead tree	
woodcut	Logs	0	3154	3179	0	1286	Dead tree	
woodcut	Logs	0	3156	3173	0	1286	Dead tree	
woodcut	Logs	0	3158	3175	0	1286	Dead tree	
woodcut	Logs	0	3180	3166	0	1365	Dead tree	
woodcut	Logs	0	3186	3163	0	1365	Dead tree	
woodcut	Logs	0	3188	3161	0	1365	Dead tree	
woodcut	Logs	0	3191	3165	0	1365	Dead tree	
woodcut	Logs	0	3192	3167	0	1365	Dead tree	
woodcut	Logs	0	3195	3165	0	1365	Dead tree	
woodcut	Logs	0	3195	3169	0	1365	Dead tree	
woodcut	Logs	0	3136	3200	0	1276	Tree	
woodcut	Logs	0	3136	3232	0	1276	Tree	
woodcut	Logs	0	3138	3208	0	1276	Tree	
woodcut	Logs	0	3139	3204	0	1276	Tree	
woodcut	Logs	0	3141	3239	0	1276	Tree	
woodcut	Logs	0	3142	3246	0	1276	Tree	
woodcut	Logs	0	3143	3257	0	1276	Tree	
woodcut	Logs	0	3144	3242	0	1276	Tree	
woodcut	Logs	0	3145	3205	0	1276	Tree	
woodcut	Logs	0	3145	3222	0	1276	Tree	
woodcut	Logs	0	3146	3226	0	1276	Tree	
woodcut	Logs	0	3147	3242	0	1276	Tree	
woodcut	Logs	0	3150	3209	0	1276	Tree	
woodcut	Logs	0	3151	3212	0	1276	Tree	
woodcut	Logs	0	3154	3217	0	1276	Tree	
woodcut	Logs	0	3154	3224	0	1276	Tree	
woodcut	Logs	0	3154	3244	0	1276	Tree	
woodcut	Logs	0	3156	3214	0	1276	Tree	
woodcut	Logs	0	3158	3209	0	1276	Tree	
woodcut	Logs	0	3161	3208	0	1276	Tree	
woodcut	Logs	0	3161	3220	0	1276	Tree	
woodcut	Logs	0	3170	3213	0	1276	Tree	
woodcut	Logs	0	3171	3236	0	1276	Tree	
woodcut	Logs	0	3171	3249	0	1276	Tree	
woodcut	Logs	0	3173	3216	0	1276	Tree	
woodcut	Logs	0	3176	3240	0	1276	Tree	
woodcut	Logs	0	3176	3254	0	1276	Tree	
woodcut	Logs	0	3177	3208	0	1276	Tree	
woodcut	Logs	0	3178	3238	0	1276	Tree	
woodcut	Logs	0	3179	3212	0	1276	Tree	
woodcut	Logs	0	3179	3255	0	1276	Tree	
woodcut	Logs	0	3180	3224	0	1276	Tree	
woodcut	Logs	0	3181	3237	0	1276	Tree	
woodcut	Logs	0	3182	3233	0	1276	Tree	
woodcut	Logs	0	3182	3257	0	1276	Tree	
woodcut	Logs	0	3184	3209	0	1276	Tree	
woodcut	Logs	0	3185	3221	0	1276	Tree	
woodcut	Logs	0	3185	3259	0	1276	Tree	
woodcut	Logs	0	3186	3233	0	1276	Tree	
woodcut	Logs	0	3187	3213	0	1276	Tree	
woodcut	Logs	0	3187	3254	0	1276	Tree	
woodcut	Logs	0	3188	3208	0	1276	Tree	
woodcut	Logs	0	3189	3229	0	1276	Tree	
woodcut	Logs	0	3190	3217	0	1276	Tree	
woodcut	Logs	0	3190	3241	0	1276	Tree	
woodcut	Logs	0	3191	3234	0	1276	Tree	
woodcut	Logs	0	3192	3224	0	1276	Tree	
woodcut	Logs	0	3192	3238	0	1276	Tree	
woodcut	Logs	0	3193	3244	0	1276	Tree	
woodcut	Logs	0	3195	3220	0	1276	Tree	
woodcut	Logs	0	3195	3230	0	1276	Tree	
woodcut	Logs	0	3196	3214	0	1276	Tree	
woodcut	Logs	0	3196	3226	0	1276	Tree	
woodcut	Logs	0	3196	3242	0	1276	Tree	
woodcut	Logs	0	3197	3209	0	1276	Tree	
woodcut	Logs	0	3197	3247	0	1276	Tree	
woodcut	Logs	0	3198	3236	0	1276	Tree	
woodcut	Logs	0	3136	3215	0	1278	Tree	
woodcut	Logs	0	3136	3243	0	1278	Tree	
woodcut	Logs	0	3138	3248	0	1278	Tree	
woodcut	Logs	0	3138	3254	0	1278	Tree	
woodcut	Logs	0	3139	3219	0	1278	Tree	
woodcut	Logs	0	3139	3243	0	1278	Tree	
woodcut	Logs	0	3140	3217	0	1278	Tree	
woodcut	Logs	0	3141	3236	0	1278	Tree	
woodcut	Logs	0	3143	3201	0	1278	Tree	
woodcut	Logs	0	3145	3214	0	1278	Tree	
woodcut	Logs	0	3145	3246	0	1278	Tree	
woodcut	Logs	0	3145	3251	0	1278	Tree	
woodcut	Logs	0	3146	3209	0	1278	Tree	
woodcut	Logs	0	3146	3212	0	1278	Tree	
woodcut	Logs	0	3148	3246	0	1278	Tree	
woodcut	Logs	0	3150	3238	0	1278	Tree	
woodcut	Logs	0	3152	3214	0	1278	Tree	
woodcut	Logs	0	3152	3252	0	1278	Tree	
woodcut	Logs	0	3153	3204	0	1278	Tree	
woodcut	Logs	0	3153	3220	0	1278	Tree	
woodcut	Logs	0	3154	3240	0	1278	Tree	
woodcut	Logs	0	3154	3247	0	1278	Tree	
woodcut	Logs	0	3155	3227	0	1278	Tree	
woodcut	Logs	0	3156	3231	0	1278	Tree	
woodcut	Logs	0	3157	3205	0	1278	Tree	
woodcut	Logs	0	3157	3218	0	1278	Tree	
woodcut	Logs	0	3157	3251	0	1278	Tree	
woodcut	Logs	0	3158	3244	0	1278	Tree	
woodcut	Logs	0	3159	3226	0	1278	Tree	
woodcut	Logs	0	3160	3215	0	1278	Tree	
woodcut	Logs	0	3161	3254	0	1278	Tree	
woodcut	Logs	0	3162	3229	0	1278	Tree	
woodcut	Logs	0	3162	3234	0	1278	Tree	
woodcut	Logs	0	3164	3213	0	1278	Tree	
woodcut	Logs	0	3165	3211	0	1278	Tree	
woodcut	Logs	0	3166	3223	0	1278	Tree	
woodcut	Logs	0	3168	3236	0	1278	Tree	
woodcut	Logs	0	3169	3208	0	1278	Tree	
woodcut	Logs	0	3169	3229	0	1278	Tree	
woodcut	Logs	0	3170	3253	0	1278	Tree	
woodcut	Logs	0	3172	3227	0	1278	Tree	
woodcut	Logs	0	3172	3256	0	1278	Tree	
woodcut	Logs	0	3173	3221	0	1278	Tree	
woodcut	Logs	0	3174	3238	0	1278	Tree	
woodcut	Logs	0	3175	3250	0	1278	Tree	
woodcut	Logs	0	3178	3216	0	1278	Tree	
woodcut	Logs	0	3178	3230	0	1278	Tree	
woodcut	Logs	0	3180	3250	0	1278	Tree	
woodcut	Logs	0	3181	3261	0	1278	Tree	
woodcut	Logs	0	3183	3238	0	1278	Tree	
woodcut	Logs	0	3185	3241	0	1278	Tree	
woodcut	Logs	0	3186	3249	0	1278	Tree	
woodcut	Logs	0	3187	3239	0	1278	Tree	
woodcut	Logs	0	3188	3259	0	1278	Tree	
woodcut	Logs	0	3190	3255	0	1278	Tree	
woodcut	Logs	0	3191	3252	0	1278	Tree	
woodcut	Oak logs	15	3148	3218	0	1281	Oak	
woodcut	Oak logs	15	3149	3225	0	1281	Oak	
woodcut	Oak logs	15	3150	3242	0	1281	Oak	
woodcut	Oak logs	15	3151	3258	0	1281	Oak	
woodcut	Oak logs	15	3165	3228	0	1281	Oak	
woodcut	Oak logs	15	3165	3259	0	1281	Oak	
woodcut	Oak logs	15	3188	3247	0	1281	Oak	
woodcut	Oak logs	15	3192	3213	0	1281	Oak	
woodcut	Logs	0	3148	3214	0	1282	Dead tree	
woodcut	Logs	0	3172	3234	0	1282	Dead tree	
woodcut	Logs	0	3145	3220	0	1286	Dead tree	
woodcut	Logs	0	3148	3212	0	1286	Dead tree	
woodcut	Logs	0	3150	3215	0	1286	Dead tree	
woodcut	Logs	0	3161	3213	0	1286	Dead tree	
woodcut	Logs	0	3165	3243	0	1289	Dead tree	
woodcut	Logs	0	3166	3244	0	1289	Dead tree	
woodcut	Logs	0	3168	3244	0	1289	Dead tree	
woodcut	Logs	0	3170	3251	0	1289	Dead tree	
woodcut	Logs	0	3171	3247	0	1289	Dead tree	
woodcut	Yew logs	60	3146	3254	0	1309	Yew	
woodcut	Yew logs	60	3151	3230	0	1309	Yew	
woodcut	Yew logs	60	3165	3219	0	1309	Yew	
woodcut	Yew logs	60	3184	3226	0	1309	Yew	
woodcut	Logs	0	3139	3322	0	1276	Tree	
woodcut	Logs	0	3164	3277	0	1276	Tree	
woodcut	Logs	0	3164	3280	0	1276	Tree	
woodcut	Logs	0	3166	3283	0	1276	Tree	
woodcut	Logs	0	3168	3281	0	1276	Tree	
woodcut	Logs	0	3178	3325	0	1276	Tree	
woodcut	Logs	0	3180	3323	0	1276	Tree	
woodcut	Logs	0	3181	3326	0	1276	Tree	
woodcut	Logs	0	3186	3292	0	1276	Tree	
woodcut	Logs	0	3187	3318	0	1276	Tree	
woodcut	Logs	0	3188	3315	0	1276	Tree	
woodcut	Logs	0	3194	3321	0	1276	Tree	
woodcut	Logs	0	3194	3323	0	1276	Tree	
woodcut	Logs	0	3196	3325	0	1276	Tree	
woodcut	Logs	0	3198	3317	0	1276	Tree	
woodcut	Logs	0	3138	3319	0	1278	Tree	
woodcut	Logs	0	3143	3324	0	1278	Tree	
woodcut	Logs	0	3143	3326	0	1278	Tree	
woodcut	Logs	0	3144	3321	0	1278	Tree	
woodcut	Logs	0	3146	3274	0	1278	Tree	
woodcut	Logs	0	3146	3324	0	1278	Tree	
woodcut	Logs	0	3156	3264	0	1278	Tree	
woodcut	Logs	0	3158	3266	0	1278	Tree	
woodcut	Logs	0	3160	3264	0	1278	Tree	
woodcut	Logs	0	3173	3279	0	1278	Tree	
woodcut	Logs	0	3173	3282	0	1278	Tree	
woodcut	Logs	0	3176	3281	0	1278	Tree	
woodcut	Logs	0	3177	3278	0	1278	Tree	
woodcut	Logs	0	3177	3284	0	1278	Tree	
woodcut	Logs	0	3179	3282	0	1278	Tree	
woodcut	Logs	0	3180	3279	0	1278	Tree	
woodcut	Oak logs	15	3138	3326	0	1281	Oak	
woodcut	Oak logs	15	3190	3302	0	1281	Oak	
woodcut	Oak logs	15	3191	3316	0	1281	Oak	
woodcut	Oak logs	15	3191	3325	0	1281	Oak	
woodcut	Oak logs	15	3197	3322	0	1281	Oak	
woodcut	Logs	0	3136	3321	0	1286	Dead tree	
woodcut	Logs	0	3136	3327	0	1286	Dead tree	
woodcut	Logs	0	3137	3316	0	1286	Dead tree	
woodcut	Logs	0	3140	3316	0	1286	Dead tree	
woodcut	Logs	0	3142	3317	0	1286	Dead tree	
woodcut	Logs	0	3142	3322	0	1286	Dead tree	
woodcut	Logs	0	3142	3327	0	1286	Dead tree	
woodcut	Logs	0	3143	3318	0	1286	Dead tree	
woodcut	Logs	0	3146	3319	0	1286	Dead tree	
woodcut	Logs	0	3147	3327	0	1286	Dead tree	
woodcut	Willow logs	30	3163	3268	0	1308	Willow	
woodcut	Willow logs	30	3165	3266	0	1308	Willow	
woodcut	Willow logs	30	3165	3272	0	1308	Willow	
woodcut	Willow logs	30	3167	3273	0	1308	Willow	
woodcut	Willow logs	30	3177	3268	0	1308	Willow	
woodcut	Willow logs	30	3177	3274	0	1308	Willow	
woodcut	Willow logs	30	3178	3270	0	1308	Willow	
woodcut	Logs	0	3156	3379	0	1276	Tree	
woodcut	Logs	0	3160	3383	0	1276	Tree	
woodcut	Logs	0	3162	3376	0	1276	Tree	
woodcut	Logs	0	3163	3360	0	1276	Tree	
woodcut	Logs	0	3163	3379	0	1276	Tree	
woodcut	Logs	0	3163	3383	0	1276	Tree	
woodcut	Logs	0	3163	3385	0	1276	Tree	
woodcut	Logs	0	3164	3387	0	1276	Tree	
woodcut	Logs	0	3165	3371	0	1276	Tree	
woodcut	Logs	0	3166	3377	0	1276	Tree	
woodcut	Logs	0	3167	3380	0	1276	Tree	
woodcut	Logs	0	3168	3332	0	1276	Tree	
woodcut	Logs	0	3168	3384	0	1276	Tree	
woodcut	Logs	0	3170	3378	0	1276	Tree	
woodcut	Logs	0	3177	3375	0	1276	Tree	
woodcut	Logs	0	3185	3367	0	1276	Tree	
woodcut	Logs	0	3193	3374	0	1276	Tree	
woodcut	Logs	0	3148	3352	0	1278	Tree	
woodcut	Logs	0	3160	3366	0	1278	Tree	
woodcut	Logs	0	3162	3369	0	1278	Tree	
woodcut	Logs	0	3163	3367	0	1278	Tree	
woodcut	Logs	0	3165	3341	0	1278	Tree	
woodcut	Logs	0	3167	3367	0	1278	Tree	
woodcut	Logs	0	3171	3380	0	1278	Tree	
woodcut	Logs	0	3172	3373	0	1278	Tree	
woodcut	Logs	0	3180	3359	0	1278	Tree	
woodcut	Logs	0	3194	3367	0	1278	Tree	
woodcut	Logs	0	3196	3369	0	1278	Tree	
woodcut	Logs	0	3197	3346	0	1278	Tree	
woodcut	Logs	0	3197	3364	0	1278	Tree	
woodcut	Logs	0	3197	3367	0	1278	Tree	
woodcut	Oak logs	15	3165	3383	0	1281	Oak	
woodcut	Oak logs	15	3167	3388	0	1281	Oak	
woodcut	Oak logs	15	3171	3349	0	1281	Oak	
woodcut	Logs	0	3137	3336	0	1282	Dead tree	
woodcut	Logs	0	3137	3338	0	1282	Dead tree	
woodcut	Logs	0	3137	3339	0	1282	Dead tree	
woodcut	Logs	0	3138	3335	0	1282	Dead tree	
woodcut	Logs	0	3138	3346	0	1282	Dead tree	
woodcut	Logs	0	3138	3376	0	1282	Dead tree	
woodcut	Logs	0	3139	3331	0	1282	Dead tree	
woodcut	Logs	0	3139	3336	0	1282	Dead tree	
woodcut	Logs	0	3139	3338	0	1282	Dead tree	
woodcut	Logs	0	3139	3347	0	1282	Dead tree	
woodcut	Logs	0	3139	3355	0	1282	Dead tree	
woodcut	Logs	0	3139	3362	0	1282	Dead tree	
woodcut	Logs	0	3140	3331	0	1282	Dead tree	
woodcut	Logs	0	3140	3332	0	1282	Dead tree	
woodcut	Logs	0	3140	3335	0	1282	Dead tree	
woodcut	Logs	0	3140	3345	0	1282	Dead tree	
woodcut	Logs	0	3140	3347	0	1282	Dead tree	
woodcut	Logs	0	3141	3346	0	1282	Dead tree	
woodcut	Logs	0	3141	3368	0	1282	Dead tree	
woodcut	Logs	0	3142	3340	0	1282	Dead tree	
woodcut	Logs	0	3146	3332	0	1282	Dead tree	
woodcut	Logs	0	3147	3356	0	1282	Dead tree	
woodcut	Logs	0	3148	3344	0	1282	Dead tree	
woodcut	Logs	0	3136	3335	0	1286	Dead tree	
woodcut	Logs	0	3138	3330	0	1286	Dead tree	
woodcut	Logs	0	3138	3370	0	1286	Dead tree	
woodcut	Logs	0	3139	3350	0	1286	Dead tree	
woodcut	Logs	0	3141	3375	0	1286	Dead tree	
woodcut	Logs	0	3142	3328	0	1286	Dead tree	
woodcut	Logs	0	3142	3362	0	1286	Dead tree	
woodcut	Logs	0	3144	3338	0	1286	Dead tree	
woodcut	Logs	0	3145	3349	0	1286	Dead tree	
woodcut	Logs	0	3149	3329	0	1286	Dead tree	
woodcut	Logs	0	3150	3338	0	1286	Dead tree	
woodcut	Willow logs	30	3168	3350	0	1308	Willow	
mining	Iron ore	15	3175	3368	0	2092	Rocks	
mining	Iron ore	15	3175	3366	0	2093	Rocks	
mining	Iron ore	15	3181	3373	0	2093	Rocks	
mining	Tin ore	1	3172	3366	0	2095	Rocks	
mining	Tin ore	1	3173	3365	0	2095	Rocks	
mining	Tin ore	1	3173	3366	0	2095	Rocks	
mining	Tin ore	1	3176	3369	0	2095	Rocks	
mining	Tin ore	1	3181	3375	0	2095	Rocks	
mining	Tin ore	1	3181	3376	0	2095	Rocks	
mining	Tin ore	1	3181	3377	0	2095	Rocks	
mining	Tin ore	1	3183	3376	0	2095	Rocks	
mining	Silver ore	20	3176	3365	0	2101	Rocks	
mining	Silver ore	20	3177	3366	0	2101	Rocks	
mining	Silver ore	20	3177	3370	0	2101	Rocks	
mining	Clay	1	3180	3372	0	2108	Rocks	
mining	Clay	1	3179	3371	0	2109	Rocks	
mining	Clay	1	3183	3377	0	2109	Rocks	
woodcut	Logs	0	3136	3419	0	1276	Tree	
woodcut	Logs	0	3137	3409	0	1276	Tree	
woodcut	Logs	0	3138	3400	0	1276	Tree	
woodcut	Logs	0	3139	3404	0	1276	Tree	
woodcut	Logs	0	3139	3411	0	1276	Tree	
woodcut	Logs	0	3140	3397	0	1276	Tree	
woodcut	Logs	0	3140	3401	0	1276	Tree	
woodcut	Logs	0	3141	3395	0	1276	Tree	
woodcut	Logs	0	3142	3399	0	1276	Tree	
woodcut	Logs	0	3142	3406	0	1276	Tree	
woodcut	Logs	0	3143	3401	0	1276	Tree	
woodcut	Logs	0	3144	3394	0	1276	Tree	
woodcut	Logs	0	3145	3400	0	1276	Tree	
woodcut	Logs	0	3145	3403	0	1276	Tree	
woodcut	Logs	0	3146	3397	0	1276	Tree	
woodcut	Logs	0	3146	3413	0	1276	Tree	
woodcut	Logs	0	3147	3401	0	1276	Tree	
woodcut	Logs	0	3159	3395	0	1276	Tree	
woodcut	Logs	0	3159	3401	0	1276	Tree	
woodcut	Logs	0	3159	3416	0	1276	Tree	
woodcut	Logs	0	3160	3414	0	1276	Tree	
woodcut	Logs	0	3161	3392	0	1276	Tree	
woodcut	Logs	0	3161	3410	0	1276	Tree	
woodcut	Logs	0	3162	3395	0	1276	Tree	
woodcut	Logs	0	3162	3398	0	1276	Tree	
woodcut	Logs	0	3162	3403	0	1276	Tree	
woodcut	Logs	0	3162	3407	0	1276	Tree	
woodcut	Logs	0	3162	3414	0	1276	Tree	
woodcut	Logs	0	3163	3409	0	1276	Tree	
woodcut	Logs	0	3165	3392	0	1276	Tree	
woodcut	Logs	0	3165	3396	0	1276	Tree	
woodcut	Logs	0	3166	3406	0	1276	Tree	
woodcut	Logs	0	3167	3402	0	1276	Tree	
woodcut	Logs	0	3167	3409	0	1276	Tree	
woodcut	Logs	0	3168	3413	0	1276	Tree	
woodcut	Logs	0	3169	3416	0	1276	Tree	
woodcut	Logs	0	3137	3433	0	1278	Tree	
woodcut	Logs	0	3137	3437	0	1278	Tree	
woodcut	Logs	0	3137	3441	0	1278	Tree	
woodcut	Logs	0	3138	3420	0	1278	Tree	
woodcut	Logs	0	3138	3424	0	1278	Tree	
woodcut	Logs	0	3139	3426	0	1278	Tree	
woodcut	Logs	0	3140	3432	0	1278	Tree	
woodcut	Logs	0	3140	3435	0	1278	Tree	
woodcut	Logs	0	3140	3438	0	1278	Tree	
woodcut	Logs	0	3141	3420	0	1278	Tree	
woodcut	Logs	0	3143	3423	0	1278	Tree	
woodcut	Logs	0	3143	3427	0	1278	Tree	
woodcut	Logs	0	3143	3436	0	1278	Tree	
woodcut	Logs	0	3144	3440	0	1278	Tree	
woodcut	Logs	0	3146	3421	0	1278	Tree	
woodcut	Logs	0	3146	3425	0	1278	Tree	
woodcut	Logs	0	3152	3452	0	1278	Tree	
woodcut	Logs	0	3153	3454	0	1278	Tree	
woodcut	Logs	0	3154	3450	0	1278	Tree	
woodcut	Logs	0	3155	3452	0	1278	Tree	
woodcut	Logs	0	3155	3454	0	1278	Tree	
woodcut	Logs	0	3157	3454	0	1278	Tree	
woodcut	Logs	0	3163	3454	0	1278	Tree	
woodcut	Logs	0	3167	3452	0	1278	Tree	
woodcut	Logs	0	3168	3434	0	1278	Tree	
woodcut	Logs	0	3168	3437	0	1278	Tree	
woodcut	Logs	0	3170	3454	0	1278	Tree	
woodcut	Logs	0	3171	3444	0	1278	Tree	
woodcut	Oak logs	15	3136	3413	0	1281	Oak	
woodcut	Oak logs	15	3142	3403	0	1281	Oak	
woodcut	Oak logs	15	3142	3411	0	1281	Oak	
woodcut	Oak logs	15	3143	3396	0	1281	Oak	
woodcut	Oak logs	15	3161	3416	0	1281	Oak	
woodcut	Oak logs	15	3165	3411	0	1281	Oak	
woodcut	Oak logs	15	3167	3420	0	1281	Oak	
woodcut	Logs	0	3187	3402	0	1286	Dead tree	
woodcut	Logs	0	3136	3491	0	1276	Tree	
woodcut	Logs	0	3137	3487	0	1276	Tree	
woodcut	Logs	0	3137	3503	0	1276	Tree	
woodcut	Logs	0	3138	3516	0	1276	Tree	
woodcut	Logs	0	3139	3512	0	1276	Tree	
woodcut	Logs	0	3141	3510	0	1276	Tree	
woodcut	Logs	0	3142	3518	0	1276	Tree	
woodcut	Logs	0	3143	3492	0	1276	Tree	
woodcut	Logs	0	3145	3470	0	1276	Tree	
woodcut	Logs	0	3146	3475	0	1276	Tree	
woodcut	Logs	0	3146	3500	0	1276	Tree	
woodcut	Logs	0	3146	3516	0	1276	Tree	
woodcut	Logs	0	3148	3479	0	1276	Tree	
woodcut	Logs	0	3148	3511	0	1276	Tree	
woodcut	Logs	0	3149	3502	0	1276	Tree	
woodcut	Logs	0	3151	3496	0	1276	Tree	
woodcut	Logs	0	3151	3516	0	1276	Tree	
woodcut	Logs	0	3152	3499	0	1276	Tree	
woodcut	Logs	0	3153	3502	0	1276	Tree	
woodcut	Logs	0	3153	3514	0	1276	Tree	
woodcut	Logs	0	3156	3489	0	1276	Tree	
woodcut	Logs	0	3157	3469	0	1276	Tree	
woodcut	Logs	0	3158	3515	0	1276	Tree	
woodcut	Logs	0	3161	3518	0	1276	Tree	
woodcut	Logs	0	3164	3496	0	1276	Tree	
woodcut	Logs	0	3167	3472	0	1276	Tree	
woodcut	Logs	0	3167	3515	0	1276	Tree	
woodcut	Logs	0	3169	3492	0	1276	Tree	
woodcut	Logs	0	3171	3471	0	1276	Tree	
woodcut	Logs	0	3171	3491	0	1276	Tree	
woodcut	Logs	0	3171	3493	0	1276	Tree	
woodcut	Logs	0	3173	3497	0	1276	Tree	
woodcut	Logs	0	3174	3488	0	1276	Tree	
woodcut	Logs	0	3174	3516	0	1276	Tree	
woodcut	Logs	0	3175	3485	0	1276	Tree	
woodcut	Logs	0	3177	3470	0	1276	Tree	
woodcut	Logs	0	3178	3518	0	1276	Tree	
woodcut	Logs	0	3181	3492	0	1276	Tree	
woodcut	Logs	0	3183	3500	0	1276	Tree	
woodcut	Logs	0	3183	3515	0	1276	Tree	
woodcut	Logs	0	3184	3497	0	1276	Tree	
woodcut	Logs	0	3185	3489	0	1276	Tree	
woodcut	Logs	0	3185	3511	0	1276	Tree	
woodcut	Logs	0	3186	3503	0	1276	Tree	
woodcut	Logs	0	3188	3501	0	1276	Tree	
woodcut	Logs	0	3190	3518	0	1276	Tree	
woodcut	Logs	0	3193	3484	0	1276	Tree	
woodcut	Logs	0	3194	3492	0	1276	Tree	
woodcut	Logs	0	3195	3477	0	1276	Tree	
woodcut	Logs	0	3195	3507	0	1276	Tree	
woodcut	Logs	0	3196	3488	0	1276	Tree	
woodcut	Logs	0	3197	3496	0	1276	Tree	
woodcut	Logs	0	3198	3516	0	1276	Tree	
woodcut	Logs	0	3137	3498	0	1278	Tree	
woodcut	Logs	0	3137	3511	0	1278	Tree	
woodcut	Logs	0	3139	3457	0	1278	Tree	
woodcut	Logs	0	3140	3489	0	1278	Tree	
woodcut	Logs	0	3140	3494	0	1278	Tree	
woodcut	Logs	0	3140	3506	0	1278	Tree	
woodcut	Logs	0	3141	3472	0	1278	Tree	
woodcut	Logs	0	3142	3461	0	1278	Tree	
woodcut	Logs	0	3142	3507	0	1278	Tree	
woodcut	Logs	0	3143	3478	0	1278	Tree	
woodcut	Logs	0	3143	3513	0	1278	Tree	
woodcut	Logs	0	3144	3495	0	1278	Tree	
woodcut	Logs	0	3144	3510	0	1278	Tree	
woodcut	Logs	0	3145	3458	0	1278	Tree	
woodcut	Logs	0	3146	3486	0	1278	Tree	
woodcut	Logs	0	3148	3457	0	1278	Tree	
woodcut	Logs	0	3148	3472	0	1278	Tree	
woodcut	Logs	0	3148	3497	0	1278	Tree	
woodcut	Logs	0	3150	3505	0	1278	Tree	
woodcut	Logs	0	3151	3476	0	1278	Tree	
woodcut	Logs	0	3153	3469	0	1278	Tree	
woodcut	Logs	0	3154	3457	0	1278	Tree	
woodcut	Logs	0	3154	3495	0	1278	Tree	
woodcut	Logs	0	3155	3461	0	1278	Tree	
woodcut	Logs	0	3156	3482	0	1278	Tree	
woodcut	Logs	0	3156	3497	0	1278	Tree	
woodcut	Logs	0	3156	3518	0	1278	Tree	
woodcut	Logs	0	3157	3495	0	1278	Tree	
woodcut	Logs	0	3157	3500	0	1278	Tree	
woodcut	Logs	0	3158	3476	0	1278	Tree	
woodcut	Logs	0	3158	3506	0	1278	Tree	
woodcut	Logs	0	3159	3458	0	1278	Tree	
woodcut	Logs	0	3159	3496	0	1278	Tree	
woodcut	Logs	0	3160	3483	0	1278	Tree	
woodcut	Logs	0	3160	3504	0	1278	Tree	
woodcut	Logs	0	3161	3471	0	1278	Tree	
woodcut	Logs	0	3161	3507	0	1278	Tree	
woodcut	Logs	0	3162	3467	0	1278	Tree	
woodcut	Logs	0	3162	3475	0	1278	Tree	
woodcut	Logs	0	3162	3480	0	1278	Tree	
woodcut	Logs	0	3163	3493	0	1278	Tree	
woodcut	Logs	0	3164	3457	0	1278	Tree	
woodcut	Logs	0	3164	3485	0	1278	Tree	
woodcut	Logs	0	3165	3468	0	1278	Tree	
woodcut	Logs	0	3165	3508	0	1278	Tree	
woodcut	Logs	0	3166	3492	0	1278	Tree	
woodcut	Logs	0	3167	3480	0	1278	Tree	
woodcut	Logs	0	3167	3485	0	1278	Tree	
woodcut	Logs	0	3168	3512	0	1278	Tree	
woodcut	Logs	0	3169	3481	0	1278	Tree	
woodcut	Logs	0	3169	3518	0	1278	Tree	
woodcut	Logs	0	3170	3461	0	1278	Tree	
woodcut	Logs	0	3172	3458	0	1278	Tree	
woodcut	Logs	0	3172	3510	0	1278	Tree	
woodcut	Logs	0	3174	3506	0	1278	Tree	
woodcut	Logs	0	3176	3490	0	1278	Tree	
woodcut	Logs	0	3176	3494	0	1278	Tree	
woodcut	Logs	0	3177	3497	0	1278	Tree	
woodcut	Logs	0	3177	3501	0	1278	Tree	
woodcut	Logs	0	3178	3463	0	1278	Tree	
woodcut	Logs	0	3180	3465	0	1278	Tree	
woodcut	Logs	0	3180	3483	0	1278	Tree	
woodcut	Logs	0	3180	3485	0	1278	Tree	
woodcut	Logs	0	3180	3514	0	1278	Tree	
woodcut	Logs	0	3182	3484	0	1278	Tree	
woodcut	Logs	0	3182	3487	0	1278	Tree	
woodcut	Logs	0	3183	3493	0	1278	Tree	
woodcut	Logs	0	3185	3483	0	1278	Tree	
woodcut	Logs	0	3186	3479	0	1278	Tree	
woodcut	Logs	0	3186	3507	0	1278	Tree	
woodcut	Logs	0	3186	3516	0	1278	Tree	
woodcut	Logs	0	3190	3506	0	1278	Tree	
woodcut	Logs	0	3194	3516	0	1278	Tree	
woodcut	Logs	0	3196	3511	0	1278	Tree	
woodcut	Oak logs	15	3160	3499	0	1281	Oak	
woodcut	Oak logs	15	3163	3503	0	1281	Oak	
woodcut	Oak logs	15	3164	3471	0	1281	Oak	
woodcut	Oak logs	15	3165	3476	0	1281	Oak	
woodcut	Oak logs	15	3165	3500	0	1281	Oak	
woodcut	Oak logs	15	3166	3482	0	1281	Oak	
woodcut	Oak logs	15	3168	3467	0	1281	Oak	
woodcut	Oak logs	15	3168	3496	0	1281	Oak	
woodcut	Oak logs	15	3168	3506	0	1281	Oak	
woodcut	Oak logs	15	3170	3485	0	1281	Oak	
woodcut	Oak logs	15	3170	3501	0	1281	Oak	
woodcut	Oak logs	15	3173	3466	0	1281	Oak	
woodcut	Oak logs	15	3178	3467	0	1281	Oak	
woodcut	Oak logs	15	3183	3467	0	1281	Oak	
woodcut	Oak logs	15	3189	3460	0	1281	Oak	
woodcut	Oak logs	15	3191	3511	0	1281	Oak	
woodcut	Oak logs	15	3192	3462	0	1281	Oak	
woodcut	Oak logs	15	3194	3457	0	1281	Oak	
woodcut	Logs	0	3166	3474	0	1282	Dead tree	
woodcut	Logs	0	3168	3476	0	1282	Dead tree	
woodcut	Logs	0	3169	3470	0	1282	Dead tree	
woodcut	Logs	0	3171	3483	0	1282	Dead tree	
woodcut	Logs	0	3173	3471	0	1282	Dead tree	
woodcut	Logs	0	3175	3469	0	1282	Dead tree	
woodcut	Logs	0	3177	3483	0	1282	Dead tree	
woodcut	Logs	0	3181	3469	0	1282	Dead tree	
woodcut	Logs	0	3182	3471	0	1282	Dead tree	
woodcut	Logs	0	3169	3474	0	1286	Dead tree	
woodcut	Logs	0	3173	3483	0	1286	Dead tree	
woodcut	Logs	0	3176	3472	0	1286	Dead tree	
woodcut	Logs	0	3180	3470	0	1286	Dead tree	
woodcut	Logs	0	3148	3521	0	1276	Tree	
woodcut	Logs	0	3152	3525	0	1276	Tree	
woodcut	Logs	0	3155	3522	0	1276	Tree	
woodcut	Logs	0	3162	3522	0	1276	Tree	
woodcut	Logs	0	3164	3529	0	1276	Tree	
woodcut	Logs	0	3169	3522	0	1276	Tree	
woodcut	Logs	0	3189	3522	0	1276	Tree	
woodcut	Logs	0	3196	3529	0	1276	Tree	
woodcut	Logs	0	3198	3521	0	1276	Tree	
woodcut	Logs	0	3155	3531	0	1278	Tree	
woodcut	Logs	0	3161	3525	0	1278	Tree	
woodcut	Logs	0	3184	3522	0	1278	Tree	
woodcut	Logs	0	3187	3529	0	1278	Tree	
woodcut	Logs	0	3193	3521	0	1278	Tree	
woodcut	Logs	0	3195	3523	0	1278	Tree	
woodcut	Oak logs	15	3157	3525	0	1281	Oak	
woodcut	Oak logs	15	3192	3524	0	1281	Oak	
woodcut	Logs	0	3139	3565	0	1282	Dead tree	
woodcut	Logs	0	3140	3578	0	1282	Dead tree	
woodcut	Logs	0	3153	3581	0	1282	Dead tree	
woodcut	Logs	0	3186	3560	0	1282	Dead tree	
woodcut	Logs	0	3195	3581	0	1282	Dead tree	
woodcut	Logs	0	3137	3580	0	1286	Dead tree	
woodcut	Logs	0	3138	3562	0	1286	Dead tree	
woodcut	Logs	0	3139	3568	0	1286	Dead tree	
woodcut	Logs	0	3140	3582	0	1286	Dead tree	
woodcut	Logs	0	3141	3563	0	1286	Dead tree	
woodcut	Logs	0	3142	3566	0	1286	Dead tree	
woodcut	Logs	0	3142	3576	0	1286	Dead tree	
woodcut	Logs	0	3143	3541	0	1286	Dead tree	
woodcut	Logs	0	3145	3557	0	1286	Dead tree	
woodcut	Logs	0	3145	3580	0	1286	Dead tree	
woodcut	Logs	0	3146	3568	0	1286	Dead tree	
woodcut	Logs	0	3147	3562	0	1286	Dead tree	
woodcut	Logs	0	3147	3573	0	1286	Dead tree	
woodcut	Logs	0	3150	3547	0	1286	Dead tree	
woodcut	Logs	0	3150	3583	0	1286	Dead tree	
woodcut	Logs	0	3151	3574	0	1286	Dead tree	
woodcut	Logs	0	3152	3568	0	1286	Dead tree	
woodcut	Logs	0	3153	3578	0	1286	Dead tree	
woodcut	Logs	0	3157	3562	0	1286	Dead tree	
woodcut	Logs	0	3158	3576	0	1286	Dead tree	
woodcut	Logs	0	3159	3550	0	1286	Dead tree	
woodcut	Logs	0	3159	3581	0	1286	Dead tree	
woodcut	Logs	0	3160	3573	0	1286	Dead tree	
woodcut	Logs	0	3161	3558	0	1286	Dead tree	
woodcut	Logs	0	3162	3566	0	1286	Dead tree	
woodcut	Logs	0	3164	3553	0	1286	Dead tree	
woodcut	Logs	0	3166	3575	0	1286	Dead tree	
woodcut	Logs	0	3172	3560	0	1286	Dead tree	
woodcut	Logs	0	3172	3567	0	1286	Dead tree	
woodcut	Logs	0	3173	3546	0	1286	Dead tree	
woodcut	Logs	0	3173	3575	0	1286	Dead tree	
woodcut	Logs	0	3175	3561	0	1286	Dead tree	
woodcut	Logs	0	3177	3561	0	1286	Dead tree	
woodcut	Logs	0	3179	3575	0	1286	Dead tree	
woodcut	Logs	0	3181	3561	0	1286	Dead tree	
woodcut	Logs	0	3183	3548	0	1286	Dead tree	
woodcut	Logs	0	3184	3561	0	1286	Dead tree	
woodcut	Logs	0	3184	3575	0	1286	Dead tree	
woodcut	Logs	0	3188	3574	0	1286	Dead tree	
woodcut	Logs	0	3189	3581	0	1286	Dead tree	
woodcut	Logs	0	3190	3561	0	1286	Dead tree	
woodcut	Logs	0	3191	3545	0	1286	Dead tree	
woodcut	Logs	0	3191	3579	0	1286	Dead tree	
woodcut	Logs	0	3192	3561	0	1286	Dead tree	
woodcut	Logs	0	3193	3572	0	1286	Dead tree	
woodcut	Logs	0	3195	3549	0	1286	Dead tree	
woodcut	Logs	0	3197	3578	0	1286	Dead tree	
woodcut	Logs	0	3198	3553	0	1286	Dead tree	
woodcut	Logs	0	3172	3607	0	1282	Dead tree	
woodcut	Logs	0	3175	3622	0	1282	Dead tree	
woodcut	Logs	0	3176	3614	0	1282	Dead tree	
woodcut	Logs	0	3178	3603	0	1282	Dead tree	
woodcut	Logs	0	3180	3606	0	1282	Dead tree	
woodcut	Logs	0	3181	3604	0	1282	Dead tree	
woodcut	Logs	0	3181	3607	0	1282	Dead tree	
woodcut	Logs	0	3181	3608	0	1282	Dead tree	
woodcut	Logs	0	3181	3611	0	1282	Dead tree	
woodcut	Logs	0	3182	3605	0	1282	Dead tree	
woodcut	Logs	0	3182	3607	0	1282	Dead tree	
woodcut	Logs	0	3182	3608	0	1282	Dead tree	
woodcut	Logs	0	3182	3611	0	1282	Dead tree	
woodcut	Logs	0	3182	3612	0	1282	Dead tree	
woodcut	Logs	0	3183	3596	0	1282	Dead tree	
woodcut	Logs	0	3183	3610	0	1282	Dead tree	
woodcut	Logs	0	3183	3614	0	1282	Dead tree	
woodcut	Logs	0	3183	3619	0	1282	Dead tree	
woodcut	Logs	0	3184	3613	0	1282	Dead tree	
woodcut	Logs	0	3184	3616	0	1282	Dead tree	
woodcut	Logs	0	3185	3606	0	1282	Dead tree	
woodcut	Logs	0	3185	3615	0	1282	Dead tree	
woodcut	Logs	0	3185	3617	0	1282	Dead tree	
woodcut	Logs	0	3188	3608	0	1282	Dead tree	
woodcut	Logs	0	3188	3610	0	1282	Dead tree	
woodcut	Logs	0	3189	3598	0	1282	Dead tree	
woodcut	Logs	0	3189	3608	0	1282	Dead tree	
woodcut	Logs	0	3189	3611	0	1282	Dead tree	
woodcut	Logs	0	3189	3612	0	1282	Dead tree	
woodcut	Logs	0	3190	3607	0	1282	Dead tree	
woodcut	Logs	0	3190	3609	0	1282	Dead tree	
woodcut	Logs	0	3190	3611	0	1282	Dead tree	
woodcut	Logs	0	3191	3606	0	1282	Dead tree	
woodcut	Logs	0	3191	3608	0	1282	Dead tree	
woodcut	Logs	0	3192	3610	0	1282	Dead tree	
woodcut	Logs	0	3194	3603	0	1282	Dead tree	
woodcut	Logs	0	3195	3593	0	1282	Dead tree	
woodcut	Logs	0	3196	3611	0	1282	Dead tree	
woodcut	Logs	0	3148	3608	0	1286	Dead tree	
woodcut	Logs	0	3151	3607	0	1286	Dead tree	
woodcut	Logs	0	3151	3611	0	1286	Dead tree	
woodcut	Logs	0	3152	3643	0	1286	Dead tree	
woodcut	Logs	0	3153	3627	0	1286	Dead tree	
woodcut	Logs	0	3154	3596	0	1286	Dead tree	
woodcut	Logs	0	3154	3643	0	1286	Dead tree	
woodcut	Logs	0	3155	3594	0	1286	Dead tree	
woodcut	Logs	0	3155	3599	0	1286	Dead tree	
woodcut	Logs	0	3155	3611	0	1286	Dead tree	
woodcut	Logs	0	3156	3608	0	1286	Dead tree	
woodcut	Logs	0	3157	3599	0	1286	Dead tree	
woodcut	Logs	0	3158	3627	0	1286	Dead tree	
woodcut	Logs	0	3159	3596	0	1286	Dead tree	
woodcut	Logs	0	3171	3606	0	1286	Dead tree	
woodcut	Logs	0	3173	3605	0	1286	Dead tree	
woodcut	Logs	0	3173	3624	0	1286	Dead tree	
woodcut	Logs	0	3174	3610	0	1286	Dead tree	
woodcut	Logs	0	3175	3620	0	1286	Dead tree	
woodcut	Logs	0	3176	3604	0	1286	Dead tree	
woodcut	Logs	0	3176	3625	0	1286	Dead tree	
woodcut	Logs	0	3177	3612	0	1286	Dead tree	
woodcut	Logs	0	3177	3620	0	1286	Dead tree	
woodcut	Logs	0	3178	3606	0	1286	Dead tree	
woodcut	Logs	0	3178	3616	0	1286	Dead tree	
woodcut	Logs	0	3178	3623	0	1286	Dead tree	
woodcut	Logs	0	3179	3601	0	1286	Dead tree	
woodcut	Logs	0	3181	3597	0	1286	Dead tree	
woodcut	Logs	0	3181	3615	0	1286	Dead tree	
woodcut	Logs	0	3181	3620	0	1286	Dead tree	
woodcut	Logs	0	3184	3599	0	1286	Dead tree	
woodcut	Logs	0	3184	3606	0	1286	Dead tree	
woodcut	Logs	0	3184	3618	0	1286	Dead tree	
woodcut	Logs	0	3185	3596	0	1286	Dead tree	
woodcut	Logs	0	3185	3613	0	1286	Dead tree	
woodcut	Logs	0	3187	3609	0	1286	Dead tree	
woodcut	Logs	0	3188	3598	0	1286	Dead tree	
woodcut	Logs	0	3189	3597	0	1286	Dead tree	
woodcut	Logs	0	3190	3601	0	1286	Dead tree	
woodcut	Logs	0	3190	3612	0	1286	Dead tree	
woodcut	Logs	0	3191	3607	0	1286	Dead tree	
woodcut	Logs	0	3192	3598	0	1286	Dead tree	
woodcut	Logs	0	3192	3613	0	1286	Dead tree	
woodcut	Logs	0	3193	3593	0	1286	Dead tree	
woodcut	Logs	0	3193	3604	0	1286	Dead tree	
woodcut	Logs	0	3195	3596	0	1286	Dead tree	
woodcut	Logs	0	3195	3606	0	1286	Dead tree	
woodcut	Logs	0	3195	3610	0	1286	Dead tree	
woodcut	Logs	0	3140	3597	0	1383	Dead tree	
woodcut	Logs	0	3141	3618	0	1383	Dead tree	
woodcut	Logs	0	3142	3638	0	1383	Dead tree	
woodcut	Logs	0	3144	3589	0	1383	Dead tree	
woodcut	Logs	0	3144	3628	0	1383	Dead tree	
woodcut	Logs	0	3145	3602	0	1383	Dead tree	
woodcut	Logs	0	3147	3596	0	1383	Dead tree	
woodcut	Logs	0	3147	3605	0	1383	Dead tree	
woodcut	Logs	0	3148	3600	0	1383	Dead tree	
woodcut	Logs	0	3149	3636	0	1383	Dead tree	
woodcut	Logs	0	3150	3643	0	1383	Dead tree	
woodcut	Logs	0	3151	3641	0	1383	Dead tree	
woodcut	Logs	0	3152	3612	0	1383	Dead tree	
woodcut	Logs	0	3152	3623	0	1383	Dead tree	
woodcut	Logs	0	3152	3630	0	1383	Dead tree	
woodcut	Logs	0	3153	3597	0	1383	Dead tree	
woodcut	Logs	0	3154	3608	0	1383	Dead tree	
woodcut	Logs	0	3154	3610	0	1383	Dead tree	
woodcut	Logs	0	3155	3627	0	1383	Dead tree	
woodcut	Logs	0	3155	3644	0	1383	Dead tree	
woodcut	Logs	0	3156	3596	0	1383	Dead tree	
woodcut	Logs	0	3157	3620	0	1383	Dead tree	
woodcut	Logs	0	3158	3600	0	1383	Dead tree	
woodcut	Logs	0	3159	3598	0	1383	Dead tree	
woodcut	Logs	0	3160	3587	0	1383	Dead tree	
woodcut	Logs	0	3160	3602	0	1383	Dead tree	
woodcut	Logs	0	3161	3607	0	1383	Dead tree	
woodcut	Logs	0	3162	3612	0	1383	Dead tree	
woodcut	Logs	0	3164	3643	0	1383	Dead tree	
woodcut	Logs	0	3165	3593	0	1383	Dead tree	
woodcut	Logs	0	3166	3629	0	1383	Dead tree	
woodcut	Logs	0	3166	3635	0	1383	Dead tree	
woodcut	Logs	0	3169	3644	0	1383	Dead tree	
woodcut	Logs	0	3170	3607	0	1383	Dead tree	
woodcut	Logs	0	3171	3604	0	1383	Dead tree	
woodcut	Logs	0	3171	3610	0	1383	Dead tree	
woodcut	Logs	0	3171	3614	0	1383	Dead tree	
woodcut	Logs	0	3171	3634	0	1383	Dead tree	
woodcut	Logs	0	3172	3618	0	1383	Dead tree	
woodcut	Logs	0	3172	3622	0	1383	Dead tree	
woodcut	Logs	0	3173	3587	0	1383	Dead tree	
woodcut	Logs	0	3173	3620	0	1383	Dead tree	
woodcut	Logs	0	3173	3626	0	1383	Dead tree	
woodcut	Logs	0	3174	3613	0	1383	Dead tree	
woodcut	Logs	0	3174	3616	0	1383	Dead tree	
woodcut	Logs	0	3175	3602	0	1383	Dead tree	
woodcut	Logs	0	3175	3605	0	1383	Dead tree	
woodcut	Logs	0	3175	3608	0	1383	Dead tree	
woodcut	Logs	0	3175	3618	0	1383	Dead tree	
woodcut	Logs	0	3176	3599	0	1383	Dead tree	
woodcut	Logs	0	3176	3611	0	1383	Dead tree	
woodcut	Logs	0	3177	3601	0	1383	Dead tree	
woodcut	Logs	0	3177	3607	0	1383	Dead tree	
woodcut	Logs	0	3177	3617	0	1383	Dead tree	
woodcut	Logs	0	3177	3625	0	1383	Dead tree	
woodcut	Logs	0	3178	3598	0	1383	Dead tree	
woodcut	Logs	0	3178	3610	0	1383	Dead tree	
woodcut	Logs	0	3179	3605	0	1383	Dead tree	
woodcut	Logs	0	3179	3607	0	1383	Dead tree	
woodcut	Logs	0	3179	3609	0	1383	Dead tree	
woodcut	Logs	0	3179	3614	0	1383	Dead tree	
woodcut	Logs	0	3179	3621	0	1383	Dead tree	
woodcut	Logs	0	3179	3633	0	1383	Dead tree	
woodcut	Logs	0	3180	3599	0	1383	Dead tree	
woodcut	Logs	0	3180	3618	0	1383	Dead tree	
woodcut	Logs	0	3181	3595	0	1383	Dead tree	
woodcut	Logs	0	3181	3603	0	1383	Dead tree	
woodcut	Logs	0	3181	3606	0	1383	Dead tree	
woodcut	Logs	0	3181	3609	0	1383	Dead tree	
woodcut	Logs	0	3182	3599	0	1383	Dead tree	
woodcut	Logs	0	3182	3601	0	1383	Dead tree	
woodcut	Logs	0	3182	3610	0	1383	Dead tree	
woodcut	Logs	0	3182	3643	0	1383	Dead tree	
woodcut	Logs	0	3183	3604	0	1383	Dead tree	
woodcut	Logs	0	3183	3607	0	1383	Dead tree	
woodcut	Logs	0	3183	3608	0	1383	Dead tree	
woodcut	Logs	0	3183	3617	0	1383	Dead tree	
woodcut	Logs	0	3183	3622	0	1383	Dead tree	
woodcut	Logs	0	3184	3602	0	1383	Dead tree	
woodcut	Logs	0	3184	3603	0	1383	Dead tree	
woodcut	Logs	0	3184	3615	0	1383	Dead tree	
woodcut	Logs	0	3185	3597	0	1383	Dead tree	
woodcut	Logs	0	3185	3605	0	1383	Dead tree	
woodcut	Logs	0	3185	3609	0	1383	Dead tree	
woodcut	Logs	0	3185	3620	0	1383	Dead tree	
woodcut	Logs	0	3186	3602	0	1383	Dead tree	
woodcut	Logs	0	3186	3611	0	1383	Dead tree	
woodcut	Logs	0	3186	3617	0	1383	Dead tree	
woodcut	Logs	0	3187	3595	0	1383	Dead tree	
woodcut	Logs	0	3187	3614	0	1383	Dead tree	
woodcut	Logs	0	3188	3594	0	1383	Dead tree	
woodcut	Logs	0	3188	3601	0	1383	Dead tree	
woodcut	Logs	0	3188	3604	0	1383	Dead tree	
woodcut	Logs	0	3188	3606	0	1383	Dead tree	
woodcut	Logs	0	3188	3612	0	1383	Dead tree	
woodcut	Logs	0	3188	3616	0	1383	Dead tree	
woodcut	Logs	0	3189	3603	0	1383	Dead tree	
woodcut	Logs	0	3189	3609	0	1383	Dead tree	
woodcut	Logs	0	3189	3615	0	1383	Dead tree	
woodcut	Logs	0	3190	3592	0	1383	Dead tree	
woodcut	Logs	0	3190	3595	0	1383	Dead tree	
woodcut	Logs	0	3190	3605	0	1383	Dead tree	
woodcut	Logs	0	3190	3610	0	1383	Dead tree	
woodcut	Logs	0	3191	3600	0	1383	Dead tree	
woodcut	Logs	0	3191	3615	0	1383	Dead tree	
woodcut	Logs	0	3192	3604	0	1383	Dead tree	
woodcut	Logs	0	3193	3595	0	1383	Dead tree	
woodcut	Logs	0	3193	3601	0	1383	Dead tree	
woodcut	Logs	0	3193	3609	0	1383	Dead tree	
woodcut	Logs	0	3194	3591	0	1383	Dead tree	
woodcut	Logs	0	3195	3600	0	1383	Dead tree	
woodcut	Logs	0	3195	3612	0	1383	Dead tree	
woodcut	Logs	0	3197	3591	0	1383	Dead tree	
woodcut	Logs	0	3197	3597	0	1383	Dead tree	
woodcut	Logs	0	3197	3600	0	1383	Dead tree	
woodcut	Logs	0	3197	3609	0	1383	Dead tree	
woodcut	Logs	0	3198	3593	0	1383	Dead tree	
woodcut	Logs	0	3198	3602	0	1383	Dead tree	
woodcut	Logs	0	3198	3606	0	1383	Dead tree	
woodcut	Logs	0	3158	3654	0	1282	Dead tree	
woodcut	Logs	0	3164	3700	0	1282	Dead tree	
woodcut	Logs	0	3176	3655	0	1282	Dead tree	
woodcut	Logs	0	3176	3701	0	1282	Dead tree	
woodcut	Logs	0	3185	3688	0	1282	Dead tree	
woodcut	Logs	0	3185	3692	0	1282	Dead tree	
woodcut	Logs	0	3185	3707	0	1282	Dead tree	
woodcut	Logs	0	3186	3691	0	1282	Dead tree	
woodcut	Logs	0	3189	3688	0	1282	Dead tree	
woodcut	Logs	0	3190	3685	0	1282	Dead tree	
woodcut	Logs	0	3190	3692	0	1282	Dead tree	
woodcut	Logs	0	3192	3685	0	1282	Dead tree	
woodcut	Logs	0	3192	3688	0	1282	Dead tree	
woodcut	Logs	0	3192	3691	0	1282	Dead tree	
woodcut	Logs	0	3192	3693	0	1282	Dead tree	
woodcut	Logs	0	3193	3683	0	1282	Dead tree	
woodcut	Logs	0	3194	3688	0	1282	Dead tree	
woodcut	Logs	0	3194	3692	0	1282	Dead tree	
woodcut	Logs	0	3194	3693	0	1282	Dead tree	
woodcut	Logs	0	3195	3685	0	1282	Dead tree	
woodcut	Logs	0	3195	3690	0	1282	Dead tree	
woodcut	Logs	0	3196	3682	0	1282	Dead tree	
woodcut	Logs	0	3196	3686	0	1282	Dead tree	
woodcut	Logs	0	3196	3693	0	1282	Dead tree	
woodcut	Logs	0	3197	3680	0	1282	Dead tree	
woodcut	Logs	0	3197	3688	0	1282	Dead tree	
woodcut	Logs	0	3197	3691	0	1282	Dead tree	
woodcut	Logs	0	3191	3687	0	1283	Dead tree	
woodcut	Logs	0	3191	3690	0	1283	Dead tree	
woodcut	Logs	0	3194	3687	0	1283	Dead tree	
woodcut	Logs	0	3198	3690	0	1283	Dead tree	
woodcut	Logs	0	3146	3655	0	1286	Dead tree	
woodcut	Logs	0	3146	3658	0	1286	Dead tree	
woodcut	Logs	0	3149	3658	0	1286	Dead tree	
woodcut	Logs	0	3151	3657	0	1286	Dead tree	
woodcut	Logs	0	3151	3686	0	1286	Dead tree	
woodcut	Logs	0	3152	3651	0	1286	Dead tree	
woodcut	Logs	0	3152	3664	0	1286	Dead tree	
woodcut	Logs	0	3153	3657	0	1286	Dead tree	
woodcut	Logs	0	3155	3653	0	1286	Dead tree	
woodcut	Logs	0	3155	3661	0	1286	Dead tree	
woodcut	Logs	0	3158	3687	0	1286	Dead tree	
woodcut	Logs	0	3158	3698	0	1286	Dead tree	
woodcut	Logs	0	3160	3651	0	1286	Dead tree	
woodcut	Logs	0	3160	3703	0	1286	Dead tree	
woodcut	Logs	0	3164	3657	0	1286	Dead tree	
woodcut	Logs	0	3166	3654	0	1286	Dead tree	
woodcut	Logs	0	3166	3658	0	1286	Dead tree	
woodcut	Logs	0	3167	3661	0	1286	Dead tree	
woodcut	Logs	0	3170	3651	0	1286	Dead tree	
woodcut	Logs	0	3170	3661	0	1286	Dead tree	
woodcut	Logs	0	3170	3703	0	1286	Dead tree	
woodcut	Logs	0	3172	3653	0	1286	Dead tree	
woodcut	Logs	0	3175	3661	0	1286	Dead tree	
woodcut	Logs	0	3179	3665	0	1286	Dead tree	
woodcut	Logs	0	3180	3662	0	1286	Dead tree	
woodcut	Logs	0	3180	3697	0	1286	Dead tree	
woodcut	Logs	0	3181	3702	0	1286	Dead tree	
woodcut	Logs	0	3181	3709	0	1286	Dead tree	
woodcut	Logs	0	3182	3655	0	1286	Dead tree	
woodcut	Logs	0	3182	3658	0	1286	Dead tree	
woodcut	Logs	0	3192	3706	0	1286	Dead tree	
woodcut	Logs	0	3144	3682	0	1383	Dead tree	
woodcut	Logs	0	3145	3661	0	1383	Dead tree	
woodcut	Logs	0	3147	3656	0	1383	Dead tree	
woodcut	Logs	0	3147	3664	0	1383	Dead tree	
woodcut	Logs	0	3147	3679	0	1383	Dead tree	
woodcut	Logs	0	3147	3688	0	1383	Dead tree	
woodcut	Logs	0	3149	3683	0	1383	Dead tree	
woodcut	Logs	0	3150	3653	0	1383	Dead tree	
woodcut	Logs	0	3153	3662	0	1383	Dead tree	
woodcut	Logs	0	3153	3686	0	1383	Dead tree	
woodcut	Logs	0	3154	3654	0	1383	Dead tree	
woodcut	Logs	0	3155	3681	0	1383	Dead tree	
woodcut	Logs	0	3155	3691	0	1383	Dead tree	
woodcut	Logs	0	3157	3657	0	1383	Dead tree	
woodcut	Logs	0	3160	3690	0	1383	Dead tree	
woodcut	Logs	0	3162	3699	0	1383	Dead tree	
woodcut	Logs	0	3162	3702	0	1383	Dead tree	
woodcut	Logs	0	3162	3704	0	1383	Dead tree	
woodcut	Logs	0	3163	3652	0	1383	Dead tree	
woodcut	Logs	0	3165	3705	0	1383	Dead tree	
woodcut	Logs	0	3166	3650	0	1383	Dead tree	
woodcut	Logs	0	3166	3698	0	1383	Dead tree	
woodcut	Logs	0	3167	3700	0	1383	Dead tree	
woodcut	Logs	0	3168	3676	0	1383	Dead tree	
woodcut	Logs	0	3168	3703	0	1383	Dead tree	
woodcut	Logs	0	3169	3656	0	1383	Dead tree	
woodcut	Logs	0	3172	3695	0	1383	Dead tree	
woodcut	Logs	0	3172	3704	0	1383	Dead tree	
woodcut	Logs	0	3174	3652	0	1383	Dead tree	
woodcut	Logs	0	3174	3709	0	1383	Dead tree	
woodcut	Logs	0	3176	3707	0	1383	Dead tree	
woodcut	Logs	0	3177	3663	0	1383	Dead tree	
woodcut	Logs	0	3178	3657	0	1383	Dead tree	
woodcut	Logs	0	3178	3699	0	1383	Dead tree	
woodcut	Logs	0	3178	3706	0	1383	Dead tree	
woodcut	Logs	0	3179	3689	0	1383	Dead tree	
woodcut	Logs	0	3179	3700	0	1383	Dead tree	
woodcut	Logs	0	3180	3686	0	1383	Dead tree	
woodcut	Logs	0	3180	3704	0	1383	Dead tree	
woodcut	Logs	0	3182	3664	0	1383	Dead tree	
woodcut	Logs	0	3182	3707	0	1383	Dead tree	
woodcut	Logs	0	3183	3661	0	1383	Dead tree	
woodcut	Logs	0	3183	3678	0	1383	Dead tree	
woodcut	Logs	0	3183	3691	0	1383	Dead tree	
woodcut	Logs	0	3184	3665	0	1383	Dead tree	
woodcut	Logs	0	3184	3685	0	1383	Dead tree	
woodcut	Logs	0	3184	3705	0	1383	Dead tree	
woodcut	Logs	0	3184	3710	0	1383	Dead tree	
woodcut	Logs	0	3185	3659	0	1383	Dead tree	
woodcut	Logs	0	3186	3710	0	1383	Dead tree	
woodcut	Logs	0	3187	3705	0	1383	Dead tree	
woodcut	Logs	0	3188	3709	0	1383	Dead tree	
woodcut	Logs	0	3156	3757	0	1282	Dead tree	
woodcut	Logs	0	3161	3762	0	1282	Dead tree	
woodcut	Logs	0	3168	3767	0	1282	Dead tree	
woodcut	Logs	0	3194	3716	0	1282	Dead tree	
woodcut	Logs	0	3138	3762	0	1286	Dead tree	
woodcut	Logs	0	3142	3761	0	1286	Dead tree	
woodcut	Logs	0	3150	3758	0	1286	Dead tree	
woodcut	Logs	0	3153	3760	0	1286	Dead tree	
woodcut	Logs	0	3155	3720	0	1286	Dead tree	
woodcut	Logs	0	3163	3761	0	1286	Dead tree	
woodcut	Logs	0	3166	3766	0	1286	Dead tree	
woodcut	Logs	0	3166	3770	0	1286	Dead tree	
woodcut	Logs	0	3166	3774	0	1286	Dead tree	
woodcut	Logs	0	3185	3714	0	1286	Dead tree	
woodcut	Logs	0	3193	3716	0	1286	Dead tree	
woodcut	Logs	0	3197	3713	0	1286	Dead tree	
woodcut	Logs	0	3198	3719	0	1286	Dead tree	
woodcut	Logs	0	3137	3736	0	1383	Dead tree	
woodcut	Logs	0	3138	3732	0	1383	Dead tree	
woodcut	Logs	0	3139	3726	0	1383	Dead tree	
woodcut	Logs	0	3140	3720	0	1383	Dead tree	
woodcut	Logs	0	3144	3724	0	1383	Dead tree	
woodcut	Logs	0	3144	3759	0	1383	Dead tree	
woodcut	Logs	0	3145	3745	0	1383	Dead tree	
woodcut	Logs	0	3148	3759	0	1383	Dead tree	
woodcut	Logs	0	3153	3756	0	1383	Dead tree	
woodcut	Logs	0	3153	3758	0	1383	Dead tree	
woodcut	Logs	0	3157	3755	0	1383	Dead tree	
woodcut	Logs	0	3158	3756	0	1383	Dead tree	
woodcut	Logs	0	3158	3764	0	1383	Dead tree	
woodcut	Logs	0	3159	3759	0	1383	Dead tree	
woodcut	Logs	0	3159	3761	0	1383	Dead tree	
woodcut	Logs	0	3160	3771	0	1383	Dead tree	
woodcut	Logs	0	3162	3720	0	1383	Dead tree	
woodcut	Logs	0	3162	3765	0	1383	Dead tree	
woodcut	Logs	0	3163	3775	0	1383	Dead tree	
woodcut	Logs	0	3164	3765	0	1383	Dead tree	
woodcut	Logs	0	3165	3773	0	1383	Dead tree	
woodcut	Logs	0	3166	3746	0	1383	Dead tree	
woodcut	Logs	0	3168	3772	0	1383	Dead tree	
woodcut	Logs	0	3169	3723	0	1383	Dead tree	
woodcut	Logs	0	3170	3767	0	1383	Dead tree	
woodcut	Logs	0	3170	3770	0	1383	Dead tree	
woodcut	Logs	0	3176	3713	0	1383	Dead tree	
woodcut	Logs	0	3177	3723	0	1383	Dead tree	
woodcut	Logs	0	3177	3746	0	1383	Dead tree	
woodcut	Logs	0	3178	3750	0	1383	Dead tree	
woodcut	Logs	0	3180	3713	0	1383	Dead tree	
woodcut	Logs	0	3182	3712	0	1383	Dead tree	
woodcut	Logs	0	3184	3715	0	1383	Dead tree	
woodcut	Logs	0	3187	3713	0	1383	Dead tree	
woodcut	Logs	0	3188	3736	0	1383	Dead tree	
woodcut	Logs	0	3188	3741	0	1383	Dead tree	
woodcut	Logs	0	3191	3714	0	1383	Dead tree	
woodcut	Logs	0	3192	3713	0	1383	Dead tree	
woodcut	Logs	0	3195	3719	0	1383	Dead tree	
woodcut	Logs	0	3196	3715	0	1383	Dead tree	
woodcut	Logs	0	3197	3717	0	1383	Dead tree	
woodcut	Charcoal	0	3190	3768	0	1384	Dead tree	
woodcut	Charcoal	0	3191	3763	0	1384	Dead tree	
woodcut	Charcoal	0	3195	3767	0	1384	Dead tree	
woodcut	Charcoal	0	3199	3767	0	1384	Dead tree	
woodcut	Logs	0	3138	3832	0	1286	Dead tree	
woodcut	Logs	0	3153	3837	0	1286	Dead tree	
woodcut	Logs	0	3154	3821	0	1286	Dead tree	
woodcut	Logs	0	3159	3784	0	1286	Dead tree	
woodcut	Logs	0	3145	3838	0	1383	Dead tree	
woodcut	Logs	0	3154	3828	0	1383	Dead tree	
woodcut	Logs	0	3155	3810	0	1383	Dead tree	
woodcut	Logs	0	3165	3779	0	1383	Dead tree	
woodcut	Logs	0	3171	3777	0	1383	Dead tree	
woodcut	Charcoal	0	3164	3811	0	1384	Dead tree	
woodcut	Charcoal	0	3164	3819	0	1384	Dead tree	
woodcut	Charcoal	0	3166	3801	0	1384	Dead tree	
woodcut	Charcoal	0	3168	3829	0	1384	Dead tree	
woodcut	Charcoal	0	3169	3788	0	1384	Dead tree	
woodcut	Charcoal	0	3169	3795	0	1384	Dead tree	
woodcut	Charcoal	0	3169	3837	0	1384	Dead tree	
woodcut	Charcoal	0	3171	3785	0	1384	Dead tree	
woodcut	Charcoal	0	3171	3831	0	1384	Dead tree	
woodcut	Charcoal	0	3172	3792	0	1384	Dead tree	
woodcut	Charcoal	0	3175	3789	0	1384	Dead tree	
woodcut	Charcoal	0	3177	3796	0	1384	Dead tree	
woodcut	Charcoal	0	3180	3789	0	1384	Dead tree	
woodcut	Charcoal	0	3182	3781	0	1384	Dead tree	
woodcut	Charcoal	0	3182	3786	0	1384	Dead tree	
woodcut	Charcoal	0	3183	3817	0	1384	Dead tree	
woodcut	Charcoal	0	3184	3812	0	1384	Dead tree	
woodcut	Charcoal	0	3185	3784	0	1384	Dead tree	
woodcut	Charcoal	0	3186	3779	0	1384	Dead tree	
woodcut	Charcoal	0	3186	3787	0	1384	Dead tree	
woodcut	Charcoal	0	3188	3787	0	1384	Dead tree	
woodcut	Charcoal	0	3188	3795	0	1384	Dead tree	
woodcut	Charcoal	0	3189	3783	0	1384	Dead tree	
woodcut	Charcoal	0	3189	3792	0	1384	Dead tree	
woodcut	Charcoal	0	3190	3781	0	1384	Dead tree	
woodcut	Charcoal	0	3190	3789	0	1384	Dead tree	
woodcut	Charcoal	0	3191	3784	0	1384	Dead tree	
woodcut	Charcoal	0	3191	3811	0	1384	Dead tree	
woodcut	Charcoal	0	3192	3787	0	1384	Dead tree	
woodcut	Charcoal	0	3192	3790	0	1384	Dead tree	
woodcut	Charcoal	0	3193	3779	0	1384	Dead tree	
woodcut	Charcoal	0	3194	3783	0	1384	Dead tree	
woodcut	Charcoal	0	3194	3824	0	1384	Dead tree	
woodcut	Charcoal	0	3195	3786	0	1384	Dead tree	
woodcut	Charcoal	0	3195	3790	0	1384	Dead tree	
woodcut	Charcoal	0	3195	3791	0	1384	Dead tree	
woodcut	Charcoal	0	3196	3780	0	1384	Dead tree	
woodcut	Charcoal	0	3197	3795	0	1384	Dead tree	
woodcut	Charcoal	0	3197	3818	0	1384	Dead tree	
woodcut	Charcoal	0	3197	3833	0	1384	Dead tree	
woodcut	Charcoal	0	3198	3788	0	1384	Dead tree	
woodcut	Logs	0	3159	3883	0	1383	Dead tree	
woodcut	Logs	0	3168	3876	0	1383	Dead tree	
woodcut	Logs	0	3169	3896	0	1383	Dead tree	
woodcut	Logs	0	3179	3887	0	1383	Dead tree	
woodcut	Charcoal	0	3140	3847	0	1384	Dead tree	
woodcut	Charcoal	0	3141	3866	0	1384	Dead tree	
woodcut	Charcoal	0	3141	3896	0	1384	Dead tree	
woodcut	Charcoal	0	3147	3889	0	1384	Dead tree	
woodcut	Charcoal	0	3153	3859	0	1384	Dead tree	
woodcut	Charcoal	0	3157	3845	0	1384	Dead tree	
woodcut	Charcoal	0	3158	3898	0	1384	Dead tree	
woodcut	Charcoal	0	3159	3872	0	1384	Dead tree	
woodcut	Charcoal	0	3162	3848	0	1384	Dead tree	
woodcut	Charcoal	0	3173	3861	0	1384	Dead tree	
woodcut	Charcoal	0	3176	3871	0	1384	Dead tree	
woodcut	Charcoal	0	3185	3895	0	1384	Dead tree	
woodcut	Charcoal	0	3186	3879	0	1384	Dead tree	
woodcut	Charcoal	0	3191	3887	0	1384	Dead tree	
woodcut	Charcoal	0	3195	3865	0	1384	Dead tree	
woodcut	Charcoal	0	3196	3896	0	1384	Dead tree	
woodcut	Charcoal	0	3138	3914	0	1384	Dead tree	
woodcut	Charcoal	0	3138	3927	0	1384	Dead tree	
woodcut	Charcoal	0	3139	3939	0	1384	Dead tree	
woodcut	Charcoal	0	3143	3943	0	1384	Dead tree	
woodcut	Charcoal	0	3145	3948	0	1384	Dead tree	
woodcut	Charcoal	0	3147	3908	0	1384	Dead tree	
woodcut	Charcoal	0	3148	3956	0	1384	Dead tree	
woodcut	Charcoal	0	3151	3932	0	1384	Dead tree	
woodcut	Charcoal	0	3156	3928	0	1384	Dead tree	
woodcut	Charcoal	0	3156	3938	0	1384	Dead tree	
woodcut	Charcoal	0	3157	3946	0	1384	Dead tree	
woodcut	Charcoal	0	3162	3907	0	1384	Dead tree	
woodcut	Charcoal	0	3164	3945	0	1384	Dead tree	
woodcut	Charcoal	0	3172	3932	0	1384	Dead tree	
woodcut	Charcoal	0	3173	3922	0	1384	Dead tree	
woodcut	Charcoal	0	3173	3941	0	1384	Dead tree	
woodcut	Charcoal	0	3173	3955	0	1384	Dead tree	
woodcut	Charcoal	0	3176	3911	0	1384	Dead tree	
woodcut	Charcoal	0	3176	3949	0	1384	Dead tree	
woodcut	Charcoal	0	3178	3921	0	1384	Dead tree	
woodcut	Charcoal	0	3179	3934	0	1384	Dead tree	
woodcut	Charcoal	0	3184	3910	0	1384	Dead tree	
woodcut	Charcoal	0	3185	3925	0	1384	Dead tree	
woodcut	Charcoal	0	3186	3943	0	1384	Dead tree	
woodcut	Charcoal	0	3187	3917	0	1384	Dead tree	
woodcut	Charcoal	0	3188	3934	0	1384	Dead tree	
woodcut	Charcoal	0	3190	3906	0	1384	Dead tree	
woodcut	Charcoal	0	3193	3919	0	1384	Dead tree	
woodcut	Charcoal	0	3195	3908	0	1384	Dead tree	
woodcut	Charcoal	0	3196	3924	0	1384	Dead tree	
woodcut	Logs	0	3200	9556	0	1276	Tree	
woodcut	Logs	0	3204	9578	0	1276	Tree	
woodcut	Logs	0	3210	9575	0	1276	Tree	
woodcut	Logs	0	3215	9571	0	1276	Tree	
woodcut	Logs	0	3238	9575	0	1276	Tree	
woodcut	Logs	0	3239	9570	0	1276	Tree	
woodcut	Logs	0	3247	9593	0	1276	Tree	
woodcut	Logs	0	3249	9593	0	1276	Tree	
woodcut	Logs	0	3255	9586	0	1276	Tree	
woodcut	Logs	0	3258	9579	0	1276	Tree	
woodcut	Logs	0	3202	9581	0	1278	Tree	
woodcut	Logs	0	3204	9560	0	1278	Tree	
woodcut	Logs	0	3206	9566	0	1278	Tree	
woodcut	Oak logs	15	3241	9555	0	1281	Oak	
woodcut	Oak logs	15	3242	9542	0	1281	Oak	
woodcut	Oak logs	15	3254	9541	0	1281	Oak	
woodcut	Oak logs	15	3257	9576	0	1281	Oak	
woodcut	Logs	0	3216	9586	0	1286	Dead tree	
woodcut	Logs	0	3216	9591	0	1286	Dead tree	
woodcut	Logs	0	3218	9592	0	1286	Dead tree	
woodcut	Logs	0	3224	9585	0	1286	Dead tree	
woodcut	Logs	0	3224	9590	0	1286	Dead tree	
woodcut	Logs	0	3225	9585	0	1286	Dead tree	
woodcut	Yew logs	60	3233	9546	0	1309	Yew	
woodcut	Yew logs	60	3238	9565	0	1309	Yew	
woodcut	Yew logs	60	3259	9544	0	1309	Yew	
woodcut	Logs	0	3247	9917	0	1286	Dead tree	
woodcut	Logs	0	3255	9911	0	1286	Dead tree	
woodcut	Logs	0	3257	9916	0	1286	Dead tree	
woodcut	Logs	0	3253	3194	0	1276	Tree	
woodcut	Logs	0	3253	3197	0	1282	Dead tree	
woodcut	Logs	0	3205	3188	0	1365	Dead tree	
woodcut	Logs	0	3206	3187	0	1365	Dead tree	
woodcut	Logs	0	3207	3189	0	1365	Dead tree	
woodcut	Logs	0	3207	3191	0	1365	Dead tree	
woodcut	Logs	0	3210	3190	0	1365	Dead tree	
woodcut	Logs	0	3211	3194	0	1365	Dead tree	
woodcut	Logs	0	3214	3184	0	1365	Dead tree	
woodcut	Logs	0	3215	3174	0	1365	Dead tree	
woodcut	Logs	0	3215	3192	0	1365	Dead tree	
woodcut	Logs	0	3216	3194	0	1365	Dead tree	
woodcut	Logs	0	3219	3183	0	1365	Dead tree	
woodcut	Logs	0	3223	3173	0	1365	Dead tree	
mining	Coal	30	3234	3166	0	2096	Rocks	
mining	Coal	30	3235	3165	0	2096	Rocks	
mining	Coal	30	3236	3166	0	2096	Rocks	
mining	Coal	30	3238	3165	0	2096	Rocks	
mining	Coal	30	3239	3165	0	2096	Rocks	
mining	Coal	30	3240	3166	0	2096	Rocks	
mining	Coal	30	3233	3167	0	2097	Rocks	
mining	Mithril ore	55	3243	3157	0	2102	Rocks	
mining	Mithril ore	55	3243	3158	0	2102	Rocks	
mining	Mithril ore	55	3243	3166	0	2102	Rocks	
mining	Mithril ore	55	3243	3167	0	2102	Rocks	
mining	Mithril ore	55	3242	3160	0	2103	Rocks	
mining	Adamantite ore	70	3242	3165	0	2104	Rocks	
mining	Adamantite ore	70	3243	3164	0	2105	Rocks	
woodcut	Logs	0	3217	3241	0	1276	Tree	
woodcut	Logs	0	3219	3260	0	1276	Tree	
woodcut	Logs	0	3246	3256	0	1276	Tree	
woodcut	Logs	0	3246	3259	0	1276	Tree	
woodcut	Logs	0	3247	3231	0	1276	Tree	
woodcut	Logs	0	3251	3232	0	1276	Tree	
woodcut	Logs	0	3255	3241	0	1276	Tree	
woodcut	Logs	0	3256	3221	0	1276	Tree	
woodcut	Logs	0	3258	3252	0	1276	Tree	
woodcut	Logs	0	3259	3219	0	1276	Tree	
woodcut	Logs	0	3260	3252	0	1276	Tree	
woodcut	Logs	0	3261	3246	0	1276	Tree	
woodcut	Logs	0	3262	3249	0	1276	Tree	
woodcut	Logs	0	3200	3240	0	1278	Tree	
woodcut	Logs	0	3200	3243	0	1278	Tree	
woodcut	Logs	0	3200	3246	0	1278	Tree	
woodcut	Logs	0	3200	3255	0	1278	Tree	
woodcut	Logs	0	3212	3232	0	1278	Tree	
woodcut	Logs	0	3213	3238	0	1278	Tree	
woodcut	Logs	0	3217	3231	0	1278	Tree	
woodcut	Logs	0	3222	3243	0	1278	Tree	
woodcut	Logs	0	3225	3232	0	1278	Tree	
woodcut	Logs	0	3225	3245	0	1278	Tree	
woodcut	Logs	0	3229	3245	0	1278	Tree	
woodcut	Logs	0	3235	3230	0	1278	Tree	
woodcut	Logs	0	3245	3253	0	1278	Tree	
woodcut	Oak logs	15	3203	3240	0	1281	Oak	
woodcut	Oak logs	15	3203	3246	0	1281	Oak	
woodcut	Oak logs	15	3206	3263	0	1281	Oak	
woodcut	Oak logs	15	3218	3205	0	1281	Oak	
woodcut	Oak logs	15	3241	3253	0	1281	Oak	
woodcut	Oak logs	15	3252	3237	0	1281	Oak	
woodcut	Oak logs	15	3260	3223	0	1281	Oak	
woodcut	Logs	0	3202	3250	0	1282	Dead tree	
woodcut	Logs	0	3242	3249	0	1282	Dead tree	
woodcut	Logs	0	3244	3239	0	1282	Dead tree	
woodcut	Logs	0	3251	3243	0	1282	Dead tree	
woodcut	Logs	0	3240	3248	0	1286	Dead tree	
woodcut	Logs	0	3243	3242	0	1286	Dead tree	
woodcut	Logs	0	3245	3251	0	1286	Dead tree	
woodcut	Logs	0	3248	3251	0	1286	Dead tree	
woodcut	Logs	0	3249	3239	0	1286	Dead tree	
woodcut	Logs	0	3249	3253	0	1286	Dead tree	
woodcut	Logs	0	3251	3248	0	1286	Dead tree	
woodcut	Logs	0	3254	3246	0	1286	Dead tree	
woodcut	Logs	0	3260	3247	0	1286	Dead tree	
woodcut	Logs	0	3260	3250	0	1286	Dead tree	
woodcut	Logs	0	3262	3242	0	1286	Dead tree	
woodcut	Logs	0	3262	3251	0	1286	Dead tree	
woodcut	Willow logs	30	3233	3244	0	1308	Willow	
woodcut	Willow logs	30	3234	3238	0	1308	Willow	
woodcut	Yew logs	60	3249	3201	0	1309	Yew	
woodcut	Logs	0	3210	3309	0	1276	Tree	
woodcut	Logs	0	3212	3297	0	1276	Tree	
woodcut	Logs	0	3213	3287	0	1276	Tree	
woodcut	Logs	0	3219	3322	0	1276	Tree	
woodcut	Logs	0	3222	3267	0	1276	Tree	
woodcut	Logs	0	3236	3317	0	1276	Tree	
woodcut	Logs	0	3236	3325	0	1276	Tree	
woodcut	Logs	0	3241	3268	0	1276	Tree	
woodcut	Logs	0	3243	3272	0	1276	Tree	
woodcut	Logs	0	3217	3269	0	1278	Tree	
woodcut	Logs	0	3223	3270	0	1278	Tree	
woodcut	Logs	0	3230	3279	0	1278	Tree	
woodcut	Logs	0	3238	3272	0	1278	Tree	
woodcut	Logs	0	3244	3314	0	1278	Tree	
woodcut	Logs	0	3245	3267	0	1278	Tree	
woodcut	Logs	0	3256	3326	0	1278	Tree	
woodcut	Logs	0	3260	3326	0	1278	Tree	
woodcut	Oak logs	15	3228	3266	0	1281	Oak	
woodcut	Oak logs	15	3235	3274	0	1281	Oak	
woodcut	Oak logs	15	3248	3270	0	1281	Oak	
woodcut	Oak logs	15	3259	3300	0	1281	Oak	
woodcut	Willow logs	30	3220	3305	0	1308	Willow	
woodcut	Willow logs	30	3220	3308	0	1308	Willow	
woodcut	Willow logs	30	3221	3290	0	1308	Willow	
woodcut	Willow logs	30	3222	3301	0	1308	Willow	
woodcut	Logs	0	3206	3373	0	1276	Tree	
woodcut	Logs	0	3217	3375	0	1276	Tree	
woodcut	Logs	0	3221	3378	0	1276	Tree	
woodcut	Logs	0	3225	3334	0	1276	Tree	
woodcut	Logs	0	3228	3332	0	1276	Tree	
woodcut	Logs	0	3233	3377	0	1276	Tree	
woodcut	Logs	0	3236	3374	0	1276	Tree	
woodcut	Logs	0	3238	3332	0	1276	Tree	
woodcut	Logs	0	3242	3369	0	1276	Tree	
woodcut	Logs	0	3245	3370	0	1276	Tree	
woodcut	Logs	0	3246	3365	0	1276	Tree	
woodcut	Logs	0	3247	3359	0	1276	Tree	
woodcut	Logs	0	3248	3340	0	1276	Tree	
woodcut	Logs	0	3255	3369	0	1276	Tree	
woodcut	Logs	0	3258	3360	0	1276	Tree	
woodcut	Logs	0	3262	3362	0	1276	Tree	
woodcut	Logs	0	3263	3368	0	1276	Tree	
woodcut	Logs	0	3202	3373	0	1278	Tree	
woodcut	Logs	0	3204	3374	0	1278	Tree	
woodcut	Logs	0	3219	3366	0	1278	Tree	
woodcut	Logs	0	3219	3369	0	1278	Tree	
woodcut	Logs	0	3225	3377	0	1278	Tree	
woodcut	Logs	0	3229	3378	0	1278	Tree	
woodcut	Logs	0	3234	3363	0	1278	Tree	
woodcut	Logs	0	3237	3366	0	1278	Tree	
woodcut	Logs	0	3238	3362	0	1278	Tree	
woodcut	Logs	0	3241	3332	0	1278	Tree	
woodcut	Logs	0	3241	3364	0	1278	Tree	
woodcut	Logs	0	3250	3365	0	1278	Tree	
woodcut	Logs	0	3257	3363	0	1278	Tree	
woodcut	Oak logs	15	3200	3364	0	1281	Oak	
woodcut	Oak logs	15	3201	3370	0	1281	Oak	
woodcut	Oak logs	15	3202	3367	0	1281	Oak	
woodcut	Oak logs	15	3203	3362	0	1281	Oak	
woodcut	Oak logs	15	3205	3367	0	1281	Oak	
woodcut	Oak logs	15	3207	3358	0	1281	Oak	
woodcut	Oak logs	15	3208	3364	0	1281	Oak	
woodcut	Oak logs	15	3208	3368	0	1281	Oak	
woodcut	Oak logs	15	3213	3363	0	1281	Oak	
woodcut	Oak logs	15	3215	3370	0	1281	Oak	
woodcut	Oak logs	15	3231	3333	0	1281	Oak	
woodcut	Oak logs	15	3242	3360	0	1281	Oak	
woodcut	Oak logs	15	3249	3362	0	1281	Oak	
woodcut	Oak logs	15	3250	3368	0	1281	Oak	
woodcut	Oak logs	15	3252	3335	0	1281	Oak	
woodcut	Oak logs	15	3253	3360	0	1281	Oak	
woodcut	Oak logs	15	3257	3344	0	1281	Oak	
woodcut	Oak logs	15	3257	3365	0	1281	Oak	
woodcut	Oak logs	15	3261	3341	0	1281	Oak	
woodcut	Logs	0	3219	3373	0	1286	Dead tree	
woodcut	Logs	0	3221	3375	0	1286	Dead tree	
woodcut	Logs	0	3230	3376	0	1286	Dead tree	
woodcut	Logs	0	3232	3361	0	1286	Dead tree	
woodcut	Logs	0	3235	3367	0	1286	Dead tree	
woodcut	Logs	0	3235	3374	0	1286	Dead tree	
woodcut	Logs	0	3236	3365	0	1286	Dead tree	
woodcut	Logs	0	3238	3370	0	1286	Dead tree	
woodcut	Logs	0	3240	3373	0	1286	Dead tree	
woodcut	Logs	0	3244	3372	0	1286	Dead tree	
woodcut	Logs	0	3247	3378	0	1286	Dead tree	
woodcut	Logs	0	3248	3374	0	1286	Dead tree	
woodcut	Willow logs	30	3203	3357	0	1308	Willow	
woodcut	Willow logs	30	3212	3356	0	1308	Willow	
woodcut	Willow logs	30	3255	3353	0	1308	Willow	
woodcut	Willow logs	30	3258	3351	0	1308	Willow	
woodcut	Yew logs	60	3253	3364	0	1309	Yew	
woodcut	Logs	0	3200	3411	0	1276	Tree	
woodcut	Logs	0	3210	3441	0	1276	Tree	
woodcut	Logs	0	3210	3445	0	1276	Tree	
woodcut	Logs	0	3210	3451	0	1276	Tree	
woodcut	Logs	0	3210	3455	0	1276	Tree	
woodcut	Logs	0	3214	3441	0	1276	Tree	
woodcut	Logs	0	3214	3445	0	1276	Tree	
woodcut	Logs	0	3214	3451	0	1276	Tree	
woodcut	Logs	0	3214	3455	0	1276	Tree	
woodcut	Logs	0	3220	3407	0	1276	Tree	
woodcut	Logs	0	3222	3421	0	1276	Tree	
woodcut	Logs	0	3223	3419	0	1276	Tree	
woodcut	Logs	0	3223	3423	0	1276	Tree	
woodcut	Logs	0	3201	3409	0	1278	Tree	
woodcut	Logs	0	3201	3440	0	1278	Tree	
woodcut	Logs	0	3236	3439	0	1278	Tree	
woodcut	Logs	0	3237	3442	0	1278	Tree	
woodcut	Logs	0	3240	3441	0	1278	Tree	
woodcut	Logs	0	3259	3440	0	1278	Tree	
woodcut	Logs	0	3262	3431	0	1278	Tree	
woodcut	Oak logs	15	3223	3434	0	1281	Oak	
woodcut	Logs	0	3223	3411	0	1286	Dead tree	
woodcut	Logs	0	3224	3413	0	1286	Dead tree	
woodcut	Logs	0	3232	3412	0	1286	Dead tree	
woodcut	Logs	0	3233	3407	0	1286	Dead tree	
woodcut	Logs	0	3245	3400	0	1286	Dead tree	
woodcut	Logs	0	3252	3408	0	1286	Dead tree	
woodcut	Logs	0	3258	3397	0	1286	Dead tree	
woodcut	Logs	0	3224	3511	0	1276	Tree	
woodcut	Logs	0	3226	3463	0	1276	Tree	
woodcut	Logs	0	3226	3467	0	1276	Tree	
woodcut	Logs	0	3229	3463	0	1276	Tree	
woodcut	Logs	0	3229	3467	0	1276	Tree	
woodcut	Logs	0	3232	3463	0	1276	Tree	
woodcut	Logs	0	3232	3467	0	1276	Tree	
woodcut	Logs	0	3232	3516	0	1276	Tree	
woodcut	Logs	0	3235	3516	0	1276	Tree	
woodcut	Logs	0	3237	3506	0	1276	Tree	
woodcut	Logs	0	3241	3513	0	1276	Tree	
woodcut	Logs	0	3241	3515	0	1276	Tree	
woodcut	Logs	0	3246	3496	0	1276	Tree	
woodcut	Logs	0	3254	3518	0	1276	Tree	
woodcut	Logs	0	3258	3513	0	1276	Tree	
woodcut	Logs	0	3259	3518	0	1276	Tree	
woodcut	Logs	0	3262	3510	0	1276	Tree	
woodcut	Logs	0	3202	3512	0	1278	Tree	
woodcut	Logs	0	3204	3517	0	1278	Tree	
woodcut	Logs	0	3205	3510	0	1278	Tree	
woodcut	Logs	0	3208	3514	0	1278	Tree	
woodcut	Logs	0	3208	3518	0	1278	Tree	
woodcut	Logs	0	3209	3509	0	1278	Tree	
woodcut	Logs	0	3212	3512	0	1278	Tree	
woodcut	Logs	0	3213	3516	0	1278	Tree	
woodcut	Logs	0	3214	3509	0	1278	Tree	
woodcut	Logs	0	3216	3512	0	1278	Tree	
woodcut	Logs	0	3216	3518	0	1278	Tree	
woodcut	Logs	0	3219	3516	0	1278	Tree	
woodcut	Logs	0	3230	3510	0	1278	Tree	
woodcut	Logs	0	3230	3513	0	1278	Tree	
woodcut	Logs	0	3233	3508	0	1278	Tree	
woodcut	Logs	0	3235	3511	0	1278	Tree	
woodcut	Logs	0	3236	3460	0	1278	Tree	
woodcut	Logs	0	3236	3503	0	1278	Tree	
woodcut	Logs	0	3241	3462	0	1278	Tree	
woodcut	Logs	0	3242	3458	0	1278	Tree	
woodcut	Logs	0	3245	3514	0	1278	Tree	
woodcut	Logs	0	3247	3509	0	1278	Tree	
woodcut	Logs	0	3247	3516	0	1278	Tree	
woodcut	Logs	0	3249	3505	0	1278	Tree	
woodcut	Logs	0	3250	3509	0	1278	Tree	
woodcut	Logs	0	3251	3518	0	1278	Tree	
woodcut	Logs	0	3252	3511	0	1278	Tree	
woodcut	Logs	0	3255	3508	0	1278	Tree	
woodcut	Logs	0	3255	3512	0	1278	Tree	
woodcut	Logs	0	3258	3468	0	1278	Tree	
woodcut	Logs	0	3258	3509	0	1278	Tree	
woodcut	Oak logs	15	3223	3516	0	1281	Oak	
woodcut	Oak logs	15	3238	3503	0	1281	Oak	
woodcut	Oak logs	15	3240	3508	0	1281	Oak	
woodcut	Yew logs	60	3204	3504	0	1309	Yew	
woodcut	Yew logs	60	3208	3500	0	1309	Yew	
woodcut	Yew logs	60	3221	3504	0	1309	Yew	
woodcut	Yew logs	60	3248	3472	0	1309	Yew	
woodcut	Logs	0	3202	3529	0	1276	Tree	
woodcut	Logs	0	3221	3521	0	1276	Tree	
woodcut	Logs	0	3229	3520	0	1276	Tree	
woodcut	Logs	0	3252	3523	0	1276	Tree	
woodcut	Logs	0	3254	3520	0	1276	Tree	
woodcut	Logs	0	3261	3523	0	1276	Tree	
woodcut	Logs	0	3205	3522	0	1278	Tree	
woodcut	Logs	0	3208	3527	0	1278	Tree	
woodcut	Logs	0	3209	3523	0	1278	Tree	
woodcut	Logs	0	3224	3524	0	1278	Tree	
woodcut	Logs	0	3231	3521	0	1278	Tree	
woodcut	Logs	0	3249	3522	0	1278	Tree	
woodcut	Logs	0	3259	3521	0	1278	Tree	
woodcut	Oak logs	15	3204	3525	0	1281	Oak	
woodcut	Oak logs	15	3225	3521	0	1281	Oak	
woodcut	Oak logs	15	3255	3523	0	1281	Oak	
woodcut	Logs	0	3205	3578	0	1282	Dead tree	
woodcut	Logs	0	3211	3558	0	1282	Dead tree	
woodcut	Logs	0	3219	3578	0	1282	Dead tree	
woodcut	Logs	0	3221	3563	0	1282	Dead tree	
woodcut	Logs	0	3242	3558	0	1282	Dead tree	
woodcut	Logs	0	3258	3580	0	1282	Dead tree	
woodcut	Logs	0	3259	3544	0	1282	Dead tree	
woodcut	Logs	0	3201	3572	0	1286	Dead tree	
woodcut	Logs	0	3201	3578	0	1286	Dead tree	
woodcut	Logs	0	3202	3559	0	1286	Dead tree	
woodcut	Logs	0	3202	3582	0	1286	Dead tree	
woodcut	Logs	0	3203	3552	0	1286	Dead tree	
woodcut	Logs	0	3204	3554	0	1286	Dead tree	
woodcut	Logs	0	3204	3560	0	1286	Dead tree	
woodcut	Logs	0	3204	3564	0	1286	Dead tree	
woodcut	Logs	0	3206	3574	0	1286	Dead tree	
woodcut	Logs	0	3206	3582	0	1286	Dead tree	
woodcut	Logs	0	3207	3570	0	1286	Dead tree	
woodcut	Logs	0	3208	3566	0	1286	Dead tree	
woodcut	Logs	0	3209	3550	0	1286	Dead tree	
woodcut	Logs	0	3209	3557	0	1286	Dead tree	
woodcut	Logs	0	3209	3576	0	1286	Dead tree	
woodcut	Logs	0	3211	3580	0	1286	Dead tree	
woodcut	Logs	0	3212	3564	0	1286	Dead tree	
woodcut	Logs	0	3212	3573	0	1286	Dead tree	
woodcut	Logs	0	3213	3556	0	1286	Dead tree	
woodcut	Logs	0	3213	3561	0	1286	Dead tree	
woodcut	Logs	0	3213	3567	0	1286	Dead tree	
woodcut	Logs	0	3214	3577	0	1286	Dead tree	
woodcut	Logs	0	3214	3581	0	1286	Dead tree	
woodcut	Logs	0	3216	3569	0	1286	Dead tree	
woodcut	Logs	0	3217	3557	0	1286	Dead tree	
woodcut	Logs	0	3217	3564	0	1286	Dead tree	
woodcut	Logs	0	3217	3574	0	1286	Dead tree	
woodcut	Logs	0	3218	3568	0	1286	Dead tree	
woodcut	Logs	0	3219	3572	0	1286	Dead tree	
woodcut	Logs	0	3221	3568	0	1286	Dead tree	
woodcut	Logs	0	3222	3556	0	1286	Dead tree	
woodcut	Logs	0	3224	3562	0	1286	Dead tree	
woodcut	Logs	0	3227	3566	0	1286	Dead tree	
woodcut	Logs	0	3237	3554	0	1286	Dead tree	
woodcut	Logs	0	3238	3559	0	1286	Dead tree	
woodcut	Logs	0	3239	3556	0	1286	Dead tree	
woodcut	Logs	0	3239	3563	0	1286	Dead tree	
woodcut	Logs	0	3242	3552	0	1286	Dead tree	
woodcut	Logs	0	3243	3563	0	1286	Dead tree	
woodcut	Logs	0	3250	3577	0	1286	Dead tree	
woodcut	Logs	0	3251	3562	0	1286	Dead tree	
woodcut	Logs	0	3252	3580	0	1286	Dead tree	
woodcut	Logs	0	3252	3583	0	1286	Dead tree	
woodcut	Logs	0	3253	3569	0	1286	Dead tree	
woodcut	Logs	0	3254	3574	0	1286	Dead tree	
woodcut	Logs	0	3257	3547	0	1286	Dead tree	
woodcut	Logs	0	3258	3564	0	1286	Dead tree	
woodcut	Logs	0	3258	3574	0	1286	Dead tree	
woodcut	Logs	0	3259	3547	0	1286	Dead tree	
woodcut	Logs	0	3259	3571	0	1286	Dead tree	
woodcut	Logs	0	3260	3569	0	1286	Dead tree	
woodcut	Logs	0	3261	3576	0	1286	Dead tree	
woodcut	Logs	0	3262	3544	0	1286	Dead tree	
woodcut	Logs	0	3262	3568	0	1286	Dead tree	
woodcut	Logs	0	3262	3580	0	1286	Dead tree	
woodcut	Logs	0	3201	3598	0	1282	Dead tree	
woodcut	Logs	0	3202	3603	0	1282	Dead tree	
woodcut	Logs	0	3204	3593	0	1282	Dead tree	
woodcut	Logs	0	3209	3629	0	1282	Dead tree	
woodcut	Logs	0	3210	3594	0	1282	Dead tree	
woodcut	Logs	0	3255	3645	0	1282	Dead tree	
woodcut	Logs	0	3260	3642	0	1282	Dead tree	
woodcut	Logs	0	3261	3646	0	1282	Dead tree	
woodcut	Logs	0	3200	3596	0	1286	Dead tree	
woodcut	Logs	0	3200	3602	0	1286	Dead tree	
woodcut	Logs	0	3202	3593	0	1286	Dead tree	
woodcut	Logs	0	3202	3606	0	1286	Dead tree	
woodcut	Logs	0	3203	3600	0	1286	Dead tree	
woodcut	Logs	0	3204	3591	0	1286	Dead tree	
woodcut	Logs	0	3205	3596	0	1286	Dead tree	
woodcut	Logs	0	3205	3602	0	1286	Dead tree	
woodcut	Logs	0	3206	3591	0	1286	Dead tree	
woodcut	Logs	0	3207	3605	0	1286	Dead tree	
woodcut	Logs	0	3207	3630	0	1286	Dead tree	
woodcut	Logs	0	3209	3596	0	1286	Dead tree	
woodcut	Logs	0	3209	3627	0	1286	Dead tree	
woodcut	Logs	0	3211	3591	0	1286	Dead tree	
woodcut	Logs	0	3211	3597	0	1286	Dead tree	
woodcut	Logs	0	3211	3633	0	1286	Dead tree	
woodcut	Logs	0	3214	3593	0	1286	Dead tree	
woodcut	Logs	0	3214	3634	0	1286	Dead tree	
woodcut	Logs	0	3220	3640	0	1286	Dead tree	
woodcut	Logs	0	3223	3641	0	1286	Dead tree	
woodcut	Logs	0	3246	3647	0	1286	Dead tree	
woodcut	Logs	0	3252	3643	0	1286	Dead tree	
woodcut	Logs	0	3253	3646	0	1286	Dead tree	
woodcut	Logs	0	3255	3642	0	1286	Dead tree	
woodcut	Logs	0	3257	3642	0	1286	Dead tree	
woodcut	Logs	0	3258	3645	0	1286	Dead tree	
woodcut	Logs	0	3261	3636	0	1286	Dead tree	
woodcut	Logs	0	3261	3639	0	1286	Dead tree	
woodcut	Logs	0	3261	3644	0	1286	Dead tree	
woodcut	Logs	0	3262	3641	0	1286	Dead tree	
woodcut	Logs	0	3201	3591	0	1383	Dead tree	
woodcut	Logs	0	3201	3607	0	1383	Dead tree	
woodcut	Logs	0	3202	3595	0	1383	Dead tree	
woodcut	Logs	0	3203	3589	0	1383	Dead tree	
woodcut	Logs	0	3203	3597	0	1383	Dead tree	
woodcut	Logs	0	3205	3605	0	1383	Dead tree	
woodcut	Logs	0	3206	3599	0	1383	Dead tree	
woodcut	Logs	0	3206	3607	0	1383	Dead tree	
woodcut	Logs	0	3206	3635	0	1383	Dead tree	
woodcut	Logs	0	3206	3641	0	1383	Dead tree	
woodcut	Logs	0	3207	3628	0	1383	Dead tree	
woodcut	Logs	0	3208	3590	0	1383	Dead tree	
woodcut	Logs	0	3208	3593	0	1383	Dead tree	
woodcut	Logs	0	3208	3600	0	1383	Dead tree	
woodcut	Logs	0	3208	3602	0	1383	Dead tree	
woodcut	Logs	0	3209	3598	0	1383	Dead tree	
woodcut	Logs	0	3209	3604	0	1383	Dead tree	
woodcut	Logs	0	3209	3632	0	1383	Dead tree	
woodcut	Logs	0	3209	3636	0	1383	Dead tree	
woodcut	Logs	0	3210	3641	0	1383	Dead tree	
woodcut	Logs	0	3211	3599	0	1383	Dead tree	
woodcut	Logs	0	3211	3628	0	1383	Dead tree	
woodcut	Logs	0	3212	3631	0	1383	Dead tree	
woodcut	Logs	0	3212	3638	0	1383	Dead tree	
woodcut	Logs	0	3213	3595	0	1383	Dead tree	
woodcut	Logs	0	3213	3632	0	1383	Dead tree	
woodcut	Logs	0	3214	3591	0	1383	Dead tree	
woodcut	Logs	0	3214	3642	0	1383	Dead tree	
woodcut	Logs	0	3216	3635	0	1383	Dead tree	
woodcut	Logs	0	3216	3639	0	1383	Dead tree	
woodcut	Logs	0	3218	3642	0	1383	Dead tree	
woodcut	Logs	0	3219	3637	0	1383	Dead tree	
woodcut	Logs	0	3222	3639	0	1383	Dead tree	
woodcut	Logs	0	3227	3644	0	1383	Dead tree	
woodcut	Logs	0	3245	3645	0	1383	Dead tree	
woodcut	Logs	0	3249	3640	0	1383	Dead tree	
woodcut	Logs	0	3250	3642	0	1383	Dead tree	
woodcut	Logs	0	3252	3641	0	1383	Dead tree	
woodcut	Logs	0	3252	3644	0	1383	Dead tree	
woodcut	Logs	0	3255	3639	0	1383	Dead tree	
woodcut	Logs	0	3255	3641	0	1383	Dead tree	
woodcut	Logs	0	3257	3644	0	1383	Dead tree	
woodcut	Logs	0	3258	3636	0	1383	Dead tree	
woodcut	Logs	0	3258	3639	0	1383	Dead tree	
woodcut	Logs	0	3258	3647	0	1383	Dead tree	
woodcut	Logs	0	3259	3641	0	1383	Dead tree	
woodcut	Logs	0	3260	3639	0	1383	Dead tree	
woodcut	Logs	0	3261	3637	0	1383	Dead tree	
woodcut	Logs	0	3262	3634	0	1383	Dead tree	
woodcut	Logs	0	3262	3644	0	1383	Dead tree	
woodcut	Charcoal	0	3234	3620	0	1384	Dead tree	
woodcut	Charcoal	0	3237	3632	0	1384	Dead tree	
woodcut	Charcoal	0	3238	3626	0	1384	Dead tree	
woodcut	Charcoal	0	3239	3622	0	1384	Dead tree	
woodcut	Charcoal	0	3250	3635	0	1384	Dead tree	
woodcut	Charcoal	0	3251	3631	0	1384	Dead tree	
woodcut	Charcoal	0	3254	3631	0	1384	Dead tree	
woodcut	Charcoal	0	3255	3628	0	1384	Dead tree	
woodcut	Logs	0	3206	3702	0	1282	Dead tree	
woodcut	Logs	0	3207	3668	0	1282	Dead tree	
woodcut	Logs	0	3207	3706	0	1282	Dead tree	
woodcut	Logs	0	3209	3710	0	1282	Dead tree	
woodcut	Logs	0	3211	3666	0	1282	Dead tree	
woodcut	Logs	0	3212	3677	0	1282	Dead tree	
woodcut	Logs	0	3215	3706	0	1282	Dead tree	
woodcut	Logs	0	3217	3671	0	1282	Dead tree	
woodcut	Logs	0	3217	3686	0	1282	Dead tree	
woodcut	Logs	0	3220	3691	0	1282	Dead tree	
woodcut	Logs	0	3221	3694	0	1282	Dead tree	
woodcut	Logs	0	3222	3687	0	1282	Dead tree	
woodcut	Logs	0	3224	3709	0	1282	Dead tree	
woodcut	Logs	0	3225	3695	0	1282	Dead tree	
woodcut	Logs	0	3236	3666	0	1282	Dead tree	
woodcut	Logs	0	3236	3687	0	1282	Dead tree	
woodcut	Logs	0	3238	3674	0	1282	Dead tree	
woodcut	Logs	0	3240	3666	0	1282	Dead tree	
woodcut	Logs	0	3240	3692	0	1282	Dead tree	
woodcut	Logs	0	3241	3703	0	1282	Dead tree	
woodcut	Logs	0	3242	3677	0	1282	Dead tree	
woodcut	Logs	0	3242	3695	0	1282	Dead tree	
woodcut	Logs	0	3244	3709	0	1282	Dead tree	
woodcut	Logs	0	3247	3650	0	1282	Dead tree	
woodcut	Logs	0	3249	3690	0	1282	Dead tree	
woodcut	Logs	0	3250	3656	0	1282	Dead tree	
woodcut	Logs	0	3254	3709	0	1282	Dead tree	
woodcut	Logs	0	3256	3650	0	1282	Dead tree	
woodcut	Logs	0	3259	3653	0	1282	Dead tree	
woodcut	Logs	0	3203	3700	0	1286	Dead tree	
woodcut	Logs	0	3203	3703	0	1286	Dead tree	
woodcut	Logs	0	3204	3706	0	1286	Dead tree	
woodcut	Logs	0	3205	3668	0	1286	Dead tree	
woodcut	Logs	0	3205	3696	0	1286	Dead tree	
woodcut	Logs	0	3207	3700	0	1286	Dead tree	
woodcut	Logs	0	3208	3695	0	1286	Dead tree	
woodcut	Logs	0	3209	3701	0	1286	Dead tree	
woodcut	Logs	0	3210	3669	0	1286	Dead tree	
woodcut	Logs	0	3210	3698	0	1286	Dead tree	
woodcut	Logs	0	3210	3708	0	1286	Dead tree	
woodcut	Logs	0	3211	3673	0	1286	Dead tree	
woodcut	Logs	0	3211	3703	0	1286	Dead tree	
woodcut	Logs	0	3212	3675	0	1286	Dead tree	
woodcut	Logs	0	3212	3681	0	1286	Dead tree	
woodcut	Logs	0	3212	3709	0	1286	Dead tree	
woodcut	Logs	0	3213	3700	0	1286	Dead tree	
woodcut	Logs	0	3213	3704	0	1286	Dead tree	
woodcut	Logs	0	3213	3707	0	1286	Dead tree	
woodcut	Logs	0	3214	3666	0	1286	Dead tree	
woodcut	Logs	0	3214	3711	0	1286	Dead tree	
woodcut	Logs	0	3215	3668	0	1286	Dead tree	
woodcut	Logs	0	3215	3679	0	1286	Dead tree	
woodcut	Logs	0	3215	3686	0	1286	Dead tree	
woodcut	Logs	0	3215	3699	0	1286	Dead tree	
woodcut	Logs	0	3215	3703	0	1286	Dead tree	
woodcut	Logs	0	3215	3705	0	1286	Dead tree	
woodcut	Logs	0	3216	3675	0	1286	Dead tree	
woodcut	Logs	0	3216	3690	0	1286	Dead tree	
woodcut	Logs	0	3217	3674	0	1286	Dead tree	
woodcut	Logs	0	3217	3703	0	1286	Dead tree	
woodcut	Logs	0	3217	3707	0	1286	Dead tree	
woodcut	Logs	0	3218	3684	0	1286	Dead tree	
woodcut	Logs	0	3218	3688	0	1286	Dead tree	
woodcut	Logs	0	3218	3692	0	1286	Dead tree	
woodcut	Logs	0	3219	3709	0	1286	Dead tree	
woodcut	Logs	0	3220	3687	0	1286	Dead tree	
woodcut	Logs	0	3221	3689	0	1286	Dead tree	
woodcut	Logs	0	3221	3703	0	1286	Dead tree	
woodcut	Logs	0	3221	3705	0	1286	Dead tree	
woodcut	Logs	0	3222	3708	0	1286	Dead tree	
woodcut	Logs	0	3224	3705	0	1286	Dead tree	
woodcut	Logs	0	3225	3689	0	1286	Dead tree	
woodcut	Logs	0	3225	3706	0	1286	Dead tree	
woodcut	Logs	0	3226	3690	0	1286	Dead tree	
woodcut	Logs	0	3226	3693	0	1286	Dead tree	
woodcut	Logs	0	3227	3691	0	1286	Dead tree	
woodcut	Logs	0	3227	3707	0	1286	Dead tree	
woodcut	Logs	0	3227	3711	0	1286	Dead tree	
woodcut	Logs	0	3229	3705	0	1286	Dead tree	
woodcut	Logs	0	3229	3707	0	1286	Dead tree	
woodcut	Logs	0	3230	3681	0	1286	Dead tree	
woodcut	Logs	0	3230	3685	0	1286	Dead tree	
woodcut	Logs	0	3231	3683	0	1286	Dead tree	
woodcut	Logs	0	3233	3676	0	1286	Dead tree	
woodcut	Logs	0	3233	3692	0	1286	Dead tree	
woodcut	Logs	0	3234	3683	0	1286	Dead tree	
woodcut	Logs	0	3234	3711	0	1286	Dead tree	
woodcut	Logs	0	3235	3679	0	1286	Dead tree	
woodcut	Logs	0	3235	3687	0	1286	Dead tree	
woodcut	Logs	0	3236	3665	0	1286	Dead tree	
woodcut	Logs	0	3236	3690	0	1286	Dead tree	
woodcut	Logs	0	3237	3670	0	1286	Dead tree	
woodcut	Logs	0	3237	3682	0	1286	Dead tree	
woodcut	Logs	0	3238	3676	0	1286	Dead tree	
woodcut	Logs	0	3238	3692	0	1286	Dead tree	
woodcut	Logs	0	3239	3696	0	1286	Dead tree	
woodcut	Logs	0	3239	3703	0	1286	Dead tree	
woodcut	Logs	0	3239	3710	0	1286	Dead tree	
woodcut	Logs	0	3240	3677	0	1286	Dead tree	
woodcut	Logs	0	3240	3701	0	1286	Dead tree	
woodcut	Logs	0	3241	3665	0	1286	Dead tree	
woodcut	Logs	0	3241	3699	0	1286	Dead tree	
woodcut	Logs	0	3242	3675	0	1286	Dead tree	
woodcut	Logs	0	3242	3683	0	1286	Dead tree	
woodcut	Logs	0	3242	3706	0	1286	Dead tree	
woodcut	Logs	0	3242	3709	0	1286	Dead tree	
woodcut	Logs	0	3243	3693	0	1286	Dead tree	
woodcut	Logs	0	3244	3689	0	1286	Dead tree	
woodcut	Logs	0	3244	3694	0	1286	Dead tree	
woodcut	Logs	0	3244	3704	0	1286	Dead tree	
woodcut	Logs	0	3245	3650	0	1286	Dead tree	
woodcut	Logs	0	3245	3674	0	1286	Dead tree	
woodcut	Logs	0	3245	3682	0	1286	Dead tree	
woodcut	Logs	0	3245	3690	0	1286	Dead tree	
woodcut	Logs	0	3245	3696	0	1286	Dead tree	
woodcut	Logs	0	3245	3711	0	1286	Dead tree	
woodcut	Logs	0	3246	3652	0	1286	Dead tree	
woodcut	Logs	0	3246	3688	0	1286	Dead tree	
woodcut	Logs	0	3247	3691	0	1286	Dead tree	
woodcut	Logs	0	3248	3656	0	1286	Dead tree	
woodcut	Logs	0	3248	3688	0	1286	Dead tree	
woodcut	Logs	0	3249	3654	0	1286	Dead tree	
woodcut	Logs	0	3250	3649	0	1286	Dead tree	
woodcut	Logs	0	3250	3688	0	1286	Dead tree	
woodcut	Logs	0	3250	3692	0	1286	Dead tree	
woodcut	Logs	0	3251	3708	0	1286	Dead tree	
woodcut	Logs	0	3252	3659	0	1286	Dead tree	
woodcut	Logs	0	3252	3688	0	1286	Dead tree	
woodcut	Logs	0	3254	3649	0	1286	Dead tree	
woodcut	Logs	0	3254	3654	0	1286	Dead tree	
woodcut	Logs	0	3254	3711	0	1286	Dead tree	
woodcut	Logs	0	3255	3651	0	1286	Dead tree	
woodcut	Logs	0	3255	3658	0	1286	Dead tree	
woodcut	Logs	0	3255	3707	0	1286	Dead tree	
woodcut	Logs	0	3256	3687	0	1286	Dead tree	
woodcut	Logs	0	3258	3656	0	1286	Dead tree	
woodcut	Logs	0	3258	3710	0	1286	Dead tree	
woodcut	Logs	0	3259	3649	0	1286	Dead tree	
woodcut	Logs	0	3260	3656	0	1286	Dead tree	
woodcut	Logs	0	3262	3653	0	1286	Dead tree	
woodcut	Logs	0	3202	3696	0	1383	Dead tree	
woodcut	Logs	0	3203	3688	0	1383	Dead tree	
woodcut	Logs	0	3204	3701	0	1383	Dead tree	
woodcut	Logs	0	3204	3704	0	1383	Dead tree	
woodcut	Logs	0	3205	3684	0	1383	Dead tree	
woodcut	Logs	0	3205	3693	0	1383	Dead tree	
woodcut	Logs	0	3205	3700	0	1383	Dead tree	
woodcut	Logs	0	3205	3706	0	1383	Dead tree	
woodcut	Logs	0	3206	3666	0	1383	Dead tree	
woodcut	Logs	0	3206	3670	0	1383	Dead tree	
woodcut	Logs	0	3206	3689	0	1383	Dead tree	
woodcut	Logs	0	3206	3707	0	1383	Dead tree	
woodcut	Logs	0	3206	3711	0	1383	Dead tree	
woodcut	Logs	0	3207	3709	0	1383	Dead tree	
woodcut	Logs	0	3208	3692	0	1383	Dead tree	
woodcut	Logs	0	3208	3704	0	1383	Dead tree	
woodcut	Logs	0	3209	3666	0	1383	Dead tree	
woodcut	Logs	0	3209	3670	0	1383	Dead tree	
woodcut	Logs	0	3210	3707	0	1383	Dead tree	
woodcut	Logs	0	3211	3676	0	1383	Dead tree	
woodcut	Logs	0	3211	3679	0	1383	Dead tree	
woodcut	Logs	0	3211	3693	0	1383	Dead tree	
woodcut	Logs	0	3211	3701	0	1383	Dead tree	
woodcut	Logs	0	3211	3705	0	1383	Dead tree	
woodcut	Logs	0	3212	3697	0	1383	Dead tree	
woodcut	Logs	0	3213	3668	0	1383	Dead tree	
woodcut	Logs	0	3213	3702	0	1383	Dead tree	
woodcut	Logs	0	3213	3708	0	1383	Dead tree	
woodcut	Logs	0	3213	3710	0	1383	Dead tree	
woodcut	Logs	0	3214	3676	0	1383	Dead tree	
woodcut	Logs	0	3214	3680	0	1383	Dead tree	
woodcut	Logs	0	3215	3688	0	1383	Dead tree	
woodcut	Logs	0	3216	3672	0	1383	Dead tree	
woodcut	Logs	0	3216	3685	0	1383	Dead tree	
woodcut	Logs	0	3217	3669	0	1383	Dead tree	
woodcut	Logs	0	3217	3689	0	1383	Dead tree	
woodcut	Logs	0	3217	3701	0	1383	Dead tree	
woodcut	Logs	0	3218	3690	0	1383	Dead tree	
woodcut	Logs	0	3218	3705	0	1383	Dead tree	
woodcut	Logs	0	3218	3710	0	1383	Dead tree	
woodcut	Logs	0	3219	3673	0	1383	Dead tree	
woodcut	Logs	0	3219	3685	0	1383	Dead tree	
woodcut	Logs	0	3219	3687	0	1383	Dead tree	
woodcut	Logs	0	3219	3692	0	1383	Dead tree	
woodcut	Logs	0	3219	3702	0	1383	Dead tree	
woodcut	Logs	0	3221	3686	0	1383	Dead tree	
woodcut	Logs	0	3221	3690	0	1383	Dead tree	
woodcut	Logs	0	3222	3709	0	1383	Dead tree	
woodcut	Logs	0	3223	3690	0	1383	Dead tree	
woodcut	Logs	0	3223	3692	0	1383	Dead tree	
woodcut	Logs	0	3223	3693	0	1383	Dead tree	
woodcut	Logs	0	3223	3697	0	1383	Dead tree	
woodcut	Logs	0	3223	3703	0	1383	Dead tree	
woodcut	Logs	0	3224	3688	0	1383	Dead tree	
woodcut	Logs	0	3224	3694	0	1383	Dead tree	
woodcut	Logs	0	3224	3704	0	1383	Dead tree	
woodcut	Logs	0	3224	3707	0	1383	Dead tree	
woodcut	Logs	0	3225	3666	0	1383	Dead tree	
woodcut	Logs	0	3225	3673	0	1383	Dead tree	
woodcut	Logs	0	3225	3691	0	1383	Dead tree	
woodcut	Logs	0	3226	3679	0	1383	Dead tree	
woodcut	Logs	0	3226	3704	0	1383	Dead tree	
woodcut	Logs	0	3227	3671	0	1383	Dead tree	
woodcut	Logs	0	3227	3682	0	1383	Dead tree	
woodcut	Logs	0	3227	3698	0	1383	Dead tree	
woodcut	Logs	0	3227	3703	0	1383	Dead tree	
woodcut	Logs	0	3228	3694	0	1383	Dead tree	
woodcut	Logs	0	3228	3696	0	1383	Dead tree	
woodcut	Logs	0	3229	3675	0	1383	Dead tree	
woodcut	Logs	0	3229	3709	0	1383	Dead tree	
woodcut	Logs	0	3230	3664	0	1383	Dead tree	
woodcut	Logs	0	3230	3672	0	1383	Dead tree	
woodcut	Logs	0	3230	3680	0	1383	Dead tree	
woodcut	Logs	0	3230	3701	0	1383	Dead tree	
woodcut	Logs	0	3231	3687	0	1383	Dead tree	
woodcut	Logs	0	3232	3678	0	1383	Dead tree	
woodcut	Logs	0	3232	3682	0	1383	Dead tree	
woodcut	Logs	0	3232	3703	0	1383	Dead tree	
woodcut	Logs	0	3232	3706	0	1383	Dead tree	
woodcut	Logs	0	3233	3684	0	1383	Dead tree	
woodcut	Logs	0	3233	3700	0	1383	Dead tree	
woodcut	Logs	0	3234	3680	0	1383	Dead tree	
woodcut	Logs	0	3234	3698	0	1383	Dead tree	
woodcut	Logs	0	3234	3702	0	1383	Dead tree	
woodcut	Logs	0	3234	3706	0	1383	Dead tree	
woodcut	Logs	0	3235	3693	0	1383	Dead tree	
woodcut	Logs	0	3236	3685	0	1383	Dead tree	
woodcut	Logs	0	3237	3668	0	1383	Dead tree	
woodcut	Logs	0	3237	3672	0	1383	Dead tree	
woodcut	Logs	0	3237	3674	0	1383	Dead tree	
woodcut	Logs	0	3238	3671	0	1383	Dead tree	
woodcut	Logs	0	3238	3690	0	1383	Dead tree	
woodcut	Logs	0	3239	3665	0	1383	Dead tree	
woodcut	Logs	0	3239	3673	0	1383	Dead tree	
woodcut	Logs	0	3239	3688	0	1383	Dead tree	
woodcut	Logs	0	3239	3694	0	1383	Dead tree	
woodcut	Logs	0	3240	3675	0	1383	Dead tree	
woodcut	Logs	0	3240	3683	0	1383	Dead tree	
woodcut	Logs	0	3240	3698	0	1383	Dead tree	
woodcut	Logs	0	3240	3705	0	1383	Dead tree	
woodcut	Logs	0	3240	3711	0	1383	Dead tree	
woodcut	Logs	0	3241	3678	0	1383	Dead tree	
woodcut	Logs	0	3241	3689	0	1383	Dead tree	
woodcut	Logs	0	3242	3651	0	1383	Dead tree	
woodcut	Logs	0	3242	3701	0	1383	Dead tree	
woodcut	Logs	0	3243	3649	0	1383	Dead tree	
woodcut	Logs	0	3243	3667	0	1383	Dead tree	
woodcut	Logs	0	3243	3668	0	1383	Dead tree	
woodcut	Logs	0	3243	3670	0	1383	Dead tree	
woodcut	Logs	0	3243	3673	0	1383	Dead tree	
woodcut	Logs	0	3243	3690	0	1383	Dead tree	
woodcut	Logs	0	3243	3698	0	1383	Dead tree	
woodcut	Logs	0	3243	3703	0	1383	Dead tree	
woodcut	Logs	0	3244	3653	0	1383	Dead tree	
woodcut	Logs	0	3244	3669	0	1383	Dead tree	
woodcut	Logs	0	3244	3676	0	1383	Dead tree	
woodcut	Logs	0	3244	3706	0	1383	Dead tree	
woodcut	Logs	0	3245	3655	0	1383	Dead tree	
woodcut	Logs	0	3245	3673	0	1383	Dead tree	
woodcut	Logs	0	3245	3684	0	1383	Dead tree	
woodcut	Logs	0	3245	3692	0	1383	Dead tree	
woodcut	Logs	0	3245	3708	0	1383	Dead tree	
woodcut	Logs	0	3246	3648	0	1383	Dead tree	
woodcut	Logs	0	3246	3656	0	1383	Dead tree	
woodcut	Logs	0	3247	3710	0	1383	Dead tree	
woodcut	Logs	0	3248	3653	0	1383	Dead tree	
woodcut	Logs	0	3248	3658	0	1383	Dead tree	
woodcut	Logs	0	3250	3652	0	1383	Dead tree	
woodcut	Logs	0	3250	3659	0	1383	Dead tree	
woodcut	Logs	0	3251	3654	0	1383	Dead tree	
woodcut	Logs	0	3251	3689	0	1383	Dead tree	
woodcut	Logs	0	3251	3710	0	1383	Dead tree	
woodcut	Logs	0	3252	3649	0	1383	Dead tree	
woodcut	Logs	0	3252	3650	0	1383	Dead tree	
woodcut	Logs	0	3253	3652	0	1383	Dead tree	
woodcut	Logs	0	3253	3656	0	1383	Dead tree	
woodcut	Logs	0	3253	3708	0	1383	Dead tree	
woodcut	Logs	0	3254	3656	0	1383	Dead tree	
woodcut	Logs	0	3254	3688	0	1383	Dead tree	
woodcut	Logs	0	3256	3649	0	1383	Dead tree	
woodcut	Logs	0	3256	3653	0	1383	Dead tree	
woodcut	Logs	0	3256	3655	0	1383	Dead tree	
woodcut	Logs	0	3256	3710	0	1383	Dead tree	
woodcut	Logs	0	3259	3651	0	1383	Dead tree	
woodcut	Logs	0	3259	3657	0	1383	Dead tree	
woodcut	Logs	0	3261	3649	0	1383	Dead tree	
woodcut	Logs	0	3261	3650	0	1383	Dead tree	
woodcut	Logs	0	3262	3651	0	1383	Dead tree	
woodcut	Logs	0	3262	3656	0	1383	Dead tree	
woodcut	Logs	0	3203	3716	0	1282	Dead tree	
woodcut	Logs	0	3213	3761	0	1282	Dead tree	
woodcut	Logs	0	3215	3723	0	1282	Dead tree	
woodcut	Logs	0	3215	3764	0	1282	Dead tree	
woodcut	Logs	0	3216	3714	0	1282	Dead tree	
woodcut	Logs	0	3217	3761	0	1282	Dead tree	
woodcut	Logs	0	3221	3720	0	1282	Dead tree	
woodcut	Logs	0	3229	3721	0	1282	Dead tree	
woodcut	Logs	0	3237	3715	0	1282	Dead tree	
woodcut	Logs	0	3237	3721	0	1282	Dead tree	
woodcut	Logs	0	3245	3717	0	1282	Dead tree	
woodcut	Logs	0	3250	3766	0	1282	Dead tree	
woodcut	Logs	0	3255	3758	0	1282	Dead tree	
woodcut	Logs	0	3258	3762	0	1282	Dead tree	
woodcut	Logs	0	3259	3753	0	1282	Dead tree	
woodcut	Logs	0	3201	3716	0	1286	Dead tree	
woodcut	Logs	0	3203	3714	0	1286	Dead tree	
woodcut	Logs	0	3206	3716	0	1286	Dead tree	
woodcut	Logs	0	3212	3764	0	1286	Dead tree	
woodcut	Logs	0	3213	3759	0	1286	Dead tree	
woodcut	Logs	0	3213	3766	0	1286	Dead tree	
woodcut	Logs	0	3214	3714	0	1286	Dead tree	
woodcut	Logs	0	3216	3712	0	1286	Dead tree	
woodcut	Logs	0	3216	3767	0	1286	Dead tree	
woodcut	Logs	0	3217	3759	0	1286	Dead tree	
woodcut	Logs	0	3218	3714	0	1286	Dead tree	
woodcut	Logs	0	3218	3724	0	1286	Dead tree	
woodcut	Logs	0	3220	3716	0	1286	Dead tree	
woodcut	Logs	0	3221	3723	0	1286	Dead tree	
woodcut	Logs	0	3221	3761	0	1286	Dead tree	
woodcut	Logs	0	3223	3764	0	1286	Dead tree	
woodcut	Logs	0	3226	3765	0	1286	Dead tree	
woodcut	Logs	0	3227	3720	0	1286	Dead tree	
woodcut	Logs	0	3231	3722	0	1286	Dead tree	
woodcut	Logs	0	3235	3714	0	1286	Dead tree	
woodcut	Logs	0	3235	3722	0	1286	Dead tree	
woodcut	Logs	0	3238	3719	0	1286	Dead tree	
woodcut	Logs	0	3241	3717	0	1286	Dead tree	
woodcut	Logs	0	3245	3715	0	1286	Dead tree	
woodcut	Logs	0	3245	3719	0	1286	Dead tree	
woodcut	Logs	0	3248	3766	0	1286	Dead tree	
woodcut	Logs	0	3250	3769	0	1286	Dead tree	
woodcut	Logs	0	3251	3761	0	1286	Dead tree	
woodcut	Logs	0	3255	3768	0	1286	Dead tree	
woodcut	Logs	0	3258	3756	0	1286	Dead tree	
woodcut	Logs	0	3262	3754	0	1286	Dead tree	
woodcut	Logs	0	3262	3758	0	1286	Dead tree	
woodcut	Logs	0	3201	3713	0	1383	Dead tree	
woodcut	Logs	0	3205	3714	0	1383	Dead tree	
woodcut	Logs	0	3207	3713	0	1383	Dead tree	
woodcut	Logs	0	3209	3713	0	1383	Dead tree	
woodcut	Logs	0	3211	3716	0	1383	Dead tree	
woodcut	Logs	0	3211	3760	0	1383	Dead tree	
woodcut	Logs	0	3211	3762	0	1383	Dead tree	
woodcut	Logs	0	3212	3714	0	1383	Dead tree	
woodcut	Logs	0	3212	3718	0	1383	Dead tree	
woodcut	Logs	0	3213	3716	0	1383	Dead tree	
woodcut	Logs	0	3213	3720	0	1383	Dead tree	
woodcut	Logs	0	3213	3723	0	1383	Dead tree	
woodcut	Logs	0	3214	3764	0	1383	Dead tree	
woodcut	Logs	0	3215	3717	0	1383	Dead tree	
woodcut	Logs	0	3215	3758	0	1383	Dead tree	
woodcut	Logs	0	3215	3761	0	1383	Dead tree	
woodcut	Logs	0	3217	3716	0	1383	Dead tree	
woodcut	Logs	0	3218	3721	0	1383	Dead tree	
woodcut	Logs	0	3219	3713	0	1383	Dead tree	
woodcut	Logs	0	3219	3764	0	1383	Dead tree	
woodcut	Logs	0	3219	3766	0	1383	Dead tree	
woodcut	Logs	0	3220	3714	0	1383	Dead tree	
woodcut	Logs	0	3220	3759	0	1383	Dead tree	
woodcut	Logs	0	3220	3762	0	1383	Dead tree	
woodcut	Logs	0	3221	3765	0	1383	Dead tree	
woodcut	Logs	0	3222	3714	0	1383	Dead tree	
woodcut	Logs	0	3222	3763	0	1383	Dead tree	
woodcut	Logs	0	3223	3716	0	1383	Dead tree	
woodcut	Logs	0	3223	3761	0	1383	Dead tree	
woodcut	Logs	0	3224	3722	0	1383	Dead tree	
woodcut	Logs	0	3225	3723	0	1383	Dead tree	
woodcut	Logs	0	3225	3763	0	1383	Dead tree	
woodcut	Logs	0	3225	3767	0	1383	Dead tree	
woodcut	Logs	0	3227	3718	0	1383	Dead tree	
woodcut	Logs	0	3227	3722	0	1383	Dead tree	
woodcut	Logs	0	3227	3763	0	1383	Dead tree	
woodcut	Logs	0	3228	3716	0	1383	Dead tree	
woodcut	Logs	0	3229	3765	0	1383	Dead tree	
woodcut	Logs	0	3230	3719	0	1383	Dead tree	
woodcut	Logs	0	3230	3724	0	1383	Dead tree	
woodcut	Logs	0	3231	3717	0	1383	Dead tree	
woodcut	Logs	0	3232	3715	0	1383	Dead tree	
woodcut	Logs	0	3232	3721	0	1383	Dead tree	
woodcut	Logs	0	3233	3719	0	1383	Dead tree	
woodcut	Logs	0	3235	3716	0	1383	Dead tree	
woodcut	Logs	0	3235	3719	0	1383	Dead tree	
woodcut	Logs	0	3237	3714	0	1383	Dead tree	
woodcut	Logs	0	3237	3718	0	1383	Dead tree	
woodcut	Logs	0	3238	3724	0	1383	Dead tree	
woodcut	Logs	0	3239	3713	0	1383	Dead tree	
woodcut	Logs	0	3239	3715	0	1383	Dead tree	
woodcut	Logs	0	3240	3720	0	1383	Dead tree	
woodcut	Logs	0	3240	3722	0	1383	Dead tree	
woodcut	Logs	0	3241	3721	0	1383	Dead tree	
woodcut	Logs	0	3242	3714	0	1383	Dead tree	
woodcut	Logs	0	3244	3717	0	1383	Dead tree	
woodcut	Logs	0	3247	3719	0	1383	Dead tree	
woodcut	Logs	0	3248	3713	0	1383	Dead tree	
woodcut	Logs	0	3248	3715	0	1383	Dead tree	
woodcut	Logs	0	3248	3717	0	1383	Dead tree	
woodcut	Logs	0	3249	3764	0	1383	Dead tree	
woodcut	Logs	0	3251	3716	0	1383	Dead tree	
woodcut	Logs	0	3252	3715	0	1383	Dead tree	
woodcut	Logs	0	3252	3764	0	1383	Dead tree	
woodcut	Logs	0	3252	3765	0	1383	Dead tree	
woodcut	Logs	0	3254	3761	0	1383	Dead tree	
woodcut	Logs	0	3254	3763	0	1383	Dead tree	
woodcut	Logs	0	3254	3766	0	1383	Dead tree	
woodcut	Logs	0	3256	3763	0	1383	Dead tree	
woodcut	Logs	0	3256	3766	0	1383	Dead tree	
woodcut	Logs	0	3257	3761	0	1383	Dead tree	
woodcut	Logs	0	3258	3765	0	1383	Dead tree	
woodcut	Logs	0	3259	3757	0	1383	Dead tree	
woodcut	Logs	0	3259	3759	0	1383	Dead tree	
woodcut	Logs	0	3259	3766	0	1383	Dead tree	
woodcut	Logs	0	3260	3756	0	1383	Dead tree	
woodcut	Logs	0	3260	3764	0	1383	Dead tree	
woodcut	Logs	0	3261	3761	0	1383	Dead tree	
woodcut	Logs	0	3261	3763	0	1383	Dead tree	
woodcut	Charcoal	0	3202	3772	0	1384	Dead tree	
woodcut	Charcoal	0	3203	3765	0	1384	Dead tree	
woodcut	Charcoal	0	3207	3773	0	1384	Dead tree	
woodcut	Logs	0	3217	3778	0	1383	Dead tree	
woodcut	Logs	0	3220	3779	0	1383	Dead tree	
woodcut	Logs	0	3223	3781	0	1383	Dead tree	
woodcut	Logs	0	3262	3812	0	1383	Dead tree	
woodcut	Charcoal	0	3200	3821	0	1384	Dead tree	
woodcut	Charcoal	0	3201	3814	0	1384	Dead tree	
woodcut	Charcoal	0	3202	3800	0	1384	Dead tree	
woodcut	Charcoal	0	3207	3831	0	1384	Dead tree	
woodcut	Charcoal	0	3213	3834	0	1384	Dead tree	
woodcut	Charcoal	0	3213	3837	0	1384	Dead tree	
woodcut	Charcoal	0	3214	3799	0	1384	Dead tree	
woodcut	Charcoal	0	3220	3800	0	1384	Dead tree	
woodcut	Charcoal	0	3222	3805	0	1384	Dead tree	
woodcut	Charcoal	0	3228	3810	0	1384	Dead tree	
woodcut	Charcoal	0	3239	3832	0	1384	Dead tree	
woodcut	Charcoal	0	3240	3838	0	1384	Dead tree	
woodcut	Charcoal	0	3241	3816	0	1384	Dead tree	
woodcut	Charcoal	0	3242	3826	0	1384	Dead tree	
woodcut	Logs	0	3231	3881	0	1383	Dead tree	
woodcut	Logs	0	3250	3901	0	1383	Dead tree	
woodcut	Charcoal	0	3204	3876	0	1384	Dead tree	
woodcut	Charcoal	0	3206	3852	0	1384	Dead tree	
woodcut	Charcoal	0	3207	3900	0	1384	Dead tree	
woodcut	Charcoal	0	3210	3842	0	1384	Dead tree	
woodcut	Charcoal	0	3210	3861	0	1384	Dead tree	
woodcut	Charcoal	0	3212	3888	0	1384	Dead tree	
woodcut	Charcoal	0	3213	3848	0	1384	Dead tree	
woodcut	Charcoal	0	3221	3858	0	1384	Dead tree	
woodcut	Charcoal	0	3226	3854	0	1384	Dead tree	
woodcut	Charcoal	0	3232	3858	0	1384	Dead tree	
woodcut	Charcoal	0	3237	3846	0	1384	Dead tree	
woodcut	Charcoal	0	3238	3873	0	1384	Dead tree	
woodcut	Charcoal	0	3239	3851	0	1384	Dead tree	
woodcut	Charcoal	0	3239	3860	0	1384	Dead tree	
woodcut	Charcoal	0	3240	3842	0	1384	Dead tree	
woodcut	Charcoal	0	3240	3892	0	1384	Dead tree	
woodcut	Charcoal	0	3247	3856	0	1384	Dead tree	
woodcut	Charcoal	0	3257	3864	0	1384	Dead tree	
woodcut	Charcoal	0	3201	3948	0	1384	Dead tree	
woodcut	Charcoal	0	3208	3921	0	1384	Dead tree	
woodcut	Charcoal	0	3214	3935	0	1384	Dead tree	
woodcut	Charcoal	0	3222	3920	0	1384	Dead tree	
woodcut	Charcoal	0	3223	3911	0	1384	Dead tree	
woodcut	Charcoal	0	3234	3924	0	1384	Dead tree	
woodcut	Charcoal	0	3240	3910	0	1384	Dead tree	
woodcut	Charcoal	0	3244	3918	0	1384	Dead tree	
woodcut	Charcoal	0	3246	3931	0	1384	Dead tree	
woodcut	Charcoal	0	3258	3922	0	1384	Dead tree	
woodcut	Charcoal	0	3258	3937	0	1384	Dead tree	
mining	Copper ore	1	3294	9468	0	2090	Rocks	
mining	Copper ore	1	3295	9469	0	2090	Rocks	
mining	Copper ore	1	3296	9469	0	2090	Rocks	
mining	Copper ore	1	3304	9425	0	2090	Rocks	
mining	Copper ore	1	3306	9424	0	2090	Rocks	
mining	Copper ore	1	3288	9469	0	2091	Rocks	
mining	Copper ore	1	3289	9469	0	2091	Rocks	
mining	Copper ore	1	3290	9468	0	2091	Rocks	
mining	Copper ore	1	3296	9426	0	2091	Rocks	
mining	Copper ore	1	3300	9425	0	2091	Rocks	
mining	Tin ore	1	3305	9464	0	2094	Rocks	
mining	Tin ore	1	3306	9466	0	2094	Rocks	
mining	Tin ore	1	3291	9413	0	2095	Rocks	
mining	Tin ore	1	3294	9412	0	2095	Rocks	
mining	Tin ore	1	3297	9413	0	2095	Rocks	
mining	Tin ore	1	3300	9413	0	2095	Rocks	
mining	Tin ore	1	3303	9464	0	2095	Rocks	
mining	Tin ore	1	3305	9467	0	2095	Rocks	
mining	Mithril ore	55	3318	9468	0	2102	Rocks	
mining	Mithril ore	55	3319	9467	0	2102	Rocks	
mining	Mithril ore	55	3320	9468	0	2102	Rocks	
mining	Mithril ore	55	3317	9463	0	2103	Rocks	
mining	Mithril ore	55	3318	9462	0	2103	Rocks	
mining	Mithril ore	55	3318	9463	0	2103	Rocks	
mining	Adamantite ore	70	3312	9467	0	2104	Rocks	
mining	Adamantite ore	70	3313	9466	0	2104	Rocks	
mining	Adamantite ore	70	3313	9467	0	2104	Rocks	
mining	Adamantite ore	70	3324	9464	0	2105	Rocks	
mining	Adamantite ore	70	3324	9465	0	2105	Rocks	
mining	Adamantite ore	70	3324	9466	0	2105	Rocks	
mining	Rock	1	3284	9428	0	2704	Rocks.	
mining	Rock	1	3284	9429	0	2704	Rocks.	
mining	Rock	1	3284	9433	0	2704	Rocks.	
mining	Rock	1	3284	9434	0	2704	Rocks.	
mining	Rock	1	3284	9438	0	2704	Rocks.	
mining	Rock	1	3284	9451	0	2704	Rocks.	
mining	Rock	1	3284	9452	0	2704	Rocks.	
mining	Rock	1	3285	9427	0	2704	Rocks.	
mining	Rock	1	3285	9430	0	2704	Rocks.	
mining	Rock	1	3285	9431	0	2704	Rocks.	
mining	Rock	1	3285	9432	0	2704	Rocks.	
mining	Rock	1	3285	9435	0	2704	Rocks.	
mining	Rock	1	3285	9436	0	2704	Rocks.	
mining	Rock	1	3285	9437	0	2704	Rocks.	
mining	Rock	1	3285	9440	0	2704	Rocks.	
mining	Rock	1	3285	9441	0	2704	Rocks.	
mining	Rock	1	3285	9444	0	2704	Rocks.	
mining	Rock	1	3285	9445	0	2704	Rocks.	
mining	Rock	1	3285	9447	0	2704	Rocks.	
mining	Rock	1	3285	9449	0	2704	Rocks.	
mining	Rock	1	3285	9450	0	2704	Rocks.	
mining	Rock	1	3285	9453	0	2704	Rocks.	
mining	Rock	1	3286	9428	0	2704	Rocks.	
mining	Rock	1	3286	9429	0	2704	Rocks.	
mining	Rock	1	3286	9433	0	2704	Rocks.	
mining	Rock	1	3286	9436	0	2704	Rocks.	
mining	Rock	1	3286	9438	0	2704	Rocks.	
mining	Rock	1	3286	9446	0	2704	Rocks.	
mining	Rock	1	3287	9428	0	2704	Rocks.	
mining	Rock	1	3287	9431	0	2704	Rocks.	
mining	Rock	1	3287	9434	0	2704	Rocks.	
mining	Rock	1	3287	9443	0	2704	Rocks.	
mining	Rock	1	3287	9444	0	2704	Rocks.	
mining	Rock	1	3287	9445	0	2704	Rocks.	
mining	Rock	1	3287	9449	0	2704	Rocks.	
mining	Rock	1	3287	9451	0	2704	Rocks.	
mining	Rock	1	3288	9429	0	2704	Rocks.	
mining	Rock	1	3288	9450	0	2704	Rocks.	
mining	Rock	1	3289	9429	0	2704	Rocks.	
mining	Rock	1	3289	9433	0	2704	Rocks.	
mining	Rock	1	3289	9437	0	2704	Rocks.	
mining	Rock	1	3289	9447	0	2704	Rocks.	
mining	Rock	1	3289	9449	0	2704	Rocks.	
mining	Rock	1	3290	9430	0	2704	Rocks.	
mining	Rock	1	3290	9431	0	2704	Rocks.	
mining	Rock	1	3290	9432	0	2704	Rocks.	
mining	Rock	1	3290	9436	0	2704	Rocks.	
mining	Rock	1	3290	9437	0	2704	Rocks.	
mining	Rock	1	3290	9438	0	2704	Rocks.	
mining	Rock	1	3290	9440	0	2704	Rocks.	
mining	Rock	1	3290	9441	0	2704	Rocks.	
mining	Rock	1	3290	9442	0	2704	Rocks.	
mining	Rock	1	3290	9444	0	2704	Rocks.	
mining	Rock	1	3290	9446	0	2704	Rocks.	
mining	Rock	1	3290	9449	0	2704	Rocks.	
mining	Rock	1	3291	9439	0	2704	Rocks.	
mining	Rock	1	3291	9443	0	2704	Rocks.	
mining	Rock	1	3291	9444	0	2704	Rocks.	
mining	Rock	1	3291	9446	0	2704	Rocks.	
mining	Rock	1	3291	9447	0	2704	Rocks.	
mining	Rock	1	3291	9448	0	2704	Rocks.	
mining	Rock	1	3292	9445	0	2704	Rocks.	
mining	Rock	1	3292	9446	0	2704	Rocks.	
mining	Copper ore	1	3299	3015	0	2090	Rocks	
mining	Copper ore	1	3300	3017	0	2090	Rocks	
mining	Copper ore	1	3301	3016	0	2091	Rocks	
mining	Copper ore	1	3302	3015	0	2091	Rocks	
mining	Iron ore	15	3287	3015	0	2092	Rocks	
mining	Iron ore	15	3284	3015	0	2093	Rocks	
mining	Iron ore	15	3285	3017	0	2093	Rocks	
mining	Tin ore	1	3302	3025	0	2094	Rocks	
mining	Tin ore	1	3304	3025	0	2094	Rocks	
mining	Tin ore	1	3303	3021	0	2095	Rocks	
mining	Tin ore	1	3304	3023	0	2095	Rocks	
mining	Coal	30	3291	3016	0	2096	Rocks	
mining	Coal	30	3292	3015	0	2096	Rocks	
mining	Coal	30	3293	3017	0	2097	Rocks	
mining	Coal	30	3294	3015	0	2097	Rocks	
woodcut	Logs	0	3264	3220	0	1276	Tree	
woodcut	Logs	0	3264	3225	0	1276	Tree	
woodcut	Logs	0	3264	3235	0	1276	Tree	
woodcut	Logs	0	3265	3215	0	1276	Tree	
woodcut	Logs	0	3265	3222	0	1276	Tree	
woodcut	Logs	0	3266	3230	0	1276	Tree	
mining	Copper ore	1	3296	3314	0	2090	Rocks	
mining	Copper ore	1	3297	3315	0	2090	Rocks	
mining	Copper ore	1	3301	3318	0	2090	Rocks	
mining	Iron ore	15	3294	3310	0	2092	Rocks	
mining	Iron ore	15	3295	3311	0	2092	Rocks	
mining	Iron ore	15	3302	3285	0	2092	Rocks	
mining	Iron ore	15	3303	3284	0	2092	Rocks	
mining	Iron ore	15	3303	3309	0	2092	Rocks	
mining	Iron ore	15	3304	3301	0	2092	Rocks	
mining	Iron ore	15	3295	3309	0	2093	Rocks	
mining	Iron ore	15	3303	3310	0	2093	Rocks	
mining	Iron ore	15	3305	3302	0	2093	Rocks	
mining	Tin ore	1	3302	3316	0	2094	Rocks	
mining	Coal	30	3302	3317	0	2096	Rocks	
mining	Coal	30	3303	3299	0	2096	Rocks	
mining	Coal	30	3304	3300	0	2097	Rocks	
mining	Gold ore	40	3294	3288	0	2098	Rocks	
mining	Gold ore	40	3294	3287	0	2099	Rocks	
mining	Silver ore	20	3293	3300	0	2100	Rocks	
mining	Silver ore	20	3295	3304	0	2100	Rocks	
mining	Silver ore	20	3303	3313	0	2100	Rocks	
mining	Silver ore	20	3303	3314	0	2100	Rocks	
mining	Silver ore	20	3294	3301	0	2101	Rocks	
mining	Mithril ore	55	3304	3305	0	2102	Rocks	
mining	Mithril ore	55	3305	3304	0	2103	Rocks	
mining	Adamantite ore	70	3298	3317	0	2104	Rocks	
mining	Adamantite ore	70	3300	3318	0	2105	Rocks	
woodcut	Logs	0	3266	3372	0	1276	Tree	
woodcut	Logs	0	3267	3337	0	1276	Tree	
woodcut	Logs	0	3267	3340	0	1276	Tree	
woodcut	Logs	0	3268	3365	0	1276	Tree	
woodcut	Logs	0	3270	3337	0	1276	Tree	
woodcut	Logs	0	3270	3341	0	1276	Tree	
woodcut	Logs	0	3271	3371	0	1276	Tree	
woodcut	Logs	0	3272	3344	0	1276	Tree	
woodcut	Logs	0	3273	3335	0	1276	Tree	
woodcut	Logs	0	3273	3340	0	1276	Tree	
woodcut	Logs	0	3273	3354	0	1276	Tree	
woodcut	Logs	0	3274	3347	0	1276	Tree	
woodcut	Logs	0	3275	3337	0	1276	Tree	
woodcut	Logs	0	3275	3344	0	1276	Tree	
woodcut	Logs	0	3278	3342	0	1276	Tree	
woodcut	Logs	0	3282	3336	0	1276	Tree	
woodcut	Logs	0	3290	3340	0	1276	Tree	
woodcut	Logs	0	3290	3343	0	1276	Tree	
woodcut	Logs	0	3293	3337	0	1276	Tree	
woodcut	Logs	0	3295	3376	0	1276	Tree	
woodcut	Logs	0	3296	3342	0	1276	Tree	
woodcut	Logs	0	3298	3331	0	1276	Tree	
woodcut	Logs	0	3299	3341	0	1276	Tree	
woodcut	Logs	0	3300	3365	0	1276	Tree	
woodcut	Logs	0	3301	3384	0	1276	Tree	
woodcut	Logs	0	3303	3363	0	1276	Tree	
woodcut	Logs	0	3304	3386	0	1276	Tree	
woodcut	Logs	0	3305	3332	0	1276	Tree	
woodcut	Logs	0	3305	3366	0	1276	Tree	
woodcut	Logs	0	3306	3350	0	1276	Tree	
woodcut	Logs	0	3306	3389	0	1276	Tree	
woodcut	Logs	0	3307	3374	0	1276	Tree	
woodcut	Logs	0	3307	3377	0	1276	Tree	
woodcut	Logs	0	3308	3380	0	1276	Tree	
woodcut	Logs	0	3309	3344	0	1276	Tree	
woodcut	Logs	0	3309	3383	0	1276	Tree	
woodcut	Logs	0	3311	3382	0	1276	Tree	
woodcut	Logs	0	3313	3384	0	1276	Tree	
woodcut	Logs	0	3313	3389	0	1276	Tree	
woodcut	Logs	0	3315	3344	0	1276	Tree	
woodcut	Logs	0	3315	3386	0	1276	Tree	
woodcut	Logs	0	3317	3371	0	1276	Tree	
woodcut	Logs	0	3317	3384	0	1276	Tree	
woodcut	Logs	0	3323	3379	0	1276	Tree	
woodcut	Logs	0	3323	3385	0	1276	Tree	
woodcut	Logs	0	3324	3382	0	1276	Tree	
woodcut	Logs	0	3265	3363	0	1278	Tree	
woodcut	Logs	0	3267	3358	0	1278	Tree	
woodcut	Logs	0	3276	3353	0	1278	Tree	
woodcut	Logs	0	3278	3348	0	1278	Tree	
woodcut	Logs	0	3279	3351	0	1278	Tree	
woodcut	Logs	0	3279	3354	0	1278	Tree	
woodcut	Logs	0	3283	3348	0	1278	Tree	
woodcut	Logs	0	3283	3353	0	1278	Tree	
woodcut	Logs	0	3294	3331	0	1278	Tree	
woodcut	Logs	0	3295	3351	0	1278	Tree	
woodcut	Logs	0	3295	3366	0	1278	Tree	
woodcut	Logs	0	3296	3368	0	1278	Tree	
woodcut	Logs	0	3297	3354	0	1278	Tree	
woodcut	Logs	0	3301	3346	0	1278	Tree	
woodcut	Logs	0	3301	3368	0	1278	Tree	
woodcut	Logs	0	3305	3340	0	1278	Tree	
woodcut	Logs	0	3308	3358	0	1278	Tree	
woodcut	Logs	0	3308	3370	0	1278	Tree	
woodcut	Logs	0	3308	3389	0	1278	Tree	
woodcut	Logs	0	3309	3365	0	1278	Tree	
woodcut	Logs	0	3309	3367	0	1278	Tree	
woodcut	Logs	0	3311	3353	0	1278	Tree	
woodcut	Logs	0	3311	3364	0	1278	Tree	
woodcut	Logs	0	3311	3366	0	1278	Tree	
woodcut	Logs	0	3311	3368	0	1278	Tree	
woodcut	Logs	0	3312	3349	0	1278	Tree	
woodcut	Logs	0	3312	3360	0	1278	Tree	
woodcut	Logs	0	3313	3365	0	1278	Tree	
woodcut	Logs	0	3314	3348	0	1278	Tree	
woodcut	Logs	0	3314	3352	0	1278	Tree	
woodcut	Logs	0	3314	3368	0	1278	Tree	
woodcut	Logs	0	3315	3366	0	1278	Tree	
woodcut	Logs	0	3317	3353	0	1278	Tree	
woodcut	Logs	0	3318	3358	0	1278	Tree	
woodcut	Logs	0	3319	3349	0	1278	Tree	
woodcut	Logs	0	3319	3373	0	1278	Tree	
woodcut	Logs	0	3320	3377	0	1278	Tree	
woodcut	Logs	0	3321	3363	0	1278	Tree	
woodcut	Logs	0	3322	3343	0	1278	Tree	
woodcut	Logs	0	3322	3355	0	1278	Tree	
woodcut	Logs	0	3322	3372	0	1278	Tree	
woodcut	Logs	0	3322	3376	0	1278	Tree	
woodcut	Logs	0	3323	3374	0	1278	Tree	
woodcut	Oak logs	15	3282	3341	0	1281	Oak	
woodcut	Oak logs	15	3285	3337	0	1281	Oak	
woodcut	Oak logs	15	3290	3332	0	1281	Oak	
woodcut	Oak logs	15	3292	3340	0	1281	Oak	
woodcut	Oak logs	15	3293	3346	0	1281	Oak	
woodcut	Oak logs	15	3295	3338	0	1281	Oak	
woodcut	Oak logs	15	3299	3335	0	1281	Oak	
woodcut	Oak logs	15	3300	3353	0	1281	Oak	
woodcut	Oak logs	15	3306	3381	0	1281	Oak	
woodcut	Oak logs	15	3307	3384	0	1281	Oak	
woodcut	Oak logs	15	3311	3385	0	1281	Oak	
woodcut	Logs	0	3291	3380	0	1282	Dead tree	
woodcut	Logs	0	3264	3373	0	1286	Dead tree	
woodcut	Logs	0	3269	3374	0	1286	Dead tree	
woodcut	Logs	0	3305	3377	0	1286	Dead tree	
woodcut	Logs	0	3312	3376	0	1286	Dead tree	
woodcut	Logs	0	3313	3377	0	1286	Dead tree	
woodcut	Logs	0	3313	3380	0	1286	Dead tree	
woodcut	Logs	0	3314	3375	0	1286	Dead tree	
woodcut	Logs	0	3316	3379	0	1286	Dead tree	
mining	Copper ore	1	3282	3367	0	2090	Rocks	
mining	Copper ore	1	3282	3368	0	2090	Rocks	
mining	Copper ore	1	3286	3361	0	2090	Rocks	
mining	Copper ore	1	3286	3364	0	2090	Rocks	
mining	Copper ore	1	3287	3365	0	2090	Rocks	
mining	Copper ore	1	3288	3361	0	2090	Rocks	
mining	Copper ore	1	3289	3361	0	2090	Rocks	
mining	Copper ore	1	3289	3363	0	2090	Rocks	
mining	Copper ore	1	3290	3362	0	2091	Rocks	
mining	Iron ore	15	3285	3368	0	2092	Rocks	
mining	Iron ore	15	3285	3369	0	2092	Rocks	
mining	Iron ore	15	3286	3369	0	2092	Rocks	
mining	Iron ore	15	3288	3370	0	2093	Rocks	
mining	Tin ore	1	3283	3365	0	2094	Rocks	
mining	Tin ore	1	3283	3366	0	2094	Rocks	
mining	Tin ore	1	3284	3363	0	2094	Rocks	
mining	Tin ore	1	3284	3364	0	2094	Rocks	
mining	Tin ore	1	3288	3366	0	2094	Rocks	
mining	Tin ore	1	3289	3368	0	2095	Rocks	
woodcut	Logs	0	3272	3450	0	1276	Tree	
woodcut	Logs	0	3273	3453	0	1276	Tree	
woodcut	Logs	0	3274	3447	0	1276	Tree	
woodcut	Logs	0	3274	3449	0	1276	Tree	
woodcut	Logs	0	3275	3432	0	1276	Tree	
woodcut	Logs	0	3276	3440	0	1276	Tree	
woodcut	Logs	0	3276	3451	0	1276	Tree	
woodcut	Logs	0	3276	3454	0	1276	Tree	
woodcut	Logs	0	3277	3431	0	1276	Tree	
woodcut	Logs	0	3277	3448	0	1276	Tree	
woodcut	Logs	0	3278	3444	0	1276	Tree	
woodcut	Logs	0	3278	3452	0	1276	Tree	
woodcut	Logs	0	3279	3447	0	1276	Tree	
woodcut	Logs	0	3279	3450	0	1276	Tree	
woodcut	Logs	0	3280	3420	0	1276	Tree	
woodcut	Logs	0	3280	3433	0	1276	Tree	
woodcut	Logs	0	3282	3432	0	1276	Tree	
woodcut	Logs	0	3282	3434	0	1276	Tree	
woodcut	Logs	0	3284	3410	0	1276	Tree	
woodcut	Logs	0	3287	3408	0	1276	Tree	
woodcut	Logs	0	3295	3453	0	1276	Tree	
woodcut	Logs	0	3297	3434	0	1276	Tree	
woodcut	Logs	0	3298	3440	0	1276	Tree	
woodcut	Logs	0	3299	3406	0	1276	Tree	
woodcut	Logs	0	3299	3418	0	1276	Tree	
woodcut	Logs	0	3301	3432	0	1276	Tree	
woodcut	Logs	0	3301	3453	0	1276	Tree	
woodcut	Logs	0	3304	3414	0	1276	Tree	
woodcut	Logs	0	3305	3402	0	1276	Tree	
woodcut	Logs	0	3305	3407	0	1276	Tree	
woodcut	Logs	0	3306	3429	0	1276	Tree	
woodcut	Logs	0	3307	3398	0	1276	Tree	
woodcut	Logs	0	3308	3413	0	1276	Tree	
woodcut	Logs	0	3311	3422	0	1276	Tree	
woodcut	Logs	0	3313	3425	0	1276	Tree	
woodcut	Logs	0	3314	3416	0	1276	Tree	
woodcut	Logs	0	3315	3453	0	1276	Tree	
woodcut	Logs	0	3317	3413	0	1276	Tree	
woodcut	Logs	0	3317	3438	0	1276	Tree	
woodcut	Logs	0	3318	3408	0	1276	Tree	
woodcut	Logs	0	3322	3448	0	1276	Tree	
woodcut	Logs	0	3323	3443	0	1276	Tree	
woodcut	Logs	0	3324	3417	0	1276	Tree	
woodcut	Logs	0	3325	3440	0	1276	Tree	
woodcut	Logs	0	3276	3415	0	1278	Tree	
woodcut	Logs	0	3278	3417	0	1278	Tree	
woodcut	Logs	0	3280	3412	0	1278	Tree	
woodcut	Logs	0	3282	3420	0	1278	Tree	
woodcut	Logs	0	3288	3441	0	1278	Tree	
woodcut	Logs	0	3289	3452	0	1278	Tree	
woodcut	Logs	0	3290	3450	0	1278	Tree	
woodcut	Logs	0	3296	3423	0	1278	Tree	
woodcut	Logs	0	3296	3446	0	1278	Tree	
woodcut	Logs	0	3297	3430	0	1278	Tree	
woodcut	Logs	0	3298	3397	0	1278	Tree	
woodcut	Logs	0	3300	3393	0	1278	Tree	
woodcut	Logs	0	3300	3414	0	1278	Tree	
woodcut	Logs	0	3301	3421	0	1278	Tree	
woodcut	Logs	0	3301	3444	0	1278	Tree	
woodcut	Logs	0	3301	3447	0	1278	Tree	
woodcut	Logs	0	3302	3437	0	1278	Tree	
woodcut	Logs	0	3304	3420	0	1278	Tree	
woodcut	Logs	0	3304	3425	0	1278	Tree	
woodcut	Logs	0	3304	3441	0	1278	Tree	
woodcut	Logs	0	3306	3410	0	1278	Tree	
woodcut	Logs	0	3306	3432	0	1278	Tree	
woodcut	Logs	0	3306	3440	0	1278	Tree	
woodcut	Logs	0	3306	3445	0	1278	Tree	
woodcut	Logs	0	3308	3422	0	1278	Tree	
woodcut	Logs	0	3310	3406	0	1278	Tree	
woodcut	Logs	0	3310	3428	0	1278	Tree	
woodcut	Logs	0	3310	3447	0	1278	Tree	
woodcut	Logs	0	3311	3415	0	1278	Tree	
woodcut	Logs	0	3311	3444	0	1278	Tree	
woodcut	Logs	0	3312	3419	0	1278	Tree	
woodcut	Logs	0	3313	3407	0	1278	Tree	
woodcut	Logs	0	3314	3411	0	1278	Tree	
woodcut	Logs	0	3315	3437	0	1278	Tree	
woodcut	Logs	0	3317	3448	0	1278	Tree	
woodcut	Logs	0	3318	3397	0	1278	Tree	
woodcut	Logs	0	3318	3417	0	1278	Tree	
woodcut	Logs	0	3320	3442	0	1278	Tree	
woodcut	Logs	0	3320	3446	0	1278	Tree	
woodcut	Logs	0	3321	3439	0	1278	Tree	
woodcut	Oak logs	15	3276	3436	0	1281	Oak	
woodcut	Oak logs	15	3278	3414	0	1281	Oak	
woodcut	Oak logs	15	3279	3430	0	1281	Oak	
woodcut	Oak logs	15	3281	3424	0	1281	Oak	
woodcut	Oak logs	15	3282	3416	0	1281	Oak	
woodcut	Oak logs	15	3300	3427	0	1281	Oak	
woodcut	Oak logs	15	3301	3416	0	1281	Oak	
woodcut	Oak logs	15	3305	3436	0	1281	Oak	
woodcut	Oak logs	15	3307	3425	0	1281	Oak	
woodcut	Oak logs	15	3308	3418	0	1281	Oak	
woodcut	Oak logs	15	3309	3409	0	1281	Oak	
woodcut	Oak logs	15	3311	3432	0	1281	Oak	
woodcut	Oak logs	15	3311	3439	0	1281	Oak	
woodcut	Oak logs	15	3316	3443	0	1281	Oak	
woodcut	Logs	0	3304	3430	0	1282	Dead tree	
woodcut	Logs	0	3309	3443	0	1282	Dead tree	
woodcut	Logs	0	3311	3436	0	1282	Dead tree	
woodcut	Logs	0	3314	3446	0	1282	Dead tree	
woodcut	Logs	0	3315	3440	0	1282	Dead tree	
woodcut	Logs	0	3316	3434	0	1282	Dead tree	
woodcut	Logs	0	3301	3424	0	1286	Dead tree	
woodcut	Logs	0	3304	3433	0	1286	Dead tree	
woodcut	Logs	0	3307	3415	0	1286	Dead tree	
woodcut	Logs	0	3309	3431	0	1286	Dead tree	
woodcut	Logs	0	3264	3474	0	1276	Tree	
woodcut	Logs	0	3264	3512	0	1276	Tree	
woodcut	Logs	0	3264	3519	0	1276	Tree	
woodcut	Logs	0	3266	3483	0	1276	Tree	
woodcut	Logs	0	3266	3499	0	1276	Tree	
woodcut	Logs	0	3266	3505	0	1276	Tree	
woodcut	Logs	0	3268	3490	0	1276	Tree	
woodcut	Logs	0	3269	3496	0	1276	Tree	
woodcut	Logs	0	3271	3493	0	1276	Tree	
woodcut	Logs	0	3272	3463	0	1276	Tree	
woodcut	Logs	0	3274	3473	0	1276	Tree	
woodcut	Logs	0	3275	3476	0	1276	Tree	
woodcut	Logs	0	3275	3482	0	1276	Tree	
woodcut	Logs	0	3275	3512	0	1276	Tree	
woodcut	Logs	0	3276	3466	0	1276	Tree	
woodcut	Logs	0	3278	3476	0	1276	Tree	
woodcut	Logs	0	3280	3482	0	1276	Tree	
woodcut	Logs	0	3282	3516	0	1276	Tree	
woodcut	Logs	0	3283	3478	0	1276	Tree	
woodcut	Logs	0	3286	3518	0	1276	Tree	
woodcut	Logs	0	3287	3475	0	1276	Tree	
woodcut	Logs	0	3287	3485	0	1276	Tree	
woodcut	Logs	0	3288	3473	0	1276	Tree	
woodcut	Logs	0	3288	3504	0	1276	Tree	
woodcut	Logs	0	3290	3484	0	1276	Tree	
woodcut	Logs	0	3291	3470	0	1276	Tree	
woodcut	Logs	0	3291	3479	0	1276	Tree	
woodcut	Logs	0	3291	3507	0	1276	Tree	
woodcut	Logs	0	3291	3517	0	1276	Tree	
woodcut	Logs	0	3292	3499	0	1276	Tree	
woodcut	Logs	0	3292	3514	0	1276	Tree	
woodcut	Logs	0	3293	3463	0	1276	Tree	
woodcut	Logs	0	3296	3471	0	1276	Tree	
woodcut	Logs	0	3297	3492	0	1276	Tree	
woodcut	Logs	0	3298	3470	0	1276	Tree	
woodcut	Logs	0	3298	3487	0	1276	Tree	
woodcut	Logs	0	3298	3519	0	1276	Tree	
woodcut	Logs	0	3300	3480	0	1276	Tree	
woodcut	Logs	0	3301	3471	0	1276	Tree	
woodcut	Logs	0	3301	3477	0	1276	Tree	
woodcut	Logs	0	3302	3475	0	1276	Tree	
woodcut	Logs	0	3302	3480	0	1276	Tree	
woodcut	Logs	0	3303	3486	0	1276	Tree	
woodcut	Logs	0	3304	3519	0	1276	Tree	
woodcut	Logs	0	3305	3467	0	1276	Tree	
woodcut	Logs	0	3306	3465	0	1276	Tree	
woodcut	Logs	0	3307	3480	0	1276	Tree	
woodcut	Logs	0	3308	3467	0	1276	Tree	
woodcut	Logs	0	3308	3472	0	1276	Tree	
woodcut	Logs	0	3311	3466	0	1276	Tree	
woodcut	Logs	0	3311	3478	0	1276	Tree	
woodcut	Logs	0	3312	3490	0	1276	Tree	
woodcut	Logs	0	3312	3519	0	1276	Tree	
woodcut	Logs	0	3314	3459	0	1276	Tree	
woodcut	Logs	0	3318	3518	0	1276	Tree	
woodcut	Logs	0	3322	3518	0	1276	Tree	
woodcut	Logs	0	3323	3463	0	1276	Tree	
woodcut	Logs	0	3326	3491	0	1276	Tree	
woodcut	Logs	0	3264	3491	0	1278	Tree	
woodcut	Logs	0	3264	3496	0	1278	Tree	
woodcut	Logs	0	3266	3508	0	1278	Tree	
woodcut	Logs	0	3268	3505	0	1278	Tree	
woodcut	Logs	0	3268	3510	0	1278	Tree	
woodcut	Logs	0	3268	3518	0	1278	Tree	
woodcut	Logs	0	3269	3479	0	1278	Tree	
woodcut	Logs	0	3270	3468	0	1278	Tree	
woodcut	Logs	0	3271	3502	0	1278	Tree	
woodcut	Logs	0	3271	3506	0	1278	Tree	
woodcut	Logs	0	3271	3509	0	1278	Tree	
woodcut	Logs	0	3271	3513	0	1278	Tree	
woodcut	Logs	0	3273	3470	0	1278	Tree	
woodcut	Logs	0	3273	3480	0	1278	Tree	
woodcut	Logs	0	3279	3472	0	1278	Tree	
woodcut	Logs	0	3283	3473	0	1278	Tree	
woodcut	Logs	0	3283	3482	0	1278	Tree	
woodcut	Logs	0	3284	3514	0	1278	Tree	
woodcut	Logs	0	3286	3478	0	1278	Tree	
woodcut	Logs	0	3287	3480	0	1278	Tree	
woodcut	Logs	0	3288	3516	0	1278	Tree	
woodcut	Logs	0	3293	3492	0	1278	Tree	
woodcut	Logs	0	3296	3460	0	1278	Tree	
woodcut	Logs	0	3297	3473	0	1278	Tree	
woodcut	Logs	0	3297	3478	0	1278	Tree	
woodcut	Logs	0	3300	3457	0	1278	Tree	
woodcut	Logs	0	3302	3463	0	1278	Tree	
woodcut	Logs	0	3309	3478	0	1278	Tree	
woodcut	Logs	0	3312	3471	0	1278	Tree	
woodcut	Logs	0	3312	3486	0	1278	Tree	
woodcut	Logs	0	3315	3461	0	1278	Tree	
woodcut	Logs	0	3318	3487	0	1278	Tree	
woodcut	Logs	0	3319	3463	0	1278	Tree	
woodcut	Logs	0	3322	3492	0	1278	Tree	
woodcut	Logs	0	3324	3472	0	1278	Tree	
woodcut	Logs	0	3325	3457	0	1278	Tree	
woodcut	Logs	0	3325	3488	0	1278	Tree	
woodcut	Logs	0	3326	3518	0	1278	Tree	
woodcut	Oak logs	15	3267	3474	0	1281	Oak	
woodcut	Oak logs	15	3268	3507	0	1281	Oak	
woodcut	Oak logs	15	3271	3475	0	1281	Oak	
woodcut	Oak logs	15	3276	3469	0	1281	Oak	
woodcut	Oak logs	15	3276	3479	0	1281	Oak	
woodcut	Oak logs	15	3282	3475	0	1281	Oak	
woodcut	Oak logs	15	3289	3488	0	1281	Oak	
woodcut	Oak logs	15	3290	3493	0	1281	Oak	
woodcut	Oak logs	15	3293	3484	0	1281	Oak	
woodcut	Oak logs	15	3294	3488	0	1281	Oak	
woodcut	Oak logs	15	3294	3519	0	1281	Oak	
woodcut	Oak logs	15	3301	3466	0	1281	Oak	
woodcut	Oak logs	15	3308	3469	0	1281	Oak	
woodcut	Oak logs	15	3309	3459	0	1281	Oak	
woodcut	Oak logs	15	3321	3495	0	1281	Oak	
woodcut	Oak logs	15	3325	3480	0	1281	Oak	
woodcut	Logs	0	3300	3475	0	1282	Dead tree	
woodcut	Logs	0	3310	3476	0	1282	Dead tree	
woodcut	Logs	0	3296	3503	0	1286	Dead tree	
woodcut	Logs	0	3298	3498	0	1286	Dead tree	
woodcut	Logs	0	3299	3500	0	1286	Dead tree	
woodcut	Logs	0	3304	3516	0	1286	Dead tree	
woodcut	Logs	0	3306	3495	0	1286	Dead tree	
woodcut	Logs	0	3314	3514	0	1286	Dead tree	
woodcut	Logs	0	3315	3512	0	1286	Dead tree	
woodcut	Logs	0	3316	3510	0	1286	Dead tree	
woodcut	Logs	0	3316	3514	0	1286	Dead tree	
woodcut	Logs	0	3317	3512	0	1286	Dead tree	
woodcut	Logs	0	3318	3510	0	1286	Dead tree	
woodcut	Logs	0	3318	3515	0	1286	Dead tree	
woodcut	Logs	0	3319	3512	0	1286	Dead tree	
woodcut	Logs	0	3320	3509	0	1286	Dead tree	
woodcut	Logs	0	3321	3514	0	1286	Dead tree	
woodcut	Logs	0	3322	3512	0	1286	Dead tree	
woodcut	Yew logs	60	3266	3493	0	1309	Yew	
woodcut	Yew logs	60	3270	3470	0	1309	Yew	
woodcut	Yew logs	60	3304	3469	0	1309	Yew	
woodcut	Logs	0	3268	3539	0	1276	Tree	
woodcut	Logs	0	3270	3525	0	1276	Tree	
woodcut	Logs	0	3272	3534	0	1276	Tree	
woodcut	Logs	0	3278	3530	0	1276	Tree	
woodcut	Logs	0	3279	3524	0	1276	Tree	
woodcut	Logs	0	3281	3527	0	1276	Tree	
woodcut	Logs	0	3283	3530	0	1276	Tree	
woodcut	Logs	0	3284	3525	0	1276	Tree	
woodcut	Logs	0	3286	3528	0	1276	Tree	
woodcut	Logs	0	3292	3526	0	1276	Tree	
woodcut	Logs	0	3294	3523	0	1276	Tree	
woodcut	Logs	0	3302	3526	0	1276	Tree	
woodcut	Logs	0	3302	3530	0	1276	Tree	
woodcut	Logs	0	3307	3527	0	1276	Tree	
woodcut	Logs	0	3309	3522	0	1276	Tree	
woodcut	Logs	0	3310	3532	0	1276	Tree	
woodcut	Logs	0	3313	3529	0	1276	Tree	
woodcut	Logs	0	3315	3522	0	1276	Tree	
woodcut	Logs	0	3321	3532	0	1276	Tree	
woodcut	Logs	0	3322	3527	0	1276	Tree	
woodcut	Logs	0	3323	3537	0	1276	Tree	
woodcut	Logs	0	3326	3525	0	1276	Tree	
woodcut	Logs	0	3326	3529	0	1276	Tree	
woodcut	Oak logs	15	3266	3527	0	1281	Oak	
woodcut	Oak logs	15	3267	3521	0	1281	Oak	
woodcut	Oak logs	15	3283	3521	0	1281	Oak	
woodcut	Oak logs	15	3288	3522	0	1281	Oak	
woodcut	Oak logs	15	3303	3523	0	1281	Oak	
woodcut	Oak logs	15	3311	3524	0	1281	Oak	
woodcut	Oak logs	15	3318	3524	0	1281	Oak	
woodcut	Oak logs	15	3323	3521	0	1281	Oak	
woodcut	Logs	0	3269	3556	0	1282	Dead tree	
woodcut	Logs	0	3270	3559	0	1282	Dead tree	
woodcut	Logs	0	3270	3564	0	1282	Dead tree	
woodcut	Logs	0	3272	3556	0	1282	Dead tree	
woodcut	Logs	0	3273	3553	0	1282	Dead tree	
woodcut	Logs	0	3274	3560	0	1282	Dead tree	
woodcut	Logs	0	3276	3564	0	1282	Dead tree	
woodcut	Logs	0	3277	3554	0	1282	Dead tree	
woodcut	Logs	0	3277	3559	0	1282	Dead tree	
woodcut	Logs	0	3278	3549	0	1282	Dead tree	
woodcut	Logs	0	3281	3556	0	1282	Dead tree	
woodcut	Logs	0	3285	3568	0	1282	Dead tree	
woodcut	Logs	0	3287	3564	0	1282	Dead tree	
woodcut	Logs	0	3287	3572	0	1282	Dead tree	
woodcut	Logs	0	3287	3578	0	1282	Dead tree	
woodcut	Logs	0	3290	3571	0	1282	Dead tree	
woodcut	Logs	0	3290	3576	0	1282	Dead tree	
woodcut	Logs	0	3291	3568	0	1282	Dead tree	
woodcut	Logs	0	3294	3573	0	1282	Dead tree	
woodcut	Logs	0	3294	3576	0	1282	Dead tree	
woodcut	Logs	0	3295	3566	0	1282	Dead tree	
woodcut	Logs	0	3298	3570	0	1282	Dead tree	
woodcut	Logs	0	3303	3568	0	1282	Dead tree	
woodcut	Logs	0	3308	3578	0	1282	Dead tree	
woodcut	Logs	0	3309	3575	0	1282	Dead tree	
woodcut	Logs	0	3310	3572	0	1282	Dead tree	
woodcut	Logs	0	3310	3579	0	1282	Dead tree	
woodcut	Logs	0	3311	3575	0	1282	Dead tree	
woodcut	Logs	0	3311	3577	0	1282	Dead tree	
woodcut	Logs	0	3312	3573	0	1282	Dead tree	
woodcut	Logs	0	3313	3576	0	1282	Dead tree	
woodcut	Logs	0	3313	3578	0	1282	Dead tree	
woodcut	Logs	0	3314	3574	0	1282	Dead tree	
woodcut	Logs	0	3315	3576	0	1282	Dead tree	
woodcut	Logs	0	3316	3528	0	1282	Dead tree	
woodcut	Logs	0	3316	3565	0	1282	Dead tree	
woodcut	Logs	0	3316	3574	0	1282	Dead tree	
woodcut	Logs	0	3316	3578	0	1282	Dead tree	
woodcut	Logs	0	3317	3557	0	1282	Dead tree	
woodcut	Logs	0	3317	3576	0	1282	Dead tree	
woodcut	Logs	0	3318	3560	0	1282	Dead tree	
woodcut	Logs	0	3319	3564	0	1282	Dead tree	
woodcut	Logs	0	3319	3569	0	1282	Dead tree	
woodcut	Logs	0	3320	3551	0	1282	Dead tree	
woodcut	Logs	0	3321	3554	0	1282	Dead tree	
woodcut	Logs	0	3322	3562	0	1282	Dead tree	
woodcut	Logs	0	3322	3569	0	1282	Dead tree	
woodcut	Logs	0	3323	3558	0	1282	Dead tree	
woodcut	Logs	0	3323	3566	0	1282	Dead tree	
woodcut	Logs	0	3324	3554	0	1282	Dead tree	
woodcut	Logs	0	3325	3563	0	1282	Dead tree	
woodcut	Logs	0	3326	3571	0	1282	Dead tree	
woodcut	Logs	0	3267	3546	0	1286	Dead tree	
woodcut	Logs	0	3270	3574	0	1286	Dead tree	
woodcut	Logs	0	3271	3577	0	1286	Dead tree	
woodcut	Logs	0	3272	3570	0	1286	Dead tree	
woodcut	Logs	0	3273	3574	0	1286	Dead tree	
woodcut	Logs	0	3274	3546	0	1286	Dead tree	
woodcut	Logs	0	3274	3550	0	1286	Dead tree	
woodcut	Logs	0	3275	3539	0	1286	Dead tree	
woodcut	Logs	0	3275	3577	0	1286	Dead tree	
woodcut	Logs	0	3276	3548	0	1286	Dead tree	
woodcut	Logs	0	3276	3570	0	1286	Dead tree	
woodcut	Logs	0	3276	3573	0	1286	Dead tree	
woodcut	Logs	0	3277	3552	0	1286	Dead tree	
woodcut	Logs	0	3278	3574	0	1286	Dead tree	
woodcut	Logs	0	3279	3571	0	1286	Dead tree	
woodcut	Logs	0	3279	3577	0	1286	Dead tree	
woodcut	Logs	0	3280	3554	0	1286	Dead tree	
woodcut	Logs	0	3280	3569	0	1286	Dead tree	
woodcut	Logs	0	3281	3551	0	1286	Dead tree	
woodcut	Logs	0	3281	3574	0	1286	Dead tree	
woodcut	Logs	0	3282	3536	0	1286	Dead tree	
woodcut	Logs	0	3283	3541	0	1286	Dead tree	
woodcut	Logs	0	3283	3554	0	1286	Dead tree	
woodcut	Logs	0	3289	3539	0	1286	Dead tree	
woodcut	Logs	0	3291	3548	0	1286	Dead tree	
woodcut	Logs	0	3292	3535	0	1286	Dead tree	
woodcut	Logs	0	3292	3545	0	1286	Dead tree	
woodcut	Logs	0	3293	3558	0	1286	Dead tree	
woodcut	Logs	0	3294	3546	0	1286	Dead tree	
woodcut	Logs	0	3294	3563	0	1286	Dead tree	
woodcut	Logs	0	3295	3544	0	1286	Dead tree	
woodcut	Logs	0	3295	3555	0	1286	Dead tree	
woodcut	Logs	0	3296	3535	0	1286	Dead tree	
woodcut	Logs	0	3296	3540	0	1286	Dead tree	
woodcut	Logs	0	3296	3563	0	1286	Dead tree	
woodcut	Logs	0	3296	3565	0	1286	Dead tree	
woodcut	Logs	0	3297	3546	0	1286	Dead tree	
woodcut	Logs	0	3298	3564	0	1286	Dead tree	
woodcut	Logs	0	3299	3556	0	1286	Dead tree	
woodcut	Logs	0	3299	3567	0	1286	Dead tree	
woodcut	Logs	0	3300	3545	0	1286	Dead tree	
woodcut	Logs	0	3300	3554	0	1286	Dead tree	
woodcut	Logs	0	3300	3559	0	1286	Dead tree	
woodcut	Logs	0	3300	3565	0	1286	Dead tree	
woodcut	Logs	0	3301	3563	0	1286	Dead tree	
woodcut	Logs	0	3301	3567	0	1286	Dead tree	
woodcut	Logs	0	3302	3565	0	1286	Dead tree	
woodcut	Logs	0	3303	3536	0	1286	Dead tree	
woodcut	Logs	0	3303	3546	0	1286	Dead tree	
woodcut	Logs	0	3303	3555	0	1286	Dead tree	
woodcut	Logs	0	3303	3557	0	1286	Dead tree	
woodcut	Logs	0	3305	3565	0	1286	Dead tree	
woodcut	Logs	0	3307	3548	0	1286	Dead tree	
woodcut	Logs	0	3307	3559	0	1286	Dead tree	
woodcut	Logs	0	3309	3545	0	1286	Dead tree	
woodcut	Logs	0	3310	3539	0	1286	Dead tree	
woodcut	Logs	0	3311	3542	0	1286	Dead tree	
woodcut	Logs	0	3312	3536	0	1286	Dead tree	
woodcut	Logs	0	3312	3540	0	1286	Dead tree	
woodcut	Logs	0	3313	3538	0	1286	Dead tree	
woodcut	Logs	0	3313	3545	0	1286	Dead tree	
woodcut	Logs	0	3314	3542	0	1286	Dead tree	
woodcut	Logs	0	3316	3536	0	1286	Dead tree	
woodcut	Logs	0	3318	3540	0	1286	Dead tree	
woodcut	Logs	0	3318	3543	0	1286	Dead tree	
woodcut	Logs	0	3319	3535	0	1286	Dead tree	
woodcut	Logs	0	3320	3538	0	1286	Dead tree	
woodcut	Logs	0	3323	3544	0	1286	Dead tree	
woodcut	Logs	0	3324	3541	0	1286	Dead tree	
woodcut	Logs	0	3274	3613	0	1282	Dead tree	
woodcut	Logs	0	3275	3593	0	1282	Dead tree	
woodcut	Logs	0	3276	3605	0	1282	Dead tree	
woodcut	Logs	0	3281	3599	0	1282	Dead tree	
woodcut	Logs	0	3283	3609	0	1282	Dead tree	
woodcut	Logs	0	3285	3592	0	1282	Dead tree	
woodcut	Logs	0	3288	3599	0	1282	Dead tree	
woodcut	Logs	0	3288	3614	0	1282	Dead tree	
woodcut	Logs	0	3291	3621	0	1282	Dead tree	
woodcut	Logs	0	3292	3605	0	1282	Dead tree	
woodcut	Logs	0	3292	3611	0	1282	Dead tree	
woodcut	Logs	0	3294	3591	0	1282	Dead tree	
woodcut	Logs	0	3295	3596	0	1282	Dead tree	
woodcut	Logs	0	3296	3594	0	1282	Dead tree	
woodcut	Logs	0	3296	3595	0	1282	Dead tree	
woodcut	Logs	0	3296	3597	0	1282	Dead tree	
woodcut	Logs	0	3296	3633	0	1282	Dead tree	
woodcut	Logs	0	3297	3597	0	1282	Dead tree	
woodcut	Logs	0	3297	3600	0	1282	Dead tree	
woodcut	Logs	0	3298	3597	0	1282	Dead tree	
woodcut	Logs	0	3298	3599	0	1282	Dead tree	
woodcut	Logs	0	3298	3600	0	1282	Dead tree	
woodcut	Logs	0	3298	3601	0	1282	Dead tree	
woodcut	Logs	0	3298	3602	0	1282	Dead tree	
woodcut	Logs	0	3298	3622	0	1282	Dead tree	
woodcut	Logs	0	3299	3603	0	1282	Dead tree	
woodcut	Logs	0	3299	3628	0	1282	Dead tree	
woodcut	Logs	0	3300	3610	0	1282	Dead tree	
woodcut	Logs	0	3300	3611	0	1282	Dead tree	
woodcut	Logs	0	3300	3614	0	1282	Dead tree	
woodcut	Logs	0	3300	3615	0	1282	Dead tree	
woodcut	Logs	0	3300	3616	0	1282	Dead tree	
woodcut	Logs	0	3301	3608	0	1282	Dead tree	
woodcut	Logs	0	3301	3613	0	1282	Dead tree	
woodcut	Logs	0	3301	3614	0	1282	Dead tree	
woodcut	Logs	0	3301	3616	0	1282	Dead tree	
woodcut	Logs	0	3301	3618	0	1282	Dead tree	
woodcut	Logs	0	3301	3619	0	1282	Dead tree	
woodcut	Logs	0	3301	3634	0	1282	Dead tree	
woodcut	Logs	0	3302	3608	0	1282	Dead tree	
woodcut	Logs	0	3302	3618	0	1282	Dead tree	
woodcut	Logs	0	3302	3620	0	1282	Dead tree	
woodcut	Logs	0	3303	3609	0	1282	Dead tree	
woodcut	Logs	0	3305	3591	0	1282	Dead tree	
woodcut	Logs	0	3305	3625	0	1282	Dead tree	
woodcut	Logs	0	3306	3596	0	1282	Dead tree	
woodcut	Logs	0	3307	3600	0	1282	Dead tree	
woodcut	Logs	0	3307	3602	0	1282	Dead tree	
woodcut	Logs	0	3307	3603	0	1282	Dead tree	
woodcut	Logs	0	3308	3601	0	1282	Dead tree	
woodcut	Logs	0	3308	3603	0	1282	Dead tree	
woodcut	Logs	0	3309	3605	0	1282	Dead tree	
woodcut	Logs	0	3309	3608	0	1282	Dead tree	
woodcut	Logs	0	3309	3610	0	1282	Dead tree	
woodcut	Logs	0	3310	3594	0	1282	Dead tree	
woodcut	Logs	0	3310	3604	0	1282	Dead tree	
woodcut	Logs	0	3310	3606	0	1282	Dead tree	
woodcut	Logs	0	3310	3609	0	1282	Dead tree	
woodcut	Logs	0	3310	3633	0	1282	Dead tree	
woodcut	Logs	0	3310	3634	0	1282	Dead tree	
woodcut	Logs	0	3311	3605	0	1282	Dead tree	
woodcut	Logs	0	3311	3631	0	1282	Dead tree	
woodcut	Logs	0	3312	3618	0	1282	Dead tree	
woodcut	Logs	0	3312	3627	0	1282	Dead tree	
woodcut	Logs	0	3312	3628	0	1282	Dead tree	
woodcut	Logs	0	3312	3629	0	1282	Dead tree	
woodcut	Logs	0	3312	3631	0	1282	Dead tree	
woodcut	Logs	0	3312	3634	0	1282	Dead tree	
woodcut	Logs	0	3313	3600	0	1282	Dead tree	
woodcut	Logs	0	3313	3613	0	1282	Dead tree	
woodcut	Logs	0	3313	3627	0	1282	Dead tree	
woodcut	Logs	0	3313	3630	0	1282	Dead tree	
woodcut	Logs	0	3314	3607	0	1282	Dead tree	
woodcut	Logs	0	3314	3622	0	1282	Dead tree	
woodcut	Logs	0	3314	3628	0	1282	Dead tree	
woodcut	Logs	0	3315	3637	0	1282	Dead tree	
woodcut	Logs	0	3318	3596	0	1282	Dead tree	
woodcut	Logs	0	3319	3618	0	1282	Dead tree	
woodcut	Logs	0	3320	3612	0	1282	Dead tree	
woodcut	Logs	0	3320	3631	0	1282	Dead tree	
woodcut	Logs	0	3322	3604	0	1282	Dead tree	
woodcut	Logs	0	3323	3624	0	1282	Dead tree	
woodcut	Logs	0	3270	3595	0	1286	Dead tree	
woodcut	Logs	0	3270	3600	0	1286	Dead tree	
woodcut	Logs	0	3270	3606	0	1286	Dead tree	
woodcut	Logs	0	3270	3609	0	1286	Dead tree	
woodcut	Logs	0	3270	3612	0	1286	Dead tree	
woodcut	Logs	0	3271	3590	0	1286	Dead tree	
woodcut	Logs	0	3271	3592	0	1286	Dead tree	
woodcut	Logs	0	3271	3606	0	1286	Dead tree	
woodcut	Logs	0	3271	3613	0	1286	Dead tree	
woodcut	Logs	0	3272	3595	0	1286	Dead tree	
woodcut	Logs	0	3272	3598	0	1286	Dead tree	
woodcut	Logs	0	3272	3605	0	1286	Dead tree	
woodcut	Logs	0	3272	3610	0	1286	Dead tree	
woodcut	Logs	0	3273	3589	0	1286	Dead tree	
woodcut	Logs	0	3273	3602	0	1286	Dead tree	
woodcut	Logs	0	3273	3604	0	1286	Dead tree	
woodcut	Logs	0	3273	3607	0	1286	Dead tree	
woodcut	Logs	0	3273	3613	0	1286	Dead tree	
woodcut	Logs	0	3273	3615	0	1286	Dead tree	
woodcut	Logs	0	3274	3591	0	1286	Dead tree	
woodcut	Logs	0	3274	3597	0	1286	Dead tree	
woodcut	Logs	0	3274	3599	0	1286	Dead tree	
woodcut	Logs	0	3274	3610	0	1286	Dead tree	
woodcut	Logs	0	3275	3589	0	1286	Dead tree	
woodcut	Logs	0	3275	3615	0	1286	Dead tree	
woodcut	Logs	0	3276	3601	0	1286	Dead tree	
woodcut	Logs	0	3276	3611	0	1286	Dead tree	
woodcut	Logs	0	3276	3616	0	1286	Dead tree	
woodcut	Logs	0	3277	3588	0	1286	Dead tree	
woodcut	Logs	0	3277	3592	0	1286	Dead tree	
woodcut	Logs	0	3277	3598	0	1286	Dead tree	
woodcut	Logs	0	3277	3609	0	1286	Dead tree	
woodcut	Logs	0	3277	3612	0	1286	Dead tree	
woodcut	Logs	0	3278	3594	0	1286	Dead tree	
woodcut	Logs	0	3279	3588	0	1286	Dead tree	
woodcut	Logs	0	3279	3591	0	1286	Dead tree	
woodcut	Logs	0	3279	3596	0	1286	Dead tree	
woodcut	Logs	0	3279	3600	0	1286	Dead tree	
woodcut	Logs	0	3279	3603	0	1286	Dead tree	
woodcut	Logs	0	3279	3611	0	1286	Dead tree	
woodcut	Logs	0	3279	3613	0	1286	Dead tree	
woodcut	Logs	0	3280	3593	0	1286	Dead tree	
woodcut	Logs	0	3280	3597	0	1286	Dead tree	
woodcut	Logs	0	3280	3602	0	1286	Dead tree	
woodcut	Logs	0	3280	3607	0	1286	Dead tree	
woodcut	Logs	0	3280	3609	0	1286	Dead tree	
woodcut	Logs	0	3280	3614	0	1286	Dead tree	
woodcut	Logs	0	3280	3615	0	1286	Dead tree	
woodcut	Logs	0	3281	3589	0	1286	Dead tree	
woodcut	Logs	0	3281	3604	0	1286	Dead tree	
woodcut	Logs	0	3282	3586	0	1286	Dead tree	
woodcut	Logs	0	3282	3591	0	1286	Dead tree	
woodcut	Logs	0	3282	3612	0	1286	Dead tree	
woodcut	Logs	0	3282	3613	0	1286	Dead tree	
woodcut	Logs	0	3283	3588	0	1286	Dead tree	
woodcut	Logs	0	3283	3596	0	1286	Dead tree	
woodcut	Logs	0	3283	3597	0	1286	Dead tree	
woodcut	Logs	0	3283	3605	0	1286	Dead tree	
woodcut	Logs	0	3283	3615	0	1286	Dead tree	
woodcut	Logs	0	3284	3600	0	1286	Dead tree	
woodcut	Logs	0	3284	3603	0	1286	Dead tree	
woodcut	Logs	0	3285	3597	0	1286	Dead tree	
woodcut	Logs	0	3285	3606	0	1286	Dead tree	
woodcut	Logs	0	3285	3616	0	1286	Dead tree	
woodcut	Logs	0	3286	3588	0	1286	Dead tree	
woodcut	Logs	0	3286	3598	0	1286	Dead tree	
woodcut	Logs	0	3286	3605	0	1286	Dead tree	
woodcut	Logs	0	3286	3611	0	1286	Dead tree	
woodcut	Logs	0	3286	3618	0	1286	Dead tree	
woodcut	Logs	0	3287	3601	0	1286	Dead tree	
woodcut	Logs	0	3287	3608	0	1286	Dead tree	
woodcut	Logs	0	3287	3612	0	1286	Dead tree	
woodcut	Logs	0	3287	3614	0	1286	Dead tree	
woodcut	Logs	0	3288	3586	0	1286	Dead tree	
woodcut	Logs	0	3288	3591	0	1286	Dead tree	
woodcut	Logs	0	3288	3594	0	1286	Dead tree	
woodcut	Logs	0	3288	3596	0	1286	Dead tree	
woodcut	Logs	0	3288	3603	0	1286	Dead tree	
woodcut	Logs	0	3288	3617	0	1286	Dead tree	
woodcut	Logs	0	3288	3620	0	1286	Dead tree	
woodcut	Logs	0	3289	3590	0	1286	Dead tree	
woodcut	Logs	0	3289	3605	0	1286	Dead tree	
woodcut	Logs	0	3289	3610	0	1286	Dead tree	
woodcut	Logs	0	3289	3619	0	1286	Dead tree	
woodcut	Logs	0	3289	3622	0	1286	Dead tree	
woodcut	Logs	0	3290	3586	0	1286	Dead tree	
woodcut	Logs	0	3290	3592	0	1286	Dead tree	
woodcut	Logs	0	3290	3594	0	1286	Dead tree	
woodcut	Logs	0	3290	3597	0	1286	Dead tree	
woodcut	Logs	0	3291	3588	0	1286	Dead tree	
woodcut	Logs	0	3291	3591	0	1286	Dead tree	
woodcut	Logs	0	3291	3595	0	1286	Dead tree	
woodcut	Logs	0	3291	3600	0	1286	Dead tree	
woodcut	Logs	0	3291	3609	0	1286	Dead tree	
woodcut	Logs	0	3291	3613	0	1286	Dead tree	
woodcut	Logs	0	3291	3618	0	1286	Dead tree	
woodcut	Logs	0	3291	3625	0	1286	Dead tree	
woodcut	Logs	0	3291	3627	0	1286	Dead tree	
woodcut	Logs	0	3292	3597	0	1286	Dead tree	
woodcut	Logs	0	3292	3617	0	1286	Dead tree	
woodcut	Logs	0	3293	3600	0	1286	Dead tree	
woodcut	Logs	0	3293	3609	0	1286	Dead tree	
woodcut	Logs	0	3293	3618	0	1286	Dead tree	
woodcut	Logs	0	3293	3630	0	1286	Dead tree	
woodcut	Logs	0	3294	3594	0	1286	Dead tree	
woodcut	Logs	0	3294	3596	0	1286	Dead tree	
woodcut	Logs	0	3294	3602	0	1286	Dead tree	
woodcut	Logs	0	3294	3613	0	1286	Dead tree	
woodcut	Logs	0	3294	3615	0	1286	Dead tree	
woodcut	Logs	0	3294	3620	0	1286	Dead tree	
woodcut	Logs	0	3294	3623	0	1286	Dead tree	
woodcut	Logs	0	3294	3625	0	1286	Dead tree	
woodcut	Logs	0	3294	3628	0	1286	Dead tree	
woodcut	Logs	0	3294	3633	0	1286	Dead tree	
woodcut	Logs	0	3295	3598	0	1286	Dead tree	
woodcut	Logs	0	3295	3604	0	1286	Dead tree	
woodcut	Logs	0	3295	3618	0	1286	Dead tree	
woodcut	Logs	0	3295	3626	0	1286	Dead tree	
woodcut	Logs	0	3295	3631	0	1286	Dead tree	
woodcut	Logs	0	3295	3635	0	1286	Dead tree	
woodcut	Logs	0	3296	3590	0	1286	Dead tree	
woodcut	Logs	0	3296	3596	0	1286	Dead tree	
woodcut	Logs	0	3296	3608	0	1286	Dead tree	
woodcut	Logs	0	3296	3611	0	1286	Dead tree	
woodcut	Logs	0	3296	3614	0	1286	Dead tree	
woodcut	Logs	0	3296	3617	0	1286	Dead tree	
woodcut	Logs	0	3296	3625	0	1286	Dead tree	
woodcut	Logs	0	3296	3629	0	1286	Dead tree	
woodcut	Logs	0	3296	3636	0	1286	Dead tree	
woodcut	Logs	0	3297	3599	0	1286	Dead tree	
woodcut	Logs	0	3297	3606	0	1286	Dead tree	
woodcut	Logs	0	3297	3612	0	1286	Dead tree	
woodcut	Logs	0	3297	3619	0	1286	Dead tree	
woodcut	Logs	0	3297	3627	0	1286	Dead tree	
woodcut	Logs	0	3297	3629	0	1286	Dead tree	
woodcut	Logs	0	3297	3637	0	1286	Dead tree	
woodcut	Logs	0	3298	3594	0	1286	Dead tree	
woodcut	Logs	0	3298	3609	0	1286	Dead tree	
woodcut	Logs	0	3298	3617	0	1286	Dead tree	
woodcut	Logs	0	3298	3619	0	1286	Dead tree	
woodcut	Logs	0	3298	3626	0	1286	Dead tree	
woodcut	Logs	0	3298	3633	0	1286	Dead tree	
woodcut	Logs	0	3299	3597	0	1286	Dead tree	
woodcut	Logs	0	3299	3607	0	1286	Dead tree	
woodcut	Logs	0	3299	3617	0	1286	Dead tree	
woodcut	Logs	0	3299	3621	0	1286	Dead tree	
woodcut	Logs	0	3299	3625	0	1286	Dead tree	
woodcut	Logs	0	3299	3631	0	1286	Dead tree	
woodcut	Logs	0	3299	3636	0	1286	Dead tree	
woodcut	Logs	0	3299	3637	0	1286	Dead tree	
woodcut	Logs	0	3299	3639	0	1286	Dead tree	
woodcut	Logs	0	3300	3599	0	1286	Dead tree	
woodcut	Logs	0	3300	3605	0	1286	Dead tree	
woodcut	Logs	0	3300	3618	0	1286	Dead tree	
woodcut	Logs	0	3300	3628	0	1286	Dead tree	
woodcut	Logs	0	3300	3633	0	1286	Dead tree	
woodcut	Logs	0	3301	3603	0	1286	Dead tree	
woodcut	Logs	0	3301	3620	0	1286	Dead tree	
woodcut	Logs	0	3301	3625	0	1286	Dead tree	
woodcut	Logs	0	3301	3639	0	1286	Dead tree	
woodcut	Logs	0	3302	3615	0	1286	Dead tree	
woodcut	Logs	0	3302	3624	0	1286	Dead tree	
woodcut	Logs	0	3302	3627	0	1286	Dead tree	
woodcut	Logs	0	3302	3629	0	1286	Dead tree	
woodcut	Logs	0	3302	3632	0	1286	Dead tree	
woodcut	Logs	0	3302	3636	0	1286	Dead tree	
woodcut	Logs	0	3303	3590	0	1286	Dead tree	
woodcut	Logs	0	3303	3592	0	1286	Dead tree	
woodcut	Logs	0	3303	3595	0	1286	Dead tree	
woodcut	Logs	0	3303	3608	0	1286	Dead tree	
woodcut	Logs	0	3303	3613	0	1286	Dead tree	
woodcut	Logs	0	3303	3619	0	1286	Dead tree	
woodcut	Logs	0	3303	3622	0	1286	Dead tree	
woodcut	Logs	0	3303	3629	0	1286	Dead tree	
woodcut	Logs	0	3303	3631	0	1286	Dead tree	
woodcut	Logs	0	3304	3610	0	1286	Dead tree	
woodcut	Logs	0	3304	3624	0	1286	Dead tree	
woodcut	Logs	0	3304	3628	0	1286	Dead tree	
woodcut	Logs	0	3304	3633	0	1286	Dead tree	
woodcut	Logs	0	3305	3599	0	1286	Dead tree	
woodcut	Logs	0	3305	3629	0	1286	Dead tree	
woodcut	Logs	0	3306	3589	0	1286	Dead tree	
woodcut	Logs	0	3306	3602	0	1286	Dead tree	
woodcut	Logs	0	3306	3623	0	1286	Dead tree	
woodcut	Logs	0	3307	3593	0	1286	Dead tree	
woodcut	Logs	0	3307	3626	0	1286	Dead tree	
woodcut	Logs	0	3307	3640	0	1286	Dead tree	
woodcut	Logs	0	3308	3590	0	1286	Dead tree	
woodcut	Logs	0	3308	3594	0	1286	Dead tree	
woodcut	Logs	0	3308	3606	0	1286	Dead tree	
woodcut	Logs	0	3308	3615	0	1286	Dead tree	
woodcut	Logs	0	3309	3590	0	1286	Dead tree	
woodcut	Logs	0	3309	3593	0	1286	Dead tree	
woodcut	Logs	0	3309	3595	0	1286	Dead tree	
woodcut	Logs	0	3309	3600	0	1286	Dead tree	
woodcut	Logs	0	3309	3601	0	1286	Dead tree	
woodcut	Logs	0	3309	3603	0	1286	Dead tree	
woodcut	Logs	0	3309	3611	0	1286	Dead tree	
woodcut	Logs	0	3309	3613	0	1286	Dead tree	
woodcut	Logs	0	3309	3617	0	1286	Dead tree	
woodcut	Logs	0	3309	3637	0	1286	Dead tree	
woodcut	Logs	0	3310	3586	0	1286	Dead tree	
woodcut	Logs	0	3310	3588	0	1286	Dead tree	
woodcut	Logs	0	3310	3590	0	1286	Dead tree	
woodcut	Logs	0	3310	3601	0	1286	Dead tree	
woodcut	Logs	0	3310	3636	0	1286	Dead tree	
woodcut	Logs	0	3310	3640	0	1286	Dead tree	
woodcut	Logs	0	3311	3597	0	1286	Dead tree	
woodcut	Logs	0	3311	3601	0	1286	Dead tree	
woodcut	Logs	0	3311	3608	0	1286	Dead tree	
woodcut	Logs	0	3311	3609	0	1286	Dead tree	
woodcut	Logs	0	3311	3620	0	1286	Dead tree	
woodcut	Logs	0	3311	3625	0	1286	Dead tree	
woodcut	Logs	0	3311	3630	0	1286	Dead tree	
woodcut	Logs	0	3311	3642	0	1286	Dead tree	
woodcut	Logs	0	3312	3587	0	1286	Dead tree	
woodcut	Logs	0	3312	3589	0	1286	Dead tree	
woodcut	Logs	0	3312	3605	0	1286	Dead tree	
woodcut	Logs	0	3312	3613	0	1286	Dead tree	
woodcut	Logs	0	3312	3630	0	1286	Dead tree	
woodcut	Logs	0	3312	3632	0	1286	Dead tree	
woodcut	Logs	0	3313	3588	0	1286	Dead tree	
woodcut	Logs	0	3313	3589	0	1286	Dead tree	
woodcut	Logs	0	3313	3591	0	1286	Dead tree	
woodcut	Logs	0	3313	3593	0	1286	Dead tree	
woodcut	Logs	0	3313	3596	0	1286	Dead tree	
woodcut	Logs	0	3313	3598	0	1286	Dead tree	
woodcut	Logs	0	3313	3604	0	1286	Dead tree	
woodcut	Logs	0	3313	3626	0	1286	Dead tree	
woodcut	Logs	0	3313	3640	0	1286	Dead tree	
woodcut	Logs	0	3314	3585	0	1286	Dead tree	
woodcut	Logs	0	3314	3591	0	1286	Dead tree	
woodcut	Logs	0	3314	3620	0	1286	Dead tree	
woodcut	Logs	0	3315	3603	0	1286	Dead tree	
woodcut	Logs	0	3315	3605	0	1286	Dead tree	
woodcut	Logs	0	3316	3592	0	1286	Dead tree	
woodcut	Logs	0	3316	3599	0	1286	Dead tree	
woodcut	Logs	0	3316	3601	0	1286	Dead tree	
woodcut	Logs	0	3316	3610	0	1286	Dead tree	
woodcut	Logs	0	3316	3612	0	1286	Dead tree	
woodcut	Logs	0	3316	3627	0	1286	Dead tree	
woodcut	Logs	0	3316	3630	0	1286	Dead tree	
woodcut	Logs	0	3316	3642	0	1286	Dead tree	
woodcut	Logs	0	3317	3590	0	1286	Dead tree	
woodcut	Logs	0	3317	3603	0	1286	Dead tree	
woodcut	Logs	0	3317	3607	0	1286	Dead tree	
woodcut	Logs	0	3317	3619	0	1286	Dead tree	
woodcut	Logs	0	3317	3624	0	1286	Dead tree	
woodcut	Logs	0	3318	3594	0	1286	Dead tree	
woodcut	Logs	0	3318	3631	0	1286	Dead tree	
woodcut	Logs	0	3318	3636	0	1286	Dead tree	
woodcut	Logs	0	3318	3639	0	1286	Dead tree	
woodcut	Logs	0	3318	3640	0	1286	Dead tree	
woodcut	Logs	0	3319	3591	0	1286	Dead tree	
woodcut	Logs	0	3319	3599	0	1286	Dead tree	
woodcut	Logs	0	3319	3621	0	1286	Dead tree	
woodcut	Logs	0	3319	3627	0	1286	Dead tree	
woodcut	Logs	0	3319	3641	0	1286	Dead tree	
woodcut	Logs	0	3320	3588	0	1286	Dead tree	
woodcut	Logs	0	3320	3592	0	1286	Dead tree	
woodcut	Logs	0	3320	3602	0	1286	Dead tree	
woodcut	Logs	0	3320	3604	0	1286	Dead tree	
woodcut	Logs	0	3320	3615	0	1286	Dead tree	
woodcut	Logs	0	3320	3628	0	1286	Dead tree	
woodcut	Logs	0	3320	3629	0	1286	Dead tree	
woodcut	Logs	0	3320	3634	0	1286	Dead tree	
woodcut	Logs	0	3320	3635	0	1286	Dead tree	
woodcut	Logs	0	3321	3592	0	1286	Dead tree	
woodcut	Logs	0	3321	3599	0	1286	Dead tree	
woodcut	Logs	0	3321	3624	0	1286	Dead tree	
woodcut	Logs	0	3321	3636	0	1286	Dead tree	
woodcut	Logs	0	3321	3637	0	1286	Dead tree	
woodcut	Logs	0	3321	3638	0	1286	Dead tree	
woodcut	Logs	0	3322	3590	0	1286	Dead tree	
woodcut	Logs	0	3322	3594	0	1286	Dead tree	
woodcut	Logs	0	3322	3598	0	1286	Dead tree	
woodcut	Logs	0	3322	3600	0	1286	Dead tree	
woodcut	Logs	0	3322	3602	0	1286	Dead tree	
woodcut	Logs	0	3322	3609	0	1286	Dead tree	
woodcut	Logs	0	3322	3617	0	1286	Dead tree	
woodcut	Logs	0	3322	3622	0	1286	Dead tree	
woodcut	Logs	0	3322	3640	0	1286	Dead tree	
woodcut	Logs	0	3323	3597	0	1286	Dead tree	
woodcut	Logs	0	3323	3612	0	1286	Dead tree	
woodcut	Logs	0	3323	3629	0	1286	Dead tree	
woodcut	Logs	0	3323	3632	0	1286	Dead tree	
woodcut	Logs	0	3323	3637	0	1286	Dead tree	
woodcut	Logs	0	3324	3594	0	1286	Dead tree	
woodcut	Logs	0	3324	3598	0	1286	Dead tree	
woodcut	Logs	0	3324	3605	0	1286	Dead tree	
woodcut	Logs	0	3324	3609	0	1286	Dead tree	
woodcut	Logs	0	3324	3610	0	1286	Dead tree	
woodcut	Logs	0	3324	3611	0	1286	Dead tree	
woodcut	Logs	0	3324	3617	0	1286	Dead tree	
woodcut	Logs	0	3324	3619	0	1286	Dead tree	
woodcut	Logs	0	3324	3628	0	1286	Dead tree	
woodcut	Logs	0	3324	3634	0	1286	Dead tree	
woodcut	Logs	0	3324	3639	0	1286	Dead tree	
woodcut	Logs	0	3325	3600	0	1286	Dead tree	
woodcut	Logs	0	3325	3609	0	1286	Dead tree	
woodcut	Logs	0	3325	3615	0	1286	Dead tree	
woodcut	Logs	0	3325	3620	0	1286	Dead tree	
woodcut	Logs	0	3325	3623	0	1286	Dead tree	
woodcut	Logs	0	3325	3626	0	1286	Dead tree	
woodcut	Logs	0	3325	3634	0	1286	Dead tree	
woodcut	Logs	0	3325	3635	0	1286	Dead tree	
woodcut	Logs	0	3325	3637	0	1286	Dead tree	
woodcut	Logs	0	3325	3638	0	1286	Dead tree	
woodcut	Logs	0	3326	3601	0	1286	Dead tree	
woodcut	Logs	0	3326	3604	0	1286	Dead tree	
woodcut	Logs	0	3326	3612	0	1286	Dead tree	
woodcut	Logs	0	3326	3618	0	1286	Dead tree	
woodcut	Logs	0	3273	3593	0	1383	Dead tree	
woodcut	Logs	0	3273	3612	0	1383	Dead tree	
woodcut	Logs	0	3275	3595	0	1383	Dead tree	
woodcut	Logs	0	3275	3608	0	1383	Dead tree	
woodcut	Logs	0	3276	3591	0	1383	Dead tree	
woodcut	Logs	0	3276	3603	0	1383	Dead tree	
woodcut	Logs	0	3276	3614	0	1383	Dead tree	
woodcut	Logs	0	3278	3600	0	1383	Dead tree	
woodcut	Logs	0	3279	3606	0	1383	Dead tree	
woodcut	Logs	0	3280	3595	0	1383	Dead tree	
woodcut	Logs	0	3281	3610	0	1383	Dead tree	
woodcut	Logs	0	3282	3593	0	1383	Dead tree	
woodcut	Logs	0	3283	3600	0	1383	Dead tree	
woodcut	Logs	0	3283	3607	0	1383	Dead tree	
woodcut	Logs	0	3284	3611	0	1383	Dead tree	
woodcut	Logs	0	3285	3589	0	1383	Dead tree	
woodcut	Logs	0	3285	3594	0	1383	Dead tree	
woodcut	Logs	0	3285	3600	0	1383	Dead tree	
woodcut	Logs	0	3285	3609	0	1383	Dead tree	
woodcut	Logs	0	3285	3613	0	1383	Dead tree	
woodcut	Logs	0	3287	3591	0	1383	Dead tree	
woodcut	Logs	0	3288	3602	0	1383	Dead tree	
woodcut	Logs	0	3288	3616	0	1383	Dead tree	
woodcut	Logs	0	3290	3598	0	1383	Dead tree	
woodcut	Logs	0	3290	3607	0	1383	Dead tree	
woodcut	Logs	0	3291	3603	0	1383	Dead tree	
woodcut	Logs	0	3291	3611	0	1383	Dead tree	
woodcut	Logs	0	3291	3615	0	1383	Dead tree	
woodcut	Logs	0	3291	3619	0	1383	Dead tree	
woodcut	Logs	0	3292	3592	0	1383	Dead tree	
woodcut	Logs	0	3293	3623	0	1383	Dead tree	
woodcut	Logs	0	3294	3589	0	1383	Dead tree	
woodcut	Logs	0	3294	3621	0	1383	Dead tree	
woodcut	Logs	0	3295	3594	0	1383	Dead tree	
woodcut	Logs	0	3295	3607	0	1383	Dead tree	
woodcut	Logs	0	3295	3633	0	1383	Dead tree	
woodcut	Logs	0	3296	3601	0	1383	Dead tree	
woodcut	Logs	0	3296	3621	0	1383	Dead tree	
woodcut	Logs	0	3297	3592	0	1383	Dead tree	
woodcut	Logs	0	3297	3624	0	1383	Dead tree	
woodcut	Logs	0	3297	3631	0	1383	Dead tree	
woodcut	Logs	0	3298	3604	0	1383	Dead tree	
woodcut	Logs	0	3298	3628	0	1383	Dead tree	
woodcut	Logs	0	3298	3643	0	1383	Dead tree	
woodcut	Logs	0	3299	3595	0	1383	Dead tree	
woodcut	Logs	0	3299	3609	0	1383	Dead tree	
woodcut	Logs	0	3299	3614	0	1383	Dead tree	
woodcut	Logs	0	3300	3601	0	1383	Dead tree	
woodcut	Logs	0	3300	3626	0	1383	Dead tree	
woodcut	Logs	0	3300	3630	0	1383	Dead tree	
woodcut	Logs	0	3300	3635	0	1383	Dead tree	
woodcut	Logs	0	3300	3641	0	1383	Dead tree	
woodcut	Logs	0	3301	3622	0	1383	Dead tree	
woodcut	Logs	0	3301	3632	0	1383	Dead tree	
woodcut	Logs	0	3301	3638	0	1383	Dead tree	
woodcut	Logs	0	3302	3593	0	1383	Dead tree	
woodcut	Logs	0	3302	3606	0	1383	Dead tree	
woodcut	Logs	0	3302	3611	0	1383	Dead tree	
woodcut	Logs	0	3303	3598	0	1383	Dead tree	
woodcut	Logs	0	3303	3624	0	1383	Dead tree	
woodcut	Logs	0	3303	3627	0	1383	Dead tree	
woodcut	Logs	0	3303	3632	0	1383	Dead tree	
woodcut	Logs	0	3304	3587	0	1383	Dead tree	
woodcut	Logs	0	3304	3594	0	1383	Dead tree	
woodcut	Logs	0	3304	3611	0	1383	Dead tree	
woodcut	Logs	0	3304	3630	0	1383	Dead tree	
woodcut	Logs	0	3304	3642	0	1383	Dead tree	
woodcut	Logs	0	3305	3597	0	1383	Dead tree	
woodcut	Logs	0	3305	3601	0	1383	Dead tree	
woodcut	Logs	0	3305	3621	0	1383	Dead tree	
woodcut	Logs	0	3305	3639	0	1383	Dead tree	
woodcut	Logs	0	3306	3587	0	1383	Dead tree	
woodcut	Logs	0	3306	3590	0	1383	Dead tree	
woodcut	Logs	0	3306	3595	0	1383	Dead tree	
woodcut	Logs	0	3306	3600	0	1383	Dead tree	
woodcut	Logs	0	3306	3603	0	1383	Dead tree	
woodcut	Logs	0	3306	3616	0	1383	Dead tree	
woodcut	Logs	0	3306	3628	0	1383	Dead tree	
woodcut	Logs	0	3306	3643	0	1383	Dead tree	
woodcut	Logs	0	3307	3604	0	1383	Dead tree	
woodcut	Logs	0	3307	3606	0	1383	Dead tree	
woodcut	Logs	0	3307	3609	0	1383	Dead tree	
woodcut	Logs	0	3307	3614	0	1383	Dead tree	
woodcut	Logs	0	3307	3618	0	1383	Dead tree	
woodcut	Logs	0	3307	3624	0	1383	Dead tree	
woodcut	Logs	0	3307	3636	0	1383	Dead tree	
woodcut	Logs	0	3307	3638	0	1383	Dead tree	
woodcut	Logs	0	3308	3586	0	1383	Dead tree	
woodcut	Logs	0	3308	3592	0	1383	Dead tree	
woodcut	Logs	0	3308	3599	0	1383	Dead tree	
woodcut	Logs	0	3308	3612	0	1383	Dead tree	
woodcut	Logs	0	3308	3617	0	1383	Dead tree	
woodcut	Logs	0	3308	3635	0	1383	Dead tree	
woodcut	Logs	0	3309	3597	0	1383	Dead tree	
woodcut	Logs	0	3309	3614	0	1383	Dead tree	
woodcut	Logs	0	3309	3620	0	1383	Dead tree	
woodcut	Logs	0	3309	3633	0	1383	Dead tree	
woodcut	Logs	0	3310	3603	0	1383	Dead tree	
woodcut	Logs	0	3310	3619	0	1383	Dead tree	
woodcut	Logs	0	3310	3623	0	1383	Dead tree	
woodcut	Logs	0	3310	3628	0	1383	Dead tree	
woodcut	Logs	0	3310	3630	0	1383	Dead tree	
woodcut	Logs	0	3311	3592	0	1383	Dead tree	
woodcut	Logs	0	3311	3599	0	1383	Dead tree	
woodcut	Logs	0	3311	3616	0	1383	Dead tree	
woodcut	Logs	0	3311	3627	0	1383	Dead tree	
woodcut	Logs	0	3311	3632	0	1383	Dead tree	
woodcut	Logs	0	3311	3637	0	1383	Dead tree	
woodcut	Logs	0	3312	3598	0	1383	Dead tree	
woodcut	Logs	0	3312	3606	0	1383	Dead tree	
woodcut	Logs	0	3312	3623	0	1383	Dead tree	
woodcut	Logs	0	3312	3638	0	1383	Dead tree	
woodcut	Logs	0	3313	3602	0	1383	Dead tree	
woodcut	Logs	0	3313	3609	0	1383	Dead tree	
woodcut	Logs	0	3313	3611	0	1383	Dead tree	
woodcut	Logs	0	3313	3616	0	1383	Dead tree	
woodcut	Logs	0	3314	3594	0	1383	Dead tree	
woodcut	Logs	0	3314	3624	0	1383	Dead tree	
woodcut	Logs	0	3315	3588	0	1383	Dead tree	
woodcut	Logs	0	3315	3597	0	1383	Dead tree	
woodcut	Logs	0	3315	3617	0	1383	Dead tree	
woodcut	Logs	0	3316	3595	0	1383	Dead tree	
woodcut	Logs	0	3316	3614	0	1383	Dead tree	
woodcut	Logs	0	3316	3620	0	1383	Dead tree	
woodcut	Logs	0	3316	3625	0	1383	Dead tree	
woodcut	Logs	0	3316	3632	0	1383	Dead tree	
woodcut	Logs	0	3316	3635	0	1383	Dead tree	
woodcut	Logs	0	3317	3611	0	1383	Dead tree	
woodcut	Logs	0	3317	3616	0	1383	Dead tree	
woodcut	Logs	0	3317	3622	0	1383	Dead tree	
woodcut	Logs	0	3317	3639	0	1383	Dead tree	
woodcut	Logs	0	3318	3600	0	1383	Dead tree	
woodcut	Logs	0	3318	3605	0	1383	Dead tree	
woodcut	Logs	0	3318	3609	0	1383	Dead tree	
woodcut	Logs	0	3318	3613	0	1383	Dead tree	
woodcut	Logs	0	3318	3629	0	1383	Dead tree	
woodcut	Logs	0	3318	3634	0	1383	Dead tree	
woodcut	Logs	0	3318	3638	0	1383	Dead tree	
woodcut	Logs	0	3319	3602	0	1383	Dead tree	
woodcut	Logs	0	3320	3594	0	1383	Dead tree	
woodcut	Logs	0	3320	3610	0	1383	Dead tree	
woodcut	Logs	0	3320	3621	0	1383	Dead tree	
woodcut	Logs	0	3320	3626	0	1383	Dead tree	
woodcut	Logs	0	3321	3615	0	1383	Dead tree	
woodcut	Logs	0	3322	3596	0	1383	Dead tree	
woodcut	Logs	0	3322	3607	0	1383	Dead tree	
woodcut	Logs	0	3322	3610	0	1383	Dead tree	
woodcut	Logs	0	3322	3619	0	1383	Dead tree	
woodcut	Logs	0	3322	3634	0	1383	Dead tree	
woodcut	Logs	0	3323	3614	0	1383	Dead tree	
woodcut	Logs	0	3323	3627	0	1383	Dead tree	
woodcut	Logs	0	3324	3601	0	1383	Dead tree	
woodcut	Logs	0	3324	3621	0	1383	Dead tree	
woodcut	Logs	0	3324	3632	0	1383	Dead tree	
woodcut	Logs	0	3325	3606	0	1383	Dead tree	
woodcut	Logs	0	3325	3625	0	1383	Dead tree	
woodcut	Charcoal	0	3297	3646	0	1384	Dead tree	
woodcut	Charcoal	0	3307	3646	0	1384	Dead tree	
woodcut	Logs	0	3266	3706	0	1286	Dead tree	
woodcut	Logs	0	3267	3709	0	1286	Dead tree	
woodcut	Logs	0	3270	3710	0	1286	Dead tree	
woodcut	Logs	0	3264	3710	0	1383	Dead tree	
woodcut	Logs	0	3268	3707	0	1383	Dead tree	
woodcut	Logs	0	3274	3710	0	1383	Dead tree	
woodcut	Charcoal	0	3282	3668	0	1384	Dead tree	
woodcut	Charcoal	0	3284	3659	0	1384	Dead tree	
woodcut	Charcoal	0	3286	3662	0	1384	Dead tree	
woodcut	Charcoal	0	3290	3697	0	1384	Dead tree	
woodcut	Charcoal	0	3293	3690	0	1384	Dead tree	
woodcut	Charcoal	0	3295	3650	0	1384	Dead tree	
woodcut	Charcoal	0	3296	3670	0	1384	Dead tree	
woodcut	Charcoal	0	3299	3663	0	1384	Dead tree	
woodcut	Charcoal	0	3301	3684	0	1384	Dead tree	
woodcut	Charcoal	0	3305	3649	0	1384	Dead tree	
woodcut	Charcoal	0	3306	3660	0	1384	Dead tree	
woodcut	Charcoal	0	3306	3691	0	1384	Dead tree	
woodcut	Charcoal	0	3318	3660	0	1384	Dead tree	
woodcut	Charcoal	0	3318	3690	0	1384	Dead tree	
woodcut	Logs	0	3265	3760	0	1282	Dead tree	
woodcut	Logs	0	3267	3753	0	1282	Dead tree	
woodcut	Logs	0	3267	3756	0	1282	Dead tree	
woodcut	Logs	0	3268	3762	0	1282	Dead tree	
woodcut	Logs	0	3269	3714	0	1282	Dead tree	
woodcut	Logs	0	3272	3759	0	1282	Dead tree	
woodcut	Logs	0	3273	3751	0	1282	Dead tree	
woodcut	Logs	0	3275	3746	0	1282	Dead tree	
woodcut	Logs	0	3278	3752	0	1282	Dead tree	
woodcut	Logs	0	3280	3740	0	1282	Dead tree	
woodcut	Logs	0	3281	3745	0	1282	Dead tree	
woodcut	Logs	0	3282	3756	0	1282	Dead tree	
woodcut	Logs	0	3286	3748	0	1282	Dead tree	
woodcut	Logs	0	3287	3740	0	1282	Dead tree	
woodcut	Logs	0	3292	3743	0	1282	Dead tree	
woodcut	Logs	0	3296	3746	0	1282	Dead tree	
woodcut	Logs	0	3300	3724	0	1282	Dead tree	
woodcut	Logs	0	3301	3770	0	1282	Dead tree	
woodcut	Logs	0	3302	3716	0	1282	Dead tree	
woodcut	Logs	0	3303	3766	0	1282	Dead tree	
woodcut	Logs	0	3305	3772	0	1282	Dead tree	
woodcut	Logs	0	3310	3723	0	1282	Dead tree	
woodcut	Logs	0	3317	3715	0	1282	Dead tree	
woodcut	Logs	0	3319	3766	0	1282	Dead tree	
woodcut	Logs	0	3321	3770	0	1282	Dead tree	
woodcut	Logs	0	3324	3766	0	1282	Dead tree	
woodcut	Logs	0	3264	3757	0	1286	Dead tree	
woodcut	Logs	0	3265	3751	0	1286	Dead tree	
woodcut	Logs	0	3265	3754	0	1286	Dead tree	
woodcut	Logs	0	3266	3713	0	1286	Dead tree	
woodcut	Logs	0	3266	3717	0	1286	Dead tree	
woodcut	Logs	0	3266	3759	0	1286	Dead tree	
woodcut	Logs	0	3268	3749	0	1286	Dead tree	
woodcut	Logs	0	3268	3760	0	1286	Dead tree	
woodcut	Logs	0	3269	3755	0	1286	Dead tree	
woodcut	Logs	0	3270	3761	0	1286	Dead tree	
woodcut	Logs	0	3271	3717	0	1286	Dead tree	
woodcut	Logs	0	3271	3746	0	1286	Dead tree	
woodcut	Logs	0	3272	3754	0	1286	Dead tree	
woodcut	Logs	0	3272	3757	0	1286	Dead tree	
woodcut	Logs	0	3272	3764	0	1286	Dead tree	
woodcut	Logs	0	3273	3715	0	1286	Dead tree	
woodcut	Logs	0	3273	3750	0	1286	Dead tree	
woodcut	Logs	0	3273	3755	0	1286	Dead tree	
woodcut	Logs	0	3273	3762	0	1286	Dead tree	
woodcut	Logs	0	3274	3747	0	1286	Dead tree	
woodcut	Logs	0	3274	3758	0	1286	Dead tree	
woodcut	Logs	0	3275	3741	0	1286	Dead tree	
woodcut	Logs	0	3275	3750	0	1286	Dead tree	
woodcut	Logs	0	3276	3713	0	1286	Dead tree	
woodcut	Logs	0	3276	3743	0	1286	Dead tree	
woodcut	Logs	0	3276	3749	0	1286	Dead tree	
woodcut	Logs	0	3276	3755	0	1286	Dead tree	
woodcut	Logs	0	3276	3760	0	1286	Dead tree	
woodcut	Logs	0	3277	3745	0	1286	Dead tree	
woodcut	Logs	0	3277	3757	0	1286	Dead tree	
woodcut	Logs	0	3278	3714	0	1286	Dead tree	
woodcut	Logs	0	3278	3742	0	1286	Dead tree	
woodcut	Logs	0	3279	3744	0	1286	Dead tree	
woodcut	Logs	0	3279	3745	0	1286	Dead tree	
woodcut	Logs	0	3279	3749	0	1286	Dead tree	
woodcut	Logs	0	3279	3755	0	1286	Dead tree	
woodcut	Logs	0	3279	3762	0	1286	Dead tree	
woodcut	Logs	0	3280	3747	0	1286	Dead tree	
woodcut	Logs	0	3280	3757	0	1286	Dead tree	
woodcut	Logs	0	3281	3750	0	1286	Dead tree	
woodcut	Logs	0	3281	3759	0	1286	Dead tree	
woodcut	Logs	0	3282	3741	0	1286	Dead tree	
woodcut	Logs	0	3282	3743	0	1286	Dead tree	
woodcut	Logs	0	3282	3749	0	1286	Dead tree	
woodcut	Logs	0	3283	3738	0	1286	Dead tree	
woodcut	Logs	0	3283	3740	0	1286	Dead tree	
woodcut	Logs	0	3283	3752	0	1286	Dead tree	
woodcut	Logs	0	3283	3759	0	1286	Dead tree	
woodcut	Logs	0	3284	3743	0	1286	Dead tree	
woodcut	Logs	0	3284	3753	0	1286	Dead tree	
woodcut	Logs	0	3285	3739	0	1286	Dead tree	
woodcut	Logs	0	3285	3742	0	1286	Dead tree	
woodcut	Logs	0	3285	3744	0	1286	Dead tree	
woodcut	Logs	0	3285	3751	0	1286	Dead tree	
woodcut	Logs	0	3286	3756	0	1286	Dead tree	
woodcut	Logs	0	3287	3736	0	1286	Dead tree	
woodcut	Logs	0	3287	3738	0	1286	Dead tree	
woodcut	Logs	0	3287	3745	0	1286	Dead tree	
woodcut	Logs	0	3288	3742	0	1286	Dead tree	
woodcut	Logs	0	3288	3746	0	1286	Dead tree	
woodcut	Logs	0	3288	3755	0	1286	Dead tree	
woodcut	Logs	0	3289	3752	0	1286	Dead tree	
woodcut	Logs	0	3290	3739	0	1286	Dead tree	
woodcut	Logs	0	3290	3742	0	1286	Dead tree	
woodcut	Logs	0	3290	3744	0	1286	Dead tree	
woodcut	Logs	0	3290	3746	0	1286	Dead tree	
woodcut	Logs	0	3290	3748	0	1286	Dead tree	
woodcut	Logs	0	3290	3750	0	1286	Dead tree	
woodcut	Logs	0	3291	3740	0	1286	Dead tree	
woodcut	Logs	0	3291	3746	0	1286	Dead tree	
woodcut	Logs	0	3292	3748	0	1286	Dead tree	
woodcut	Logs	0	3294	3737	0	1286	Dead tree	
woodcut	Logs	0	3294	3740	0	1286	Dead tree	
woodcut	Logs	0	3294	3746	0	1286	Dead tree	
woodcut	Logs	0	3294	3748	0	1286	Dead tree	
woodcut	Logs	0	3295	3742	0	1286	Dead tree	
woodcut	Logs	0	3295	3745	0	1286	Dead tree	
woodcut	Logs	0	3295	3752	0	1286	Dead tree	
woodcut	Logs	0	3297	3744	0	1286	Dead tree	
woodcut	Logs	0	3297	3749	0	1286	Dead tree	
woodcut	Logs	0	3298	3741	0	1286	Dead tree	
woodcut	Logs	0	3299	3727	0	1286	Dead tree	
woodcut	Logs	0	3299	3746	0	1286	Dead tree	
woodcut	Logs	0	3300	3769	0	1286	Dead tree	
woodcut	Logs	0	3301	3722	0	1286	Dead tree	
woodcut	Logs	0	3301	3772	0	1286	Dead tree	
woodcut	Logs	0	3302	3724	0	1286	Dead tree	
woodcut	Logs	0	3303	3718	0	1286	Dead tree	
woodcut	Logs	0	3303	3765	0	1286	Dead tree	
woodcut	Logs	0	3304	3715	0	1286	Dead tree	
woodcut	Logs	0	3304	3717	0	1286	Dead tree	
woodcut	Logs	0	3304	3770	0	1286	Dead tree	
woodcut	Logs	0	3304	3774	0	1286	Dead tree	
woodcut	Logs	0	3306	3767	0	1286	Dead tree	
woodcut	Logs	0	3306	3771	0	1286	Dead tree	
woodcut	Logs	0	3308	3724	0	1286	Dead tree	
woodcut	Logs	0	3308	3773	0	1286	Dead tree	
woodcut	Logs	0	3309	3726	0	1286	Dead tree	
woodcut	Logs	0	3313	3725	0	1286	Dead tree	
woodcut	Logs	0	3315	3715	0	1286	Dead tree	
woodcut	Logs	0	3315	3717	0	1286	Dead tree	
woodcut	Logs	0	3317	3719	0	1286	Dead tree	
woodcut	Logs	0	3319	3769	0	1286	Dead tree	
woodcut	Logs	0	3321	3765	0	1286	Dead tree	
woodcut	Logs	0	3322	3772	0	1286	Dead tree	
woodcut	Logs	0	3323	3768	0	1286	Dead tree	
woodcut	Logs	0	3264	3715	0	1383	Dead tree	
woodcut	Logs	0	3265	3756	0	1383	Dead tree	
woodcut	Logs	0	3265	3758	0	1383	Dead tree	
woodcut	Logs	0	3265	3763	0	1383	Dead tree	
woodcut	Logs	0	3266	3754	0	1383	Dead tree	
woodcut	Logs	0	3267	3714	0	1383	Dead tree	
woodcut	Logs	0	3268	3716	0	1383	Dead tree	
woodcut	Logs	0	3268	3718	0	1383	Dead tree	
woodcut	Logs	0	3268	3752	0	1383	Dead tree	
woodcut	Logs	0	3268	3759	0	1383	Dead tree	
woodcut	Logs	0	3270	3712	0	1383	Dead tree	
woodcut	Logs	0	3270	3753	0	1383	Dead tree	
woodcut	Logs	0	3270	3758	0	1383	Dead tree	
woodcut	Logs	0	3270	3764	0	1383	Dead tree	
woodcut	Logs	0	3271	3751	0	1383	Dead tree	
woodcut	Logs	0	3271	3756	0	1383	Dead tree	
woodcut	Logs	0	3271	3761	0	1383	Dead tree	
woodcut	Logs	0	3271	3763	0	1383	Dead tree	
woodcut	Logs	0	3272	3749	0	1383	Dead tree	
woodcut	Logs	0	3272	3753	0	1383	Dead tree	
woodcut	Logs	0	3273	3713	0	1383	Dead tree	
woodcut	Logs	0	3273	3717	0	1383	Dead tree	
woodcut	Logs	0	3274	3748	0	1383	Dead tree	
woodcut	Logs	0	3274	3755	0	1383	Dead tree	
woodcut	Logs	0	3274	3762	0	1383	Dead tree	
woodcut	Logs	0	3275	3753	0	1383	Dead tree	
woodcut	Logs	0	3275	3759	0	1383	Dead tree	
woodcut	Logs	0	3275	3761	0	1383	Dead tree	
woodcut	Logs	0	3276	3715	0	1383	Dead tree	
woodcut	Logs	0	3276	3745	0	1383	Dead tree	
woodcut	Logs	0	3276	3751	0	1383	Dead tree	
woodcut	Logs	0	3276	3753	0	1383	Dead tree	
woodcut	Logs	0	3276	3758	0	1383	Dead tree	
woodcut	Logs	0	3277	3748	0	1383	Dead tree	
woodcut	Logs	0	3278	3746	0	1383	Dead tree	
woodcut	Logs	0	3278	3750	0	1383	Dead tree	
woodcut	Logs	0	3278	3755	0	1383	Dead tree	
woodcut	Logs	0	3279	3713	0	1383	Dead tree	
woodcut	Logs	0	3279	3747	0	1383	Dead tree	
woodcut	Logs	0	3279	3758	0	1383	Dead tree	
woodcut	Logs	0	3280	3742	0	1383	Dead tree	
woodcut	Logs	0	3281	3752	0	1383	Dead tree	
woodcut	Logs	0	3282	3737	0	1383	Dead tree	
woodcut	Logs	0	3282	3748	0	1383	Dead tree	
woodcut	Logs	0	3282	3754	0	1383	Dead tree	
woodcut	Logs	0	3283	3744	0	1383	Dead tree	
woodcut	Logs	0	3283	3758	0	1383	Dead tree	
woodcut	Logs	0	3284	3741	0	1383	Dead tree	
woodcut	Logs	0	3284	3746	0	1383	Dead tree	
woodcut	Logs	0	3284	3749	0	1383	Dead tree	
woodcut	Logs	0	3285	3755	0	1383	Dead tree	
woodcut	Logs	0	3285	3757	0	1383	Dead tree	
woodcut	Logs	0	3286	3740	0	1383	Dead tree	
woodcut	Logs	0	3286	3746	0	1383	Dead tree	
woodcut	Logs	0	3287	3743	0	1383	Dead tree	
woodcut	Logs	0	3287	3752	0	1383	Dead tree	
woodcut	Logs	0	3288	3738	0	1383	Dead tree	
woodcut	Logs	0	3289	3748	0	1383	Dead tree	
woodcut	Logs	0	3290	3740	0	1383	Dead tree	
woodcut	Logs	0	3291	3743	0	1383	Dead tree	
woodcut	Logs	0	3292	3745	0	1383	Dead tree	
woodcut	Logs	0	3293	3741	0	1383	Dead tree	
woodcut	Logs	0	3294	3747	0	1383	Dead tree	
woodcut	Logs	0	3295	3743	0	1383	Dead tree	
woodcut	Logs	0	3296	3748	0	1383	Dead tree	
woodcut	Logs	0	3297	3743	0	1383	Dead tree	
woodcut	Logs	0	3299	3724	0	1383	Dead tree	
woodcut	Logs	0	3299	3747	0	1383	Dead tree	
woodcut	Logs	0	3299	3770	0	1383	Dead tree	
woodcut	Logs	0	3300	3716	0	1383	Dead tree	
woodcut	Logs	0	3301	3719	0	1383	Dead tree	
woodcut	Logs	0	3301	3767	0	1383	Dead tree	
woodcut	Logs	0	3302	3714	0	1383	Dead tree	
woodcut	Logs	0	3302	3727	0	1383	Dead tree	
woodcut	Logs	0	3302	3768	0	1383	Dead tree	
woodcut	Logs	0	3302	3773	0	1383	Dead tree	
woodcut	Logs	0	3303	3725	0	1383	Dead tree	
woodcut	Logs	0	3304	3771	0	1383	Dead tree	
woodcut	Logs	0	3305	3768	0	1383	Dead tree	
woodcut	Logs	0	3306	3725	0	1383	Dead tree	
woodcut	Logs	0	3306	3765	0	1383	Dead tree	
woodcut	Logs	0	3307	3774	0	1383	Dead tree	
woodcut	Logs	0	3309	3722	0	1383	Dead tree	
woodcut	Logs	0	3310	3715	0	1383	Dead tree	
woodcut	Logs	0	3311	3722	0	1383	Dead tree	
woodcut	Logs	0	3311	3726	0	1383	Dead tree	
woodcut	Logs	0	3313	3715	0	1383	Dead tree	
woodcut	Logs	0	3316	3722	0	1383	Dead tree	
woodcut	Logs	0	3317	3766	0	1383	Dead tree	
woodcut	Logs	0	3318	3714	0	1383	Dead tree	
woodcut	Logs	0	3318	3717	0	1383	Dead tree	
woodcut	Logs	0	3318	3719	0	1383	Dead tree	
woodcut	Logs	0	3320	3771	0	1383	Dead tree	
woodcut	Logs	0	3321	3766	0	1383	Dead tree	
woodcut	Logs	0	3321	3768	0	1383	Dead tree	
woodcut	Logs	0	3322	3766	0	1383	Dead tree	
woodcut	Logs	0	3322	3769	0	1383	Dead tree	
woodcut	Logs	0	3323	3771	0	1383	Dead tree	
woodcut	Logs	0	3325	3769	0	1383	Dead tree	
woodcut	Logs	0	3270	3804	0	1282	Dead tree	
woodcut	Logs	0	3287	3820	0	1282	Dead tree	
woodcut	Logs	0	3292	3780	0	1282	Dead tree	
woodcut	Logs	0	3296	3798	0	1282	Dead tree	
woodcut	Logs	0	3300	3810	0	1282	Dead tree	
woodcut	Logs	0	3267	3804	0	1286	Dead tree	
woodcut	Logs	0	3268	3806	0	1286	Dead tree	
woodcut	Logs	0	3269	3802	0	1286	Dead tree	
woodcut	Logs	0	3269	3809	0	1286	Dead tree	
woodcut	Logs	0	3271	3807	0	1286	Dead tree	
woodcut	Logs	0	3273	3804	0	1286	Dead tree	
woodcut	Logs	0	3274	3807	0	1286	Dead tree	
woodcut	Logs	0	3285	3819	0	1286	Dead tree	
woodcut	Logs	0	3285	3821	0	1286	Dead tree	
woodcut	Logs	0	3286	3817	0	1286	Dead tree	
woodcut	Logs	0	3287	3778	0	1286	Dead tree	
woodcut	Logs	0	3287	3780	0	1286	Dead tree	
woodcut	Logs	0	3288	3824	0	1286	Dead tree	
woodcut	Logs	0	3289	3782	0	1286	Dead tree	
woodcut	Logs	0	3289	3818	0	1286	Dead tree	
woodcut	Logs	0	3290	3822	0	1286	Dead tree	
woodcut	Logs	0	3293	3778	0	1286	Dead tree	
woodcut	Logs	0	3294	3797	0	1286	Dead tree	
woodcut	Logs	0	3294	3799	0	1286	Dead tree	
woodcut	Logs	0	3296	3781	0	1286	Dead tree	
woodcut	Logs	0	3297	3779	0	1286	Dead tree	
woodcut	Logs	0	3297	3795	0	1286	Dead tree	
woodcut	Logs	0	3297	3802	0	1286	Dead tree	
woodcut	Logs	0	3298	3809	0	1286	Dead tree	
woodcut	Logs	0	3300	3808	0	1286	Dead tree	
woodcut	Logs	0	3300	3813	0	1286	Dead tree	
woodcut	Logs	0	3302	3813	0	1286	Dead tree	
woodcut	Logs	0	3303	3810	0	1286	Dead tree	
woodcut	Logs	0	3265	3805	0	1383	Dead tree	
woodcut	Logs	0	3265	3809	0	1383	Dead tree	
woodcut	Logs	0	3266	3803	0	1383	Dead tree	
woodcut	Logs	0	3267	3801	0	1383	Dead tree	
woodcut	Logs	0	3268	3782	0	1383	Dead tree	
woodcut	Logs	0	3268	3808	0	1383	Dead tree	
woodcut	Logs	0	3269	3801	0	1383	Dead tree	
woodcut	Logs	0	3269	3807	0	1383	Dead tree	
woodcut	Logs	0	3270	3815	0	1383	Dead tree	
woodcut	Logs	0	3271	3809	0	1383	Dead tree	
woodcut	Logs	0	3272	3802	0	1383	Dead tree	
woodcut	Logs	0	3273	3806	0	1383	Dead tree	
woodcut	Logs	0	3274	3803	0	1383	Dead tree	
woodcut	Logs	0	3275	3805	0	1383	Dead tree	
woodcut	Logs	0	3279	3788	0	1383	Dead tree	
woodcut	Logs	0	3279	3797	0	1383	Dead tree	
woodcut	Logs	0	3282	3785	0	1383	Dead tree	
woodcut	Logs	0	3284	3777	0	1383	Dead tree	
woodcut	Logs	0	3284	3779	0	1383	Dead tree	
woodcut	Logs	0	3284	3822	0	1383	Dead tree	
woodcut	Logs	0	3286	3777	0	1383	Dead tree	
woodcut	Logs	0	3286	3781	0	1383	Dead tree	
woodcut	Logs	0	3286	3807	0	1383	Dead tree	
woodcut	Logs	0	3286	3824	0	1383	Dead tree	
woodcut	Logs	0	3287	3819	0	1383	Dead tree	
woodcut	Logs	0	3287	3822	0	1383	Dead tree	
woodcut	Logs	0	3288	3783	0	1383	Dead tree	
woodcut	Logs	0	3288	3799	0	1383	Dead tree	
woodcut	Logs	0	3288	3812	0	1383	Dead tree	
woodcut	Logs	0	3289	3778	0	1383	Dead tree	
woodcut	Logs	0	3289	3816	0	1383	Dead tree	
woodcut	Logs	0	3290	3779	0	1383	Dead tree	
woodcut	Logs	0	3291	3777	0	1383	Dead tree	
woodcut	Logs	0	3291	3781	0	1383	Dead tree	
woodcut	Logs	0	3292	3783	0	1383	Dead tree	
woodcut	Logs	0	3292	3799	0	1383	Dead tree	
woodcut	Logs	0	3292	3824	0	1383	Dead tree	
woodcut	Logs	0	3293	3784	0	1383	Dead tree	
woodcut	Logs	0	3293	3797	0	1383	Dead tree	
woodcut	Logs	0	3294	3777	0	1383	Dead tree	
woodcut	Logs	0	3294	3782	0	1383	Dead tree	
woodcut	Logs	0	3295	3780	0	1383	Dead tree	
woodcut	Logs	0	3295	3795	0	1383	Dead tree	
woodcut	Logs	0	3295	3801	0	1383	Dead tree	
woodcut	Logs	0	3297	3778	0	1383	Dead tree	
woodcut	Logs	0	3297	3780	0	1383	Dead tree	
woodcut	Logs	0	3297	3784	0	1383	Dead tree	
woodcut	Logs	0	3297	3801	0	1383	Dead tree	
woodcut	Logs	0	3297	3811	0	1383	Dead tree	
woodcut	Logs	0	3298	3800	0	1383	Dead tree	
woodcut	Logs	0	3298	3807	0	1383	Dead tree	
woodcut	Logs	0	3298	3813	0	1383	Dead tree	
woodcut	Logs	0	3299	3778	0	1383	Dead tree	
woodcut	Logs	0	3299	3792	0	1383	Dead tree	
woodcut	Logs	0	3299	3796	0	1383	Dead tree	
woodcut	Logs	0	3299	3798	0	1383	Dead tree	
woodcut	Logs	0	3299	3801	0	1383	Dead tree	
woodcut	Logs	0	3300	3779	0	1383	Dead tree	
woodcut	Logs	0	3300	3818	0	1383	Dead tree	
woodcut	Logs	0	3300	3824	0	1383	Dead tree	
woodcut	Logs	0	3301	3806	0	1383	Dead tree	
woodcut	Logs	0	3301	3815	0	1383	Dead tree	
woodcut	Logs	0	3302	3809	0	1383	Dead tree	
woodcut	Logs	0	3303	3807	0	1383	Dead tree	
woodcut	Logs	0	3303	3812	0	1383	Dead tree	
woodcut	Logs	0	3304	3809	0	1383	Dead tree	
woodcut	Logs	0	3309	3791	0	1383	Dead tree	
woodcut	Charcoal	0	3265	3837	0	1384	Dead tree	
woodcut	Charcoal	0	3267	3832	0	1384	Dead tree	
woodcut	Charcoal	0	3274	3837	0	1384	Dead tree	
woodcut	Charcoal	0	3289	3835	0	1384	Dead tree	
woodcut	Charcoal	0	3302	3838	0	1384	Dead tree	
woodcut	Charcoal	0	3312	3836	0	1384	Dead tree	
woodcut	Charcoal	0	3319	3838	0	1384	Dead tree	
woodcut	Charcoal	0	3325	3837	0	1384	Dead tree	
woodcut	Charcoal	0	3268	3841	0	1384	Dead tree	
woodcut	Charcoal	0	3269	3862	0	1384	Dead tree	
woodcut	Charcoal	0	3275	3867	0	1384	Dead tree	
woodcut	Charcoal	0	3282	3853	0	1384	Dead tree	
woodcut	Charcoal	0	3282	3866	0	1384	Dead tree	
woodcut	Charcoal	0	3292	3857	0	1384	Dead tree	
woodcut	Charcoal	0	3296	3875	0	1384	Dead tree	
woodcut	Charcoal	0	3297	3858	0	1384	Dead tree	
woodcut	Charcoal	0	3302	3847	0	1384	Dead tree	
woodcut	Charcoal	0	3304	3872	0	1384	Dead tree	
woodcut	Charcoal	0	3309	3885	0	1384	Dead tree	
woodcut	Charcoal	0	3310	3858	0	1384	Dead tree	
woodcut	Charcoal	0	3310	3875	0	1384	Dead tree	
woodcut	Charcoal	0	3315	3880	0	1384	Dead tree	
woodcut	Charcoal	0	3322	3874	0	1384	Dead tree	
woodcut	Charcoal	0	3323	3848	0	1384	Dead tree	
woodcut	Logs	0	3268	3925	0	1383	Dead tree	
woodcut	Logs	0	3270	3938	0	1383	Dead tree	
woodcut	Logs	0	3271	3930	0	1383	Dead tree	
woodcut	Logs	0	3272	3933	0	1383	Dead tree	
woodcut	Logs	0	3273	3924	0	1383	Dead tree	
woodcut	Logs	0	3273	3943	0	1383	Dead tree	
woodcut	Logs	0	3275	3921	0	1383	Dead tree	
woodcut	Logs	0	3276	3947	0	1383	Dead tree	
woodcut	Logs	0	3278	3952	0	1383	Dead tree	
woodcut	Logs	0	3279	3947	0	1383	Dead tree	
woodcut	Logs	0	3281	3921	0	1383	Dead tree	
woodcut	Logs	0	3282	3950	0	1383	Dead tree	
woodcut	Logs	0	3286	3948	0	1383	Dead tree	
woodcut	Logs	0	3291	3921	0	1383	Dead tree	
woodcut	Logs	0	3291	3949	0	1383	Dead tree	
woodcut	Logs	0	3295	3947	0	1383	Dead tree	
woodcut	Logs	0	3297	3922	0	1383	Dead tree	
woodcut	Logs	0	3299	3931	0	1383	Dead tree	
woodcut	Logs	0	3299	3940	0	1383	Dead tree	
woodcut	Logs	0	3301	3935	0	1383	Dead tree	
woodcut	Logs	0	3301	3942	0	1383	Dead tree	
mining	Silver ore	20	3366	9749	0	2100	Rocks	
mining	Silver ore	20	3367	9751	0	2100	Rocks	
mining	Silver ore	20	3369	9752	0	2100	Rocks	
mining	Silver ore	20	3385	9750	0	2100	Rocks	
mining	Silver ore	20	3385	9753	0	2100	Rocks	
mining	Silver ore	20	3366	9813	0	2100	Rocks	
mining	Silver ore	20	3367	9815	0	2100	Rocks	
mining	Silver ore	20	3369	9816	0	2100	Rocks	
mining	Silver ore	20	3385	9814	0	2100	Rocks	
mining	Silver ore	20	3385	9817	0	2100	Rocks	
woodcut	Logs	0	3328	3375	0	1276	Tree	
woodcut	Logs	0	3335	3384	0	1276	Tree	
woodcut	Logs	0	3337	3370	0	1276	Tree	
woodcut	Logs	0	3340	3352	0	1276	Tree	
woodcut	Logs	0	3344	3335	0	1276	Tree	
woodcut	Logs	0	3349	3354	0	1276	Tree	
woodcut	Logs	0	3351	3373	0	1276	Tree	
woodcut	Logs	0	3360	3368	0	1276	Tree	
woodcut	Logs	0	3366	3366	0	1276	Tree	
woodcut	Logs	0	3370	3332	0	1276	Tree	
woodcut	Logs	0	3373	3330	0	1276	Tree	
woodcut	Logs	0	3373	3333	0	1276	Tree	
woodcut	Logs	0	3373	3371	0	1276	Tree	
woodcut	Logs	0	3376	3332	0	1276	Tree	
woodcut	Logs	0	3386	3389	0	1276	Tree	
woodcut	Logs	0	3329	3340	0	1278	Tree	
woodcut	Logs	0	3330	3366	0	1278	Tree	
woodcut	Logs	0	3332	3372	0	1278	Tree	
woodcut	Logs	0	3333	3379	0	1278	Tree	
woodcut	Logs	0	3335	3330	0	1278	Tree	
woodcut	Logs	0	3345	3376	0	1278	Tree	
woodcut	Logs	0	3346	3351	0	1278	Tree	
woodcut	Logs	0	3349	3376	0	1278	Tree	
woodcut	Logs	0	3351	3387	0	1278	Tree	
woodcut	Logs	0	3361	3389	0	1278	Tree	
woodcut	Logs	0	3369	3362	0	1278	Tree	
woodcut	Logs	0	3371	3334	0	1278	Tree	
woodcut	Logs	0	3371	3343	0	1278	Tree	
woodcut	Logs	0	3386	3371	0	1278	Tree	
woodcut	Oak logs	15	3337	3334	0	1281	Oak	
woodcut	Oak logs	15	3339	3340	0	1281	Oak	
woodcut	Oak logs	15	3344	3356	0	1281	Oak	
woodcut	Oak logs	15	3364	3351	0	1281	Oak	
woodcut	Oak logs	15	3372	3360	0	1281	Oak	
woodcut	Oak logs	15	3384	3366	0	1281	Oak	
woodcut	Logs	0	3334	3373	0	1282	Dead tree	
woodcut	Willow logs	30	3381	3382	0	1308	Willow	
woodcut	Logs	0	3333	3447	0	1276	Tree	
woodcut	Logs	0	3343	3397	0	1276	Tree	
woodcut	Logs	0	3344	3447	0	1276	Tree	
woodcut	Logs	0	3347	3400	0	1276	Tree	
woodcut	Logs	0	3361	3420	0	1276	Tree	
woodcut	Logs	0	3372	3415	0	1276	Tree	
woodcut	Logs	0	3374	3425	0	1276	Tree	
woodcut	Logs	0	3384	3416	0	1276	Tree	
woodcut	Logs	0	3387	3405	0	1276	Tree	
woodcut	Logs	0	3340	3432	0	1278	Tree	
woodcut	Logs	0	3347	3445	0	1278	Tree	
woodcut	Logs	0	3354	3449	0	1278	Tree	
woodcut	Logs	0	3356	3454	0	1278	Tree	
woodcut	Logs	0	3357	3392	0	1278	Tree	
woodcut	Logs	0	3358	3452	0	1278	Tree	
woodcut	Logs	0	3361	3453	0	1278	Tree	
woodcut	Logs	0	3363	3454	0	1278	Tree	
woodcut	Logs	0	3365	3417	0	1278	Tree	
woodcut	Logs	0	3365	3453	0	1278	Tree	
woodcut	Logs	0	3367	3454	0	1278	Tree	
woodcut	Logs	0	3369	3453	0	1278	Tree	
woodcut	Logs	0	3371	3429	0	1278	Tree	
woodcut	Logs	0	3375	3451	0	1278	Tree	
woodcut	Logs	0	3378	3431	0	1278	Tree	
woodcut	Logs	0	3386	3419	0	1278	Tree	
woodcut	Logs	0	3388	3433	0	1278	Tree	
woodcut	Oak logs	15	3338	3448	0	1281	Oak	
woodcut	Logs	0	3356	3491	0	1276	Tree	
woodcut	Logs	0	3358	3478	0	1276	Tree	
woodcut	Logs	0	3370	3482	0	1276	Tree	
woodcut	Logs	0	3383	3477	0	1276	Tree	
woodcut	Logs	0	3386	3490	0	1276	Tree	
woodcut	Logs	0	3350	3483	0	1278	Tree	
woodcut	Logs	0	3372	3485	0	1278	Tree	
woodcut	Logs	0	3385	3480	0	1278	Tree	
mining	Limestone	10	3369	3499	0	4027	Pile of Rock	
mining	Limestone	10	3371	3499	0	4027	Pile of Rock	
mining	Limestone	10	3371	3501	0	4027	Pile of Rock	
mining	Limestone	10	3372	3497	0	4027	Pile of Rock	
mining	Limestone	10	3373	3499	0	4027	Pile of Rock	
mining	Limestone	10	3373	3502	0	4027	Pile of Rock	
mining	Limestone	10	3374	3502	0	4027	Pile of Rock	
mining	Limestone	10	3375	3500	0	4027	Pile of Rock	
woodcut	Charcoal	0	3329	3588	0	1384	Dead tree	
woodcut	Charcoal	0	3330	3601	0	1384	Dead tree	
woodcut	Charcoal	0	3334	3620	0	1384	Dead tree	
woodcut	Charcoal	0	3335	3617	0	1384	Dead tree	
woodcut	Charcoal	0	3336	3623	0	1384	Dead tree	
woodcut	Charcoal	0	3337	3622	0	1384	Dead tree	
woodcut	Charcoal	0	3330	3656	0	1384	Dead tree	
woodcut	Charcoal	0	3331	3654	0	1384	Dead tree	
woodcut	Charcoal	0	3332	3657	0	1384	Dead tree	
woodcut	Charcoal	0	3332	3707	0	1384	Dead tree	
woodcut	Charcoal	0	3334	3657	0	1384	Dead tree	
woodcut	Charcoal	0	3335	3710	0	1384	Dead tree	
woodcut	Charcoal	0	3333	3757	0	1384	Dead tree	
woodcut	Charcoal	0	3334	3728	0	1384	Dead tree	
woodcut	Charcoal	0	3334	3754	0	1384	Dead tree	
woodcut	Charcoal	0	3335	3730	0	1384	Dead tree	
woodcut	Charcoal	0	3335	3731	0	1384	Dead tree	
woodcut	Charcoal	0	3335	3756	0	1384	Dead tree	
woodcut	Charcoal	0	3339	3736	0	1384	Dead tree	
woodcut	Charcoal	0	3341	3732	0	1384	Dead tree	
woodcut	Charcoal	0	3341	3735	0	1384	Dead tree	
woodcut	Charcoal	0	3342	3730	0	1384	Dead tree	
woodcut	Charcoal	0	3342	3734	0	1384	Dead tree	
woodcut	Charcoal	0	3342	3740	0	1384	Dead tree	
woodcut	Charcoal	0	3342	3750	0	1384	Dead tree	
woodcut	Charcoal	0	3343	3736	0	1384	Dead tree	
woodcut	Charcoal	0	3343	3746	0	1384	Dead tree	
woodcut	Charcoal	0	3345	3752	0	1384	Dead tree	
woodcut	Charcoal	0	3345	3753	0	1384	Dead tree	
woodcut	Charcoal	0	3331	3821	0	1384	Dead tree	
woodcut	Charcoal	0	3334	3779	0	1384	Dead tree	
woodcut	Charcoal	0	3335	3780	0	1384	Dead tree	
woodcut	Charcoal	0	3335	3802	0	1384	Dead tree	
woodcut	Charcoal	0	3335	3819	0	1384	Dead tree	
woodcut	Charcoal	0	3336	3783	0	1384	Dead tree	
woodcut	Charcoal	0	3336	3792	0	1384	Dead tree	
woodcut	Charcoal	0	3337	3778	0	1384	Dead tree	
woodcut	Charcoal	0	3337	3789	0	1384	Dead tree	
woodcut	Charcoal	0	3337	3814	0	1384	Dead tree	
woodcut	Charcoal	0	3338	3793	0	1384	Dead tree	
woodcut	Charcoal	0	3338	3817	0	1384	Dead tree	
woodcut	Charcoal	0	3339	3791	0	1384	Dead tree	
woodcut	Charcoal	0	3339	3817	0	1384	Dead tree	
woodcut	Charcoal	0	3328	3904	0	1384	Dead tree	
woodcut	Charcoal	0	3329	3905	0	1384	Dead tree	
woodcut	Charcoal	0	3329	3908	0	1384	Dead tree	
woodcut	Charcoal	0	3330	3904	0	1384	Dead tree	
woodcut	Charcoal	0	3331	3908	0	1384	Dead tree	
woodcut	Charcoal	0	3331	3910	0	1384	Dead tree	
woodcut	Charcoal	0	3332	3906	0	1384	Dead tree	
woodcut	Charcoal	0	3334	3904	0	1384	Dead tree	
woodcut	Charcoal	0	3335	3906	0	1384	Dead tree	
woodcut	Charcoal	0	3336	3904	0	1384	Dead tree	
woodcut	Charcoal	0	3339	3907	0	1384	Dead tree	
woodcut	Charcoal	0	3341	3904	0	1384	Dead tree	
woodcut	Logs	0	3395	3347	0	1276	Tree	
woodcut	Logs	0	3397	3374	0	1276	Tree	
woodcut	Logs	0	3399	3344	0	1276	Tree	
woodcut	Logs	0	3395	3342	0	1278	Tree	
woodcut	Logs	0	3406	3465	0	1276	Tree	
woodcut	Logs	0	3407	3477	0	1276	Tree	
woodcut	Logs	0	3409	3468	0	1276	Tree	
woodcut	Logs	0	3415	3472	0	1276	Tree	
woodcut	Logs	0	3430	3498	0	1276	Tree	
woodcut	Logs	0	3433	3493	0	1276	Tree	
woodcut	Logs	0	3439	3494	0	1276	Tree	
woodcut	Logs	0	3411	3472	0	1278	Tree	
woodcut	Logs	0	3414	3476	0	1278	Tree	
woodcut	Logs	0	3437	3475	0	1278	Tree	
woodcut	Logs	0	3437	3495	0	1278	Tree	
woodcut	Logs	0	3440	3487	0	1278	Tree	
woodcut	Logs	0	3443	3466	0	1278	Tree	
woodcut	Logs	0	3422	3459	0	1365	Dead tree	
woodcut	Logs	0	3439	3457	0	1365	Dead tree	
woodcut	Logs	0	3439	3462	0	1365	Dead tree	
woodcut	Logs	0	3441	3459	0	1365	Dead tree	
woodcut	Logs	0	3442	3461	0	1365	Dead tree	
woodcut	Logs	0	3442	3463	0	1365	Dead tree	
woodcut	Logs	0	3415	3522	0	1282	Dead tree	
woodcut	Logs	0	3426	3526	0	1282	Dead tree	
woodcut	Logs	0	3430	3526	0	1282	Dead tree	
woodcut	Logs	0	3434	3522	0	1282	Dead tree	
woodcut	Logs	0	3444	3522	0	1282	Dead tree	
woodcut	Logs	0	3423	3521	0	1286	Dead tree	
woodcut	Logs	0	3439	3524	0	1286	Dead tree	
woodcut	Logs	0	3459	3318	0	1282	Dead tree	
woodcut	Logs	0	3460	3315	0	1282	Dead tree	
woodcut	Logs	0	3463	3313	0	1282	Dead tree	
woodcut	Logs	0	3476	3313	0	1282	Dead tree	
woodcut	Logs	0	3476	3319	0	1282	Dead tree	
woodcut	Logs	0	3479	3279	0	1282	Dead tree	
woodcut	Logs	0	3481	3285	0	1282	Dead tree	
woodcut	Logs	0	3481	3318	0	1282	Dead tree	
woodcut	Logs	0	3483	3280	0	1282	Dead tree	
woodcut	Logs	0	3488	3298	0	1282	Dead tree	
woodcut	Logs	0	3490	3293	0	1282	Dead tree	
woodcut	Logs	0	3492	3281	0	1282	Dead tree	
woodcut	Logs	0	3505	3265	0	1282	Dead tree	
woodcut	Logs	0	3516	3288	0	1282	Dead tree	
woodcut	Logs	0	3475	3291	0	1283	Dead tree	
woodcut	Logs	0	3482	3293	0	1283	Dead tree	
woodcut	Logs	0	3485	3295	0	1283	Dead tree	
woodcut	Logs	0	3488	3292	0	1283	Dead tree	
woodcut	Logs	0	3492	3283	0	1283	Dead tree	
woodcut	Logs	0	3493	3286	0	1283	Dead tree	
woodcut	Logs	0	3493	3290	0	1283	Dead tree	
woodcut	Logs	0	3497	3292	0	1283	Dead tree	
woodcut	Logs	0	3498	3279	0	1283	Dead tree	
woodcut	Logs	0	3498	3288	0	1283	Dead tree	
woodcut	Logs	0	3498	3291	0	1283	Dead tree	
woodcut	Logs	0	3480	3291	0	1284	Dead tree	
woodcut	Logs	0	3485	3297	0	1284	Dead tree	
woodcut	Logs	0	3491	3289	0	1284	Dead tree	
woodcut	Logs	0	3494	3275	0	1284	Dead tree	
woodcut	Logs	0	3465	3311	0	1286	Dead tree	
woodcut	Logs	0	3467	3313	0	1286	Dead tree	
woodcut	Logs	0	3470	3298	0	1286	Dead tree	
woodcut	Logs	0	3470	3303	0	1286	Dead tree	
woodcut	Logs	0	3473	3286	0	1286	Dead tree	
woodcut	Logs	0	3474	3302	0	1286	Dead tree	
woodcut	Logs	0	3475	3284	0	1286	Dead tree	
woodcut	Logs	0	3477	3287	0	1286	Dead tree	
woodcut	Logs	0	3480	3264	0	1286	Dead tree	
woodcut	Logs	0	3481	3275	0	1286	Dead tree	
woodcut	Logs	0	3483	3275	0	1286	Dead tree	
woodcut	Logs	0	3484	3277	0	1286	Dead tree	
woodcut	Logs	0	3485	3264	0	1286	Dead tree	
woodcut	Logs	0	3485	3287	0	1286	Dead tree	
woodcut	Logs	0	3488	3264	0	1286	Dead tree	
woodcut	Logs	0	3491	3278	0	1286	Dead tree	
woodcut	Logs	0	3491	3296	0	1286	Dead tree	
woodcut	Logs	0	3496	3265	0	1286	Dead tree	
woodcut	Logs	0	3507	3297	0	1286	Dead tree	
woodcut	Logs	0	3509	3299	0	1286	Dead tree	
woodcut	Logs	0	3509	3301	0	1286	Dead tree	
woodcut	Logs	0	3511	3301	0	1286	Dead tree	
woodcut	Logs	0	3473	3289	0	1289	Dead tree	
woodcut	Logs	0	3474	3290	0	1289	Dead tree	
woodcut	Logs	0	3489	3276	0	1289	Dead tree	
woodcut	Logs	0	3491	3273	0	1289	Dead tree	
woodcut	Logs	0	3497	3277	0	1289	Dead tree	
woodcut	Logs	0	3498	3290	0	1289	Dead tree	
woodcut	Logs	0	3489	3272	0	1365	Dead tree	
woodcut	Logs	0	3491	3275	0	1365	Dead tree	
woodcut	Logs	0	3500	3276	0	1365	Dead tree	
woodcut	Bark	45	3527	3482	0	2289	Hollow tree	
woodcut	Bark	45	3535	3468	0	2289	Hollow tree	
woodcut	Bark	45	3536	3470	0	2289	Hollow tree	
woodcut	Bark	45	3537	3465	0	2289	Hollow tree	
woodcut	Bark	45	3540	3467	0	2289	Hollow tree	
woodcut	Bark	45	3549	3499	0	2289	Hollow tree	
woodcut	Bark	45	3550	3483	0	2289	Hollow tree	
woodcut	Bark	45	3551	3508	0	2289	Hollow tree	
woodcut	Bark	45	3554	3492	0	2289	Hollow tree	
woodcut	Bark	45	3555	3502	0	2289	Hollow tree	
woodcut	Bark	45	3555	3507	0	2289	Hollow tree	
woodcut	Bark	45	3569	3503	0	2289	Hollow tree	
woodcut	Bark	45	3571	3461	0	2289	Hollow tree	
woodcut	Bark	45	3574	3498	0	2289	Hollow tree	
woodcut	Bark	45	3576	3466	0	2289	Hollow tree	
woodcut	Bark	45	3577	3473	0	2289	Hollow tree	
woodcut	Bark	45	3578	3468	0	2289	Hollow tree	
woodcut	Bark	45	3579	3486	0	2289	Hollow tree	
woodcut	Bark	45	3581	3467	0	2289	Hollow tree	
woodcut	Bark	45	3581	3496	0	2289	Hollow tree	
woodcut	Bark	45	3534	3465	0	4060	Hollow tree	
woodcut	Bark	45	3537	3467	0	4060	Hollow tree	
woodcut	Bark	45	3553	3504	0	4060	Hollow tree	
woodcut	Bark	45	3555	3486	0	4060	Hollow tree	
woodcut	Bark	45	3576	3495	0	4060	Hollow tree	
woodcut	Bark	45	3577	3499	0	4060	Hollow tree	
woodcut	Bark	45	3579	3471	0	4060	Hollow tree	
woodcut	Bark	45	3581	3491	0	4060	Hollow tree	
woodcut	Bark	45	3588	3466	0	2289	Hollow tree	
woodcut	Bark	45	3588	3474	0	2289	Hollow tree	
woodcut	Bark	45	3590	3477	0	2289	Hollow tree	
woodcut	Bark	45	3591	3470	0	2289	Hollow tree	
woodcut	Bark	45	3592	3472	0	2289	Hollow tree	
woodcut	Bark	45	3593	3461	0	2289	Hollow tree	
woodcut	Bark	45	3597	3468	0	2289	Hollow tree	
woodcut	Bark	45	3600	3498	0	2289	Hollow tree	
woodcut	Bark	45	3602	3500	0	2289	Hollow tree	
woodcut	Bark	45	3602	3506	0	2289	Hollow tree	
woodcut	Bark	45	3604	3500	0	2289	Hollow tree	
woodcut	Bark	45	3606	3498	0	2289	Hollow tree	
woodcut	Bark	45	3607	3502	0	2289	Hollow tree	
woodcut	Bark	45	3612	3470	0	2289	Hollow tree	
woodcut	Bark	45	3612	3472	0	2289	Hollow tree	
woodcut	Bark	45	3614	3473	0	2289	Hollow tree	
woodcut	Bark	45	3615	3467	0	2289	Hollow tree	
woodcut	Bark	45	3618	3482	0	2289	Hollow tree	
woodcut	Bark	45	3619	3478	0	2289	Hollow tree	
woodcut	Bark	45	3619	3487	0	2289	Hollow tree	
woodcut	Bark	45	3620	3491	0	2289	Hollow tree	
woodcut	Bark	45	3622	3493	0	2289	Hollow tree	
woodcut	Bark	45	3623	3502	0	2289	Hollow tree	
woodcut	Bark	45	3624	3488	0	2289	Hollow tree	
woodcut	Bark	45	3625	3478	0	2289	Hollow tree	
woodcut	Bark	45	3627	3474	0	2289	Hollow tree	
woodcut	Bark	45	3627	3478	0	2289	Hollow tree	
woodcut	Bark	45	3630	3511	0	2289	Hollow tree	
woodcut	Bark	45	3633	3506	0	2289	Hollow tree	
woodcut	Bark	45	3635	3498	0	2289	Hollow tree	
woodcut	Bark	45	3635	3501	0	2289	Hollow tree	
woodcut	Bark	45	3636	3488	0	2289	Hollow tree	
woodcut	Bark	45	3637	3511	0	2289	Hollow tree	
woodcut	Bark	45	3638	3498	0	2289	Hollow tree	
woodcut	Bark	45	3641	3508	0	2289	Hollow tree	
woodcut	Bark	45	3584	3486	0	4060	Hollow tree	
woodcut	Bark	45	3585	3483	0	4060	Hollow tree	
woodcut	Bark	45	3585	3493	0	4060	Hollow tree	
woodcut	Bark	45	3587	3476	0	4060	Hollow tree	
woodcut	Bark	45	3591	3467	0	4060	Hollow tree	
woodcut	Bark	45	3604	3502	0	4060	Hollow tree	
woodcut	Bark	45	3612	3467	0	4060	Hollow tree	
woodcut	Bark	45	3615	3470	0	4060	Hollow tree	
woodcut	Bark	45	3616	3488	0	4060	Hollow tree	
woodcut	Bark	45	3618	3493	0	4060	Hollow tree	
woodcut	Bark	45	3622	3490	0	4060	Hollow tree	
woodcut	Bark	45	3632	3468	0	4060	Hollow tree	
woodcut	Bark	45	3632	3508	0	4060	Hollow tree	
woodcut	Bark	45	3636	3507	0	4060	Hollow tree	
fishing	memberfish		2165	3266	0	1191	Fishing spot	Casket | Coins | Cosmic talisman | Empty oyster | Half of a key | Leather boots | Leather gloves | Oyster | Oyster pearl | Raw bass | Raw cod | Raw mackerel | Raw shark | Seaweed | Uncut diamond | Uncut emerald | Uncut ruby | Uncut sapphire
fishing	memberfish		2165	3268	0	1191	Fishing spot	Casket | Coins | Cosmic talisman | Empty oyster | Half of a key | Leather boots | Leather gloves | Oyster | Oyster pearl | Raw bass | Raw cod | Raw mackerel | Raw shark | Seaweed | Uncut diamond | Uncut emerald | Uncut ruby | Uncut sapphire
fishing	memberfish		2165	3286	0	1191	Fishing spot	Casket | Coins | Cosmic talisman | Empty oyster | Half of a key | Leather boots | Leather gloves | Oyster | Oyster pearl | Raw bass | Raw cod | Raw mackerel | Raw shark | Seaweed | Uncut diamond | Uncut emerald | Uncut ruby | Uncut sapphire
fishing	freshfish		2210	3237	0	1189	Fishing spot	Raw pike | Raw salmon | Raw trout
fishing	freshfish		2213	3232	0	1189	Fishing spot	Raw pike | Raw salmon | Raw trout
fishing	freshfish		2215	3248	0	1189	Fishing spot	Raw pike | Raw salmon | Raw trout
fishing	freshfish		2225	3243	0	1189	Fishing spot	Raw pike | Raw salmon | Raw trout
fishing	freshfish		2264	3258	0	1190	Fishing spot	Raw pike | Raw salmon | Raw trout
fishing	freshfish		2267	3253	0	1190	Fishing spot	Raw pike | Raw salmon | Raw trout
fishing	freshfish		2274	3248	0	1190	Fishing spot	Raw pike | Raw salmon | Raw trout
fishing	freshfish		2275	3240	0	1190	Fishing spot	Raw pike | Raw salmon | Raw trout
fishing	freshfish		2282	3248	0	1190	Fishing spot	Raw pike | Raw salmon | Raw trout
fishing	freshfish		2382	3414	0	309	Fishing spot	Raw pike | Raw salmon | Raw trout
fishing	freshfish		2383	3418	0	309	Fishing spot	Raw pike | Raw salmon | Raw trout
fishing	freshfish		2385	3410	0	309	Fishing spot	Raw pike | Raw salmon | Raw trout
fishing	freshfish		2385	3423	0	309	Fishing spot	Raw pike | Raw salmon | Raw trout
fishing	freshfish		2389	3423	0	309	Fishing spot	Raw pike | Raw salmon | Raw trout
fishing	freshfish		2390	3407	0	309	Fishing spot	Raw pike | Raw salmon | Raw trout
fishing	freshfish		2391	3421	0	309	Fishing spot	Raw pike | Raw salmon | Raw trout
fishing	freshfish		2461	3150	0	927	Fishing spot	Raw pike | Raw salmon | Raw trout
fishing	freshfish		2462	3145	0	927	Fishing spot	Raw pike | Raw salmon | Raw trout
fishing	freshfish		2465	3156	0	927	Fishing spot	Raw pike | Raw salmon | Raw trout
fishing	freshfish		2468	3157	0	927	Fishing spot	Raw pike | Raw salmon | Raw trout
fishing	freshfish		2474	3153	0	927	Fishing spot	Raw pike | Raw salmon | Raw trout
fishing	freshfish		2508	3421	0	310	Fishing spot	Raw pike | Raw salmon | Raw trout
fishing	freshfish		2527	3412	0	310	Fishing spot	Raw pike | Raw salmon | Raw trout
fishing	freshfish		2530	3412	0	310	Fishing spot	Raw pike | Raw salmon | Raw trout
fishing	freshfish		2533	3410	0	310	Fishing spot	Raw pike | Raw salmon | Raw trout
fishing	freshfish		2534	3403	0	310	Fishing spot	Raw pike | Raw salmon | Raw trout
fishing	freshfish		2537	3406	0	310	Fishing spot	Raw pike | Raw salmon | Raw trout
fishing	karambwan		2515	4591	0	1176	Fishing spot	Raw pike | Raw salmon | Raw trout
fishing	karambwan		2528	4591	0	1177	Fishing spot	Raw pike | Raw salmon | Raw trout
fishing	freshfish		2561	3374	0	311	Fishing spot	Raw pike | Raw salmon | Raw trout
fishing	freshfish		2566	3370	0	311	Fishing spot	Raw pike | Raw salmon | Raw trout
fishing	rarefish		2599	3419	0	312	Fishing spot	Raw lobster | Raw swordfish | Raw tuna
fishing	memberfish		2601	3422	0	313	Fishing spot	Casket | Coins | Cosmic talisman | Empty oyster | Half of a key | Leather boots | Leather gloves | Oyster | Oyster pearl | Raw bass | Raw cod | Raw mackerel | Raw shark | Seaweed | Uncut diamond | Uncut emerald | Uncut ruby | Uncut sapphire
fishing	memberfish		2602	3412	0	313	Fishing spot	Casket | Coins | Cosmic talisman | Empty oyster | Half of a key | Leather boots | Leather gloves | Oyster | Oyster pearl | Raw bass | Raw cod | Raw mackerel | Raw shark | Seaweed | Uncut diamond | Uncut emerald | Uncut ruby | Uncut sapphire
fishing	memberfish		2602	3415	0	313	Fishing spot	Casket | Coins | Cosmic talisman | Empty oyster | Half of a key | Leather boots | Leather gloves | Oyster | Oyster pearl | Raw bass | Raw cod | Raw mackerel | Raw shark | Seaweed | Uncut diamond | Uncut emerald | Uncut ruby | Uncut sapphire
fishing	rarefish		2602	3426	0	312	Fishing spot	Raw lobster | Raw swordfish | Raw tuna
fishing	rarefish		2603	3419	0	312	Fishing spot	Raw lobster | Raw swordfish | Raw tuna
fishing	rarefish		2604	3417	0	312	Fishing spot	Raw lobster | Raw swordfish | Raw tuna
fishing	rarefish		2604	3426	0	312	Fishing spot	Raw lobster | Raw swordfish | Raw tuna
fishing	memberfish		2605	3420	0	313	Fishing spot	Casket | Coins | Cosmic talisman | Empty oyster | Half of a key | Leather boots | Leather gloves | Oyster | Oyster pearl | Raw bass | Raw cod | Raw mackerel | Raw shark | Seaweed | Uncut diamond | Uncut emerald | Uncut ruby | Uncut sapphire
fishing	memberfish		2605	3424	0	313	Fishing spot	Casket | Coins | Cosmic talisman | Empty oyster | Half of a key | Leather boots | Leather gloves | Oyster | Oyster pearl | Raw bass | Raw cod | Raw mackerel | Raw shark | Seaweed | Uncut diamond | Uncut emerald | Uncut ruby | Uncut sapphire
fishing	memberfish		2605	3425	0	313	Fishing spot	Casket | Coins | Cosmic talisman | Empty oyster | Half of a key | Leather boots | Leather gloves | Oyster | Oyster pearl | Raw bass | Raw cod | Raw mackerel | Raw shark | Seaweed | Uncut diamond | Uncut emerald | Uncut ruby | Uncut sapphire
fishing	rarefish		2606	3416	0	312	Fishing spot	Raw lobster | Raw swordfish | Raw tuna
fishing	rarefish		2607	3410	0	312	Fishing spot	Raw lobster | Raw swordfish | Raw tuna
fishing	rarefish		2608	3416	0	312	Fishing spot	Raw lobster | Raw swordfish | Raw tuna
fishing	rarefish		2612	3411	0	312	Fishing spot	Raw lobster | Raw swordfish | Raw tuna
fishing	rarefish		2612	3414	0	312	Fishing spot	Raw lobster | Raw swordfish | Raw tuna
fishing	rarefish		2612	3415	0	312	Fishing spot	Raw lobster | Raw swordfish | Raw tuna
fishing	joshuafishspot		2627	3415	0	236	Fishing spot	
fishing	compofishspot		2630	3435	0	233	Fishing spot	
fishing	bigdavefishspot		2632	3425	0	235	Fishing spot	
fishing	sinisterfishspot		2637	3444	0	234	Fishing spot	
fishing	saltfish		2633	3687	0	1331	Fishing spot	Raw anchovies | Raw herring | Raw sardine | Raw shrimps
fishing	saltfish		2633	3690	0	1331	Fishing spot	Raw anchovies | Raw herring | Raw sardine | Raw shrimps
fishing	saltfish		2633	3693	0	1331	Fishing spot	Raw anchovies | Raw herring | Raw sardine | Raw shrimps
fishing	rarefish		2639	3695	0	1332	Fishing spot	Raw lobster | Raw swordfish | Raw tuna
fishing	rarefish		2639	3699	0	1332	Fishing spot	Raw lobster | Raw swordfish | Raw tuna
fishing	rarefish		2642	3695	0	1332	Fishing spot	Raw lobster | Raw swordfish | Raw tuna
fishing	rarefish		2642	3699	0	1332	Fishing spot	Raw lobster | Raw swordfish | Raw tuna
fishing	memberfish		2645	3708	0	1333	Fishing spot	Casket | Coins | Cosmic talisman | Empty oyster | Half of a key | Leather boots | Leather gloves | Oyster | Oyster pearl | Raw bass | Raw cod | Raw mackerel | Raw shark | Seaweed | Uncut diamond | Uncut emerald | Uncut ruby | Uncut sapphire
fishing	memberfish		2645	3711	0	1333	Fishing spot	Casket | Coins | Cosmic talisman | Empty oyster | Half of a key | Leather boots | Leather gloves | Oyster | Oyster pearl | Raw bass | Raw cod | Raw mackerel | Raw shark | Seaweed | Uncut diamond | Uncut emerald | Uncut ruby | Uncut sapphire
fishing	memberfish		2648	3708	0	1333	Fishing spot	Casket | Coins | Cosmic talisman | Empty oyster | Half of a key | Leather boots | Leather gloves | Oyster | Oyster pearl | Raw bass | Raw cod | Raw mackerel | Raw shark | Seaweed | Uncut diamond | Uncut emerald | Uncut ruby | Uncut sapphire
fishing	memberfish		2648	3711	0	1333	Fishing spot	Casket | Coins | Cosmic talisman | Empty oyster | Half of a key | Leather boots | Leather gloves | Oyster | Oyster pearl | Raw bass | Raw cod | Raw mackerel | Raw shark | Seaweed | Uncut diamond | Uncut emerald | Uncut ruby | Uncut sapphire
fishing	freshfish		2668	4710	0	314	Fishing spot	Raw pike | Raw salmon | Raw trout
fishing	freshfish		2673	4708	0	314	Fishing spot	Raw pike | Raw salmon | Raw trout
fishing	freshfish		2679	4702	0	314	Fishing spot	Raw pike | Raw salmon | Raw trout
fishing	freshfish		2714	3532	0	315	Fishing spot	Raw pike | Raw salmon | Raw trout
fishing	freshfish		2714	3533	0	315	Fishing spot	Raw pike | Raw salmon | Raw trout
fishing	freshfish		2716	3530	0	315	Fishing spot	Raw pike | Raw salmon | Raw trout
fishing	freshfish		2718	3529	0	315	Fishing spot	Raw pike | Raw salmon | Raw trout
fishing	karambwanji		2791	3019	0	1174	Fishing spot	Karambwan vessel | Raw karambwan | Raw karambwanji | Raw shrimps
fishing	karambwanji		2801	3010	0	1174	Fishing spot	Karambwan vessel | Raw karambwan | Raw karambwanji | Raw shrimps
fishing	karambwanji		2807	3021	0	1174	Fishing spot	Karambwan vessel | Raw karambwan | Raw karambwanji | Raw shrimps
fishing	karambwan		2768	3165	0	1178	Fishing spot	Raw pike | Raw salmon | Raw trout
fishing	saltfish		2789	3273	0	316	Fishing spot	Raw anchovies | Raw herring | Raw sardine | Raw shrimps
fishing	saltfish		2790	3273	0	316	Fishing spot	Raw anchovies | Raw herring | Raw sardine | Raw shrimps
fishing	saltfish		2794	3283	0	316	Fishing spot	Raw anchovies | Raw herring | Raw sardine | Raw shrimps
fishing	saltfish		2795	3279	0	316	Fishing spot	Raw anchovies | Raw herring | Raw sardine | Raw shrimps
fishing	freshfish		2855	2973	0	317	Fishing spot	Raw pike | Raw salmon | Raw trout
fishing	freshfish		2855	2977	0	317	Fishing spot	Raw pike | Raw salmon | Raw trout
fishing	freshfish		2856	2973	0	317	Fishing spot	Raw pike | Raw salmon | Raw trout
fishing	freshfish		2840	3356	0	318	Fishing spot	Raw pike | Raw salmon | Raw trout
fishing	freshfish		2842	3359	0	318	Fishing spot	Raw pike | Raw salmon | Raw trout
fishing	freshfish		2845	3356	0	318	Fishing spot	Raw pike | Raw salmon | Raw trout
fishing	freshfish		2849	3361	0	318	Fishing spot	Raw pike | Raw salmon | Raw trout
fishing	saltfish		2875	3342	0	319	Fishing spot	Raw anchovies | Raw herring | Raw sardine | Raw shrimps
fishing	saltfish		2876	3331	0	319	Fishing spot	Raw anchovies | Raw herring | Raw sardine | Raw shrimps
fishing	saltfish		2877	3331	0	319	Fishing spot	Raw anchovies | Raw herring | Raw sardine | Raw shrimps
fishing	saltfish		2877	3342	0	319	Fishing spot	Raw anchovies | Raw herring | Raw sardine | Raw shrimps
fishing	saltfish		2836	3431	0	320	Fishing spot	Raw anchovies | Raw herring | Raw sardine | Raw shrimps
fishing	saltfish		2838	3431	0	320	Fishing spot	Raw anchovies | Raw herring | Raw sardine | Raw shrimps
fishing	rarefish		2844	3429	0	321	Fishing spot	Raw lobster | Raw swordfish | Raw tuna
fishing	memberfish		2846	3429	0	322	Fishing spot	Casket | Coins | Cosmic talisman | Empty oyster | Half of a key | Leather boots | Leather gloves | Oyster | Oyster pearl | Raw bass | Raw cod | Raw mackerel | Raw shark | Seaweed | Uncut diamond | Uncut emerald | Uncut ruby | Uncut sapphire
fishing	rarefish		2853	3423	0	321	Fishing spot	Raw lobster | Raw swordfish | Raw tuna
fishing	memberfish		2855	3423	0	322	Fishing spot	Casket | Coins | Cosmic talisman | Empty oyster | Half of a key | Leather boots | Leather gloves | Oyster | Oyster pearl | Raw bass | Raw cod | Raw mackerel | Raw shark | Seaweed | Uncut diamond | Uncut emerald | Uncut ruby | Uncut sapphire
fishing	memberfish		2859	3426	0	322	Fishing spot	Casket | Coins | Cosmic talisman | Empty oyster | Half of a key | Leather boots | Leather gloves | Oyster | Oyster pearl | Raw bass | Raw cod | Raw mackerel | Raw shark | Seaweed | Uncut diamond | Uncut emerald | Uncut ruby | Uncut sapphire
fishing	lavafish		2889	9766	0	800	Fishing spot	Raw lava eel
fishing	lavafish		2890	9766	0	800	Fishing spot	Raw lava eel
fishing	lavafish		2891	9766	0	800	Fishing spot	Raw lava eel
fishing	karambwan		2899	3119	0	1176	Fishing spot	Raw pike | Raw salmon | Raw trout
fishing	karambwan		2912	3119	0	1177	Fishing spot	Raw pike | Raw salmon | Raw trout
fishing	saltfish		2923	3179	0	323	Fishing spot	Raw anchovies | Raw herring | Raw sardine | Raw shrimps
fishing	rarefish		2923	3180	0	324	Fishing spot	Raw lobster | Raw swordfish | Raw tuna
fishing	saltfish		2924	3181	0	323	Fishing spot	Raw anchovies | Raw herring | Raw sardine | Raw shrimps
fishing	rarefish		2925	3181	0	324	Fishing spot	Raw lobster | Raw swordfish | Raw tuna
fishing	rarefish		2926	3179	0	324	Fishing spot	Raw lobster | Raw swordfish | Raw tuna
fishing	saltfish		2926	3180	0	323	Fishing spot	Raw anchovies | Raw herring | Raw sardine | Raw shrimps
fishing	saltfish		2986	3176	0	325	Fishing spot	Raw anchovies | Raw herring | Raw sardine | Raw shrimps
fishing	saltfish		2996	3158	0	325	Fishing spot	Raw anchovies | Raw herring | Raw sardine | Raw shrimps
fishing	saltfish		3050	3704	0	326	Fishing spot	Raw anchovies | Raw herring | Raw sardine | Raw shrimps
fishing	newbiefishing		3099	3090	0	952	Fishing spot	
fishing	newbiefishing		3101	3092	0	952	Fishing spot	
fishing	newbiefishing		3103	3092	0	952	Fishing spot	
fishing	saltfish		3085	3230	0	327	Fishing spot	Raw anchovies | Raw herring | Raw sardine | Raw shrimps
fishing	saltfish		3086	3227	0	327	Fishing spot	Raw anchovies | Raw herring | Raw sardine | Raw shrimps
fishing	freshfish		3104	3424	0	328	Fishing spot	Raw pike | Raw salmon | Raw trout
fishing	freshfish		3110	3434	0	328	Fishing spot	Raw pike | Raw salmon | Raw trout
fishing	freshfish		3238	3252	0	329	Fishing spot	Raw pike | Raw salmon | Raw trout
fishing	freshfish		3238	3252	0	329	Fishing spot	Raw pike | Raw salmon | Raw trout
fishing	saltfish		3267	3148	0	330	Fishing spot	Raw anchovies | Raw herring | Raw sardine | Raw shrimps
fishing	saltfish		3276	3140	0	330	Fishing spot	Raw anchovies | Raw herring | Raw sardine | Raw shrimps
fishing	eel		3437	3272	0	1238	Fishing spot	
fishing	eel		3439	3276	0	1238	Fishing spot	
fishing	eel		3440	3271	0	1238	Fishing spot	
fishing	eel		3440	3280	0	1238	Fishing spot	
fishing	eel		3443	3272	0	1238	Fishing spot	
fishing	eel		3445	3274	0	1238	Fishing spot	
fishing	eel		3424	3409	0	1237	Fishing spot	
fishing	eel		3425	3407	0	1237	Fishing spot	
fishing	eel		3425	3410	0	1237	Fishing spot	
fishing	eel		3431	3415	0	1237	Fishing spot	
fishing	eel		3434	3417	0	1237	Fishing spot	
fishing	eel		3440	3410	0	1237	Fishing spot	
fishing	eel		3479	3434	0	1236	Fishing spot	
fishing	eel		3481	3437	0	1236	Fishing spot	
fishing	eel		3482	3430	0	1236	Fishing spot	
fishing	eel		3483	3449	0	1236	Fishing spot	
fishing	eel		3490	3444	0	1236	Fishing spot	
